cod_mun,ano_mes,pct_farming,pct_forest,pct_non_forest_natural_formation,pct_non_vegetated_area,pct_water_and_marine_environment
520005,1985-01,72.5959,24.4408,1.6154,1.1883,0.1596
520005,1986-01,74.3381,23.1725,1.1869,1.1459,0.1566
520005,1987-01,75.7606,21.8086,1.1677,1.1047,0.1584
520005,1988-01,76.3828,21.2551,1.1408,1.061,0.1602
520005,1989-01,76.8215,20.8846,1.1146,1.0192,0.1602
520005,1990-01,77.357,20.4537,1.0924,0.9325,0.1644
520005,1991-01,77.9535,20.0269,0.9789,0.8632,0.1775
520005,1992-01,78.4006,19.6737,0.8892,0.856,0.1805
520005,1993-01,79.2499,18.6791,0.8713,1.0126,0.1871
520005,1994-01,79.7675,18.0485,0.8104,1.171,0.2026
520005,1995-01,80.1501,17.4651,0.7912,1.3814,0.2122
520005,1996-01,80.6361,16.8979,0.7757,1.4776,0.2128
520005,1997-01,81.0287,16.5464,0.7643,1.4495,0.211
520005,1998-01,81.5553,16.0976,0.7613,1.3568,0.2289
520005,1999-01,81.786,15.9637,0.6801,1.3192,0.251
520005,2000-01,82.23,15.6309,0.6233,1.3281,0.1877
520005,2001-01,82.2198,15.6721,0.5833,1.3449,0.1799
520005,2002-01,82.2521,15.5819,0.5677,1.4005,0.1978
520005,2003-01,82.1636,15.6046,0.5361,1.4848,0.211
520005,2004-01,81.7661,15.7211,0.502,1.7932,0.2176
520005,2005-01,81.0161,16.2219,0.4656,2.0747,0.2217
520005,2006-01,80.6725,16.2697,0.4614,2.3669,0.2295
520005,2007-01,80.4579,16.296,0.45,2.554,0.2421
520005,2008-01,80.2403,16.452,0.4482,2.6281,0.2313
520005,2009-01,80.1512,16.4741,0.4476,2.7052,0.2217
520005,2010-01,79.9868,16.412,0.4399,2.9485,0.2128
520005,2011-01,79.3898,16.5004,0.4273,3.4774,0.205
520005,2012-01,78.6063,16.4676,0.3974,4.3249,0.2038
520005,2013-01,77.8042,16.6289,0.3144,5.0762,0.1763
520005,2014-01,77.4079,16.7048,0.2958,5.4175,0.1739
520005,2015-01,76.7857,16.8064,0.2815,5.9423,0.1841
520005,2016-01,75.9496,17.0676,0.2833,6.5274,0.1721
520005,2017-01,75.2551,17.2547,0.2779,7.0312,0.1811
520005,2018-01,74.5481,17.4322,0.2683,7.5559,0.1954
520005,2019-01,74.1017,17.4543,0.2636,7.985,0.1954
520005,2020-01,73.8752,17.4017,0.2642,8.2666,0.1925
520005,2021-01,73.6714,17.263,0.2588,8.6132,0.1937
520005,2022-01,73.1747,17.1955,0.2456,9.1523,0.2319
520005,2023-01,72.8161,17.1919,0.2438,9.5079,0.2403
520005,2024-01,72.7558,16.8739,0.2373,9.888,0.2451
520010,1985-01,52.7367,43.2548,2.1963,1.5669,0.2453
520010,1986-01,53.8601,42.5097,1.8582,1.5587,0.2133
520010,1987-01,53.0808,43.5449,1.6951,1.4576,0.2216
520010,1988-01,53.8056,43.177,1.4365,1.3405,0.2405
520010,1989-01,52.8951,44.2799,1.1988,1.3949,0.2314
520010,1990-01,54.1043,43.1548,1.059,1.4391,0.2428
520010,1991-01,55.3436,42.1912,0.9246,1.306,0.2346
520010,1992-01,56.8035,40.9443,0.8718,1.141,0.2394
520010,1993-01,58.6276,39.2892,0.8379,1.0188,0.2265
520010,1994-01,59.7019,38.2759,0.8173,0.9842,0.2207
520010,1995-01,60.5732,37.3889,0.7712,1.061,0.2058
520010,1996-01,61.1299,36.8113,0.7453,1.1265,0.1871
520010,1997-01,61.7555,36.2527,0.7084,1.0937,0.1896
520010,1998-01,62.7274,35.4439,0.6792,0.9766,0.1729
520010,1999-01,63.0978,35.0884,0.6581,0.9719,0.1838
520010,2000-01,63.7096,34.5118,0.6461,1.0073,0.1252
520010,2001-01,64.3148,33.868,0.6252,1.073,0.119
520010,2002-01,64.8331,33.3541,0.5942,1.0944,0.1243
520010,2003-01,65.6552,32.5773,0.5466,1.1015,0.1195
520010,2004-01,66.1887,32.036,0.5002,1.1188,0.1563
520010,2005-01,65.7957,31.0943,0.4453,1.0821,1.5826
520010,2006-01,65.3232,30.8856,0.4255,1.066,2.2997
520010,2007-01,65.0759,31.096,0.4143,1.0837,2.33
520010,2008-01,64.8599,31.3279,0.4015,1.0962,2.3146
520010,2009-01,64.5136,31.6272,0.3858,1.1491,2.3243
520010,2010-01,64.5562,31.5713,0.3774,1.1621,2.333
520010,2011-01,64.5045,31.5546,0.3677,1.2266,2.3467
520010,2012-01,64.6254,31.4289,0.3549,1.248,2.3428
520010,2013-01,64.8915,31.1425,0.3461,1.2877,2.3322
520010,2014-01,64.9465,31.0435,0.337,1.3109,2.3621
520010,2015-01,65.0006,30.96,0.3331,1.3473,2.359
520010,2016-01,64.979,30.9242,0.3298,1.4128,2.3542
520010,2017-01,65.1229,30.7007,0.3256,1.4919,2.3588
520010,2018-01,65.1169,30.5987,0.3255,1.5786,2.3803
520010,2019-01,65.1824,30.3973,0.3175,1.7245,2.3783
520010,2020-01,65.2615,30.2734,0.3118,1.7642,2.389
520010,2021-01,65.5701,29.9176,0.3058,1.812,2.3944
520010,2022-01,65.9119,29.4986,0.3005,1.8613,2.4276
520010,2023-01,66.197,29.1635,0.2947,1.8906,2.4541
520010,2024-01,66.729,28.6213,0.2926,1.9087,2.4484
520013,1985-01,72.4453,9.1309,17.1413,0.2143,1.0682
520013,1986-01,73.1406,8.4328,17.1059,0.2325,1.0883
520013,1987-01,73.4574,8.1109,17.0678,0.2418,1.1221
520013,1988-01,73.8384,7.8891,16.9574,0.2423,1.0728
520013,1989-01,74.4438,7.7368,16.5728,0.2589,0.9876
520013,1990-01,75.1522,7.7736,15.795,0.2705,1.0087
520013,1991-01,75.4756,7.7587,15.4255,0.2862,1.054
520013,1992-01,75.8313,7.6872,15.0712,0.2824,1.128
520013,1993-01,76.1538,7.5076,14.9117,0.2971,1.1297
520013,1994-01,76.3437,7.3981,14.7945,0.3234,1.1404
520013,1995-01,76.5784,7.3475,14.674,0.3517,1.0484
520013,1996-01,76.7014,7.3012,14.5797,0.3666,1.0511
520013,1997-01,76.7847,7.362,14.3692,0.3654,1.1186
520013,1998-01,76.8455,7.5316,14.2059,0.3734,1.0436
520013,1999-01,76.9421,7.5738,14.1063,0.3999,0.978
520013,2000-01,77.0879,7.5667,14.2628,0.4161,0.6666
520013,2001-01,77.1175,7.6036,14.1912,0.4346,0.6531
520013,2002-01,77.0853,7.7368,14.0003,0.4475,0.73
520013,2003-01,77.1417,7.8254,13.7958,0.4693,0.7678
520013,2004-01,77.1447,7.851,13.7181,0.4967,0.7896
520013,2005-01,77.1476,7.8848,13.6575,0.5089,0.8012
520013,2006-01,77.1334,7.9329,13.5616,0.5203,0.8519
520013,2007-01,77.1471,7.938,13.5444,0.535,0.8356
520013,2008-01,77.1398,7.9931,13.5068,0.5401,0.8202
520013,2009-01,77.1717,7.978,13.4933,0.5703,0.7867
520013,2010-01,77.1711,7.9957,13.4543,0.5801,0.7989
520013,2011-01,77.1591,8.036,13.4502,0.586,0.7687
520013,2012-01,77.1594,8.058,13.4435,0.6092,0.7299
520013,2013-01,77.1608,8.0869,13.4318,0.6388,0.6817
520013,2014-01,77.1983,8.0689,13.3923,0.6544,0.6861
520013,2015-01,77.2567,8.0419,13.3513,0.6765,0.6736
520013,2016-01,77.3619,8.067,13.2416,0.6764,0.6531
520013,2017-01,77.4685,8.0583,13.1372,0.6801,0.6558
520013,2018-01,77.5671,8.0169,12.9129,0.6924,0.8107
520013,2019-01,77.6523,8.0194,12.8004,0.7121,0.8158
520013,2020-01,77.759,8.0158,12.6925,0.7164,0.8163
520013,2021-01,77.8235,8.0281,12.61,0.7306,0.8079
520013,2022-01,77.9469,8.0449,12.4376,0.729,0.8416
520013,2023-01,78.11,8.0606,12.2159,0.7712,0.8424
520013,2024-01,78.3795,8.0417,11.989,0.7564,0.8334
520015,1985-01,83.194,16.5202,0.0417,0.1734,0.0707
520015,1986-01,83.6071,16.0803,0.032,0.2084,0.0722
520015,1987-01,84.1676,15.5183,0.0179,0.2195,0.0767
520015,1988-01,84.4736,15.2019,0.0186,0.2396,0.0663
520015,1989-01,84.4334,15.222,0.0186,0.2597,0.0663
520015,1990-01,84.9776,14.6518,0.0179,0.2843,0.0685
520015,1991-01,85.3118,14.2915,0.0179,0.3096,0.0692
520015,1992-01,85.4339,14.1292,0.0164,0.3475,0.073
520015,1993-01,85.4399,14.1024,0.0164,0.3669,0.0744
520015,1994-01,85.6378,13.8925,0.0156,0.3766,0.0774
520015,1995-01,85.7391,13.7675,0.0156,0.4026,0.0752
520015,1996-01,86.1388,13.341,0.0156,0.4249,0.0797
520015,1997-01,86.336,13.1251,0.0156,0.4406,0.0826
520015,1998-01,86.5913,12.8602,0.0156,0.451,0.0819
520015,1999-01,87.2769,12.153,0.0156,0.4569,0.0975
520015,2000-01,87.6588,11.78,0.0156,0.4614,0.0841
520015,2001-01,87.5635,11.8738,0.0156,0.4636,0.0834
520015,2002-01,87.7288,11.6981,0.0156,0.4659,0.0916
520015,2003-01,87.7809,11.6244,0.0156,0.483,0.096
520015,2004-01,88.0497,11.3453,0.0156,0.4882,0.1013
520015,2005-01,88.0899,11.2961,0.0156,0.4919,0.1065
520015,2006-01,88.1167,11.2634,0.0171,0.4971,0.1057
520015,2007-01,88.2544,11.1152,0.0171,0.4986,0.1146
520015,2008-01,88.4204,10.947,0.0171,0.4979,0.1176
520015,2009-01,88.4606,10.9068,0.0171,0.4971,0.1184
520015,2010-01,88.4933,10.8651,0.0164,0.5001,0.1251
520015,2011-01,88.5112,10.8279,0.0164,0.5135,0.131
520015,2012-01,88.5626,10.7497,0.0164,0.538,0.1333
520015,2013-01,88.6341,10.6514,0.0156,0.5715,0.1273
520015,2014-01,88.614,10.6529,0.0156,0.5775,0.1399
520015,2015-01,88.6073,10.6544,0.0156,0.576,0.1466
520015,2016-01,88.5641,10.6678,0.0156,0.5909,0.1615
520015,2017-01,88.4696,10.7445,0.0171,0.5991,0.1697
520015,2018-01,88.4689,10.7363,0.0171,0.6095,0.1682
520015,2019-01,88.4547,10.7534,0.0171,0.6229,0.1518
520015,2020-01,88.4599,10.7266,0.0164,0.6244,0.1727
520015,2021-01,88.4994,10.6842,0.0164,0.634,0.166
520015,2022-01,88.4867,10.6611,0.0171,0.6407,0.1943
520015,2023-01,88.4786,10.6433,0.0171,0.6556,0.2054
520015,2024-01,88.5872,10.5264,0.0171,0.6735,0.1958
520017,1985-01,16.6034,78.6795,3.2539,0.7,0.7632
520017,1986-01,17.5869,77.8168,3.1949,0.6544,0.747
520017,1987-01,17.8914,77.6442,3.1258,0.5977,0.7409
520017,1988-01,19.5224,76.0966,2.9978,0.6516,0.7316
520017,1989-01,20.8958,74.8065,2.8835,0.6901,0.7242
520017,1990-01,22.3524,73.4921,2.7869,0.631,0.7376
520017,1991-01,23.6751,72.3731,2.6874,0.4945,0.7699
520017,1992-01,24.2802,71.7916,2.6479,0.5084,0.7719
520017,1993-01,24.8253,71.3363,2.6119,0.4446,0.7819
520017,1994-01,25.2132,71.067,2.5789,0.3664,0.7745
520017,1995-01,25.7401,70.5759,2.5295,0.3943,0.7602
520017,1996-01,26.1208,70.2503,2.4814,0.387,0.7605
520017,1997-01,26.9816,69.3883,2.462,0.4229,0.7452
520017,1998-01,28.4609,67.9066,2.4359,0.4327,0.7639
520017,1999-01,29.8118,66.6441,2.4173,0.3482,0.7785
520017,2000-01,31.1951,65.3956,2.4069,0.2809,0.7215
520017,2001-01,31.9989,64.5916,2.3651,0.2576,0.7868
520017,2002-01,32.9056,63.6706,2.3445,0.2251,0.8541
520017,2003-01,33.6775,62.8979,2.3295,0.2336,0.8616
520017,2004-01,34.4704,62.0463,2.3125,0.2692,0.9016
520017,2005-01,35.3423,61.1423,2.3069,0.2958,0.9128
520017,2006-01,35.9193,60.6116,2.2908,0.2597,0.9186
520017,2007-01,36.3769,60.2353,2.2751,0.1979,0.9148
520017,2008-01,36.7738,59.8533,2.2646,0.1899,0.9184
520017,2009-01,37.1978,59.4064,2.2415,0.2152,0.939
520017,2010-01,37.4233,59.1826,2.2266,0.2289,0.9386
520017,2011-01,37.6558,58.9377,2.2201,0.2481,0.9382
520017,2012-01,37.9584,58.608,2.2151,0.2809,0.9375
520017,2013-01,38.4202,58.1491,2.2074,0.2865,0.9368
520017,2014-01,38.979,57.606,2.2038,0.2823,0.9289
520017,2015-01,39.5259,57.0601,2.1906,0.2955,0.9279
520017,2016-01,40.0339,56.5941,2.1849,0.2718,0.9153
520017,2017-01,40.4972,56.1442,2.175,0.2704,0.9133
520017,2018-01,41.2847,55.3156,2.158,0.3137,0.928
520017,2019-01,41.9302,54.6496,2.1417,0.3269,0.9515
520017,2020-01,42.3308,54.2817,2.1308,0.2972,0.9595
520017,2021-01,42.6193,54.027,2.1118,0.2777,0.9642
520017,2022-01,43.0886,53.6147,2.056,0.2744,0.9662
520017,2023-01,43.4668,53.2606,2.0075,0.2811,0.984
520017,2024-01,43.6787,53.0729,1.9922,0.2833,0.9729
520020,1985-01,67.0346,25.9523,,0.0618,6.9514
520020,1986-01,67.5411,25.5242,,0.0512,6.8835
520020,1987-01,67.6903,25.3606,,0.048,6.9011
520020,1988-01,67.2904,25.7491,,0.0486,6.9119
520020,1989-01,65.8606,27.2003,,0.0491,6.89
520020,1990-01,66.0483,27.0072,,0.049,6.8956
520020,1991-01,66.7293,26.3121,,0.0517,6.9069
520020,1992-01,66.9741,26.0587,,0.0697,6.8974
520020,1993-01,67.9429,25.211,,0.0727,6.7734
520020,1994-01,68.9762,24.2813,,0.0742,6.6683
520020,1995-01,70.8427,22.7194,,0.0773,6.3606
520020,1996-01,71.4366,22.2216,,0.0823,6.2595
520020,1997-01,73.2706,20.3076,,0.0851,6.3366
520020,1998-01,74.3594,19.5098,,0.0896,6.0412
520020,1999-01,74.9003,19.2824,,0.0922,5.7251
520020,2000-01,75.3711,18.9427,,0.0933,5.5929
520020,2001-01,76.0774,18.2625,,0.0957,5.5643
520020,2002-01,76.0482,17.815,,0.0975,6.0393
520020,2003-01,75.8785,17.6817,,0.0988,6.341
520020,2004-01,75.971,17.2395,,0.0992,6.6903
520020,2005-01,76.1486,17.0733,,0.0998,6.6784
520020,2006-01,75.9256,17.2972,,0.0988,6.6784
520020,2007-01,75.7235,17.4299,,0.0988,6.7477
520020,2008-01,76.0994,17.3456,,0.1011,6.4539
520020,2009-01,76.1806,17.4763,,0.102,6.2411
520020,2010-01,76.2789,17.421,,0.1053,6.1948
520020,2011-01,76.1755,17.3752,,0.1118,6.3375
520020,2012-01,76.8806,17.1998,,0.1163,5.8033
520020,2013-01,77.1804,17.0283,,0.1174,5.6739
520020,2014-01,77.8784,16.9493,,0.1278,5.0446
520020,2015-01,77.9017,16.9643,,0.1281,5.0058
520020,2016-01,77.8046,16.9429,,0.1217,5.1308
520020,2017-01,77.8104,16.9485,,0.1222,5.1189
520020,2018-01,77.5433,16.8521,,0.1226,5.482
520020,2019-01,77.7467,16.7043,,0.1226,5.4265
520020,2020-01,77.6289,16.7712,,0.1248,5.475
520020,2021-01,77.4618,16.9375,,0.1252,5.4756
520020,2022-01,76.7007,17.2069,,0.1256,5.9668
520020,2023-01,75.7244,17.5647,,0.1274,6.5835
520020,2024-01,76.1217,17.7202,,0.1535,6.0046
520025,1985-01,13.4722,73.5656,4.9813,5.7242,2.2567
520025,1986-01,14.2517,73.0704,4.7348,5.7309,2.2123
520025,1987-01,15.3199,72.8381,4.0744,5.5468,2.2208
520025,1988-01,16.671,72.0878,3.4862,5.4929,2.2621
520025,1989-01,19.2163,70.6169,2.8182,5.0893,2.2594
520025,1990-01,21.6986,68.1987,2.5798,5.2626,2.2603
520025,1991-01,23.8783,65.6005,2.3903,5.8683,2.2626
520025,1992-01,24.6025,63.624,2.2413,7.2714,2.2608
520025,1993-01,24.3784,60.0036,2.0895,11.2852,2.2432
520025,1994-01,23.2829,57.4526,1.9678,15.0556,2.241
520025,1995-01,22.4708,55.2178,1.8412,18.2512,2.219
520025,1996-01,21.9298,54.2955,1.7438,19.8586,2.1723
520025,1997-01,21.9156,52.8325,1.689,21.3888,2.1741
520025,1998-01,22.5178,51.5394,1.6212,22.1588,2.1629
520025,1999-01,23.5361,49.5225,1.5494,23.2565,2.1355
520025,2000-01,24.746,47.86,1.5274,23.7406,2.1261
520025,2001-01,26.0937,46.2923,1.5045,23.9889,2.1207
520025,2002-01,27.6103,44.7537,1.4883,24.0275,2.1202
520025,2003-01,28.1732,44.0282,1.4672,24.2143,2.1171
520025,2004-01,28.2329,43.8419,1.4385,24.3638,2.1229
520025,2005-01,28.4682,43.5298,1.416,24.4608,2.1252
520025,2006-01,28.3456,43.4634,1.4017,24.6687,2.1207
520025,2007-01,27.9172,43.8123,1.3913,24.7976,2.0816
520025,2008-01,27.6212,43.9856,1.3698,24.9462,2.0771
520025,2009-01,26.8202,44.5496,1.3586,25.182,2.0897
520025,2010-01,25.6766,45.5082,1.35,25.3925,2.0726
520025,2011-01,24.388,46.6015,1.3406,25.6067,2.0632
520025,2012-01,23.6638,46.993,1.3186,25.9587,2.0659
520025,2013-01,23.706,46.7317,1.276,26.2591,2.0273
520025,2014-01,23.6885,46.4448,1.2701,26.5748,2.0219
520025,2015-01,23.8703,45.9374,1.245,26.9753,1.972
520025,2016-01,24.8747,44.5864,1.223,27.3623,1.9536
520025,2017-01,25.6168,43.3939,1.1911,27.8585,1.9397
520025,2018-01,25.9306,42.3554,1.1817,28.5957,1.9366
520025,2019-01,26.7723,41.0027,1.1718,29.0775,1.9756
520025,2020-01,27.4646,39.9386,1.1619,29.4449,1.99
520025,2021-01,27.7079,39.3967,1.1606,29.7982,1.9366
520025,2022-01,27.4026,39.4394,1.1597,30.0726,1.9258
520025,2023-01,27.197,39.2266,1.1511,30.4807,1.9446
520025,2024-01,26.9437,39.312,1.1318,30.6769,1.9357
520030,1985-01,45.8941,48.7838,2.1297,2.6242,0.5682
520030,1986-01,47.5335,47.5209,1.7969,2.5908,0.5579
520030,1987-01,46.0913,49.3706,1.4647,2.4947,0.5787
520030,1988-01,47.5904,48.3478,1.2264,2.255,0.5804
520030,1989-01,48.0724,48.217,0.9893,2.1389,0.5825
520030,1990-01,49.4136,47.0472,0.88,2.0725,0.5866
520030,1991-01,51.2643,45.5418,0.7901,1.81,0.5938
520030,1992-01,52.7487,44.256,0.7489,1.6549,0.5915
520030,1993-01,54.1522,43.1062,0.7178,1.4476,0.5762
520030,1994-01,55.0388,42.2555,0.676,1.4477,0.5821
520030,1995-01,55.7444,41.5382,0.6523,1.4863,0.5788
520030,1996-01,56.4349,40.7704,0.6436,1.6079,0.5432
520030,1997-01,56.9446,40.2709,0.6349,1.6102,0.5394
520030,1998-01,57.8574,39.3818,0.6232,1.6167,0.5209
520030,1999-01,58.3767,38.8666,0.6113,1.6236,0.5218
520030,2000-01,58.6884,38.6273,0.617,1.6129,0.4545
520030,2001-01,59.0529,38.1894,0.6085,1.6993,0.4498
520030,2002-01,59.3728,37.8727,0.5915,1.6923,0.4707
520030,2003-01,59.7219,37.5567,0.58,1.6687,0.4727
520030,2004-01,60.2445,36.8863,0.5646,1.6253,0.6793
520030,2005-01,59.0153,35.4482,0.5442,1.5771,3.4152
520030,2006-01,58.6765,34.8284,0.5278,1.5616,4.4057
520030,2007-01,58.7637,34.6878,0.508,1.6106,4.4299
520030,2008-01,58.8264,34.6194,0.4954,1.6565,4.4023
520030,2009-01,58.628,34.7812,0.4908,1.6917,4.4084
520030,2010-01,58.4967,34.8818,0.4807,1.7217,4.419
520030,2011-01,58.4123,34.9145,0.4728,1.7702,4.4303
520030,2012-01,58.384,34.9286,0.4668,1.8105,4.4101
520030,2013-01,58.4845,34.7765,0.4651,1.8884,4.3856
520030,2014-01,58.4883,34.6665,0.4637,1.9624,4.419
520030,2015-01,58.399,34.6427,0.4603,2.0869,4.4111
520030,2016-01,58.0852,34.929,0.4576,2.1269,4.4013
520030,2017-01,57.9483,35.0077,0.4577,2.1819,4.4045
520030,2018-01,57.6968,35.0282,0.4564,2.3958,4.4228
520030,2019-01,57.6294,34.9264,0.4524,2.5779,4.4139
520030,2020-01,57.5109,34.8631,0.4514,2.7444,4.4303
520030,2021-01,57.3452,34.8816,0.4455,2.8898,4.438
520030,2022-01,57.3799,34.7103,0.439,2.9898,4.481
520030,2023-01,57.4991,34.5133,0.4288,3.046,4.5128
520030,2024-01,57.7748,34.2505,0.4288,3.0442,4.5016
520050,1985-01,84.6275,13.0705,0.9448,0.3048,1.0524
520050,1986-01,85.1036,12.5192,0.9523,0.375,1.0499
520050,1987-01,85.5747,12.0255,0.9565,0.3967,1.0466
520050,1988-01,85.3584,12.2185,0.9264,0.4543,1.0424
520050,1989-01,85.4377,12.1366,0.9264,0.4644,1.0349
520050,1990-01,85.5438,12.0414,0.9239,0.4669,1.024
520050,1991-01,85.2656,12.3279,0.9364,0.4685,1.0015
520050,1992-01,86.1477,11.4266,0.9381,0.4877,0.9998
520050,1993-01,86.9221,10.6422,0.9147,0.4953,1.0257
520050,1994-01,87.1694,10.3423,0.908,0.5637,1.0165
520050,1995-01,87.4568,10.0575,0.8813,0.5871,1.0173
520050,1996-01,87.6021,9.8912,0.8872,0.6172,1.0023
520050,1997-01,87.6197,9.8612,0.8763,0.6448,0.9981
520050,1998-01,87.5863,9.8478,0.8613,0.6873,1.0173
520050,1999-01,87.6547,9.781,0.8571,0.7082,0.999
520050,2000-01,87.7967,9.7183,0.888,0.7132,0.8837
520050,2001-01,87.9153,9.5964,0.8847,0.7149,0.8887
520050,2002-01,88.0507,9.4686,0.8746,0.7157,0.8904
520050,2003-01,88.0515,9.4744,0.8755,0.7166,0.882
520050,2004-01,88.0624,9.4694,0.8855,0.7157,0.867
520050,2005-01,88.0423,9.4803,0.8847,0.7182,0.8745
520050,2006-01,87.9855,9.5329,0.8705,0.7233,0.8879
520050,2007-01,87.9563,9.5463,0.8613,0.7291,0.9071
520050,2008-01,87.963,9.5613,0.8646,0.7224,0.8887
520050,2009-01,87.9404,9.6014,0.8755,0.7233,0.8595
520050,2010-01,87.9864,9.5496,0.883,0.7333,0.8478
520050,2011-01,87.9371,9.603,0.878,0.74,0.8419
520050,2012-01,88.0139,9.5229,0.8972,0.745,0.8211
520050,2013-01,88.0173,9.5613,0.9164,0.7425,0.7626
520050,2014-01,88.0448,9.5337,0.9147,0.7466,0.7601
520050,2015-01,88.0958,9.5086,0.9389,0.745,0.7116
520050,2016-01,88.0783,9.5212,0.9573,0.7542,0.6891
520050,2017-01,88.0707,9.5287,0.9515,0.76,0.6891
520050,2018-01,87.9847,9.6156,0.954,0.7625,0.6832
520050,2019-01,87.9847,9.6047,0.9473,0.765,0.6983
520050,2020-01,87.9655,9.6114,0.9273,0.7633,0.7325
520050,2021-01,87.9338,9.6565,0.9598,0.765,0.6849
520050,2022-01,87.9964,9.6281,0.9807,0.765,0.6298
520050,2023-01,87.9321,9.6665,0.9239,0.7659,0.7116
520050,2024-01,87.973,9.6757,0.9932,0.7659,0.5922
520055,1985-01,54.7531,44.6949,0.284,0.19,0.078
520055,1986-01,55.5551,43.9055,0.267,0.1992,0.0732
520055,1987-01,55.7074,43.7552,0.2652,0.2053,0.0669
520055,1988-01,52.1642,47.3263,0.254,0.1839,0.0716
520055,1989-01,52.5108,46.9898,0.2446,0.1794,0.0754
520055,1990-01,52.5379,46.9509,0.2437,0.178,0.0895
520055,1991-01,52.71,46.7895,0.2349,0.1702,0.0954
520055,1992-01,54.5245,44.9824,0.2085,0.1789,0.1056
520055,1993-01,55.9665,43.5185,0.2051,0.199,0.111
520055,1994-01,58.1986,41.2652,0.2046,0.2226,0.1091
520055,1995-01,59.076,40.3144,0.199,0.2959,0.1146
520055,1996-01,60.2546,39.0804,0.1976,0.3561,0.1113
520055,1997-01,61.1247,38.1832,0.1917,0.3717,0.1286
520055,1998-01,61.9273,37.3994,0.1905,0.3635,0.1193
520055,1999-01,62.3951,36.9238,0.1862,0.3739,0.121
520055,2000-01,62.3353,36.9667,0.186,0.3954,0.1165
520055,2001-01,62.3305,36.9684,0.1851,0.3996,0.1163
520055,2002-01,62.2503,37.0379,0.1841,0.4049,0.1228
520055,2003-01,62.3321,36.932,0.1838,0.4264,0.1257
520055,2004-01,62.82,36.3333,0.1803,0.5287,0.1377
520055,2005-01,63.6725,34.9329,0.1799,1.0718,0.1429
520055,2006-01,63.5779,34.6113,0.1793,1.3678,0.2637
520055,2007-01,63.9706,34.0008,0.1789,1.5086,0.3412
520055,2008-01,64.2974,33.1694,0.1787,1.8987,0.4557
520055,2009-01,64.1193,32.9214,0.1753,2.264,0.52
520055,2010-01,64.2831,32.4371,0.1682,2.5543,0.5573
520055,2011-01,64.133,32.2825,0.1676,2.879,0.5379
520055,2012-01,64.2586,31.8192,0.1661,3.2612,0.4949
520055,2013-01,64.5254,31.3066,0.1657,3.4905,0.5117
520055,2014-01,64.78,30.6678,0.1654,3.8971,0.4897
520055,2015-01,64.6211,30.3752,0.1642,4.3277,0.5119
520055,2016-01,64.4195,30.2698,0.1605,4.6821,0.468
520055,2017-01,64.1998,30.1313,0.1607,5.017,0.4913
520055,2018-01,63.4072,30.6628,0.1612,5.2605,0.5083
520055,2019-01,63.1592,30.6114,0.1605,5.5687,0.5003
520055,2020-01,62.9821,30.5049,0.1605,5.8254,0.5271
520055,2021-01,62.9897,30.3312,0.1593,5.9994,0.5204
520055,2022-01,63.4312,29.6552,0.1591,6.3521,0.4023
520055,2023-01,63.9473,28.8914,0.159,6.6431,0.3592
520055,2024-01,64.7289,27.9988,0.1553,6.7719,0.345
520060,1985-01,7.0873,71.58,20.8514,0.3967,0.0846
520060,1986-01,7.1887,71.5129,20.8129,0.3982,0.0872
520060,1987-01,6.9498,71.842,20.7352,0.3911,0.082
520060,1988-01,7.0919,71.7774,20.65,0.382,0.0988
520060,1989-01,7.3633,71.4699,20.5985,0.4697,0.0986
520060,1990-01,7.8638,71.0503,20.5497,0.4351,0.1011
520060,1991-01,8.7189,70.3459,20.5164,0.3108,0.108
520060,1992-01,9.2835,69.8108,20.4887,0.3073,0.1097
520060,1993-01,9.7623,69.3776,20.4631,0.289,0.108
520060,1994-01,10.1714,69.0331,20.4188,0.2559,0.1208
520060,1995-01,10.3738,68.8366,20.3984,0.2794,0.1119
520060,1996-01,10.4561,68.7904,20.3619,0.2849,0.1067
520060,1997-01,10.5624,68.7075,20.3413,0.2837,0.1051
520060,1998-01,10.8598,68.449,20.3253,0.2674,0.0984
520060,1999-01,11.2225,68.0963,20.315,0.2654,0.1008
520060,2000-01,11.7862,67.5314,20.3161,0.2854,0.0809
520060,2001-01,11.9777,67.3436,20.313,0.29,0.0759
520060,2002-01,12.1576,67.1316,20.311,0.32,0.0797
520060,2003-01,12.0818,67.1606,20.3071,0.3594,0.0911
520060,2004-01,12.2004,67.015,20.295,0.3986,0.091
520060,2005-01,12.3872,66.8097,20.288,0.4237,0.0913
520060,2006-01,12.578,66.6506,20.2809,0.4021,0.0885
520060,2007-01,12.7359,66.5405,20.2716,0.3672,0.0848
520060,2008-01,12.8967,66.4068,20.2661,0.3406,0.0898
520060,2009-01,12.9611,66.3435,20.2656,0.3417,0.0882
520060,2010-01,13.1123,66.2395,20.2682,0.2962,0.0838
520060,2011-01,13.2204,66.1376,20.2641,0.2962,0.0817
520060,2012-01,13.5137,65.8612,20.2607,0.288,0.0765
520060,2013-01,13.689,65.6907,20.2581,0.2882,0.0739
520060,2014-01,13.8583,65.5166,20.2565,0.2956,0.073
520060,2015-01,14.0233,65.3391,20.2557,0.3068,0.0751
520060,2016-01,14.1728,65.1979,20.2545,0.2996,0.0751
520060,2017-01,14.3676,64.9454,20.2491,0.3629,0.0749
520060,2018-01,14.6037,64.6959,20.2448,0.3783,0.0772
520060,2019-01,15.2472,64.1226,20.2355,0.3181,0.0766
520060,2020-01,15.512,63.8413,20.229,0.3386,0.079
520060,2021-01,15.5681,63.7844,20.228,0.345,0.0745
520060,2022-01,15.6076,63.7367,20.2243,0.3523,0.0791
520060,2023-01,15.6039,63.7399,20.2211,0.3562,0.0789
520060,2024-01,15.6832,63.6583,20.2212,0.3575,0.0797
520080,1985-01,31.9808,58.7904,8.0199,0.4374,0.7714
520080,1986-01,33.9102,57.4109,7.4952,0.3528,0.831
520080,1987-01,34.6672,56.8203,7.336,0.3259,0.8507
520080,1988-01,35.0932,56.564,7.1235,0.3528,0.8664
520080,1989-01,35.8669,55.9345,6.9639,0.3681,0.8666
520080,1990-01,36.3823,55.6104,6.7333,0.3756,0.8984
520080,1991-01,36.8864,55.344,6.4927,0.404,0.8729
520080,1992-01,38.012,54.3594,6.3526,0.3928,0.8832
520080,1993-01,39.2936,53.183,6.3103,0.3624,0.8507
520080,1994-01,41.842,50.7607,6.2127,0.3752,0.8094
520080,1995-01,45.0304,47.6983,6.0877,0.3954,0.7882
520080,1996-01,47.5141,45.4179,5.9587,0.4337,0.6756
520080,1997-01,49.0237,44.0525,5.8595,0.4062,0.6582
520080,1998-01,49.3069,43.8753,5.7947,0.3939,0.6292
520080,1999-01,48.706,44.5249,5.7639,0.3918,0.6134
520080,2000-01,47.5648,45.8193,5.7332,0.3733,0.5094
520080,2001-01,46.9007,46.5393,5.7028,0.3708,0.4864
520080,2002-01,46.7116,46.7417,5.672,0.3908,0.484
520080,2003-01,46.5435,46.9136,5.6335,0.4243,0.4851
520080,2004-01,46.571,46.8768,5.5821,0.4643,0.5058
520080,2005-01,47.2221,46.2569,5.5539,0.4635,0.5035
520080,2006-01,46.8842,46.5965,5.526,0.4551,0.5383
520080,2007-01,46.9383,46.6096,5.5051,0.4419,0.5052
520080,2008-01,47.1144,46.4411,5.4773,0.4805,0.4866
520080,2009-01,47.8231,45.7124,5.4334,0.5209,0.5102
520080,2010-01,48.7067,44.8956,5.4053,0.511,0.4813
520080,2011-01,49.5845,44.0215,5.3843,0.542,0.4677
520080,2012-01,50.208,43.4417,5.3387,0.5535,0.458
520080,2013-01,50.9397,42.7671,5.2801,0.5676,0.4457
520080,2014-01,51.2557,42.5163,5.2446,0.5431,0.4403
520080,2015-01,51.772,42.0832,5.1682,0.5385,0.4382
520080,2016-01,52.0153,41.9176,5.0922,0.5428,0.4321
520080,2017-01,52.5015,41.465,5.0461,0.5444,0.4429
520080,2018-01,53.0055,41.0039,4.9862,0.5657,0.4387
520080,2019-01,53.2106,40.8054,4.9618,0.5847,0.4375
520080,2020-01,52.8267,41.2063,4.9218,0.6041,0.4411
520080,2021-01,52.6839,41.3952,4.8814,0.6145,0.425
520080,2022-01,53.029,41.1568,4.7796,0.5962,0.4384
520080,2023-01,53.6414,40.6093,4.6905,0.6147,0.444
520080,2024-01,54.8089,39.4736,4.6453,0.6352,0.437
520082,1985-01,41.555,57.8734,0.1567,0.0333,0.3816
520082,1986-01,43.2515,56.1848,0.1376,0.036,0.3901
520082,1987-01,45.4544,54.0047,0.1353,0.0368,0.3688
520082,1988-01,45.4267,54.0514,0.1305,0.0366,0.3548
520082,1989-01,47.0661,52.4034,0.1255,0.0421,0.3628
520082,1990-01,46.8419,52.6203,0.1249,0.0421,0.3707
520082,1991-01,46.5947,52.8735,0.1182,0.0362,0.3774
520082,1992-01,47.5946,51.8884,0.1137,0.0354,0.3679
520082,1993-01,48.712,50.7734,0.1133,0.0354,0.366
520082,1994-01,49.8302,49.6691,0.1163,0.0359,0.3485
520082,1995-01,50.1358,49.368,0.1153,0.0322,0.3487
520082,1996-01,52.0946,47.408,0.1126,0.0333,0.3515
520082,1997-01,52.8855,46.603,0.1084,0.0374,0.3658
520082,1998-01,53.0055,46.4887,0.1103,0.0377,0.3578
520082,1999-01,53.5352,45.9419,0.1109,0.0417,0.3703
520082,2000-01,54.5179,45.0189,0.115,0.0406,0.3077
520082,2001-01,55.8173,43.7188,0.1153,0.0407,0.3079
520082,2002-01,57.0022,42.5266,0.1137,0.0443,0.3133
520082,2003-01,58.4405,41.073,0.1121,0.0463,0.3281
520082,2004-01,59.269,40.2221,0.1097,0.0494,0.3498
520082,2005-01,60.1787,39.3115,0.108,0.0501,0.3517
520082,2006-01,60.7331,38.7532,0.1066,0.0508,0.3563
520082,2007-01,61.2697,38.2164,0.1065,0.0498,0.3576
520082,2008-01,61.6246,37.8609,0.1054,0.0514,0.3577
520082,2009-01,61.3793,38.1076,0.1049,0.0522,0.3561
520082,2010-01,61.616,37.8768,0.1065,0.0505,0.3502
520082,2011-01,61.5717,37.9268,0.1067,0.0492,0.3455
520082,2012-01,62.0127,37.4786,0.1065,0.0547,0.3475
520082,2013-01,62.6227,36.8731,0.1078,0.0556,0.3409
520082,2014-01,63.2182,36.2766,0.1074,0.0569,0.3409
520082,2015-01,63.9533,35.5414,0.1058,0.0575,0.342
520082,2016-01,64.1371,35.3545,0.1054,0.0584,0.3446
520082,2017-01,64.3261,35.1623,0.1058,0.0602,0.3456
520082,2018-01,63.753,35.7147,0.1047,0.0626,0.365
520082,2019-01,63.9638,35.5075,0.1047,0.0639,0.3601
520082,2020-01,64.1515,35.3139,0.1045,0.0641,0.366
520082,2021-01,64.3995,35.0682,0.1044,0.0631,0.3648
520082,2022-01,65.1872,34.2898,0.104,0.0635,0.3555
520082,2023-01,66.0119,33.468,0.104,0.0652,0.3509
520082,2024-01,66.9613,32.5203,0.1027,0.0655,0.3502
520085,1985-01,79.3636,19.9137,0.0071,0.6386,0.077
520085,1986-01,80.3725,18.8753,0.0,0.6829,0.0693
520085,1987-01,80.8192,18.401,0.0,0.7124,0.0674
520085,1988-01,81.255,17.9717,0.0,0.706,0.0674
520085,1989-01,81.4366,17.8099,0.0,0.6912,0.0623
520085,1990-01,81.9173,17.3459,0.0,0.6662,0.0706
520085,1991-01,82.1611,17.0359,0.0,0.7342,0.0687
520085,1992-01,82.2317,16.923,0.0,0.776,0.0693
520085,1993-01,82.4378,16.6547,0.0,0.8344,0.0732
520085,1994-01,82.4481,16.5879,0.0,0.8883,0.0757
520085,1995-01,82.5142,16.4923,0.0,0.9185,0.0751
520085,1996-01,82.6252,16.3338,0.0,0.9679,0.0732
520085,1997-01,82.7035,16.2227,0.0,0.9974,0.0764
520085,1998-01,82.9249,16.0006,0.0,1.0012,0.0732
520085,1999-01,83.138,15.7779,0.0,1.007,0.077
520085,2000-01,83.2427,15.6913,0.0,1.0083,0.0578
520085,2001-01,83.3601,15.568,0.0,1.0147,0.0571
520085,2002-01,83.4853,15.4384,0.0,1.0179,0.0584
520085,2003-01,83.6528,15.2612,0.0,1.0244,0.0616
520085,2004-01,83.7882,15.0571,0.0,1.0288,0.1258
520085,2005-01,84.464,14.3563,0.0,1.0455,0.1341
520085,2006-01,84.43,14.3236,0.0,1.1046,0.1418
520085,2007-01,84.473,14.1567,0.0,1.1912,0.1791
520085,2008-01,84.4306,14.158,0.0,1.2041,0.2073
520085,2009-01,84.3164,14.2093,0.0,1.2484,0.2259
520085,2010-01,84.215,14.2613,0.0,1.2849,0.2388
520085,2011-01,84.0667,14.3794,0.0,1.301,0.2529
520085,2012-01,83.9403,14.5065,0.0,1.3042,0.249
520085,2013-01,83.9165,14.5418,0.0,1.326,0.2157
520085,2014-01,83.8581,14.6028,0.0,1.3491,0.19
520085,2015-01,83.9024,14.5392,0.0,1.3767,0.1816
520085,2016-01,83.8902,14.5463,0.0,1.3992,0.1643
520085,2017-01,83.7092,14.6862,0.0,1.4563,0.1483
520085,2018-01,83.6758,14.7228,0.0,1.4544,0.147
520085,2019-01,83.6534,14.7427,0.0,1.4563,0.1476
520085,2020-01,83.6912,14.6599,0.0,1.4987,0.1502
520085,2021-01,83.7599,14.5822,0.0,1.5057,0.1521
520085,2022-01,83.7657,14.5797,0.0,1.5012,0.1534
520085,2023-01,83.8042,14.4982,0.0,1.5436,0.154
520085,2024-01,84.0474,14.2306,0.0,1.5718,0.1502
520090,1985-01,74.3631,25.2586,0.0776,0.2967,0.004
520090,1986-01,74.7695,24.8558,0.0626,0.3083,0.0038
520090,1987-01,75.0614,24.5769,0.0535,0.3041,0.004
520090,1988-01,75.6666,23.8675,0.0459,0.4152,0.0046
520090,1989-01,76.2024,23.3253,0.0428,0.4249,0.0046
520090,1990-01,76.9359,22.662,0.0428,0.3547,0.0046
520090,1991-01,77.4026,22.2393,0.0424,0.3094,0.0063
520090,1992-01,77.0758,22.5478,0.0415,0.3267,0.0082
520090,1993-01,76.9692,22.6232,0.0403,0.3583,0.0091
520090,1994-01,76.9327,22.595,0.0394,0.4234,0.0095
520090,1995-01,77.3237,22.1814,0.039,0.4447,0.0112
520090,1996-01,77.3518,22.1474,0.039,0.4489,0.0129
520090,1997-01,78.0654,21.4345,0.0388,0.447,0.0143
520090,1998-01,78.4556,21.0375,0.0384,0.4485,0.02
520090,1999-01,78.3053,21.1825,0.0386,0.4438,0.0297
520090,2000-01,78.5025,20.9987,0.0386,0.4377,0.0226
520090,2001-01,78.8138,20.6892,0.0388,0.4392,0.019
520090,2002-01,78.9919,20.511,0.0388,0.4384,0.02
520090,2003-01,79.2343,20.27,0.0382,0.4339,0.0236
520090,2004-01,79.4509,20.0532,0.0384,0.4335,0.024
520090,2005-01,79.3733,20.1299,0.0384,0.4331,0.0253
520090,2006-01,79.4614,20.036,0.0373,0.435,0.0304
520090,2007-01,79.6037,19.8934,0.0371,0.4365,0.0293
520090,2008-01,79.7508,19.7528,0.0371,0.4314,0.0278
520090,2009-01,79.8127,19.6814,0.0371,0.4373,0.0314
520090,2010-01,79.9629,19.5329,0.0367,0.4361,0.0314
520090,2011-01,79.7838,19.7087,0.0369,0.4422,0.0285
520090,2012-01,79.4154,20.0778,0.0369,0.4415,0.0285
520090,2013-01,79.0485,20.4528,0.0369,0.4354,0.0263
520090,2014-01,78.8093,20.6918,0.0367,0.4361,0.0261
520090,2015-01,78.448,21.039,0.0365,0.4498,0.0268
520090,2016-01,78.3907,21.0906,0.036,0.4555,0.0272
520090,2017-01,78.3184,21.1587,0.0358,0.4552,0.0318
520090,2018-01,78.1341,21.3418,0.0358,0.4536,0.0348
520090,2019-01,77.892,21.5872,0.036,0.4512,0.0335
520090,2020-01,78.0723,21.4092,0.036,0.4508,0.0316
520090,2021-01,78.0875,21.3919,0.0363,0.4527,0.0316
520090,2022-01,78.1315,21.3534,0.0363,0.4489,0.0299
520090,2023-01,78.2661,21.1899,0.0365,0.4694,0.0382
520090,2024-01,79.2172,20.2426,0.0371,0.4675,0.0356
520110,1985-01,57.6684,34.861,0.7643,6.5703,0.136
520110,1986-01,58.8243,33.7081,0.6416,6.6935,0.1325
520110,1987-01,59.4132,33.105,0.5775,6.7637,0.1406
520110,1988-01,60.4233,32.0428,0.5261,6.8576,0.1502
520110,1989-01,61.1195,31.132,0.4676,7.1127,0.1683
520110,1990-01,62.6359,29.703,0.3937,7.0954,0.1721
520110,1991-01,63.672,28.7836,0.3412,7.0216,0.1815
520110,1992-01,64.5371,27.8483,0.3038,7.1179,0.1929
520110,1993-01,65.4548,26.7469,0.2944,7.3145,0.1895
520110,1994-01,66.0518,25.8942,0.272,7.5833,0.1988
520110,1995-01,66.3433,25.221,0.2496,7.9992,0.1869
520110,1996-01,66.7021,24.5069,0.235,8.3702,0.1858
520110,1997-01,66.6985,24.3066,0.224,8.5749,0.196
520110,1998-01,66.5707,24.2494,0.2156,8.759,0.2053
520110,1999-01,66.7373,23.8555,0.2054,8.9712,0.2306
520110,2000-01,67.152,23.229,0.1932,9.2629,0.1629
520110,2001-01,67.2306,22.93,0.1884,9.491,0.1599
520110,2002-01,67.4998,22.5141,0.1795,9.638,0.1686
520110,2003-01,68.0794,21.904,0.1694,9.6705,0.1766
520110,2004-01,67.9842,21.8508,0.1604,9.8278,0.1768
520110,2005-01,67.8519,21.8868,0.1557,9.9278,0.1778
520110,2006-01,67.7266,21.8595,0.1498,10.0746,0.1895
520110,2007-01,67.404,22.0065,0.1456,10.2466,0.1973
520110,2008-01,67.1072,22.1718,0.1387,10.3807,0.2015
520110,2009-01,66.7987,22.2833,0.1348,10.5898,0.1934
520110,2010-01,66.5598,22.3061,0.1299,10.8009,0.2033
520110,2011-01,66.1589,22.303,0.1248,11.2068,0.2066
520110,2012-01,65.7173,22.4396,0.1186,11.512,0.2125
520110,2013-01,65.6001,22.3705,0.1177,11.7073,0.2044
520110,2014-01,65.4125,22.3534,0.1166,11.914,0.2035
520110,2015-01,65.2596,22.3971,0.1158,12.0233,0.2042
520110,2016-01,65.0554,22.4808,0.1153,12.1463,0.2022
520110,2017-01,64.8934,22.5769,0.1134,12.2157,0.2007
520110,2018-01,64.7324,22.6148,0.1054,12.3381,0.2093
520110,2019-01,64.7029,22.5627,0.1032,12.4223,0.2089
520110,2020-01,64.6965,22.4828,0.1023,12.5007,0.2178
520110,2021-01,64.9081,22.1986,0.102,12.5796,0.2118
520110,2022-01,64.9205,22.0232,0.1003,12.7211,0.2348
520110,2023-01,65.0109,21.8133,0.0987,12.824,0.2531
520110,2024-01,65.4365,21.3582,0.0971,12.8549,0.2534
520120,1985-01,43.7568,47.4138,0.0382,0.4021,8.3891
520120,1986-01,44.9739,46.7547,0.0382,0.4113,7.8219
520120,1987-01,43.8836,47.8465,0.0321,0.4312,7.8066
520120,1988-01,45.1666,46.1416,0.0291,0.4128,8.25
520120,1989-01,46.3776,45.1034,0.0291,0.4143,8.0757
520120,1990-01,43.8424,47.6799,0.0275,0.4189,8.0313
520120,1991-01,47.7724,43.7223,0.0275,0.3975,8.0803
520120,1992-01,48.6747,42.4683,0.0275,0.3929,8.4365
520120,1993-01,50.4103,41.1257,0.0291,0.4495,7.9855
520120,1994-01,51.97,40.3091,0.0291,0.5443,7.1476
520120,1995-01,54.1977,39.2249,0.0291,0.5581,5.9902
520120,1996-01,55.9837,37.6285,0.0291,0.5749,5.7838
520120,1997-01,56.6229,36.7952,0.026,0.5856,5.9704
520120,1998-01,57.9806,36.2432,0.026,0.5978,5.1524
520120,1999-01,59.5479,35.0398,0.026,0.6391,4.7472
520120,2000-01,60.6717,33.9603,0.0122,0.6483,4.7075
520120,2001-01,61.3017,33.3961,0.0122,0.6421,4.6479
520120,2002-01,61.0694,32.9618,0.0122,0.659,5.2976
520120,2003-01,60.7668,32.0933,0.0107,0.685,6.4443
520120,2004-01,60.4627,30.7583,0.0107,0.7874,7.9809
520120,2005-01,61.5406,30.0764,0.0107,0.7966,7.5757
520120,2006-01,62.4244,29.2904,0.0107,0.7033,7.5711
520120,2007-01,62.8053,28.2047,0.0107,0.685,8.2943
520120,2008-01,65.8525,27.3347,0.0107,0.688,6.1141
520120,2009-01,66.6109,27.2123,0.0107,0.688,5.4781
520120,2010-01,66.7577,26.7016,0.0107,0.7064,5.8236
520120,2011-01,66.4963,26.5502,0.0092,0.7216,6.2226
520120,2012-01,67.8387,26.5028,0.0076,0.7186,4.9322
520120,2013-01,68.3219,26.2597,0.0061,0.7308,4.6815
520120,2014-01,68.8556,25.7199,0.0076,0.7721,4.6448
520120,2015-01,69.4168,25.1801,0.0061,0.7859,4.6112
520120,2016-01,69.5101,25.1128,0.0061,0.7889,4.5821
520120,2017-01,69.6064,25.0807,0.0061,0.792,4.5148
520120,2018-01,69.4871,25.1831,0.0061,0.7966,4.5271
520120,2019-01,69.4122,25.1571,0.0061,0.8027,4.6219
520120,2020-01,69.2715,25.2489,0.0061,0.8195,4.654
520120,2021-01,69.2608,25.2581,0.0061,0.8394,4.6356
520120,2022-01,69.0284,25.255,0.0046,0.8745,4.8374
520120,2023-01,67.6738,25.1281,0.0046,0.9128,6.2807
520120,2024-01,69.0835,24.9905,0.0046,0.9296,4.9919
520130,1985-01,76.9006,22.6655,0.1142,0.2272,0.0925
520130,1986-01,78.4103,21.1711,0.0907,0.2334,0.0945
520130,1987-01,79.6012,19.9871,0.0825,0.2336,0.0956
520130,1988-01,80.3992,19.1864,0.079,0.2378,0.0976
520130,1989-01,80.2317,19.3489,0.0744,0.2414,0.1036
520130,1990-01,80.7193,18.8589,0.0711,0.2449,0.1058
520130,1991-01,80.9819,18.5925,0.0682,0.2489,0.1086
520130,1992-01,81.3013,18.2543,0.0638,0.2597,0.121
520130,1993-01,81.7602,17.7767,0.0602,0.2717,0.1311
520130,1994-01,82.1758,17.3408,0.0578,0.2861,0.1395
520130,1995-01,82.6061,16.8951,0.057,0.2993,0.1425
520130,1996-01,83.2506,16.2384,0.0569,0.3116,0.1425
520130,1997-01,83.495,15.9787,0.0563,0.3213,0.1488
520130,1998-01,83.761,15.6974,0.0551,0.3308,0.1557
520130,1999-01,84.0434,15.3962,0.0541,0.3397,0.1666
520130,2000-01,84.3016,15.1524,0.0545,0.345,0.1465
520130,2001-01,84.4759,14.9761,0.0539,0.3462,0.1479
520130,2002-01,84.6964,14.7427,0.0531,0.3564,0.1514
520130,2003-01,84.8761,14.5507,0.051,0.365,0.1572
520130,2004-01,84.9818,14.438,0.0501,0.3731,0.157
520130,2005-01,84.9797,14.4082,0.0499,0.3841,0.1781
520130,2006-01,85.0026,14.3222,0.0498,0.4006,0.2248
520130,2007-01,85.0735,14.2247,0.0493,0.4165,0.2359
520130,2008-01,85.0834,14.2051,0.049,0.4239,0.2385
520130,2009-01,85.0927,14.1802,0.0489,0.4446,0.2336
520130,2010-01,85.0763,14.1861,0.049,0.4585,0.2301
520130,2011-01,85.0227,14.2381,0.0491,0.4617,0.2283
520130,2012-01,85.0143,14.2376,0.0481,0.4718,0.2282
520130,2013-01,85.0008,14.2565,0.0486,0.4741,0.2201
520130,2014-01,84.963,14.2937,0.0486,0.4792,0.2156
520130,2015-01,84.9617,14.2846,0.0485,0.4822,0.223
520130,2016-01,84.9674,14.2639,0.0482,0.4971,0.2234
520130,2017-01,84.9597,14.2577,0.0479,0.5069,0.2279
520130,2018-01,84.9962,14.2017,0.0479,0.5258,0.2284
520130,2019-01,84.9804,14.1906,0.0477,0.553,0.2283
520130,2020-01,85.0017,14.1502,0.0479,0.5688,0.2314
520130,2021-01,85.0812,14.0662,0.0477,0.5773,0.2275
520130,2022-01,85.0444,14.0546,0.0467,0.5997,0.2546
520130,2023-01,85.104,13.9677,0.0463,0.6129,0.2692
520130,2024-01,85.2461,13.8331,0.0469,0.6228,0.2511
520140,1985-01,56.2598,20.8199,6.6524,16.0647,0.2032
520140,1986-01,58.5451,20.0649,5.0232,16.1602,0.2066
520140,1987-01,58.7544,19.8786,4.7637,16.3891,0.2142
520140,1988-01,58.3103,19.5842,4.5635,17.3299,0.2121
520140,1989-01,58.4596,19.0379,4.1681,18.1432,0.1913
520140,1990-01,58.8601,18.4785,3.852,18.6057,0.2038
520140,1991-01,57.7441,18.1635,3.7137,20.1666,0.2121
520140,1992-01,56.4647,17.885,3.4642,21.9777,0.2084
520140,1993-01,55.5488,17.2133,3.321,23.7064,0.2106
520140,1994-01,53.202,16.5437,3.0266,27.0328,0.1949
520140,1995-01,49.0509,15.8233,2.7383,32.1925,0.1949
520140,1996-01,46.6628,15.569,2.667,34.9136,0.1876
520140,1997-01,45.5536,15.3691,2.6269,36.256,0.1943
520140,1998-01,44.4848,15.4122,2.5908,37.326,0.1861
520140,1999-01,43.4748,15.5462,2.5865,38.2244,0.168
520140,2000-01,42.4395,15.6531,2.5832,39.2089,0.1154
520140,2001-01,41.7337,15.7139,2.5608,39.8816,0.1099
520140,2002-01,41.1289,15.8174,2.5458,40.3848,0.123
520140,2003-01,40.4724,15.9921,2.5364,40.8776,0.1215
520140,2004-01,39.6329,16.2033,2.5027,41.5402,0.1209
520140,2005-01,39.0319,16.3823,2.4776,41.9886,0.1197
520140,2006-01,38.4035,16.4796,2.4764,42.5187,0.1218
520140,2007-01,37.9031,16.6721,2.4559,42.8502,0.1187
520140,2008-01,37.392,16.7205,2.4421,43.3334,0.112
520140,2009-01,36.828,16.789,2.4351,43.8424,0.1056
520140,2010-01,36.2979,16.8897,2.4243,44.2962,0.0918
520140,2011-01,35.7896,16.9163,2.4164,44.7917,0.086
520140,2012-01,35.1499,17.0351,2.4106,45.3252,0.0793
520140,2013-01,34.8093,17.0351,2.391,45.6964,0.0682
520140,2014-01,34.5274,17.1021,2.3787,45.9312,0.0606
520140,2015-01,34.199,17.1844,2.3732,46.1837,0.0597
520140,2016-01,33.8284,17.2465,2.3687,46.5014,0.0551
520140,2017-01,33.4474,17.2839,2.3622,46.8539,0.0526
520140,2018-01,32.8895,17.4072,2.3442,47.2998,0.0594
520140,2019-01,32.4185,17.5544,2.3264,47.6426,0.0581
520140,2020-01,32.0442,17.5256,2.2973,48.0797,0.0532
520140,2021-01,31.6726,17.4984,2.2998,48.4763,0.0529
520140,2022-01,31.2104,17.3701,2.264,49.0851,0.0704
520140,2023-01,31.0356,17.1929,2.256,49.4371,0.0783
520140,2024-01,31.0023,16.9068,2.2539,49.759,0.078
520145,1985-01,63.8642,30.4944,4.869,0.1382,0.6342
520145,1986-01,66.8324,27.5352,4.8222,0.1415,0.6688
520145,1987-01,68.9625,25.4069,4.8034,0.1378,0.6893
520145,1988-01,70.2938,24.1348,4.7689,0.1172,0.6852
520145,1989-01,70.9425,23.5048,4.7683,0.1185,0.6659
520145,1990-01,72.2925,22.1915,4.7409,0.1144,0.6607
520145,1991-01,73.9621,20.5808,4.6702,0.1071,0.6798
520145,1992-01,75.4804,19.069,4.6484,0.1209,0.6813
520145,1993-01,76.0546,18.5299,4.6282,0.1231,0.6641
520145,1994-01,76.9315,17.6829,4.6157,0.1264,0.6435
520145,1995-01,78.2763,16.3396,4.6326,0.1457,0.6058
520145,1996-01,78.8012,15.8212,4.6108,0.1409,0.6259
520145,1997-01,79.3033,15.3143,4.5896,0.1489,0.6438
520145,1998-01,79.5269,15.0955,4.55,0.147,0.6806
520145,1999-01,79.562,15.0656,4.5286,0.1539,0.6899
520145,2000-01,79.6307,15.0655,4.6738,0.1565,0.4735
520145,2001-01,79.744,14.9843,4.648,0.1605,0.4632
520145,2002-01,80.1937,14.5566,4.5981,0.1767,0.4749
520145,2003-01,80.4055,14.3278,4.583,0.2136,0.47
520145,2004-01,80.4726,14.2775,4.5717,0.2312,0.4469
520145,2005-01,80.4798,14.3016,4.5474,0.2171,0.4541
520145,2006-01,80.4464,14.3684,4.4952,0.2123,0.4776
520145,2007-01,80.4416,14.4018,4.4684,0.2156,0.4726
520145,2008-01,80.435,14.4407,4.4345,0.2092,0.4806
520145,2009-01,80.3706,14.5185,4.4236,0.2156,0.4717
520145,2010-01,80.3356,14.5619,4.417,0.2146,0.4709
520145,2011-01,80.3362,14.5683,4.4243,0.2187,0.4526
520145,2012-01,80.339,14.5783,4.4174,0.2233,0.442
520145,2013-01,80.383,14.5496,4.4374,0.2261,0.4038
520145,2014-01,80.3531,14.5898,4.4376,0.2276,0.392
520145,2015-01,80.2866,14.6535,4.4359,0.2332,0.3908
520145,2016-01,80.2211,14.718,4.4385,0.244,0.3783
520145,2017-01,80.166,14.7802,4.4268,0.2469,0.3801
520145,2018-01,80.0824,14.8725,4.4144,0.2519,0.3787
520145,2019-01,80.0287,14.9199,4.4223,0.2588,0.3703
520145,2020-01,79.9753,14.9624,4.4263,0.2707,0.3653
520145,2021-01,79.9454,14.9544,4.4232,0.312,0.3651
520145,2022-01,79.9817,14.9025,4.3836,0.3287,0.4035
520145,2023-01,79.9326,14.9233,4.3778,0.3651,0.4011
520145,2024-01,80.1711,14.6956,4.3771,0.3644,0.3918
520150,1985-01,64.8487,26.7679,7.6853,0.0464,0.6518
520150,1986-01,65.9904,25.662,7.6591,0.0487,0.6398
520150,1987-01,67.159,24.5074,7.6234,0.0475,0.6627
520150,1988-01,69.389,23.1335,6.7626,0.0481,0.6668
520150,1989-01,70.9999,22.1522,6.1576,0.0509,0.6394
520150,1990-01,72.3654,20.8892,6.0502,0.0569,0.6383
520150,1991-01,73.4797,20.0527,5.7477,0.0669,0.6531
520150,1992-01,76.1102,17.8291,5.3198,0.0723,0.6686
520150,1993-01,77.0716,17.0646,5.1342,0.0715,0.6581
520150,1994-01,77.7037,16.6477,4.9433,0.0654,0.6399
520150,1995-01,78.6191,15.8447,4.8851,0.0665,0.5847
520150,1996-01,78.661,15.9201,4.7625,0.0708,0.5856
520150,1997-01,78.8402,15.7869,4.6906,0.0752,0.6072
520150,1998-01,77.8698,16.8259,4.5662,0.082,0.6561
520150,1999-01,77.6998,17.0338,4.5195,0.0953,0.6516
520150,2000-01,77.8694,16.9285,4.6841,0.109,0.4091
520150,2001-01,78.1067,16.7702,4.6396,0.1103,0.3733
520150,2002-01,78.2209,16.6873,4.6045,0.108,0.3793
520150,2003-01,78.5126,16.4147,4.5594,0.1165,0.3968
520150,2004-01,78.6661,16.3019,4.5516,0.1271,0.3532
520150,2005-01,78.8419,16.1386,4.5382,0.1294,0.3518
520150,2006-01,78.7964,16.0587,4.4236,0.1264,0.5948
520150,2007-01,78.7284,16.0218,4.3937,0.1249,0.7312
520150,2008-01,78.766,16.0215,4.4225,0.1366,0.6535
520150,2009-01,78.5531,16.0772,4.4372,0.1477,0.7848
520150,2010-01,78.4246,16.1959,4.422,0.146,0.8116
520150,2011-01,78.3524,16.2098,4.3679,0.1416,0.9282
520150,2012-01,78.1032,16.3138,4.3451,0.1399,1.098
520150,2013-01,78.0479,16.3906,4.3617,0.1346,1.0652
520150,2014-01,77.9484,16.5001,4.3645,0.1289,1.058
520150,2015-01,77.7869,16.6491,4.3524,0.1332,1.0784
520150,2016-01,77.6903,16.7525,4.3442,0.142,1.071
520150,2017-01,77.6107,16.8255,4.3363,0.152,1.0755
520150,2018-01,77.5598,16.868,4.3313,0.1603,1.0806
520150,2019-01,77.5109,16.9172,4.3321,0.1587,1.0811
520150,2020-01,77.4366,16.9969,4.3335,0.1607,1.0724
520150,2021-01,77.3435,17.1023,4.3313,0.1578,1.0651
520150,2022-01,77.2271,17.209,4.3123,0.1612,1.0903
520150,2023-01,77.1264,17.2875,4.297,0.1732,1.116
520150,2024-01,77.0725,17.3597,4.3061,0.1715,1.0903
520160,1985-01,80.8069,18.6823,0.0556,0.2861,0.1691
520160,1986-01,81.5791,17.8774,0.0504,0.2999,0.1932
520160,1987-01,81.9815,17.4732,0.051,0.3056,0.1886
520160,1988-01,81.7104,17.7375,0.0504,0.3176,0.1841
520160,1989-01,81.2679,18.1771,0.0476,0.3228,0.1846
520160,1990-01,81.3556,18.0665,0.0476,0.3411,0.1892
520160,1991-01,81.4101,17.9604,0.043,0.3882,0.1984
520160,1992-01,81.6337,17.7276,0.0396,0.4065,0.1927
520160,1993-01,82.0569,17.2723,0.0384,0.4386,0.1938
520160,1994-01,82.3281,16.9724,0.0373,0.4679,0.1944
520160,1995-01,82.8199,16.4645,0.0401,0.4851,0.1904
520160,1996-01,83.1513,16.1137,0.0407,0.508,0.1864
520160,1997-01,83.5354,15.7101,0.0384,0.5235,0.1927
520160,1998-01,83.6718,15.5233,0.0401,0.5688,0.1961
520160,1999-01,83.9411,15.1885,0.039,0.5963,0.2351
520160,2000-01,84.3189,14.8423,0.0396,0.6014,0.1978
520160,2001-01,84.3768,14.7677,0.0367,0.6209,0.1978
520160,2002-01,84.6141,14.484,0.0361,0.633,0.2328
520160,2003-01,84.7041,14.378,0.0396,0.6473,0.2311
520160,2004-01,84.852,14.2243,0.0396,0.6485,0.2357
520160,2005-01,84.9391,14.1304,0.0373,0.6444,0.2489
520160,2006-01,85.119,13.9361,0.0373,0.6467,0.2609
520160,2007-01,85.1196,13.9304,0.0367,0.6485,0.2649
520160,2008-01,85.1987,13.8535,0.0373,0.6507,0.2598
520160,2009-01,85.2073,13.8501,0.0378,0.6548,0.25
520160,2010-01,85.2624,13.7842,0.039,0.6588,0.2557
520160,2011-01,85.2623,13.7836,0.0401,0.6651,0.2489
520160,2012-01,85.2176,13.8358,0.0396,0.6679,0.2391
520160,2013-01,85.1568,13.8622,0.0418,0.7127,0.2265
520160,2014-01,85.1104,13.8885,0.0418,0.7207,0.2385
520160,2015-01,85.1385,13.8582,0.0424,0.7287,0.2322
520160,2016-01,85.1241,13.8547,0.0418,0.7545,0.2248
520160,2017-01,85.1637,13.8117,0.0418,0.7631,0.2196
520160,2018-01,85.1539,13.7917,0.0418,0.7832,0.2294
520160,2019-01,85.1711,13.7705,0.0401,0.7901,0.2282
520160,2020-01,85.1803,13.7521,0.0355,0.7987,0.2334
520160,2021-01,85.2152,13.7034,0.035,0.8067,0.2397
520160,2022-01,85.1694,13.7206,0.0344,0.8325,0.2431
520160,2023-01,85.1808,13.7023,0.0344,0.8434,0.2391
520160,2024-01,85.2949,13.5991,0.0344,0.8468,0.2248
520170,1985-01,28.3376,65.9703,2.029,2.2079,1.4551
520170,1986-01,30.094,64.4955,1.7578,2.1867,1.466
520170,1987-01,33.4276,62.1647,1.6751,1.2371,1.4955
520170,1988-01,35.0047,60.9053,1.6206,0.9604,1.5089
520170,1989-01,38.0013,58.0296,1.5489,0.9193,1.5009
520170,1990-01,39.3356,56.7416,1.5293,0.8862,1.5074
520170,1991-01,40.2122,55.9474,1.5091,0.8296,1.5016
520170,1992-01,41.4834,54.6906,1.4782,0.8474,1.5005
520170,1993-01,42.8416,53.3283,1.4669,0.8655,1.4977
520170,1994-01,44.565,51.6176,1.4578,0.8767,1.4829
520170,1995-01,45.9757,50.1991,1.4449,0.8918,1.4886
520170,1996-01,46.6909,49.4841,1.4436,0.8948,1.4867
520170,1997-01,47.3969,48.797,1.439,0.8753,1.4918
520170,1998-01,48.1934,48.0023,1.4338,0.8806,1.4899
520170,1999-01,49.5124,46.6524,1.4357,0.9119,1.4876
520170,2000-01,50.7178,45.509,1.4604,0.9132,1.3997
520170,2001-01,51.2982,44.93,1.4614,0.9116,1.3989
520170,2002-01,51.7281,44.4764,1.4597,0.9264,1.4094
520170,2003-01,52.4722,43.7363,1.4609,0.9324,1.3982
520170,2004-01,52.7385,43.4746,1.4612,0.935,1.3908
520170,2005-01,52.5982,43.6237,1.4595,0.9343,1.3843
520170,2006-01,52.419,43.8152,1.4554,0.9255,1.385
520170,2007-01,51.8501,44.3955,1.4481,0.9205,1.3857
520170,2008-01,50.8116,45.4465,1.4432,0.9174,1.3813
520170,2009-01,50.4676,45.7914,1.4433,0.9187,1.379
520170,2010-01,50.3019,45.9581,1.442,0.9208,1.3772
520170,2011-01,50.0895,46.1546,1.444,0.9374,1.3744
520170,2012-01,50.0825,46.1489,1.4424,0.9486,1.3775
520170,2013-01,50.2807,45.9753,1.4367,0.9381,1.3692
520170,2014-01,50.9557,45.3099,1.4364,0.9242,1.3738
520170,2015-01,51.3915,44.8874,1.4314,0.9209,1.3688
520170,2016-01,51.6591,44.619,1.4181,0.9215,1.3824
520170,2017-01,51.9104,44.3871,1.4156,0.9017,1.3852
520170,2018-01,51.7675,44.5326,1.4105,0.8997,1.3896
520170,2019-01,51.6446,44.6707,1.3982,0.8971,1.3894
520170,2020-01,51.5429,44.798,1.3818,0.896,1.3813
520170,2021-01,51.9367,44.4024,1.3834,0.903,1.3745
520170,2022-01,51.9886,44.367,1.3746,0.9116,1.3582
520170,2023-01,52.0907,44.2585,1.3784,0.9138,1.3587
520170,2024-01,52.0144,44.2929,1.3793,0.9573,1.3561
520180,1985-01,68.7258,27.8179,2.9397,0.42,0.0966
520180,1986-01,70.2865,26.756,2.4402,0.4204,0.0969
520180,1987-01,71.6026,25.5831,2.2467,0.4078,0.1598
520180,1988-01,72.3144,24.9592,2.096,0.4706,0.1598
520180,1989-01,74.0685,23.5219,1.7671,0.4632,0.1794
520180,1990-01,74.9015,22.8341,1.6231,0.4467,0.1947
520180,1991-01,75.2543,22.5649,1.5399,0.4294,0.2116
520180,1992-01,75.832,22.0409,1.4519,0.4652,0.21
520180,1993-01,76.9218,20.922,1.4103,0.5217,0.2241
520180,1994-01,77.8016,19.9613,1.3672,0.6391,0.2308
520180,1995-01,78.302,19.2572,1.355,0.848,0.2379
520180,1996-01,78.4939,18.999,1.3,0.9461,0.261
520180,1997-01,78.3894,19.0681,1.2655,0.9885,0.2885
520180,1998-01,78.1622,19.287,1.2439,1.0027,0.3042
520180,1999-01,78.0861,19.3427,1.1905,1.0478,0.3328
520180,2000-01,78.3038,19.072,1.2047,1.14,0.2795
520180,2001-01,78.2818,19.0579,1.1937,1.1899,0.2767
520180,2002-01,78.272,19.045,1.1666,1.2217,0.2948
520180,2003-01,78.1291,19.1553,1.154,1.2657,0.2959
520180,2004-01,78.0379,19.1471,1.1434,1.3689,0.3026
520180,2005-01,77.8138,19.3536,1.1187,1.3909,0.323
520180,2006-01,77.6344,19.4639,1.1018,1.4686,0.3313
520180,2007-01,77.4437,19.6346,1.0901,1.4957,0.336
520180,2008-01,77.2848,19.7943,1.0775,1.4969,0.3466
520180,2009-01,77.1564,19.9097,1.0787,1.5212,0.334
520180,2010-01,76.9551,19.9815,1.0665,1.6605,0.3364
520180,2011-01,76.8937,19.9522,1.0493,1.7775,0.3273
520180,2012-01,76.7895,19.8027,1.0394,2.0465,0.3218
520180,2013-01,76.888,19.6544,1.0269,2.1391,0.2916
520180,2014-01,76.8412,19.6207,1.0257,2.222,0.2904
520180,2015-01,76.8396,19.7056,0.8753,2.2934,0.2861
520180,2016-01,76.4302,20.0866,0.8565,2.3503,0.2763
520180,2017-01,76.1037,20.3551,0.8416,2.421,0.2787
520180,2018-01,75.6716,20.7091,0.8361,2.5066,0.2767
520180,2019-01,75.2775,21.0082,0.8258,2.6224,0.2661
520180,2020-01,75.2017,21.0404,0.8117,2.6891,0.2571
520180,2021-01,75.3092,20.8795,0.8058,2.7496,0.2559
520180,2022-01,75.3626,20.7499,0.7897,2.8018,0.2959
520180,2023-01,75.4662,20.5682,0.7736,2.8756,0.3163
520180,2024-01,75.7978,20.186,0.7815,2.9321,0.3026
520215,1985-01,45.6716,53.3752,0.5826,0.0475,0.3231
520215,1986-01,47.1279,51.937,0.5688,0.0501,0.3161
520215,1987-01,47.8152,51.2616,0.5603,0.0504,0.3126
520215,1988-01,47.7107,51.3757,0.5404,0.0515,0.3217
520215,1989-01,47.9991,51.0934,0.5237,0.0496,0.3342
520215,1990-01,48.9754,50.1172,0.5117,0.0448,0.3509
520215,1991-01,50.2346,48.8532,0.5071,0.0441,0.361
520215,1992-01,50.6437,48.4567,0.4967,0.0447,0.3582
520215,1993-01,51.3585,47.7399,0.4901,0.0513,0.3602
520215,1994-01,51.4788,47.6214,0.4889,0.0621,0.3488
520215,1995-01,51.9289,47.1615,0.4843,0.0685,0.3568
520215,1996-01,52.4143,46.672,0.4725,0.0732,0.3679
520215,1997-01,52.9442,46.1527,0.4669,0.0711,0.3651
520215,1998-01,53.2133,45.8973,0.4693,0.0737,0.3464
520215,1999-01,53.6359,45.4683,0.4649,0.0755,0.3553
520215,2000-01,54.3874,44.8026,0.4904,0.0797,0.2399
520215,2001-01,54.898,44.3045,0.4921,0.0833,0.2221
520215,2002-01,55.2502,43.9383,0.485,0.0826,0.2439
520215,2003-01,56.3058,42.8988,0.4836,0.0848,0.227
520215,2004-01,56.9872,42.2211,0.4822,0.0845,0.225
520215,2005-01,57.387,41.8228,0.4809,0.0837,0.2256
520215,2006-01,57.5528,41.647,0.477,0.0842,0.239
520215,2007-01,57.6215,41.5825,0.4768,0.0837,0.2356
520215,2008-01,57.6608,41.5458,0.4777,0.0839,0.2319
520215,2009-01,57.6095,41.5984,0.4783,0.0842,0.2296
520215,2010-01,57.7992,41.4101,0.4771,0.0848,0.2287
520215,2011-01,58.0697,41.1404,0.4784,0.0863,0.2253
520215,2012-01,58.621,40.5923,0.4794,0.0894,0.2179
520215,2013-01,59.2482,39.9708,0.4817,0.0932,0.2061
520215,2014-01,59.8282,39.3925,0.4814,0.0962,0.2017
520215,2015-01,60.0337,39.184,0.4824,0.0959,0.204
520215,2016-01,60.0712,39.1414,0.4777,0.097,0.2128
520215,2017-01,60.2711,38.9396,0.4749,0.0967,0.2176
520215,2018-01,60.3645,38.8324,0.4717,0.1017,0.2296
520215,2019-01,60.5537,38.647,0.471,0.1026,0.2258
520215,2020-01,60.6987,38.4951,0.4689,0.1047,0.2326
520215,2021-01,60.9388,38.2528,0.468,0.1062,0.2342
520215,2022-01,61.2058,37.9645,0.4628,0.1073,0.2597
520215,2023-01,61.7738,37.3923,0.4608,0.1117,0.2613
520215,2024-01,62.2987,36.8633,0.4605,0.1135,0.264
520235,1985-01,66.7863,31.9731,0.2888,0.0803,0.8716
520235,1986-01,67.457,31.3003,0.2891,0.0913,0.8622
520235,1987-01,67.0344,31.7256,0.2842,0.0903,0.8654
520235,1988-01,67.6315,31.1276,0.2818,0.0836,0.8755
520235,1989-01,67.1914,31.5683,0.2789,0.0741,0.8874
520235,1990-01,67.947,30.8262,0.2801,0.0783,0.8684
520235,1991-01,68.1507,30.62,0.28,0.0818,0.8675
520235,1992-01,68.1298,30.6354,0.2783,0.0872,0.8693
520235,1993-01,67.9877,30.7776,0.279,0.09,0.8657
520235,1994-01,68.168,30.5954,0.2802,0.0969,0.8594
520235,1995-01,68.1907,30.5709,0.2817,0.1152,0.8415
520235,1996-01,67.9711,30.7851,0.2783,0.1202,0.8452
520235,1997-01,68.0461,30.7115,0.2767,0.1156,0.85
520235,1998-01,68.0273,30.7319,0.2732,0.1234,0.8441
520235,1999-01,67.0545,31.7111,0.2708,0.1162,0.8473
520235,2000-01,66.8334,32.0212,0.2802,0.12,0.7451
520235,2001-01,67.3129,31.5715,0.2799,0.1204,0.7153
520235,2002-01,67.0029,31.8756,0.2802,0.1198,0.7215
520235,2003-01,67.5623,31.3074,0.2802,0.1225,0.7276
520235,2004-01,68.0613,30.8051,0.2788,0.1341,0.7207
520235,2005-01,68.068,30.7831,0.2774,0.1445,0.727
520235,2006-01,68.3258,30.52,0.2769,0.1527,0.7246
520235,2007-01,68.3291,30.4065,0.2775,0.1496,0.8373
520235,2008-01,68.2528,30.4889,0.2763,0.1422,0.8397
520235,2009-01,68.2763,30.4708,0.2728,0.1384,0.8417
520235,2010-01,68.3131,30.4422,0.2739,0.1364,0.8344
520235,2011-01,67.8611,30.9147,0.2737,0.1336,0.8168
520235,2012-01,67.7568,31.0281,0.274,0.1311,0.8099
520235,2013-01,67.743,30.9136,0.2738,0.1315,0.9381
520235,2014-01,67.7774,30.8461,0.2719,0.1338,0.9709
520235,2015-01,67.8499,30.6736,0.267,0.1314,1.0781
520235,2016-01,68.1567,30.3149,0.2667,0.1268,1.1349
520235,2017-01,68.2123,30.2689,0.2639,0.1259,1.129
520235,2018-01,68.2166,30.2546,0.262,0.1238,1.143
520235,2019-01,68.3736,30.0996,0.2615,0.1227,1.1426
520235,2020-01,68.5401,29.9469,0.2617,0.1251,1.1262
520235,2021-01,68.6195,29.8986,0.2616,0.1217,1.0987
520235,2022-01,68.6702,29.904,0.2604,0.1181,1.0474
520235,2023-01,68.7827,29.7903,0.2607,0.1207,1.0455
520235,2024-01,69.1075,29.4678,0.2621,0.1229,1.0397
520250,1985-01,31.6505,53.6509,11.3819,0.125,3.1918
520250,1986-01,33.277,52.0886,11.3735,0.1149,3.1461
520250,1987-01,34.6777,50.7593,11.4005,0.0604,3.1022
520250,1988-01,35.5021,50.2589,11.1195,0.0581,3.0614
520250,1989-01,36.4561,49.4174,10.9632,0.0603,3.103
520250,1990-01,37.8887,48.0589,10.787,0.0724,3.193
520250,1991-01,38.6598,47.3855,10.6429,0.0823,3.2295
520250,1992-01,40.027,46.1338,10.5415,0.1071,3.1905
520250,1993-01,40.9462,45.294,10.4483,0.1472,3.1643
520250,1994-01,41.7349,44.624,10.3916,0.1588,3.0907
520250,1995-01,43.6696,42.8546,10.2786,0.1866,3.0105
520250,1996-01,45.1953,41.5156,10.0526,0.2001,3.0363
520250,1997-01,46.5507,40.2445,9.8453,0.1982,3.1613
520250,1998-01,47.4921,39.3966,9.8238,0.1949,3.0926
520250,1999-01,48.0847,38.8164,9.8032,0.1957,3.1
520250,2000-01,48.6216,38.4963,9.8665,0.1963,2.8193
520250,2001-01,49.2428,37.9854,9.7945,0.1995,2.7777
520250,2002-01,49.9288,37.3248,9.6591,0.1997,2.8876
520250,2003-01,51.1297,36.2766,9.4925,0.2257,2.8755
520250,2004-01,51.9716,35.5995,9.3124,0.2318,2.8847
520250,2005-01,52.5014,35.1379,9.245,0.238,2.8777
520250,2006-01,52.6562,35.0114,9.1745,0.296,2.862
520250,2007-01,52.8574,34.8893,9.0883,0.3439,2.8211
520250,2008-01,52.7581,35.0483,9.0534,0.3497,2.7904
520250,2009-01,52.63,35.2241,9.004,0.3778,2.764
520250,2010-01,52.9101,35.0499,8.934,0.3865,2.7195
520250,2011-01,53.1903,34.8865,8.9033,0.3298,2.6901
520250,2012-01,53.8272,34.406,8.8193,0.3353,2.6123
520250,2013-01,54.4222,33.9514,8.8037,0.3421,2.4806
520250,2014-01,54.8564,33.5608,8.7797,0.3673,2.4358
520250,2015-01,55.2073,33.2566,8.7305,0.4278,2.3778
520250,2016-01,55.3846,33.1726,8.6384,0.4566,2.3478
520250,2017-01,55.6854,32.9531,8.5495,0.4922,2.3198
520250,2018-01,55.8063,32.8235,8.5268,0.4713,2.3721
520250,2019-01,56.2678,32.4615,8.4321,0.4878,2.3508
520250,2020-01,56.4279,32.3815,8.3965,0.4532,2.3408
520250,2021-01,56.4178,32.46,8.3715,0.4099,2.3409
520250,2022-01,56.3975,32.4523,8.3189,0.4001,2.4311
520250,2023-01,56.226,32.6173,8.2463,0.431,2.4793
520250,2024-01,56.1927,32.8399,8.0949,0.4334,2.439
520260,1985-01,80.4655,18.2028,0.3644,0.7484,0.2188
520260,1986-01,81.6019,17.1813,0.3534,0.6445,0.219
520260,1987-01,82.2605,16.6744,0.3535,0.5002,0.2114
520260,1988-01,83.0953,16.0608,0.3446,0.3094,0.1899
520260,1989-01,83.6554,15.6156,0.3326,0.2183,0.1781
520260,1990-01,84.0641,15.2431,0.3243,0.1874,0.1812
520260,1991-01,84.7441,14.6015,0.322,0.1661,0.1662
520260,1992-01,85.0504,14.301,0.3191,0.1627,0.1668
520260,1993-01,85.1626,14.175,0.3173,0.164,0.1811
520260,1994-01,85.3625,13.9632,0.3164,0.1727,0.1853
520260,1995-01,85.3086,14.0543,0.3141,0.1865,0.1365
520260,1996-01,85.1607,14.197,0.3099,0.1924,0.14
520260,1997-01,84.8035,14.4939,0.3061,0.1965,0.2
520260,1998-01,84.6915,14.6041,0.3062,0.1942,0.204
520260,1999-01,84.4006,14.9022,0.3049,0.1947,0.1976
520260,2000-01,84.2646,15.1602,0.3116,0.1913,0.0724
520260,2001-01,83.969,15.475,0.3128,0.1934,0.0498
520260,2002-01,83.5684,15.8608,0.3108,0.2034,0.0566
520260,2003-01,82.7524,16.6221,0.3125,0.2604,0.0526
520260,2004-01,82.3458,16.9617,0.3137,0.3284,0.0504
520260,2005-01,81.9862,17.2331,0.3138,0.4169,0.0499
520260,2006-01,81.8496,17.3567,0.3153,0.4339,0.0445
520260,2007-01,81.7626,17.4979,0.3149,0.3809,0.0437
520260,2008-01,81.4323,17.9045,0.3131,0.3007,0.0495
520260,2009-01,81.3149,18.0728,0.3117,0.2515,0.0492
520260,2010-01,81.2741,18.1121,0.3088,0.2531,0.0517
520260,2011-01,80.8106,18.5957,0.3046,0.2356,0.0536
520260,2012-01,80.4724,18.9424,0.3037,0.2304,0.0511
520260,2013-01,80.0244,19.3989,0.3037,0.225,0.0481
520260,2014-01,79.5544,19.872,0.3034,0.2206,0.0496
520260,2015-01,79.0841,20.3464,0.3046,0.2131,0.0517
520260,2016-01,78.7335,20.6834,0.3043,0.215,0.0639
520260,2017-01,78.609,20.8145,0.3037,0.2112,0.0616
520260,2018-01,78.2671,21.16,0.3023,0.208,0.0626
520260,2019-01,77.8552,21.5654,0.302,0.2157,0.0617
520260,2020-01,77.678,21.7462,0.3011,0.214,0.0607
520260,2021-01,78.0707,21.3633,0.3023,0.2036,0.0601
520260,2022-01,78.3943,21.0361,0.3,0.2048,0.0648
520260,2023-01,78.6284,20.8041,0.3005,0.2027,0.0643
520260,2024-01,79.8671,19.5629,0.3026,0.2033,0.064
520280,1985-01,76.458,22.7183,0.5222,0.1387,0.1628
520280,1986-01,77.5413,21.6521,0.5031,0.1376,0.1658
520280,1987-01,78.3282,20.892,0.4819,0.1386,0.1593
520280,1988-01,78.7628,20.4952,0.4391,0.1442,0.1588
520280,1989-01,79.0572,20.2068,0.4265,0.1563,0.1532
520280,1990-01,79.6793,19.5907,0.4088,0.1523,0.1689
520280,1991-01,80.0937,19.2519,0.3287,0.1523,0.1734
520280,1992-01,80.5429,18.8058,0.3156,0.1593,0.1764
520280,1993-01,81.4392,17.8934,0.307,0.184,0.1764
520280,1994-01,81.852,17.4603,0.2939,0.2269,0.1669
520280,1995-01,82.2906,17.0036,0.2808,0.2561,0.1689
520280,1996-01,82.7353,16.5317,0.2818,0.2899,0.1613
520280,1997-01,83.0378,16.2116,0.2818,0.307,0.1618
520280,1998-01,83.0736,16.1536,0.2873,0.3242,0.1613
520280,1999-01,83.1693,15.9822,0.2823,0.3559,0.2102
520280,2000-01,83.3266,15.8274,0.2914,0.3776,0.1769
520280,2001-01,83.6094,15.5588,0.2878,0.3776,0.1664
520280,2002-01,83.8997,15.2639,0.2833,0.3746,0.1785
520280,2003-01,84.1322,15.0018,0.2777,0.4013,0.187
520280,2004-01,84.35,14.7507,0.2803,0.42,0.1991
520280,2005-01,84.413,14.6695,0.2717,0.4381,0.2077
520280,2006-01,84.5133,14.5389,0.2667,0.4593,0.2218
520280,2007-01,84.5113,14.5238,0.2596,0.4669,0.2384
520280,2008-01,84.4644,14.5606,0.2485,0.488,0.2384
520280,2009-01,84.5546,14.4593,0.2455,0.4991,0.2415
520280,2010-01,84.4962,14.5036,0.2465,0.5158,0.2379
520280,2011-01,84.4841,14.5208,0.246,0.5188,0.2304
520280,2012-01,84.5058,14.4583,0.2475,0.5652,0.2233
520280,2013-01,84.5461,14.43,0.246,0.5768,0.2011
520280,2014-01,84.536,14.4315,0.2485,0.5813,0.2026
520280,2015-01,84.538,14.4033,0.2495,0.5959,0.2132
520280,2016-01,84.5406,14.3947,0.244,0.5989,0.2218
520280,2017-01,84.6641,14.2677,0.2339,0.606,0.2284
520280,2018-01,84.6893,14.2097,0.2334,0.6151,0.2526
520280,2019-01,84.6974,14.189,0.2334,0.6161,0.2642
520280,2020-01,84.6374,14.2016,0.2324,0.6428,0.2858
520280,2021-01,84.6268,14.1895,0.2309,0.6594,0.2934
520280,2022-01,84.6429,14.1769,0.2253,0.671,0.2838
520280,2023-01,84.6091,14.1512,0.2248,0.6862,0.3287
520280,2024-01,84.8189,13.9748,0.2213,0.6877,0.2974
520310,1985-01,14.5515,78.5064,5.8963,0.6179,0.4279
520310,1986-01,16.932,76.7235,5.3293,0.5598,0.4553
520310,1987-01,19.7752,74.2487,5.1216,0.3814,0.4731
520310,1988-01,21.2264,73.066,4.9081,0.3249,0.4746
520310,1989-01,24.1804,70.2543,4.8005,0.2978,0.467
520310,1990-01,26.2363,68.4129,4.6827,0.2019,0.4662
520310,1991-01,28.0557,66.6459,4.6325,0.2009,0.465
520310,1992-01,29.3615,65.4051,4.5671,0.2029,0.4633
520310,1993-01,30.2414,64.5783,4.5369,0.1833,0.46
520310,1994-01,31.5769,63.2748,4.5099,0.1961,0.4422
520310,1995-01,32.8191,61.9262,4.5018,0.3233,0.4297
520310,1996-01,34.1237,60.6466,4.4823,0.3211,0.4263
520310,1997-01,35.1524,59.6497,4.4588,0.3004,0.4387
520310,1998-01,35.9155,58.8645,4.4422,0.3385,0.4393
520310,1999-01,36.9341,57.8941,4.434,0.3012,0.4366
520310,2000-01,38.3076,56.6186,4.4372,0.2378,0.3988
520310,2001-01,38.8667,56.0433,4.4268,0.2708,0.3924
520310,2002-01,39.2897,55.6101,4.4213,0.2826,0.3964
520310,2003-01,39.5727,55.3681,4.4097,0.2591,0.3903
520310,2004-01,39.8647,55.0976,4.3961,0.2553,0.3863
520310,2005-01,39.527,55.4591,4.3719,0.2552,0.3869
520310,2006-01,39.3068,55.6817,4.3549,0.2637,0.3929
520310,2007-01,39.1965,55.8167,4.3435,0.2536,0.3897
520310,2008-01,39.1832,55.8365,4.3276,0.2601,0.3926
520310,2009-01,39.1957,55.8395,4.3174,0.2544,0.393
520310,2010-01,39.4273,55.602,4.3127,0.2696,0.3885
520310,2011-01,39.9257,55.1092,4.3045,0.2755,0.3851
520310,2012-01,40.5312,54.5415,4.3048,0.2431,0.3794
520310,2013-01,41.2753,53.8004,4.3124,0.2409,0.371
520310,2014-01,41.821,53.2593,4.316,0.2292,0.3745
520310,2015-01,42.2608,52.84,4.3107,0.2195,0.369
520310,2016-01,42.6198,52.5039,4.3012,0.2089,0.3663
520310,2017-01,42.9878,52.1343,4.2908,0.2203,0.3668
520310,2018-01,43.368,51.7333,4.2797,0.2593,0.3597
520310,2019-01,43.773,51.3057,4.2735,0.2873,0.3605
520310,2020-01,44.1991,50.9162,4.2742,0.2538,0.3567
520310,2021-01,44.8645,50.2747,4.2776,0.2281,0.3551
520310,2022-01,45.1827,49.997,4.2745,0.1924,0.3534
520310,2023-01,45.6268,49.5499,4.2729,0.1962,0.3542
520310,2024-01,45.903,49.2823,4.2659,0.19,0.3589
520320,1985-01,44.2531,52.9176,1.5687,0.4802,0.7804
520320,1986-01,46.8918,50.6014,1.2159,0.5249,0.766
520320,1987-01,47.7723,49.8516,1.0793,0.5412,0.7556
520320,1988-01,48.1485,49.4489,1.0382,0.571,0.7934
520320,1989-01,48.4317,48.8903,1.0313,0.8665,0.7801
520320,1990-01,48.5686,48.843,1.0063,0.794,0.788
520320,1991-01,48.0641,49.7052,0.9864,0.4579,0.7864
520320,1992-01,49.09,48.7596,0.9534,0.4092,0.7878
520320,1993-01,49.6882,48.1501,0.9378,0.426,0.7979
520320,1994-01,50.8592,46.9835,0.9138,0.4516,0.7919
520320,1995-01,51.5595,46.2969,0.8975,0.4581,0.788
520320,1996-01,52.3085,45.6037,0.8673,0.4457,0.7748
520320,1997-01,52.5242,45.4417,0.8437,0.4023,0.7881
520320,1998-01,52.5871,45.4507,0.8415,0.3831,0.7376
520320,1999-01,52.566,45.4815,0.8411,0.3785,0.733
520320,2000-01,52.9869,45.0857,0.8419,0.3938,0.6918
520320,2001-01,53.2545,44.8019,0.8383,0.4383,0.6671
520320,2002-01,53.5496,44.5151,0.8273,0.4348,0.6731
520320,2003-01,53.8295,44.2677,0.8223,0.4168,0.6637
520320,2004-01,53.5269,44.4767,0.8049,0.5272,0.6642
520320,2005-01,53.1488,44.673,0.7774,0.7457,0.6551
520320,2006-01,52.8097,44.9497,0.7695,0.8091,0.6619
520320,2007-01,52.2416,45.3972,0.7655,0.9417,0.654
520320,2008-01,51.5835,45.8278,0.7608,1.1471,0.6807
520320,2009-01,51.0953,46.0235,0.7514,1.4161,0.7138
520320,2010-01,50.7704,46.2265,0.7453,1.5537,0.704
520320,2011-01,50.5205,46.1424,0.7403,1.9011,0.6957
520320,2012-01,50.5359,45.9733,0.7323,2.0747,0.6837
520320,2013-01,50.6607,45.8088,0.7303,2.124,0.6761
520320,2014-01,50.7562,45.6969,0.7277,2.1473,0.672
520320,2015-01,50.5316,45.8815,0.7255,2.2075,0.6539
520320,2016-01,50.3378,45.963,0.7216,2.3334,0.6441
520320,2017-01,50.0929,46.102,0.6939,2.4824,0.6288
520320,2018-01,49.9137,46.1843,0.6898,2.5842,0.6281
520320,2019-01,49.836,46.1798,0.6831,2.6827,0.6183
520320,2020-01,49.8373,46.0163,0.6679,2.848,0.6305
520320,2021-01,49.7171,45.9583,0.6672,3.0329,0.6246
520320,2022-01,49.9422,45.6212,0.6648,3.1455,0.6262
520320,2023-01,50.4062,45.1006,0.6562,3.2039,0.6331
520320,2024-01,50.9598,44.3984,0.6561,3.3578,0.6279
520330,1985-01,63.3916,35.4411,0.6776,0.3292,0.1604
520330,1986-01,65.4364,33.5647,0.513,0.3205,0.1654
520330,1987-01,66.9464,32.1154,0.4741,0.2942,0.1699
520330,1988-01,67.9269,31.1908,0.416,0.2842,0.1821
520330,1989-01,68.9215,30.2282,0.3766,0.2973,0.1765
520330,1990-01,70.3204,28.8317,0.3561,0.3112,0.1806
520330,1991-01,71.4451,27.7218,0.3372,0.3044,0.1916
520330,1992-01,72.3072,26.8635,0.3198,0.312,0.1975
520330,1993-01,73.1475,26.0092,0.3115,0.3317,0.2002
520330,1994-01,73.7474,25.3878,0.2999,0.3584,0.2064
520330,1995-01,74.5204,24.5962,0.2948,0.3797,0.2088
520330,1996-01,75.019,24.0856,0.2903,0.3957,0.2094
520330,1997-01,75.5843,23.517,0.2765,0.3917,0.2305
520330,1998-01,75.9891,23.1133,0.27,0.3991,0.2285
520330,1999-01,76.4697,22.6278,0.272,0.4106,0.2198
520330,2000-01,76.969,22.1797,0.2866,0.4273,0.1373
520330,2001-01,77.2693,21.8845,0.2867,0.4378,0.1218
520330,2002-01,77.6835,21.46,0.2808,0.4512,0.1245
520330,2003-01,78.0106,21.1194,0.2667,0.465,0.1383
520330,2004-01,78.2141,20.9122,0.2563,0.4753,0.1422
520330,2005-01,78.1874,20.9302,0.253,0.486,0.1433
520330,2006-01,78.166,20.9459,0.2489,0.4933,0.1457
520330,2007-01,78.1456,20.9672,0.2428,0.4978,0.1467
520330,2008-01,78.1676,20.9356,0.2319,0.5155,0.1493
520330,2009-01,78.1383,20.9534,0.2322,0.5333,0.1428
520330,2010-01,78.1189,20.9395,0.2299,0.5641,0.1476
520330,2011-01,77.9748,21.0517,0.2297,0.5976,0.1463
520330,2012-01,77.9498,21.0353,0.2294,0.6409,0.1446
520330,2013-01,77.947,21.0124,0.2288,0.6709,0.141
520330,2014-01,77.9233,20.9991,0.2236,0.7079,0.1461
520330,2015-01,77.8661,21.0228,0.2227,0.7443,0.1441
520330,2016-01,77.7767,21.1072,0.2211,0.7543,0.1407
520330,2017-01,77.6335,21.2236,0.2203,0.7825,0.1401
520330,2018-01,77.4672,21.3383,0.2178,0.8235,0.1531
520330,2019-01,77.349,21.4066,0.2178,0.8721,0.1545
520330,2020-01,77.3081,21.425,0.2103,0.9041,0.1525
520330,2021-01,77.3408,21.3578,0.2091,0.9388,0.1535
520330,2022-01,77.2593,21.3781,0.1952,0.9525,0.2149
520330,2023-01,77.2708,21.3489,0.194,0.9638,0.2223
520330,2024-01,77.3418,21.2806,0.1955,0.9712,0.2109
520340,1985-01,30.9726,67.0569,1.232,0.4746,0.2639
520340,1986-01,33.3982,64.7556,1.1311,0.4595,0.2557
520340,1987-01,35.1357,63.1136,1.0908,0.3983,0.2617
520340,1988-01,36.4532,61.8861,1.0249,0.3687,0.2672
520340,1989-01,39.398,59.0474,0.954,0.3351,0.2656
520340,1990-01,41.135,57.3882,0.9291,0.2701,0.2776
520340,1991-01,43.0756,55.5235,0.9076,0.2138,0.2795
520340,1992-01,44.5856,54.0472,0.8586,0.231,0.2777
520340,1993-01,46.1452,52.4836,0.8488,0.235,0.2874
520340,1994-01,47.8479,50.8062,0.8181,0.2502,0.2776
520340,1995-01,48.7509,49.9005,0.7952,0.273,0.2804
520340,1996-01,49.7109,48.9476,0.7853,0.2678,0.2885
520340,1997-01,50.6749,47.9643,0.7794,0.2793,0.3021
520340,1998-01,51.5184,47.0579,0.7755,0.347,0.3012
520340,1999-01,52.56,46.0265,0.7757,0.3321,0.3057
520340,2000-01,53.8558,44.8452,0.7847,0.2692,0.2451
520340,2001-01,54.5538,44.158,0.7816,0.2689,0.2378
520340,2002-01,55.159,43.5469,0.7779,0.2709,0.2452
520340,2003-01,55.8254,42.8834,0.7767,0.2725,0.242
520340,2004-01,56.1983,42.5073,0.7723,0.2791,0.243
520340,2005-01,56.3598,42.3463,0.7724,0.2809,0.2406
520340,2006-01,56.6021,42.1003,0.7721,0.2851,0.2404
520340,2007-01,56.5957,42.1094,0.7686,0.2841,0.2422
520340,2008-01,56.4563,42.2651,0.7666,0.2726,0.2394
520340,2009-01,56.5041,42.2229,0.7675,0.2676,0.2379
520340,2010-01,56.7,42.0383,0.7645,0.2595,0.2377
520340,2011-01,56.8762,41.8682,0.7646,0.2556,0.2354
520340,2012-01,57.1682,41.5842,0.7628,0.2506,0.2343
520340,2013-01,57.5019,41.2599,0.7626,0.247,0.2287
520340,2014-01,57.8807,40.8835,0.76,0.2465,0.2292
520340,2015-01,58.2652,40.4915,0.7597,0.2603,0.2233
520340,2016-01,58.6025,40.1452,0.7588,0.2711,0.2223
520340,2017-01,58.8741,39.8842,0.7563,0.2652,0.2201
520340,2018-01,58.9052,39.8555,0.7557,0.262,0.2216
520340,2019-01,58.7112,40.0536,0.7533,0.2598,0.2221
520340,2020-01,58.907,39.8674,0.7501,0.2518,0.2237
520340,2021-01,59.4513,39.3333,0.7481,0.2462,0.2211
520340,2022-01,59.7285,39.0716,0.7439,0.2483,0.2078
520340,2023-01,59.9731,38.8282,0.7407,0.2483,0.2098
520340,2024-01,60.2912,38.5172,0.737,0.2469,0.2077
520350,1985-01,84.3979,8.3843,5.6551,0.2541,1.3086
520350,1986-01,84.9223,7.8483,5.6845,0.2705,1.2744
520350,1987-01,85.0302,7.7169,5.677,0.2892,1.2867
520350,1988-01,85.1664,7.7184,5.5097,0.2982,1.3073
520350,1989-01,85.4358,7.5652,5.3739,0.3321,1.293
520350,1990-01,85.5759,7.5987,5.1974,0.331,1.2971
520350,1991-01,85.7043,7.5775,5.1076,0.3266,1.2841
520350,1992-01,85.8835,7.5894,4.9331,0.3163,1.2777
520350,1993-01,86.0084,7.5308,4.8567,0.3214,1.2827
520350,1994-01,86.0489,7.5877,4.7756,0.3174,1.2703
520350,1995-01,86.0976,7.5896,4.7563,0.3187,1.2378
520350,1996-01,86.2494,7.4963,4.7458,0.3225,1.1861
520350,1997-01,86.2883,7.4873,4.7107,0.3204,1.1932
520350,1998-01,86.2971,7.5506,4.619,0.3237,1.2096
520350,1999-01,86.372,7.6368,4.541,0.334,1.1162
520350,2000-01,86.4428,7.7029,4.541,0.3529,0.9604
520350,2001-01,86.4801,7.8262,4.388,0.357,0.9487
520350,2002-01,86.4622,7.9301,4.2589,0.3658,0.9829
520350,2003-01,86.4491,8.061,4.131,0.3677,0.9912
520350,2004-01,86.4913,8.0436,4.0678,0.3872,1.0102
520350,2005-01,86.5049,8.0843,4.0421,0.3916,0.9771
520350,2006-01,86.4839,8.1363,4.0069,0.3908,0.9821
520350,2007-01,86.4856,8.1308,3.9614,0.3884,1.0338
520350,2008-01,86.4618,8.1669,3.9546,0.3981,1.0186
520350,2009-01,86.4682,8.1761,3.957,0.4098,0.9889
520350,2010-01,86.4643,8.1896,3.9405,0.4189,0.9867
520350,2011-01,86.4383,8.2348,3.9128,0.4308,0.9832
520350,2012-01,86.4442,8.2407,3.9086,0.4435,0.963
520350,2013-01,86.4376,8.2674,3.8984,0.4619,0.9347
520350,2014-01,86.4292,8.2789,3.8902,0.4728,0.929
520350,2015-01,86.4381,8.2791,3.8736,0.4805,0.9287
520350,2016-01,86.4523,8.2926,3.8463,0.4791,0.9296
520350,2017-01,86.4653,8.2861,3.8389,0.4871,0.9226
520350,2018-01,86.4393,8.3065,3.8292,0.4966,0.9283
520350,2019-01,86.4719,8.2839,3.8146,0.5032,0.9264
520350,2020-01,86.457,8.2955,3.8117,0.5139,0.922
520350,2021-01,86.4711,8.31,3.7847,0.5154,0.9187
520350,2022-01,86.4762,8.3041,3.7524,0.5194,0.9478
520350,2023-01,86.4471,8.3315,3.7202,0.5215,0.9797
520350,2024-01,86.5278,8.3173,3.6827,0.5208,0.9514
520355,1985-01,64.5032,34.1961,0.2575,0.9215,0.1217
520355,1986-01,66.2606,32.597,0.0879,0.9313,0.1231
520355,1987-01,66.4717,32.3965,0.0689,0.9412,0.1217
520355,1988-01,66.7342,32.0932,0.0605,0.9806,0.1316
520355,1989-01,67.2604,31.5937,0.0535,0.9525,0.14
520355,1990-01,67.4018,31.448,0.0464,0.9595,0.1442
520355,1991-01,68.2278,30.5356,0.0422,1.0369,0.1576
520355,1992-01,68.8292,29.8385,0.0422,1.1368,0.1534
520355,1993-01,69.3371,29.27,0.0429,1.1902,0.1597
520355,1994-01,69.9449,28.6369,0.0429,1.2169,0.1583
520355,1995-01,70.6822,27.8582,0.0422,1.2599,0.1576
520355,1996-01,71.2872,27.2328,0.0387,1.2866,0.1548
520355,1997-01,71.8436,26.5997,0.0429,1.3196,0.1942
520355,1998-01,71.9491,26.4028,0.0436,1.3794,0.2251
520355,1999-01,71.942,26.2994,0.0394,1.4814,0.2378
520355,2000-01,72.3296,25.8295,0.0443,1.627,0.1695
520355,2001-01,72.1953,25.947,0.0457,1.6474,0.1646
520355,2002-01,72.4731,25.6346,0.0429,1.6657,0.1836
520355,2003-01,72.4647,25.6022,0.0429,1.6854,0.2047
520355,2004-01,72.6265,25.4067,0.0429,1.6861,0.2378
520355,2005-01,72.7672,25.2596,0.0436,1.6981,0.2315
520355,2006-01,72.7531,25.2702,0.0443,1.7044,0.2279
520355,2007-01,72.6723,25.3567,0.0443,1.7129,0.2139
520355,2008-01,72.5885,25.4144,0.045,1.729,0.223
520355,2009-01,72.5562,25.4313,0.0471,1.7501,0.2153
520355,2010-01,72.2987,25.5776,0.0478,1.8289,0.2469
520355,2011-01,72.1862,25.6135,0.0464,1.8972,0.2568
520355,2012-01,71.8584,25.778,0.0471,2.0625,0.254
520355,2013-01,71.7557,25.7534,0.0507,2.2032,0.2371
520355,2014-01,71.8823,25.5832,0.0507,2.2482,0.2357
520355,2015-01,71.8619,25.5163,0.0492,2.3291,0.2434
520355,2016-01,71.1789,25.8477,0.0514,2.6759,0.2462
520355,2017-01,71.0473,25.937,0.0514,2.7167,0.2476
520355,2018-01,70.8482,26.1185,0.0521,2.7364,0.2448
520355,2019-01,70.7364,26.198,0.0528,2.7849,0.2279
520355,2020-01,70.8568,26.0586,0.0528,2.8405,0.1914
520355,2021-01,71.0214,25.8925,0.0514,2.8356,0.1991
520355,2022-01,71.0123,25.7962,0.0464,2.8813,0.2638
520355,2023-01,70.9743,25.7469,0.0478,2.9495,0.2814
520355,2024-01,71.3774,25.3804,0.0499,2.939,0.2533
520357,1985-01,37.8591,60.6568,0.705,0.0307,0.7483
520357,1986-01,42.2571,56.3719,0.5524,0.0305,0.7882
520357,1987-01,44.3659,54.3858,0.4778,0.0298,0.7407
520357,1988-01,45.2188,53.574,0.4571,0.0285,0.7216
520357,1989-01,46.7637,52.0216,0.4286,0.0284,0.7577
520357,1990-01,48.4899,50.2912,0.4064,0.0292,0.7832
520357,1991-01,48.8319,49.9417,0.4007,0.03,0.7957
520357,1992-01,50.9268,47.8582,0.3909,0.0354,0.7887
520357,1993-01,52.9202,45.8613,0.3903,0.0388,0.7895
520357,1994-01,53.6244,45.1641,0.4034,0.039,0.769
520357,1995-01,54.1314,44.6746,0.4079,0.0363,0.7498
520357,1996-01,55.5323,43.2672,0.3927,0.0414,0.7663
520357,1997-01,56.7451,42.0197,0.3665,0.0458,0.8229
520357,1998-01,57.8597,40.9167,0.3744,0.0516,0.7976
520357,1999-01,58.8579,39.9031,0.382,0.0566,0.8004
520357,2000-01,60.0434,38.7911,0.386,0.0605,0.7191
520357,2001-01,61.3503,37.4927,0.3858,0.0608,0.7105
520357,2002-01,61.8095,37.0156,0.3823,0.062,0.7306
520357,2003-01,62.1506,36.6518,0.3818,0.0615,0.7543
520357,2004-01,62.2783,36.4797,0.3811,0.0617,0.7992
520357,2005-01,62.4067,36.3321,0.379,0.0623,0.82
520357,2006-01,62.608,36.0825,0.3796,0.0659,0.864
520357,2007-01,62.7811,35.8997,0.3851,0.0646,0.8694
520357,2008-01,63.0954,35.5771,0.3885,0.0614,0.8777
520357,2009-01,63.1649,35.499,0.3878,0.0621,0.8862
520357,2010-01,63.2716,35.3868,0.3899,0.0615,0.8903
520357,2011-01,63.2366,35.432,0.3919,0.0604,0.8791
520357,2012-01,63.806,34.8595,0.3957,0.0696,0.8693
520357,2013-01,64.4658,34.2031,0.3992,0.0719,0.86
520357,2014-01,64.8377,33.7687,0.3961,0.0665,0.9311
520357,2015-01,65.1718,33.4401,0.3939,0.0698,0.9244
520357,2016-01,65.2823,33.3375,0.3931,0.0719,0.9152
520357,2017-01,65.342,33.2865,0.3914,0.0738,0.9063
520357,2018-01,65.068,33.5201,0.3869,0.0739,0.9512
520357,2019-01,64.9708,33.605,0.3884,0.0796,0.9562
520357,2020-01,64.9711,33.6,0.3894,0.0841,0.9554
520357,2021-01,65.1832,33.3912,0.3872,0.0822,0.9562
520357,2022-01,65.5307,33.0265,0.3771,0.0882,0.9776
520357,2023-01,65.9438,32.564,0.3755,0.101,1.0158
520357,2024-01,66.4257,32.1073,0.3764,0.1039,0.9867
520360,1985-01,72.8529,26.3435,0.4008,0.3446,0.0582
520360,1986-01,75.1135,24.0699,0.3871,0.3617,0.0678
520360,1987-01,76.3551,22.8755,0.3809,0.322,0.0665
520360,1988-01,78.2041,21.0314,0.3727,0.3049,0.087
520360,1989-01,79.0475,20.2064,0.3604,0.3104,0.0754
520360,1990-01,79.6128,19.6295,0.3405,0.3275,0.0898
520360,1991-01,80.6249,18.6729,0.2727,0.3288,0.1007
520360,1992-01,80.727,18.5241,0.2549,0.3809,0.113
520360,1993-01,81.2389,17.9835,0.2569,0.3994,0.1213
520360,1994-01,81.6076,17.571,0.2583,0.4412,0.122
520360,1995-01,81.9379,17.2112,0.2706,0.4665,0.1137
520360,1996-01,82.4093,16.7096,0.2816,0.4926,0.1069
520360,1997-01,82.7224,16.3876,0.2747,0.5001,0.1151
520360,1998-01,82.6943,16.4076,0.2754,0.5097,0.113
520360,1999-01,82.8149,16.265,0.272,0.522,0.1261
520360,2000-01,83.1191,15.9334,0.2713,0.5638,0.1124
520360,2001-01,83.039,15.9683,0.2713,0.5858,0.1357
520360,2002-01,83.102,15.8662,0.2686,0.6036,0.1596
520360,2003-01,83.3967,15.5161,0.2658,0.6529,0.1685
520360,2004-01,83.3042,15.5949,0.2583,0.6693,0.1733
520360,2005-01,82.6394,16.2364,0.2569,0.6851,0.1822
520360,2006-01,82.3879,16.5002,0.2322,0.6872,0.1925
520360,2007-01,82.1447,16.6968,0.222,0.744,0.1925
520360,2008-01,82.1234,16.7304,0.2138,0.7502,0.1823
520360,2009-01,82.0179,16.8249,0.2138,0.7536,0.1898
520360,2010-01,82.0207,16.7955,0.2165,0.7721,0.1953
520360,2011-01,82.0899,16.6735,0.224,0.8111,0.2014
520360,2012-01,82.0893,16.6125,0.2151,0.8858,0.1973
520360,2013-01,82.0817,16.5714,0.2165,0.9344,0.196
520360,2014-01,82.0228,16.5782,0.2185,0.9817,0.1987
520360,2015-01,81.8536,16.583,0.2199,1.0838,0.2597
520360,2016-01,81.6584,16.7508,0.222,1.1133,0.2556
520360,2017-01,81.6022,16.7988,0.224,1.1352,0.2398
520360,2018-01,81.5008,16.8755,0.2295,1.1489,0.2453
520360,2019-01,81.4042,16.9166,0.2268,1.2037,0.2487
520360,2020-01,81.2911,16.9748,0.2213,1.2304,0.2823
520360,2021-01,81.4419,16.7419,0.2192,1.301,0.296
520360,2022-01,81.4015,16.709,0.2192,1.3339,0.3364
520360,2023-01,81.324,16.7206,0.222,1.3531,0.3803
520360,2024-01,81.7201,16.3171,0.2254,1.3634,0.3741
520380,1985-01,58.8024,34.3192,2.8814,0.1658,3.8311
520380,1986-01,60.1815,33.0687,2.9762,0.1758,3.5978
520380,1987-01,61.1091,32.2043,3.0472,0.1702,3.4692
520380,1988-01,61.4668,31.9088,2.9732,0.1711,3.48
520380,1989-01,61.9162,31.4683,2.8547,0.1696,3.5913
520380,1990-01,62.1871,31.1517,2.7624,0.1694,3.7294
520380,1991-01,62.4299,31.0175,2.7229,0.1703,3.6595
520380,1992-01,63.2089,30.2651,2.6851,0.2034,3.6375
520380,1993-01,63.3655,30.166,2.6707,0.2267,3.5711
520380,1994-01,63.8438,29.7421,2.7097,0.2504,3.454
520380,1995-01,64.4816,29.1408,2.7188,0.2539,3.4049
520380,1996-01,64.9631,28.6852,2.6637,0.2528,3.4353
520380,1997-01,66.0461,27.616,2.5628,0.251,3.5242
520380,1998-01,66.5701,27.1915,2.6268,0.2451,3.3665
520380,1999-01,67.0335,26.6837,2.6426,0.2588,3.3815
520380,2000-01,67.4347,26.6111,2.7975,0.2557,2.901
520380,2001-01,67.5703,26.5402,2.8123,0.2593,2.8179
520380,2002-01,67.7213,26.3782,2.7916,0.2436,2.8653
520380,2003-01,68.3251,25.9298,2.7246,0.2497,2.7709
520380,2004-01,68.693,25.6702,2.6611,0.2403,2.7354
520380,2005-01,68.9568,25.4911,2.6158,0.2379,2.6983
520380,2006-01,69.0504,25.4442,2.5962,0.2835,2.6256
520380,2007-01,69.1313,25.4713,2.5309,0.3139,2.5525
520380,2008-01,69.1065,25.6113,2.509,0.3122,2.4609
520380,2009-01,69.0235,25.724,2.4977,0.3119,2.4428
520380,2010-01,69.1725,25.5898,2.4813,0.3222,2.4342
520380,2011-01,69.2224,25.6074,2.4746,0.2842,2.4113
520380,2012-01,69.4119,25.4528,2.4886,0.2881,2.3586
520380,2013-01,69.5842,25.3161,2.4917,0.3013,2.3066
520380,2014-01,69.7312,25.1335,2.4924,0.3567,2.2862
520380,2015-01,69.8068,25.0485,2.4875,0.3874,2.2698
520380,2016-01,69.7097,25.1295,2.4772,0.4148,2.2688
520380,2017-01,69.7107,25.1612,2.4746,0.4106,2.2429
520380,2018-01,69.5763,25.2815,2.4643,0.4054,2.2726
520380,2019-01,69.4572,25.4281,2.4626,0.3693,2.2828
520380,2020-01,69.3601,25.5187,2.4566,0.3536,2.311
520380,2021-01,69.1544,25.7469,2.4209,0.373,2.3048
520380,2022-01,68.924,25.9125,2.3769,0.3921,2.3946
520380,2023-01,68.7531,26.0604,2.3996,0.4196,2.3673
520380,2024-01,68.6781,26.1857,2.3856,0.424,2.3266
520390,1985-01,69.4716,21.8065,0.281,0.308,8.1328
520390,1986-01,70.0479,21.2963,0.2939,0.289,8.073
520390,1987-01,70.0832,21.2624,0.2948,0.2648,8.0948
520390,1988-01,69.99,21.345,0.2875,0.2638,8.1137
520390,1989-01,69.3864,21.9559,0.2832,0.2461,8.1284
520390,1990-01,68.8816,22.4474,0.2665,0.2385,8.166
520390,1991-01,68.8116,22.5458,0.2427,0.2419,8.1579
520390,1992-01,68.7887,22.5791,0.2261,0.2492,8.1569
520390,1993-01,68.8137,22.6637,0.2055,0.2628,8.0543
520390,1994-01,69.198,22.4124,0.1911,0.2626,7.9359
520390,1995-01,70.1048,21.7644,0.1784,0.2717,7.6807
520390,1996-01,70.5236,21.3919,0.1747,0.2867,7.6231
520390,1997-01,70.8286,21.0067,0.1691,0.288,7.7075
520390,1998-01,71.6339,20.4617,0.1655,0.2975,7.4415
520390,1999-01,71.7081,20.6289,0.1617,0.3198,7.1816
520390,2000-01,71.8846,20.51,0.1532,0.3203,7.1319
520390,2001-01,72.3716,20.0387,0.1509,0.3268,7.1121
520390,2002-01,72.5595,19.5632,0.1445,0.3189,7.4139
520390,2003-01,72.3367,19.4605,0.1347,0.3176,7.7506
520390,2004-01,72.1713,19.3417,0.1333,0.3172,8.0365
520390,2005-01,72.4366,19.1206,0.1288,0.321,7.9931
520390,2006-01,72.3263,19.2148,0.1257,0.3321,8.0012
520390,2007-01,72.1625,19.2783,0.1248,0.3331,8.1013
520390,2008-01,72.5258,19.1718,0.1217,0.3552,7.8256
520390,2009-01,72.4094,19.4548,0.1187,0.3918,7.6254
520390,2010-01,72.3334,19.5294,0.1192,0.4032,7.6148
520390,2011-01,72.1271,19.5661,0.117,0.4148,7.775
520390,2012-01,72.2578,19.6807,0.1188,0.5037,7.4391
520390,2013-01,72.3373,19.7225,0.1176,0.5325,7.29
520390,2014-01,72.7408,19.7302,0.1172,0.6895,6.7223
520390,2015-01,72.8632,19.6724,0.1168,0.6931,6.6545
520390,2016-01,72.9696,19.508,0.1147,0.5907,6.8169
520390,2017-01,72.8467,19.647,0.1117,0.5971,6.7974
520390,2018-01,72.6155,19.6865,0.113,0.5644,7.0205
520390,2019-01,72.6688,19.6721,0.1128,0.5713,6.9749
520390,2020-01,72.4861,19.79,0.1124,0.5704,7.0412
520390,2021-01,72.393,19.884,0.1121,0.5747,7.0362
520390,2022-01,72.0172,19.8782,0.1079,0.5775,7.4192
520390,2023-01,71.2029,20.1536,0.1083,0.5719,7.9633
520390,2024-01,71.5885,20.2187,0.1092,0.5963,7.4872
520393,1985-01,70.1411,25.0081,4.5817,0.1969,0.0721
520393,1986-01,71.0366,24.1437,4.5601,0.2194,0.0403
520393,1987-01,71.3218,23.8661,4.5597,0.2177,0.0348
520393,1988-01,71.4678,23.7506,4.5533,0.2062,0.0221
520393,1989-01,71.5222,23.7132,4.5401,0.2105,0.014
520393,1990-01,71.8014,23.4484,4.5423,0.2041,0.0038
520393,1991-01,72.2572,23.0062,4.5406,0.1922,0.0038
520393,1992-01,71.4675,23.7836,4.5351,0.1965,0.0174
520393,1993-01,71.061,24.1701,4.5346,0.216,0.0182
520393,1994-01,70.8281,24.3437,4.5359,0.2767,0.0157
520393,1995-01,70.8871,24.2562,4.5368,0.3055,0.0144
520393,1996-01,71.152,23.9497,4.5325,0.3458,0.0199
520393,1997-01,71.3994,23.6489,4.5287,0.3963,0.0267
520393,1998-01,71.2398,23.8021,4.527,0.4103,0.0208
520393,1999-01,70.7065,24.3129,4.5295,0.4311,0.0199
520393,2000-01,70.8032,24.2225,4.5295,0.4409,0.0038
520393,2001-01,70.9051,24.1309,4.521,0.4422,0.0008
520393,2002-01,70.8305,24.2105,4.5219,0.4371,0.0
520393,2003-01,70.9837,24.0502,4.5172,0.4489,0.0
520393,2004-01,70.9955,24.0332,4.5155,0.4557,0.0
520393,2005-01,70.6717,24.3519,4.5164,0.46,0.0
520393,2006-01,70.5427,24.4784,4.5164,0.4625,0.0
520393,2007-01,70.3199,24.6927,4.5164,0.471,0.0
520393,2008-01,69.6744,25.2801,4.5172,0.5283,0.0
520393,2009-01,69.6973,25.2427,4.5172,0.5419,0.0008
520393,2010-01,69.8607,25.1018,4.516,0.5207,0.0008
520393,2011-01,69.6659,25.2992,4.516,0.5185,0.0004
520393,2012-01,69.7283,25.2389,4.5155,0.5173,0.0
520393,2013-01,69.4448,25.5266,4.5126,0.516,0.0
520393,2014-01,69.3361,25.6238,4.5138,0.5262,0.0
520393,2015-01,69.0213,25.9345,4.5138,0.53,0.0004
520393,2016-01,68.4199,26.5015,4.5168,0.5614,0.0004
520393,2017-01,68.1232,26.779,4.5198,0.5775,0.0004
520393,2018-01,67.9722,26.8945,4.5177,0.6132,0.0025
520393,2019-01,67.9323,26.9488,4.5024,0.614,0.0025
520393,2020-01,68.0647,26.8109,4.5015,0.6174,0.0055
520393,2021-01,68.091,26.7888,4.5011,0.617,0.0021
520393,2022-01,68.3523,26.5292,4.5003,0.6161,0.0021
520393,2023-01,68.9646,25.9007,4.4969,0.6344,0.0034
520393,2024-01,70.4859,24.3808,4.4935,0.6335,0.0064
520396,1985-01,59.8888,39.6231,0.2233,0.113,0.1517
520396,1986-01,61.9394,37.5511,0.1884,0.1109,0.2102
520396,1987-01,63.1739,36.3152,0.1856,0.1021,0.2232
520396,1988-01,63.7694,35.7105,0.1775,0.1025,0.2401
520396,1989-01,64.3064,35.1904,0.1712,0.1,0.232
520396,1990-01,65.9119,33.5747,0.1655,0.1102,0.2376
520396,1991-01,66.3584,33.1335,0.162,0.1084,0.2376
520396,1992-01,66.5834,32.8947,0.1553,0.1169,0.2496
520396,1993-01,67.3885,32.0858,0.156,0.1225,0.2471
520396,1994-01,67.8896,31.5773,0.156,0.1359,0.2412
520396,1995-01,68.1889,31.2833,0.1567,0.1468,0.2243
520396,1996-01,68.6482,30.7976,0.1553,0.2084,0.1905
520396,1997-01,68.9476,30.4517,0.1525,0.2528,0.1954
520396,1998-01,68.6778,30.6764,0.1486,0.2947,0.2024
520396,1999-01,69.3567,30.0049,0.1412,0.3165,0.1806
520396,2000-01,69.6296,29.7932,0.1423,0.3278,0.107
520396,2001-01,69.4827,29.9553,0.137,0.3282,0.0968
520396,2002-01,69.8828,29.5471,0.1317,0.3363,0.1021
520396,2003-01,70.0762,29.3407,0.13,0.351,0.1021
520396,2004-01,69.45,29.9073,0.1307,0.4095,0.1024
520396,2005-01,68.7059,30.5743,0.1275,0.4687,0.1236
520396,2006-01,68.4262,30.7184,0.1243,0.5571,0.174
520396,2007-01,68.1212,30.9797,0.1233,0.5522,0.2236
520396,2008-01,68.198,30.9381,0.1229,0.5208,0.2201
520396,2009-01,68.0089,30.8729,0.1215,0.4853,0.5114
520396,2010-01,67.5275,31.3642,0.1169,0.4757,0.5156
520396,2011-01,67.3271,31.5712,0.1124,0.4634,0.5258
520396,2012-01,67.0416,31.854,0.1124,0.4761,0.516
520396,2013-01,67.3015,31.605,0.1124,0.4708,0.5104
520396,2014-01,67.224,31.6768,0.1124,0.4645,0.5223
520396,2015-01,67.0596,31.8553,0.1113,0.4588,0.5149
520396,2016-01,66.8392,32.0786,0.1113,0.4535,0.5174
520396,2017-01,66.6364,32.3039,0.1113,0.4447,0.5037
520396,2018-01,66.8163,32.1328,0.1124,0.437,0.5015
520396,2019-01,66.266,32.6786,0.1124,0.456,0.4871
520396,2020-01,65.5916,33.342,0.1131,0.4542,0.4991
520396,2021-01,65.5635,33.3775,0.1134,0.4644,0.4811
520396,2022-01,65.6614,33.2937,0.1092,0.4704,0.4653
520396,2023-01,66.3421,32.5813,0.106,0.4972,0.4734
520396,2024-01,67.1031,31.8182,0.105,0.5071,0.4667
520400,1985-01,36.4462,49.3046,12.4965,1.1082,0.6445
520400,1986-01,39.5277,47.3474,11.381,1.0441,0.6999
520400,1987-01,41.2878,46.4192,10.6015,0.9744,0.7171
520400,1988-01,42.989,45.1816,10.094,0.9525,0.783
520400,1989-01,45.1119,43.7744,9.502,0.8386,0.7731
520400,1990-01,46.1967,43.15,9.0383,0.8235,0.7915
520400,1991-01,48.2558,41.6981,8.4358,0.8055,0.8048
520400,1992-01,49.6848,40.6045,8.1785,0.7258,0.8064
520400,1993-01,50.2975,40.1676,8.0807,0.6564,0.7977
520400,1994-01,51.3206,39.4781,7.7744,0.6402,0.7867
520400,1995-01,52.5562,38.5349,7.5551,0.5807,0.7731
520400,1996-01,53.3447,37.9363,7.4167,0.5531,0.7492
520400,1997-01,53.9414,37.4602,7.3287,0.526,0.7437
520400,1998-01,54.5552,36.9647,7.2281,0.5264,0.7256
520400,1999-01,54.9162,36.7258,7.0864,0.5418,0.7299
520400,2000-01,55.3465,36.3772,7.0036,0.5788,0.6938
520400,2001-01,55.7292,36.1211,6.848,0.6332,0.6685
520400,2002-01,56.2481,35.7544,6.6965,0.6303,0.6707
520400,2003-01,56.8712,35.2278,6.5384,0.662,0.7006
520400,2004-01,58.5178,33.9087,6.1354,0.7082,0.73
520400,2005-01,59.5121,33.1047,5.9994,0.6478,0.736
520400,2006-01,59.9604,32.7766,5.9269,0.5968,0.7392
520400,2007-01,59.8919,32.8754,5.8698,0.6036,0.7593
520400,2008-01,59.8926,32.9665,5.7897,0.5923,0.7588
520400,2009-01,59.8793,33.0246,5.7416,0.5944,0.7601
520400,2010-01,60.2248,32.714,5.6529,0.6598,0.7485
520400,2011-01,60.5314,32.4237,5.5966,0.7136,0.7346
520400,2012-01,60.9702,32.0698,5.4872,0.7498,0.723
520400,2013-01,61.5935,31.5977,5.3333,0.7575,0.718
520400,2014-01,61.8977,31.3837,5.2612,0.74,0.7175
520400,2015-01,62.1769,31.1965,5.1947,0.7127,0.7192
520400,2016-01,62.3702,31.0542,5.1442,0.7204,0.711
520400,2017-01,62.6173,30.8578,5.0864,0.7261,0.7124
520400,2018-01,62.7933,30.6969,5.059,0.7356,0.7152
520400,2019-01,62.8907,30.6048,5.03,0.7451,0.7294
520400,2020-01,63.4124,30.1301,4.9797,0.7324,0.7454
520400,2021-01,63.4867,30.1173,4.9359,0.7149,0.7451
520400,2022-01,63.7328,29.9425,4.8593,0.7038,0.7617
520400,2023-01,63.8377,29.8588,4.8171,0.7055,0.781
520400,2024-01,64.0458,29.7342,4.7531,0.6947,0.7722
520410,1985-01,71.8293,23.7665,3.635,0.1681,0.6011
520410,1986-01,73.0932,22.5111,3.6268,0.158,0.6109
520410,1987-01,74.0745,21.5371,3.6202,0.1466,0.6216
520410,1988-01,75.2589,20.4116,3.5929,0.1164,0.6203
520410,1989-01,76.0278,19.6897,3.5584,0.1143,0.6098
520410,1990-01,76.722,19.0199,3.5347,0.1124,0.611
520410,1991-01,77.4463,18.3627,3.4658,0.1073,0.6178
520410,1992-01,78.1684,17.6937,3.4164,0.1064,0.6152
520410,1993-01,78.6633,17.2511,3.3697,0.1082,0.6078
520410,1994-01,79.0652,16.9035,3.315,0.1135,0.6029
520410,1995-01,79.4032,16.6027,3.2961,0.1186,0.5794
520410,1996-01,79.6787,16.3479,3.2744,0.1179,0.581
520410,1997-01,79.986,16.0514,3.2498,0.1241,0.5887
520410,1998-01,80.1849,15.8343,3.2216,0.1358,0.6234
520410,1999-01,80.3142,15.6978,3.198,0.1499,0.6401
520410,2000-01,80.4492,15.6254,3.2379,0.1636,0.5239
520410,2001-01,80.4759,15.6171,3.2252,0.1645,0.5174
520410,2002-01,80.5241,15.5818,3.2051,0.1634,0.5255
520410,2003-01,80.5055,15.6287,3.1766,0.1656,0.5236
520410,2004-01,80.4791,15.671,3.161,0.1788,0.5101
520410,2005-01,80.4675,15.692,3.1468,0.183,0.5107
520410,2006-01,80.4546,15.7229,3.1174,0.1842,0.5208
520410,2007-01,80.4065,15.8041,3.0921,0.18,0.5173
520410,2008-01,80.2678,15.9455,3.0765,0.1915,0.5188
520410,2009-01,80.227,15.9807,3.066,0.1966,0.5297
520410,2010-01,79.5885,15.7713,3.0476,0.1992,1.3933
520410,2011-01,79.5395,15.7932,3.0463,0.2073,1.4136
520410,2012-01,79.4804,15.846,3.0297,0.2202,1.4238
520410,2013-01,79.4803,15.8437,3.0227,0.231,1.4224
520410,2014-01,79.4234,15.8878,3.0163,0.2378,1.4347
520410,2015-01,79.3998,15.9103,3.0082,0.237,1.4447
520410,2016-01,79.3468,15.9722,3.0082,0.2466,1.4262
520410,2017-01,79.3257,15.9958,3.0002,0.2509,1.4274
520410,2018-01,79.2918,16.0227,2.993,0.2565,1.4359
520410,2019-01,79.2843,16.0311,2.985,0.2607,1.439
520410,2020-01,79.3307,16.0087,2.9685,0.2607,1.4315
520410,2021-01,79.3672,15.9639,2.9522,0.2802,1.4364
520410,2022-01,79.4388,15.8724,2.9328,0.2904,1.4655
520410,2023-01,79.4214,15.8514,2.9231,0.32,1.4841
520410,2024-01,79.5014,15.7979,2.908,0.3156,1.4771
520420,1985-01,51.7059,45.9393,1.4142,0.9153,0.0252
520420,1986-01,54.1796,43.7195,1.4052,0.6702,0.0254
520420,1987-01,56.6428,41.552,1.4035,0.3738,0.0279
520420,1988-01,59.6439,38.6764,1.3914,0.2563,0.0319
520420,1989-01,61.2903,37.1329,1.3523,0.1947,0.0299
520420,1990-01,62.7955,35.6792,1.3401,0.1592,0.026
520420,1991-01,64.2802,34.2062,1.326,0.1596,0.0281
520420,1992-01,65.9531,32.5355,1.3131,0.1713,0.0271
520420,1993-01,67.3604,31.144,1.305,0.165,0.0256
520420,1994-01,68.4369,30.0981,1.2909,0.1523,0.0218
520420,1995-01,69.4206,29.1199,1.2872,0.1547,0.0176
520420,1996-01,70.144,28.3985,1.2765,0.1622,0.0188
520420,1997-01,70.653,27.9094,1.2636,0.1533,0.0206
520420,1998-01,71.0034,27.568,1.2551,0.1529,0.0206
520420,1999-01,70.8068,27.769,1.2491,0.1596,0.0155
520420,2000-01,70.325,28.2653,1.2424,0.161,0.0063
520420,2001-01,69.9202,28.6742,1.2354,0.1654,0.0048
520420,2002-01,69.0565,29.5165,1.2283,0.1935,0.0052
520420,2003-01,68.7016,29.8396,1.2267,0.2268,0.0052
520420,2004-01,69.3347,29.1902,1.2265,0.2434,0.0052
520420,2005-01,69.2235,29.2782,1.2233,0.2692,0.0059
520420,2006-01,69.5756,28.9191,1.2214,0.2787,0.0052
520420,2007-01,69.8722,28.6462,1.2154,0.2611,0.005
520420,2008-01,69.8561,28.6884,1.2083,0.2411,0.0061
520420,2009-01,69.3532,29.1822,1.2097,0.2466,0.0083
520420,2010-01,69.3608,29.1019,1.2041,0.3227,0.0105
520420,2011-01,69.0295,29.43,1.1916,0.3387,0.0103
520420,2012-01,68.5718,29.9226,1.1877,0.3068,0.0111
520420,2013-01,68.3127,30.1996,1.1907,0.287,0.0099
520420,2014-01,68.6275,29.8847,1.1871,0.2902,0.0105
520420,2015-01,68.5742,29.9654,1.18,0.2686,0.0117
520420,2016-01,68.681,29.8554,1.1821,0.267,0.0145
520420,2017-01,68.6033,29.9329,1.1792,0.268,0.0166
520420,2018-01,67.5046,31.0437,1.177,0.2553,0.0194
520420,2019-01,67.2872,31.2603,1.1809,0.2517,0.02
520420,2020-01,67.1516,31.3616,1.174,0.293,0.0198
520420,2021-01,67.003,31.5219,1.1609,0.2941,0.0202
520420,2022-01,66.6167,31.9287,1.1605,0.2749,0.0192
520420,2023-01,66.4577,32.0755,1.158,0.2858,0.023
520420,2024-01,66.9223,31.6431,1.1221,0.2914,0.021
520425,1985-01,80.1099,11.9562,3.1153,0.3074,4.5112
520425,1986-01,80.865,11.2751,3.1425,0.3073,4.4102
520425,1987-01,81.3403,10.81,3.1388,0.3106,4.4003
520425,1988-01,81.485,10.6512,3.0756,0.3055,4.4827
520425,1989-01,81.8939,10.343,3.0257,0.3089,4.4285
520425,1990-01,82.0294,10.2716,2.958,0.3277,4.4133
520425,1991-01,81.9237,10.3118,2.93,0.355,4.4795
520425,1992-01,81.8679,10.3889,2.8839,0.3805,4.4787
520425,1993-01,81.9118,10.3992,2.8678,0.4058,4.4154
520425,1994-01,81.9055,10.539,2.7743,0.4005,4.3807
520425,1995-01,81.8607,10.6094,2.7849,0.413,4.332
520425,1996-01,82.109,10.4288,2.7804,0.4178,4.2641
520425,1997-01,82.2287,10.311,2.7446,0.4297,4.2861
520425,1998-01,82.1909,10.3148,2.7409,0.484,4.2694
520425,1999-01,82.1607,10.3963,2.7023,0.5109,4.2298
520425,2000-01,82.2242,10.4562,2.7267,0.5359,4.0569
520425,2001-01,82.2335,10.5165,2.7084,0.5411,4.0006
520425,2002-01,82.197,10.5809,2.6612,0.5433,4.0176
520425,2003-01,82.1315,10.7117,2.5898,0.5505,4.0165
520425,2004-01,82.1448,10.7053,2.5693,0.5597,4.0209
520425,2005-01,82.1832,10.6854,2.5665,0.5674,3.9975
520425,2006-01,82.2115,10.6662,2.5363,0.5738,4.0121
520425,2007-01,82.2218,10.5803,2.5156,0.584,4.0984
520425,2008-01,82.162,10.7075,2.5103,0.6196,4.0005
520425,2009-01,82.1519,10.7523,2.5085,0.6423,3.945
520425,2010-01,82.1376,10.7459,2.5087,0.6781,3.9297
520425,2011-01,82.0891,10.7449,2.5029,0.7278,3.9353
520425,2012-01,82.1331,10.6945,2.4984,0.7665,3.9075
520425,2013-01,82.1214,10.7141,2.5048,0.7938,3.8659
520425,2014-01,82.1224,10.7301,2.5003,0.8076,3.8396
520425,2015-01,82.1269,10.7066,2.4963,0.816,3.8542
520425,2016-01,82.116,10.727,2.483,0.8253,3.8487
520425,2017-01,82.1889,10.6698,2.4775,0.834,3.8298
520425,2018-01,82.228,10.6337,2.4646,0.8379,3.8359
520425,2019-01,82.3173,10.5395,2.4458,0.8613,3.836
520425,2020-01,82.4233,10.416,2.4441,0.8864,3.8302
520425,2021-01,82.4754,10.3499,2.4394,0.919,3.8163
520425,2022-01,82.4915,10.3056,2.4161,0.9447,3.8421
520425,2023-01,82.4723,10.2672,2.3951,0.9748,3.8907
520425,2024-01,82.6787,10.102,2.3698,0.987,3.8625
520430,1985-01,71.0667,24.8132,2.8542,0.1758,1.0902
520430,1986-01,72.6898,23.1907,2.8391,0.1741,1.1063
520430,1987-01,74.2219,21.6688,2.8217,0.1573,1.1302
520430,1988-01,75.5798,20.4123,2.7651,0.1103,1.1325
520430,1989-01,76.2634,19.8268,2.683,0.105,1.1218
520430,1990-01,77.2641,18.8452,2.6615,0.106,1.1232
520430,1991-01,78.0427,18.1086,2.6084,0.1115,1.1288
520430,1992-01,78.7782,17.3987,2.571,0.1221,1.1301
520430,1993-01,79.364,16.8558,2.5335,0.126,1.1208
520430,1994-01,79.8752,16.3934,2.4803,0.1297,1.1215
520430,1995-01,80.51,15.7883,2.4814,0.1365,1.0838
520430,1996-01,80.9244,15.3865,2.4649,0.1458,1.0783
520430,1997-01,81.2022,15.1141,2.4439,0.149,1.0908
520430,1998-01,81.4614,14.8398,2.4109,0.1558,1.1321
520430,1999-01,81.6323,14.6958,2.4012,0.1533,1.1174
520430,2000-01,81.809,14.6047,2.4492,0.1648,0.9723
520430,2001-01,82.0204,14.4256,2.4307,0.1705,0.9528
520430,2002-01,82.1959,14.2781,2.4011,0.1608,0.9641
520430,2003-01,82.2504,14.2294,2.3853,0.1599,0.975
520430,2004-01,82.2843,14.2318,2.3619,0.1626,0.9595
520430,2005-01,82.2014,14.3232,2.3517,0.1643,0.9594
520430,2006-01,82.1756,14.3615,2.336,0.1638,0.9631
520430,2007-01,82.1459,14.4017,2.3259,0.1603,0.9662
520430,2008-01,82.1274,14.4055,2.3157,0.1758,0.9756
520430,2009-01,82.061,14.4544,2.3125,0.1882,0.9838
520430,2010-01,80.2819,13.8851,2.0691,0.1929,3.571
520430,2011-01,80.1869,13.885,2.0452,0.2039,3.6791
520430,2012-01,80.0954,13.9585,2.0326,0.2117,3.7018
520430,2013-01,80.0812,13.9673,2.0392,0.2161,3.6962
520430,2014-01,79.9867,14.0344,2.0372,0.2286,3.7131
520430,2015-01,79.9237,14.0741,2.0315,0.2344,3.7362
520430,2016-01,79.8849,14.1146,2.0312,0.2518,3.7174
520430,2017-01,79.8813,14.1053,2.0275,0.2549,3.731
520430,2018-01,79.9005,14.0664,2.0237,0.2625,3.747
520430,2019-01,79.9545,14.0132,2.0223,0.2694,3.7407
520430,2020-01,79.9824,14.0051,2.0254,0.2744,3.7127
520430,2021-01,79.9764,14.0013,2.0152,0.281,3.7261
520430,2022-01,79.9798,13.9853,1.9964,0.2783,3.7602
520430,2023-01,79.9426,14.006,1.9874,0.282,3.7821
520430,2024-01,80.0021,13.9651,1.9769,0.2797,3.7761
520440,1985-01,37.5088,54.373,7.6422,0.329,0.147
520440,1986-01,39.2288,52.8492,7.4523,0.313,0.1567
520440,1987-01,40.7343,51.4939,7.3569,0.2475,0.1675
520440,1988-01,42.3372,50.0863,7.1912,0.2217,0.1636
520440,1989-01,43.5734,48.9953,7.0806,0.1908,0.1599
520440,1990-01,44.8645,47.8046,6.9867,0.1878,0.1564
520440,1991-01,45.6282,47.1545,6.8569,0.1966,0.1638
520440,1992-01,47.0184,45.8163,6.7813,0.2217,0.1623
520440,1993-01,48.267,44.6032,6.723,0.2519,0.1549
520440,1994-01,49.6575,43.2681,6.6574,0.2752,0.1418
520440,1995-01,50.8947,42.0756,6.6077,0.2859,0.1361
520440,1996-01,51.7444,41.275,6.5528,0.2915,0.1363
520440,1997-01,52.8488,40.2312,6.4817,0.2974,0.1408
520440,1998-01,53.5322,39.5864,6.4392,0.3037,0.1386
520440,1999-01,53.2841,39.8854,6.3874,0.3036,0.1395
520440,2000-01,53.3203,39.9389,6.3487,0.2972,0.0949
520440,2001-01,53.6494,39.6669,6.2982,0.2949,0.0906
520440,2002-01,53.9026,39.4437,6.264,0.2952,0.0945
520440,2003-01,55.0184,38.3585,6.2334,0.2924,0.0973
520440,2004-01,56.0949,37.3372,6.1842,0.2881,0.0956
520440,2005-01,56.4156,37.0427,6.1469,0.2978,0.0969
520440,2006-01,56.7306,36.7603,6.1159,0.2947,0.0984
520440,2007-01,57.2089,36.3121,6.0939,0.2874,0.0978
520440,2008-01,57.6927,35.8538,6.0763,0.2798,0.0975
520440,2009-01,57.8704,35.7106,6.054,0.2703,0.0947
520440,2010-01,58.1352,35.4979,6.0172,0.2572,0.0925
520440,2011-01,58.0339,35.6331,5.9947,0.2497,0.0887
520440,2012-01,57.754,35.9574,5.9617,0.2404,0.0863
520440,2013-01,57.7181,36.0329,5.9434,0.2235,0.0821
520440,2014-01,57.9762,35.8069,5.9221,0.2144,0.0804
520440,2015-01,58.2061,35.6007,5.9015,0.2113,0.0803
520440,2016-01,58.58,35.2514,5.8753,0.2141,0.0793
520440,2017-01,58.9265,34.9296,5.8503,0.2157,0.078
520440,2018-01,59.0083,34.8711,5.8151,0.2261,0.0795
520440,2019-01,58.8312,35.0954,5.7683,0.2258,0.0793
520440,2020-01,58.7268,35.2323,5.7428,0.2203,0.0778
520440,2021-01,58.7625,35.2358,5.7162,0.2098,0.0757
520440,2022-01,58.8258,35.2221,5.6735,0.2041,0.0746
520440,2023-01,58.9051,35.1789,5.632,0.209,0.075
520440,2024-01,59.2484,34.8856,5.5856,0.2066,0.0737
520450,1985-01,46.8646,48.489,2.0783,1.7016,0.8665
520450,1986-01,48.6508,47.1956,1.7022,1.6029,0.8485
520450,1987-01,49.7332,46.5749,1.4249,1.4141,0.8529
520450,1988-01,50.1144,46.4302,1.2141,1.3612,0.8801
520450,1989-01,51.1088,45.613,1.0552,1.3527,0.8703
520450,1990-01,52.1708,44.532,0.9921,1.4223,0.8828
520450,1991-01,52.9828,43.6873,0.911,1.5085,0.9104
520450,1992-01,53.2292,43.3291,0.8665,1.6563,0.9189
520450,1993-01,53.6986,42.8038,0.8073,1.8125,0.8779
520450,1994-01,54.0168,42.4892,0.7474,1.8738,0.8728
520450,1995-01,54.315,42.1795,0.7153,1.9254,0.8648
520450,1996-01,54.5704,41.9942,0.6886,1.9225,0.8243
520450,1997-01,55.1984,39.8798,0.6444,1.8995,2.3779
520450,1998-01,56.1217,38.938,0.6054,1.9413,2.3936
520450,1999-01,56.871,38.1641,0.5795,2.0262,2.3593
520450,2000-01,57.4348,37.5065,0.5816,2.1827,2.2945
520450,2001-01,58.1237,36.7587,0.5562,2.2563,2.3051
520450,2002-01,58.6151,36.1527,0.5284,2.3459,2.3579
520450,2003-01,59.2565,35.5051,0.5122,2.3361,2.39
520450,2004-01,59.6352,35.0802,0.4754,2.3171,2.492
520450,2005-01,59.7857,34.9409,0.4565,2.323,2.494
520450,2006-01,59.7775,34.9252,0.4386,2.346,2.5127
520450,2007-01,59.8097,34.9223,0.4163,2.3757,2.476
520450,2008-01,60.0541,34.6948,0.4067,2.4417,2.4028
520450,2009-01,60.1546,34.585,0.3963,2.4866,2.3773
520450,2010-01,60.0986,34.5846,0.3887,2.5788,2.3492
520450,2011-01,60.0685,34.5729,0.3684,2.634,2.3562
520450,2012-01,60.1017,34.5802,0.3629,2.6736,2.2817
520450,2013-01,60.1019,34.5449,0.3607,2.7269,2.2656
520450,2014-01,60.1431,34.4592,0.3509,2.7971,2.2496
520450,2015-01,60.2002,34.3798,0.3446,2.8557,2.2198
520450,2016-01,60.2644,34.2669,0.3373,2.9422,2.1891
520450,2017-01,60.254,34.188,0.335,3.0431,2.1799
520450,2018-01,60.1937,34.119,0.3269,3.1371,2.2234
520450,2019-01,60.2648,34.0297,0.317,3.1828,2.2057
520450,2020-01,60.4121,33.8248,0.2943,3.2397,2.2291
520450,2021-01,60.5269,33.6869,0.283,3.2717,2.2315
520450,2022-01,60.5985,33.4818,0.2795,3.2952,2.345
520450,2023-01,60.7268,33.2596,0.2765,3.3122,2.4249
520450,2024-01,60.9728,33.1131,0.273,3.3227,2.3184
520455,1985-01,60.5586,39.0236,0.129,0.266,0.0228
520455,1986-01,62.4731,37.1544,0.1055,0.2374,0.0296
520455,1987-01,63.5772,36.1037,0.1038,0.1788,0.0364
520455,1988-01,63.8806,35.8729,0.0923,0.1168,0.0375
520455,1989-01,64.3906,35.4347,0.0783,0.0616,0.0347
520455,1990-01,65.38,34.4593,0.0701,0.0518,0.0388
520455,1991-01,66.175,33.6721,0.0616,0.0497,0.0415
520455,1992-01,66.6905,33.1624,0.0551,0.0504,0.0415
520455,1993-01,67.7425,32.1046,0.0538,0.0572,0.0419
520455,1994-01,68.7029,31.1439,0.046,0.065,0.0422
520455,1995-01,69.8999,29.9326,0.0354,0.0909,0.0412
520455,1996-01,70.6676,29.1322,0.0354,0.1284,0.0364
520455,1997-01,71.1773,28.5803,0.0334,0.157,0.0521
520455,1998-01,71.5106,28.2238,0.0334,0.1641,0.0681
520455,1999-01,72.1355,27.5969,0.0317,0.16,0.0759
520455,2000-01,72.607,27.1465,0.032,0.1635,0.0511
520455,2001-01,72.8266,26.9323,0.0323,0.1635,0.0453
520455,2002-01,73.1205,26.6371,0.0323,0.1648,0.0453
520455,2003-01,73.3789,26.3736,0.0317,0.1665,0.0494
520455,2004-01,73.4623,26.2844,0.0306,0.1709,0.0518
520455,2005-01,73.3952,26.3474,0.0289,0.1754,0.0531
520455,2006-01,73.4534,26.2806,0.0289,0.1846,0.0524
520455,2007-01,73.527,26.1996,0.0289,0.1876,0.0569
520455,2008-01,73.5178,26.2064,0.0286,0.1887,0.0586
520455,2009-01,73.7136,26.0099,0.0283,0.187,0.0613
520455,2010-01,73.7139,25.9881,0.0283,0.2043,0.0654
520455,2011-01,73.6016,26.0712,0.0283,0.2339,0.065
520455,2012-01,73.5726,26.0756,0.0286,0.2561,0.0671
520455,2013-01,73.5219,26.1046,0.0289,0.2734,0.0712
520455,2014-01,73.5124,26.0416,0.0296,0.3306,0.0858
520455,2015-01,73.5059,26.0436,0.0306,0.3402,0.0797
520455,2016-01,73.4044,26.1414,0.0269,0.3453,0.0821
520455,2017-01,73.353,26.17,0.0262,0.3637,0.0872
520455,2018-01,73.2123,26.2667,0.0259,0.4073,0.0878
520455,2019-01,73.2164,26.2602,0.0259,0.4147,0.0827
520455,2020-01,73.1854,26.2718,0.0259,0.428,0.0889
520455,2021-01,73.231,26.2024,0.0262,0.4481,0.0923
520455,2022-01,73.2028,26.1996,0.0242,0.4624,0.111
520455,2023-01,73.2556,26.1343,0.0242,0.472,0.1141
520455,2024-01,73.4241,25.9718,0.0221,0.4723,0.1096
520460,1985-01,65.7528,32.9972,0.8055,0.1059,0.3386
520460,1986-01,68.5013,30.3059,0.7646,0.1065,0.3217
520460,1987-01,69.5518,29.2704,0.7574,0.0892,0.3311
520460,1988-01,69.9232,28.9101,0.7474,0.0946,0.3248
520460,1989-01,70.0319,28.8196,0.7326,0.0987,0.3173
520460,1990-01,70.0499,28.8732,0.6597,0.0993,0.3179
520460,1991-01,70.0129,28.9541,0.6265,0.1049,0.3016
520460,1992-01,70.1578,28.8397,0.5831,0.1103,0.3091
520460,1993-01,70.511,28.4979,0.5611,0.1131,0.317
520460,1994-01,70.5952,28.4334,0.5423,0.115,0.3141
520460,1995-01,70.889,28.1324,0.5297,0.1188,0.3302
520460,1996-01,71.2667,27.7598,0.5341,0.121,0.3185
520460,1997-01,71.4206,27.6011,0.513,0.1395,0.3258
520460,1998-01,71.6644,27.3555,0.5265,0.1514,0.3022
520460,1999-01,71.9399,27.0828,0.5523,0.1555,0.2695
520460,2000-01,72.1743,26.8631,0.5781,0.1584,0.2262
520460,2001-01,72.1809,26.8722,0.5825,0.1606,0.2039
520460,2002-01,72.2372,26.8134,0.5686,0.1615,0.2193
520460,2003-01,72.045,27.0172,0.5664,0.1659,0.2054
520460,2004-01,72.0296,27.0251,0.5664,0.1719,0.207
520460,2005-01,71.8402,27.2123,0.557,0.1766,0.2139
520460,2006-01,71.8641,27.1997,0.5482,0.1804,0.2076
520460,2007-01,71.8311,27.2406,0.5187,0.1942,0.2155
520460,2008-01,71.8022,27.2927,0.5083,0.1989,0.1979
520460,2009-01,71.7878,27.3209,0.5102,0.2071,0.174
520460,2010-01,71.7498,27.3665,0.4948,0.2105,0.1784
520460,2011-01,71.6992,27.413,0.4923,0.2152,0.1803
520460,2012-01,71.6826,27.4353,0.4964,0.219,0.1668
520460,2013-01,71.5795,27.5474,0.5074,0.2253,0.1404
520460,2014-01,71.5126,27.6197,0.4964,0.2309,0.1404
520460,2015-01,71.4312,27.6866,0.4854,0.2573,0.1395
520460,2016-01,71.381,27.7371,0.4951,0.2693,0.1175
520460,2017-01,71.3697,27.7563,0.4807,0.2765,0.1169
520460,2018-01,71.2723,27.8518,0.4772,0.2727,0.126
520460,2019-01,71.2289,27.897,0.4665,0.2771,0.1304
520460,2020-01,71.2129,27.9011,0.4609,0.2778,0.1473
520460,2021-01,71.2258,27.8939,0.4672,0.2812,0.1319
520460,2022-01,71.3018,27.8176,0.415,0.29,0.1756
520460,2023-01,71.2744,27.8157,0.4075,0.296,0.2064
520460,2024-01,71.4145,27.6935,0.4147,0.2998,0.1775
520465,1985-01,14.1968,84.5893,0.2496,0.3954,0.5688
520465,1986-01,14.9208,83.8644,0.2465,0.4026,0.5658
520465,1987-01,15.3034,83.4923,0.2462,0.3988,0.5592
520465,1988-01,15.1475,83.636,0.2399,0.4177,0.559
520465,1989-01,15.1879,83.6631,0.234,0.3599,0.5552
520465,1990-01,15.0071,83.8646,0.2319,0.3371,0.5592
520465,1991-01,15.4669,83.4405,0.2268,0.3108,0.5551
520465,1992-01,16.0929,82.8541,0.2147,0.2804,0.5579
520465,1993-01,16.9176,82.0127,0.2134,0.2983,0.5579
520465,1994-01,17.9065,81.0306,0.2087,0.2906,0.5636
520465,1995-01,18.8902,80.0735,0.2056,0.2689,0.5618
520465,1996-01,19.5005,79.4559,0.1983,0.2539,0.5913
520465,1997-01,18.743,72.7304,0.1946,0.2225,8.1095
520465,1998-01,18.9714,69.9385,0.1907,0.1981,10.7013
520465,1999-01,19.5151,69.2919,0.1896,0.2265,10.777
520465,2000-01,19.9326,68.9915,0.1889,0.2933,10.5938
520465,2001-01,20.2226,68.8703,0.1885,0.8944,9.8242
520465,2002-01,20.6337,68.5916,0.1876,0.8905,9.6966
520465,2003-01,20.9222,68.3978,0.1871,0.8069,9.686
520465,2004-01,20.9716,68.3385,0.186,0.6707,9.8332
520465,2005-01,21.2077,67.936,0.1859,0.3361,10.3342
520465,2006-01,21.2746,67.8283,0.1856,0.2926,10.4189
520465,2007-01,21.373,67.6182,0.1847,0.2358,10.5883
520465,2008-01,21.34,67.6402,0.1845,0.2427,10.5926
520465,2009-01,21.359,67.4805,0.1837,0.1855,10.7912
520465,2010-01,21.4286,66.9306,0.1821,0.1455,11.3132
520465,2011-01,21.6382,66.3872,0.1808,0.1454,11.6484
520465,2012-01,22.0617,65.8453,0.18,0.1809,11.7321
520465,2013-01,22.6826,65.6378,0.1789,0.7861,10.7146
520465,2014-01,23.2627,65.3834,0.1783,0.9524,10.2232
520465,2015-01,23.6927,65.2838,0.1781,1.6501,9.1954
520465,2016-01,24.3537,65.1457,0.1778,2.1027,8.2201
520465,2017-01,25.0413,64.7957,0.1772,1.9412,8.0446
520465,2018-01,25.3649,64.6088,0.175,1.8027,8.0487
520465,2019-01,25.7232,64.3007,0.1733,1.7153,8.0875
520465,2020-01,25.9284,63.7276,0.1717,0.8608,9.3114
520465,2021-01,26.1356,63.494,0.1715,0.8265,9.3723
520465,2022-01,25.8489,62.4763,0.1708,0.1607,11.3432
520465,2023-01,26.7693,60.79,0.169,0.1366,12.1351
520465,2024-01,27.4692,60.1355,0.1688,0.1366,12.0899
520470,1985-01,38.7193,59.2674,1.1092,0.7544,0.1497
520470,1986-01,39.6824,58.5273,0.8881,0.7678,0.1344
520470,1987-01,39.4075,58.9491,0.7779,0.7372,0.1283
520470,1988-01,38.9749,59.4758,0.7517,0.6639,0.1337
520470,1989-01,39.6675,58.9108,0.7143,0.5605,0.1469
520470,1990-01,40.3246,58.3639,0.6913,0.464,0.1563
520470,1991-01,41.2675,57.4899,0.6587,0.4129,0.1709
520470,1992-01,42.344,56.4489,0.6201,0.412,0.175
520470,1993-01,43.7864,54.9941,0.6234,0.4268,0.1692
520470,1994-01,45.009,53.7797,0.6241,0.4222,0.1651
520470,1995-01,46.189,52.5699,0.6214,0.4515,0.1682
520470,1996-01,47.0842,51.6517,0.6118,0.4714,0.1808
520470,1997-01,47.4503,51.3132,0.5977,0.4506,0.1882
520470,1998-01,47.9842,50.7849,0.6008,0.4514,0.1786
520470,1999-01,48.4714,50.3177,0.6014,0.4341,0.1754
520470,2000-01,48.9806,49.8362,0.5929,0.4131,0.1772
520470,2001-01,49.5802,49.244,0.5879,0.4133,0.1745
520470,2002-01,49.9617,48.8665,0.5783,0.4106,0.183
520470,2003-01,50.4093,48.4218,0.5615,0.4046,0.2028
520470,2004-01,50.6032,48.2222,0.5593,0.4124,0.203
520470,2005-01,50.6868,48.1441,0.5539,0.4044,0.2109
520470,2006-01,50.6411,48.2007,0.551,0.3927,0.2145
520470,2007-01,50.7885,48.0529,0.5573,0.3884,0.2129
520470,2008-01,50.6639,48.1829,0.5578,0.3864,0.2091
520470,2009-01,50.763,48.0778,0.5554,0.3965,0.2073
520470,2010-01,51.0998,47.7255,0.5567,0.411,0.207
520470,2011-01,51.2673,47.5072,0.5555,0.4664,0.2035
520470,2012-01,51.7896,46.958,0.5579,0.4922,0.2024
520470,2013-01,52.1702,46.5885,0.5589,0.492,0.1904
520470,2014-01,52.4512,46.3173,0.5574,0.4954,0.1787
520470,2015-01,52.5614,46.2136,0.5547,0.4967,0.1736
520470,2016-01,52.6064,46.1586,0.5555,0.4989,0.1806
520470,2017-01,52.7637,45.9829,0.558,0.5137,0.1817
520470,2018-01,52.5584,46.1698,0.5541,0.5277,0.1901
520470,2019-01,52.5326,46.1908,0.5526,0.5352,0.1888
520470,2020-01,52.7993,45.9062,0.552,0.5482,0.1943
520470,2021-01,53.1404,45.5515,0.5496,0.5624,0.1961
520470,2022-01,53.5209,45.1348,0.5442,0.5854,0.2146
520470,2023-01,54.2045,44.4172,0.5479,0.6035,0.2269
520470,2024-01,54.9511,43.6671,0.5511,0.6077,0.2229
520480,1985-01,38.0133,52.9997,7.6696,1.0218,0.2956
520480,1986-01,39.336,52.0936,7.2461,1.0263,0.298
520480,1987-01,40.831,51.8193,6.0834,0.9618,0.3046
520480,1988-01,42.3784,50.7693,5.4458,1.0893,0.3171
520480,1989-01,44.3947,48.9631,4.9263,1.3923,0.3236
520480,1990-01,46.2778,47.438,4.583,1.3643,0.337
520480,1991-01,48.6968,45.7033,4.338,0.9165,0.3455
520480,1992-01,50.3445,44.3506,4.2115,0.7498,0.3436
520480,1993-01,51.6894,43.1977,4.0874,0.6877,0.3377
520480,1994-01,53.0248,41.9215,3.9413,0.7675,0.3449
520480,1995-01,53.4655,41.3671,3.8459,0.9758,0.3457
520480,1996-01,53.8773,41.1515,3.7654,0.8807,0.3251
520480,1997-01,54.4207,40.8166,3.6761,0.7437,0.3429
520480,1998-01,55.1195,40.2719,3.5935,0.6452,0.3699
520480,1999-01,55.9773,39.5209,3.53,0.605,0.3668
520480,2000-01,56.8583,38.7597,3.4893,0.569,0.3237
520480,2001-01,57.8184,37.8928,3.411,0.5569,0.321
520480,2002-01,58.9121,36.9124,3.3105,0.541,0.3241
520480,2003-01,59.7138,36.2197,3.2259,0.5058,0.3347
520480,2004-01,60.6128,35.51,3.1315,0.3931,0.3526
520480,2005-01,61.0251,35.1597,3.0808,0.3604,0.374
520480,2006-01,61.3144,34.9437,3.0194,0.3421,0.3803
520480,2007-01,61.676,34.6451,2.9747,0.326,0.3782
520480,2008-01,61.9872,34.4064,2.9253,0.3055,0.3756
520480,2009-01,62.3802,34.075,2.8588,0.3109,0.3751
520480,2010-01,61.7683,33.8039,2.8097,0.3223,1.2958
520480,2011-01,61.4095,33.3793,2.7732,0.329,2.1089
520480,2012-01,61.7351,33.1369,2.7464,0.3427,2.0389
520480,2013-01,62.1961,32.8212,2.7218,0.584,1.6769
520480,2014-01,62.5587,32.5157,2.7033,0.584,1.6382
520480,2015-01,62.9314,32.2576,2.6826,0.5661,1.5623
520480,2016-01,63.1749,32.1676,2.6637,0.557,1.4369
520480,2017-01,63.2653,32.1296,2.6443,0.5136,1.4471
520480,2018-01,63.2229,32.1125,2.6239,0.4738,1.5668
520480,2019-01,63.4753,31.9189,2.6048,0.4675,1.5336
520480,2020-01,63.7327,31.6928,2.5908,0.4231,1.5607
520480,2021-01,64.0998,31.363,2.5716,0.4152,1.5505
520480,2022-01,64.2185,31.2625,2.5329,0.4121,1.574
520480,2023-01,64.4407,31.0153,2.5041,0.3983,1.6415
520480,2024-01,64.5919,30.9673,2.4806,0.4064,1.5538
520485,1985-01,69.2003,30.102,0.0259,0.5634,0.1084
520485,1986-01,69.8612,29.3817,0.0259,0.6251,0.1062
520485,1987-01,70.4847,28.7505,0.0308,0.6289,0.1051
520485,1988-01,71.4168,27.8134,0.0308,0.6273,0.1117
520485,1989-01,72.153,27.0838,0.0231,0.6284,0.1117
520485,1990-01,73.565,25.6696,0.0209,0.608,0.1365
520485,1991-01,74.5412,24.6896,0.0193,0.592,0.1579
520485,1992-01,75.273,23.9445,0.0193,0.5986,0.1645
520485,1993-01,76.1424,23.0631,0.0198,0.602,0.1728
520485,1994-01,77.5291,21.6825,0.0198,0.5959,0.1728
520485,1995-01,77.9742,21.2092,0.0215,0.6311,0.164
520485,1996-01,78.5097,20.5621,0.0209,0.7434,0.164
520485,1997-01,78.5443,20.3888,0.0209,0.8765,0.1695
520485,1998-01,78.344,20.5621,0.022,0.8958,0.1761
520485,1999-01,78.7545,20.117,0.022,0.8837,0.2228
520485,2000-01,79.1198,19.8023,0.022,0.8639,0.192
520485,2001-01,79.0147,19.7951,0.022,0.9525,0.2157
520485,2002-01,79.1204,19.5057,0.022,1.1109,0.241
520485,2003-01,79.4874,19.0622,0.022,1.1781,0.2503
520485,2004-01,79.2546,19.1497,0.022,1.309,0.2647
520485,2005-01,78.8584,19.4744,0.0215,1.3107,0.3351
520485,2006-01,78.8562,19.5954,0.0193,1.2012,0.3279
520485,2007-01,78.6108,19.8656,0.0193,1.1797,0.3246
520485,2008-01,78.2686,20.1913,0.0193,1.1852,0.3356
520485,2009-01,78.4265,20.0125,0.0193,1.216,0.3257
520485,2010-01,78.2477,20.1627,0.0193,1.2435,0.3268
520485,2011-01,78.0947,20.3195,0.0193,1.2413,0.3252
520485,2012-01,77.8752,20.5016,0.0198,1.2727,0.3307
520485,2013-01,77.9357,20.4378,0.0209,1.2837,0.3219
520485,2014-01,77.8619,20.4906,0.0237,1.3074,0.3164
520485,2015-01,77.9241,20.3971,0.0226,1.3442,0.312
520485,2016-01,77.8328,20.473,0.0226,1.3591,0.3125
520485,2017-01,77.8449,20.4785,0.0226,1.3558,0.2982
520485,2018-01,77.8993,20.4224,0.0198,1.3745,0.2839
520485,2019-01,77.781,20.5374,0.0193,1.3872,0.2751
520485,2020-01,77.7365,20.5545,0.0193,1.4031,0.2867
520485,2021-01,78.0716,20.2221,0.0198,1.3987,0.2878
520485,2022-01,78.2103,20.013,0.0193,1.4389,0.3186
520485,2023-01,78.3098,19.8463,0.0193,1.4862,0.3384
520485,2024-01,78.5707,19.5431,0.0193,1.5121,0.3549
520490,1985-01,24.1982,67.7729,7.1019,0.7777,0.1493
520490,1986-01,25.8146,66.194,7.0595,0.7752,0.1568
520490,1987-01,26.0284,66.0127,7.0334,0.7733,0.1523
520490,1988-01,26.4746,65.6148,6.9683,0.7925,0.1498
520490,1989-01,26.6343,65.4866,6.9284,0.8048,0.1458
520490,1990-01,27.2716,64.8579,6.9102,0.8026,0.1578
520490,1991-01,28.2549,63.9072,6.8786,0.795,0.1643
520490,1992-01,29.0242,63.1612,6.8267,0.8275,0.1605
520490,1993-01,29.5245,62.6271,6.8125,0.8782,0.1576
520490,1994-01,29.6726,62.4954,6.7825,0.8979,0.1516
520490,1995-01,29.6816,62.515,6.7471,0.9072,0.1491
520490,1996-01,29.9157,62.2622,6.7214,0.9605,0.1402
520490,1997-01,30.2164,61.9815,6.7002,0.9662,0.1358
520490,1998-01,30.4691,61.7642,6.6757,0.9615,0.1294
520490,1999-01,31.2648,60.9965,6.6536,0.9503,0.1349
520490,2000-01,32.2507,60.0976,6.6385,0.9184,0.0948
520490,2001-01,32.8187,59.5664,6.6199,0.9099,0.0852
520490,2002-01,33.4639,58.9088,6.6041,0.9331,0.0901
520490,2003-01,34.1199,58.1506,6.578,1.0609,0.0905
520490,2004-01,34.8557,57.4099,6.5671,1.0786,0.0887
520490,2005-01,35.9843,56.3144,6.5447,1.0659,0.0907
520490,2006-01,37.1701,55.1653,6.5181,1.0548,0.0917
520490,2007-01,37.6008,54.7453,6.4969,1.0733,0.0837
520490,2008-01,37.7831,54.5815,6.4839,1.0748,0.0767
520490,2009-01,37.931,54.4462,6.4689,1.0749,0.079
520490,2010-01,38.2028,54.1844,6.4573,1.0746,0.0809
520490,2011-01,38.5657,53.8485,6.4381,1.0698,0.0779
520490,2012-01,39.0213,53.4152,6.4192,1.0675,0.0767
520490,2013-01,39.5564,52.8718,6.4106,1.0874,0.0738
520490,2014-01,39.9547,52.4674,6.3998,1.1027,0.0754
520490,2015-01,40.2885,52.1328,6.3971,1.1071,0.0746
520490,2016-01,40.5689,51.8551,6.3883,1.1173,0.0704
520490,2017-01,40.9237,51.5123,6.383,1.1103,0.0708
520490,2018-01,41.3663,51.0782,6.3744,1.1067,0.0744
520490,2019-01,41.5316,50.9408,6.3492,1.1048,0.0736
520490,2020-01,41.8563,50.6061,6.3449,1.1208,0.0719
520490,2021-01,41.9798,50.486,6.3383,1.1302,0.0658
520490,2022-01,42.5492,49.9172,6.324,1.1418,0.0678
520490,2023-01,43.2102,49.2642,6.257,1.1938,0.0748
520490,2024-01,43.5755,48.8836,6.2512,1.212,0.0777
520495,1985-01,51.0923,48.2559,0.1088,0.3313,0.2117
520495,1986-01,53.791,45.5983,0.0671,0.3509,0.1927
520495,1987-01,56.0201,43.3826,0.0667,0.3559,0.1747
520495,1988-01,55.8408,43.537,0.0607,0.3812,0.1803
520495,1989-01,55.8453,43.492,0.0573,0.4287,0.1766
520495,1990-01,55.6098,43.7136,0.055,0.436,0.1856
520495,1991-01,55.1506,44.2274,0.0432,0.3959,0.1829
520495,1992-01,56.1842,43.1974,0.0399,0.3896,0.1889
520495,1993-01,57.4081,41.9627,0.038,0.4045,0.1868
520495,1994-01,61.9436,37.4258,0.0395,0.4156,0.1754
520495,1995-01,63.9547,35.4212,0.0366,0.4086,0.1789
520495,1996-01,65.8745,33.527,0.0356,0.3927,0.1701
520495,1997-01,66.5171,32.8864,0.0309,0.3833,0.1823
520495,1998-01,66.8927,32.5452,0.029,0.3778,0.1552
520495,1999-01,66.9841,32.4764,0.0276,0.3575,0.1545
520495,2000-01,66.6957,32.7941,0.0282,0.3497,0.1323
520495,2001-01,67.0946,32.4095,0.0292,0.3485,0.1182
520495,2002-01,67.5618,31.9236,0.0292,0.3481,0.1374
520495,2003-01,67.7819,31.7003,0.0296,0.3434,0.1449
520495,2004-01,68.1437,31.3351,0.0292,0.3413,0.1507
520495,2005-01,68.6085,30.8764,0.0298,0.3424,0.1429
520495,2006-01,69.0516,30.4283,0.028,0.3424,0.1497
520495,2007-01,69.8521,29.6277,0.029,0.3442,0.147
520495,2008-01,70.0184,29.4515,0.0301,0.345,0.155
520495,2009-01,70.2049,29.2671,0.0301,0.3407,0.1572
520495,2010-01,71.0911,28.3936,0.0298,0.3362,0.1493
520495,2011-01,71.3411,28.1593,0.029,0.3309,0.1398
520495,2012-01,71.9614,27.5395,0.0286,0.3317,0.1388
520495,2013-01,72.6787,26.8217,0.0276,0.3323,0.1398
520495,2014-01,73.543,25.9637,0.027,0.3283,0.138
520495,2015-01,73.7982,25.707,0.0266,0.3283,0.1398
520495,2016-01,74.0965,25.4148,0.0258,0.327,0.1358
520495,2017-01,74.3064,25.1934,0.0249,0.326,0.1493
520495,2018-01,73.8843,25.5915,0.026,0.326,0.1722
520495,2019-01,74.2997,25.1518,0.0264,0.351,0.1711
520495,2020-01,74.636,24.8051,0.0258,0.3596,0.1734
520495,2021-01,74.8981,24.5252,0.0256,0.3595,0.1916
520495,2022-01,75.6839,23.7292,0.0235,0.3643,0.1991
520495,2023-01,76.2916,23.1198,0.0219,0.3677,0.1991
520495,2024-01,76.9283,22.4816,0.0207,0.3718,0.1975
520500,1985-01,82.0316,16.7131,0.1638,0.3442,0.7473
520500,1986-01,82.5301,16.2729,0.1416,0.3603,0.6951
520500,1987-01,82.8083,15.9863,0.1325,0.3705,0.7023
520500,1988-01,82.9092,15.907,0.1336,0.3617,0.6885
520500,1989-01,82.7039,16.1018,0.1214,0.3611,0.7117
520500,1990-01,82.865,15.9418,0.1136,0.3701,0.7095
520500,1991-01,83.0858,15.731,0.1128,0.3728,0.6976
520500,1992-01,83.1813,15.6341,0.1021,0.3817,0.7008
520500,1993-01,83.4453,15.374,0.0974,0.4018,0.6815
520500,1994-01,83.5679,15.2512,0.0916,0.4127,0.6766
520500,1995-01,83.683,15.1482,0.0871,0.4351,0.6466
520500,1996-01,84.0543,14.7839,0.0842,0.4466,0.631
520500,1997-01,84.3561,14.4838,0.0824,0.4392,0.6386
520500,1998-01,84.6061,14.2407,0.0814,0.4429,0.6289
520500,1999-01,84.6269,14.1994,0.0795,0.445,0.6492
520500,2000-01,84.723,14.1968,0.0805,0.4456,0.5541
520500,2001-01,84.7401,14.183,0.0803,0.4497,0.5469
520500,2002-01,84.7736,14.1331,0.0807,0.4534,0.5592
520500,2003-01,84.7211,14.15,0.0799,0.476,0.573
520500,2004-01,84.6609,14.189,0.0772,0.4986,0.5742
520500,2005-01,84.5298,14.3162,0.0754,0.5076,0.5709
520500,2006-01,84.403,14.4262,0.0746,0.5216,0.5746
520500,2007-01,84.3142,14.4983,0.0754,0.5323,0.5798
520500,2008-01,84.3469,14.4617,0.0772,0.5492,0.565
520500,2009-01,84.3364,14.4561,0.0775,0.5894,0.5405
520500,2010-01,84.336,14.4563,0.0768,0.609,0.5218
520500,2011-01,84.2812,14.5102,0.0758,0.6133,0.5196
520500,2012-01,84.3377,14.465,0.0768,0.6201,0.5005
520500,2013-01,84.3426,14.4915,0.0754,0.6334,0.4571
520500,2014-01,84.3662,14.4664,0.0754,0.6381,0.4538
520500,2015-01,84.3975,14.4557,0.0744,0.6347,0.4378
520500,2016-01,84.3794,14.4917,0.0725,0.6414,0.415
520500,2017-01,84.3132,14.548,0.0709,0.6564,0.4115
520500,2018-01,84.2941,14.5525,0.0698,0.6614,0.4222
520500,2019-01,84.1988,14.6455,0.0703,0.6663,0.4191
520500,2020-01,84.0307,14.7822,0.0701,0.6739,0.4432
520500,2021-01,84.0089,14.797,0.0698,0.6815,0.4427
520500,2022-01,84.0171,14.7841,0.0692,0.684,0.4456
520500,2023-01,84.0631,14.742,0.0686,0.6889,0.4374
520500,2024-01,84.3086,14.5168,0.0684,0.6914,0.4148
520505,1985-01,84.5231,9.8958,4.6605,0.2201,0.7004
520505,1986-01,85.5731,8.8638,4.6389,0.2218,0.7024
520505,1987-01,85.9759,8.4615,4.6355,0.2224,0.7046
520505,1988-01,86.1514,8.4501,4.4555,0.217,0.726
520505,1989-01,86.5977,8.2273,4.2392,0.2113,0.7245
520505,1990-01,86.7936,8.1855,4.0768,0.2221,0.722
520505,1991-01,86.8726,8.2054,3.9819,0.2278,0.7123
520505,1992-01,87.0509,8.1361,3.8803,0.223,0.7098
520505,1993-01,87.3267,7.8867,3.836,0.2343,0.7163
520505,1994-01,87.3437,7.9097,3.7891,0.2434,0.714
520505,1995-01,87.3221,7.9788,3.7308,0.2739,0.6944
520505,1996-01,87.4336,7.9387,3.6737,0.277,0.6771
520505,1997-01,87.5791,7.8924,3.5773,0.2787,0.6725
520505,1998-01,87.6491,7.8833,3.5076,0.2844,0.6756
520505,1999-01,87.7005,7.945,3.407,0.3157,0.6318
520505,2000-01,87.6906,8.1423,3.3424,0.3168,0.5079
520505,2001-01,87.6278,8.2282,3.316,0.3211,0.507
520505,2002-01,87.613,8.2617,3.2736,0.3299,0.5218
520505,2003-01,87.6033,8.3112,3.2227,0.3319,0.5309
520505,2004-01,87.5612,8.3621,3.2128,0.3361,0.5278
520505,2005-01,87.5541,8.3731,3.2119,0.3396,0.5212
520505,2006-01,87.5399,8.3851,3.2003,0.3453,0.5295
520505,2007-01,87.5212,8.4004,3.1795,0.3546,0.5443
520505,2008-01,87.5146,8.4218,3.1534,0.3652,0.5451
520505,2009-01,87.5072,8.4417,3.1556,0.3683,0.5272
520505,2010-01,87.4842,8.4539,3.1582,0.3797,0.5241
520505,2011-01,87.4592,8.4817,3.1553,0.3859,0.5178
520505,2012-01,87.466,8.4931,3.1528,0.3851,0.503
520505,2013-01,87.449,8.5116,3.1625,0.3939,0.4831
520505,2014-01,87.4538,8.511,3.1633,0.3976,0.4743
520505,2015-01,87.4677,8.5028,3.1576,0.3976,0.4743
520505,2016-01,87.4754,8.5008,3.1471,0.3973,0.4794
520505,2017-01,87.5044,8.4777,3.1406,0.3967,0.4806
520505,2018-01,87.4683,8.5121,3.1389,0.3999,0.4809
520505,2019-01,87.4552,8.5255,3.1354,0.4021,0.4817
520505,2020-01,87.4507,8.5298,3.1374,0.4033,0.4789
520505,2021-01,87.4569,8.5411,3.1252,0.4024,0.4743
520505,2022-01,87.4964,8.4974,3.1116,0.4055,0.4891
520505,2023-01,87.4657,8.5121,3.09,0.426,0.5062
520505,2024-01,87.6221,8.4507,3.0158,0.4303,0.4811
520510,1985-01,52.0691,39.4043,5.7967,0.7465,1.9834
520510,1986-01,53.9784,37.9807,5.3094,0.7578,1.9737
520510,1987-01,55.0672,37.2922,4.9143,0.7446,1.9817
520510,1988-01,56.2542,36.4458,4.5459,0.7155,2.0385
520510,1989-01,57.5454,35.5168,4.1944,0.7032,2.0401
520510,1990-01,58.7648,34.5561,3.9128,0.7078,2.0584
520510,1991-01,59.3979,34.1433,3.7359,0.6506,2.0722
520510,1992-01,60.8969,32.8597,3.5442,0.621,2.0782
520510,1993-01,61.7564,32.1098,3.4349,0.6375,2.0615
520510,1994-01,62.5539,31.3891,3.3375,0.6593,2.0602
520510,1995-01,63.4466,30.5647,3.2551,0.6804,2.0532
520510,1996-01,64.0888,30.0253,3.204,0.6992,1.9828
520510,1997-01,64.6181,29.5767,3.1255,0.6995,1.9802
520510,1998-01,64.7993,29.4658,3.0322,0.6968,2.0059
520510,1999-01,65.0348,29.3401,2.9578,0.7252,1.9422
520510,2000-01,65.3077,29.1321,2.9268,0.7843,1.8492
520510,2001-01,65.6904,28.7931,2.8717,0.8046,1.8403
520510,2002-01,66.0826,28.4412,2.8094,0.817,1.8498
520510,2003-01,66.3448,28.079,2.7688,0.8583,1.9491
520510,2004-01,66.9431,27.4797,2.7241,0.877,1.9761
520510,2005-01,67.2335,27.2198,2.7035,0.863,1.9802
520510,2006-01,67.3992,27.0785,2.6687,0.8478,2.0057
520510,2007-01,67.5152,26.9476,2.6456,0.861,2.0305
520510,2008-01,67.783,26.7284,2.6273,0.8876,1.9737
520510,2009-01,68.0128,26.5011,2.5983,0.9335,1.9544
520510,2010-01,66.7756,25.7152,2.5737,0.9695,3.966
520510,2011-01,66.3345,25.16,2.5502,0.9994,4.9559
520510,2012-01,66.4616,25.0185,2.5211,1.0605,4.9383
520510,2013-01,66.8849,24.7671,2.4948,1.4651,4.3881
520510,2014-01,67.1107,24.608,2.4775,1.4979,4.3059
520510,2015-01,67.3596,24.4464,2.461,1.5194,4.2137
520510,2016-01,67.6065,24.3463,2.4506,1.5226,4.074
520510,2017-01,67.6908,24.3448,2.4382,1.4948,4.0314
520510,2018-01,67.6415,24.3621,2.4237,1.4429,4.1298
520510,2019-01,67.7351,24.3122,2.4021,1.4683,4.0823
520510,2020-01,67.7762,24.2797,2.388,1.4722,4.0839
520510,2021-01,67.8574,24.2237,2.379,1.4923,4.0475
520510,2022-01,67.6781,24.2089,2.3641,1.4749,4.274
520510,2023-01,67.7134,24.0351,2.3494,1.4701,4.432
520510,2024-01,67.9667,23.898,2.3441,1.4878,4.3034
520520,1985-01,75.8716,23.5281,0.2436,0.2901,0.0666
520520,1986-01,77.5648,21.8793,0.185,0.2972,0.0737
520520,1987-01,78.942,20.5189,0.1607,0.2976,0.0808
520520,1988-01,79.7427,19.688,0.1549,0.3274,0.0871
520520,1989-01,80.3174,19.1208,0.1432,0.3278,0.0908
520520,1990-01,81.0884,18.3678,0.1331,0.3152,0.0954
520520,1991-01,81.5794,17.8747,0.1214,0.3198,0.1047
520520,1992-01,81.8063,17.6453,0.1084,0.3282,0.1118
520520,1993-01,82.1069,17.3318,0.1042,0.3395,0.1176
520520,1994-01,82.3132,17.0886,0.1005,0.3751,0.1227
520520,1995-01,82.7461,16.6335,0.0967,0.4027,0.121
520520,1996-01,83.1203,16.2434,0.1,0.4157,0.1206
520520,1997-01,83.3832,15.9663,0.0979,0.4266,0.126
520520,1998-01,83.5246,15.8068,0.0984,0.4442,0.126
520520,1999-01,83.6648,15.6181,0.1,0.4488,0.1683
520520,2000-01,83.8628,15.4188,0.1055,0.4601,0.1528
520520,2001-01,84.111,15.1605,0.0996,0.4676,0.1612
520520,2002-01,84.3538,14.8985,0.0921,0.4726,0.1829
520520,2003-01,84.7033,14.5431,0.0875,0.4743,0.1917
520520,2004-01,85.0013,14.2476,0.0854,0.4768,0.1888
520520,2005-01,85.0013,14.2309,0.0858,0.4844,0.1976
520520,2006-01,84.9712,14.2146,0.0846,0.5283,0.2014
520520,2007-01,84.9147,14.2556,0.0841,0.5363,0.2093
520520,2008-01,84.8891,14.2715,0.0854,0.5476,0.2064
520520,2009-01,84.9189,14.2292,0.0887,0.5605,0.2026
520520,2010-01,84.8699,14.1665,0.0892,0.6665,0.208
520520,2011-01,84.9285,14.0949,0.0908,0.6706,0.2152
520520,2012-01,84.913,14.1254,0.085,0.6539,0.2227
520520,2013-01,84.9565,14.0802,0.0854,0.6669,0.211
520520,2014-01,84.913,14.0966,0.0841,0.6786,0.2277
520520,2015-01,84.8874,14.1049,0.0829,0.6966,0.2281
520520,2016-01,84.8824,14.0861,0.0816,0.7217,0.2281
520520,2017-01,84.854,14.0848,0.0774,0.7481,0.2357
520520,2018-01,84.8581,14.0689,0.0762,0.7548,0.2419
520520,2019-01,84.8791,14.0308,0.0762,0.7657,0.2482
520520,2020-01,84.869,14.0145,0.0774,0.7879,0.2512
520520,2021-01,84.8736,13.9969,0.0758,0.7879,0.2658
520520,2022-01,84.9059,13.9283,0.0707,0.7967,0.2985
520520,2023-01,84.8468,13.9618,0.0707,0.8034,0.3173
520520,2024-01,84.9959,13.819,0.0661,0.7992,0.3198
520530,1985-01,1.8063,85.1677,12.4952,0.0705,0.4603
520530,1986-01,1.7953,85.1916,12.4831,0.0725,0.4574
520530,1987-01,1.7763,85.2447,12.4596,0.0734,0.4459
520530,1988-01,1.7713,85.2713,12.4336,0.078,0.4458
520530,1989-01,1.7793,85.2924,12.4082,0.0729,0.4472
520530,1990-01,1.9986,85.0953,12.3871,0.0796,0.4393
520530,1991-01,2.2305,84.8742,12.3729,0.0819,0.4405
520530,1992-01,2.3595,84.7776,12.3432,0.0855,0.4342
520530,1993-01,2.4746,84.681,12.3312,0.0876,0.4257
520530,1994-01,2.5906,84.5968,12.3096,0.0875,0.4154
520530,1995-01,2.7496,84.4808,12.2989,0.0918,0.3789
520530,1996-01,3.0364,84.235,12.2757,0.0866,0.3664
520530,1997-01,3.4867,83.8097,12.2635,0.0908,0.3492
520530,1998-01,3.817,83.4923,12.2481,0.0904,0.3522
520530,1999-01,4.0642,83.2499,12.2408,0.0824,0.3626
520530,2000-01,4.3399,83.0428,12.252,0.0962,0.2691
520530,2001-01,4.6041,82.7882,12.2479,0.0965,0.2633
520530,2002-01,4.5952,82.082,12.2452,0.0948,0.9828
520530,2003-01,4.6052,82.0192,12.2398,0.0986,1.0372
520530,2004-01,4.5391,82.0832,12.2339,0.0991,1.0445
520530,2005-01,4.5083,82.1249,12.2258,0.0975,1.0434
520530,2006-01,4.4074,82.2355,12.216,0.1002,1.0409
520530,2007-01,4.4043,82.2446,12.2115,0.099,1.0406
520530,2008-01,4.4618,82.189,12.2073,0.0961,1.0458
520530,2009-01,4.5531,82.1006,12.2042,0.1014,1.0408
520530,2010-01,4.6027,82.0579,12.2002,0.1001,1.0391
520530,2011-01,4.7811,81.8917,12.1965,0.0958,1.0349
520530,2012-01,5.2149,81.4648,12.1927,0.0967,1.0309
520530,2013-01,5.6284,81.0584,12.191,0.0999,1.0223
520530,2014-01,5.8409,80.8463,12.189,0.1002,1.0237
520530,2015-01,6.1047,80.5896,12.1834,0.0991,1.0232
520530,2016-01,6.1666,80.5414,12.1791,0.0981,1.0148
520530,2017-01,6.1545,80.5646,12.1719,0.0969,1.0122
520530,2018-01,6.494,80.2271,12.1656,0.0989,1.0145
520530,2019-01,7.0115,79.7208,12.1575,0.1001,1.0101
520530,2020-01,7.45,79.289,12.1475,0.103,1.0104
520530,2021-01,7.4769,79.2705,12.1455,0.1018,1.0054
520530,2022-01,7.5307,79.219,12.1367,0.0996,1.0141
520530,2023-01,7.1519,79.5949,12.1283,0.1036,1.0213
520530,2024-01,6.7512,79.9989,12.1232,0.1036,1.0231
520540,1985-01,88.6276,8.7748,0.1316,1.3892,1.0767
520540,1986-01,88.993,8.471,0.0559,1.4289,1.0512
520540,1987-01,88.9983,8.4301,0.051,1.4755,1.0451
520540,1988-01,88.9464,8.426,0.0425,1.5326,1.0524
520540,1989-01,88.895,8.4345,0.032,1.5735,1.0649
520540,1990-01,88.9582,8.3203,0.0255,1.6322,1.0637
520540,1991-01,88.8294,8.4013,0.0239,1.7003,1.0451
520540,1992-01,88.9101,8.3073,0.0211,1.7185,1.0431
520540,1993-01,89.0356,8.1615,0.0235,1.744,1.0354
520540,1994-01,88.9907,8.1509,0.0235,1.8048,1.0301
520540,1995-01,88.9259,8.1623,0.0186,1.8765,1.0167
520540,1996-01,89.1373,7.9075,0.0223,1.9336,0.9993
520540,1997-01,89.2325,7.7629,0.0198,1.9773,1.0074
520540,1998-01,89.5052,7.4489,0.017,2.0199,1.0091
520540,1999-01,89.4323,7.4647,0.0166,2.0717,1.0147
520540,2000-01,89.4602,7.4841,0.0174,2.1041,0.9341
520540,2001-01,89.3914,7.5279,0.017,2.1333,0.9305
520540,2002-01,89.3213,7.5534,0.0166,2.1827,0.926
520540,2003-01,89.1949,7.6316,0.0158,2.2301,0.9276
520540,2004-01,88.9693,7.8029,0.0142,2.2815,0.9321
520540,2005-01,88.8972,7.8685,0.0142,2.3034,0.9167
520540,2006-01,88.7854,7.9463,0.0142,2.3419,0.9122
520540,2007-01,88.6011,8.0974,0.0142,2.373,0.9143
520540,2008-01,88.5327,8.1549,0.0142,2.3969,0.9013
520540,2009-01,88.4505,8.212,0.0142,2.431,0.8924
520540,2010-01,88.3249,8.3287,0.0142,2.4597,0.8725
520540,2011-01,88.1009,8.4943,0.015,2.5306,0.8592
520540,2012-01,87.9494,8.6118,0.015,2.5849,0.8389
520540,2013-01,87.8117,8.7114,0.0138,2.6513,0.8118
520540,2014-01,87.6797,8.7961,0.0138,2.7084,0.8021
520540,2015-01,87.5513,8.8686,0.0138,2.7793,0.7871
520540,2016-01,87.3091,8.9998,0.0146,2.8992,0.7773
520540,2017-01,87.0956,9.1631,0.0142,2.9599,0.7672
520540,2018-01,86.9417,9.2465,0.0146,3.0276,0.7696
520540,2019-01,86.5581,9.5714,0.0146,3.0952,0.7607
520540,2020-01,86.2482,9.8242,0.0166,3.1438,0.7672
520540,2021-01,86.1425,9.8651,0.0166,3.207,0.7688
520540,2022-01,86.1088,9.9328,0.0166,3.2212,0.7206
520540,2023-01,86.2024,9.8659,0.017,3.2228,0.6919
520540,2024-01,86.33,9.7582,0.015,3.2106,0.6862
520545,1985-01,66.5393,30.048,2.1894,0.4076,0.8157
520545,1986-01,69.5668,27.3666,1.8749,0.3942,0.7975
520545,1987-01,71.2252,25.7753,1.8228,0.3901,0.7866
520545,1988-01,72.6118,24.5561,1.6535,0.4121,0.7665
520545,1989-01,73.3424,24.0098,1.4293,0.4806,0.738
520545,1990-01,73.9889,23.4465,1.2961,0.5049,0.7636
520545,1991-01,73.9484,23.6456,1.1533,0.5283,0.7244
520545,1992-01,74.2042,23.4692,1.0725,0.5287,0.7255
520545,1993-01,74.5698,23.1394,1.0374,0.5314,0.722
520545,1994-01,74.7693,22.9221,1.0079,0.5605,0.7402
520545,1995-01,75.07,22.6021,0.9802,0.6065,0.7413
520545,1996-01,75.4764,22.1653,0.9736,0.6393,0.7454
520545,1997-01,75.6154,21.9978,0.9484,0.6713,0.7671
520545,1998-01,75.6982,21.8676,0.9549,0.7389,0.7404
520545,1999-01,75.8657,21.6664,0.9582,0.7875,0.7222
520545,2000-01,76.1366,21.432,0.9955,0.8201,0.6157
520545,2001-01,76.212,21.3703,0.9998,0.8421,0.5757
520545,2002-01,76.3281,21.2487,0.9762,0.8493,0.5977
520545,2003-01,76.4326,21.1294,0.9578,0.8918,0.5884
520545,2004-01,76.5249,21.0211,0.957,0.9078,0.5893
520545,2005-01,76.5399,21.0061,0.9487,0.9197,0.5856
520545,2006-01,76.6851,20.8527,0.9309,0.9375,0.5938
520545,2007-01,76.7938,20.7163,0.9145,0.9548,0.6206
520545,2008-01,76.824,20.697,0.9227,0.9659,0.5905
520545,2009-01,76.7798,20.7491,0.9465,0.9765,0.548
520545,2010-01,76.7834,20.7509,0.9372,0.9827,0.5458
520545,2011-01,76.7774,20.7539,0.9329,1.0003,0.5353
520545,2012-01,76.9939,20.52,0.9297,1.0508,0.5056
520545,2013-01,77.0354,20.4455,0.9545,1.1321,0.4326
520545,2014-01,76.9952,20.4486,0.9415,1.1684,0.4463
520545,2015-01,76.9636,20.4721,0.9378,1.1994,0.427
520545,2016-01,76.9017,20.5448,0.9612,1.2092,0.3831
520545,2017-01,76.8083,20.6237,0.9493,1.224,0.3946
520545,2018-01,76.6295,20.7874,0.9409,1.2361,0.4061
520545,2019-01,76.5345,20.8857,0.9397,1.2242,0.416
520545,2020-01,76.4956,20.9191,0.9222,1.2176,0.4455
520545,2021-01,76.5454,20.8779,0.9327,1.2289,0.4151
520545,2022-01,76.6531,20.7821,0.8484,1.2293,0.4871
520545,2023-01,76.699,20.7201,0.8324,1.2464,0.5021
520545,2024-01,76.85,20.5519,0.8498,1.2866,0.4617
520547,1985-01,50.1193,28.2076,21.2555,0.0763,0.3414
520547,1986-01,54.804,26.5212,18.2301,0.083,0.3617
520547,1987-01,56.6506,25.5194,17.3356,0.0822,0.4122
520547,1988-01,59.9449,23.9972,15.5733,0.0765,0.408
520547,1989-01,62.7521,21.9541,14.8214,0.0765,0.3959
520547,1990-01,64.55,20.7681,14.2275,0.0652,0.3893
520547,1991-01,66.1291,19.7681,13.6113,0.085,0.4065
520547,1992-01,68.2118,18.0489,13.239,0.0891,0.4112
520547,1993-01,70.2142,16.6661,12.6466,0.0744,0.3986
520547,1994-01,71.3779,15.8698,12.3376,0.0752,0.3395
520547,1995-01,72.0855,15.3319,12.1729,0.0969,0.3127
520547,1996-01,72.4152,15.0347,12.0712,0.1277,0.3512
520547,1997-01,72.5359,14.952,12.0,0.1353,0.3768
520547,1998-01,72.756,14.8253,11.8726,0.1423,0.4038
520547,1999-01,72.993,14.6339,11.8372,0.1484,0.3875
520547,2000-01,73.0796,14.562,12.0488,0.1616,0.148
520547,2001-01,73.0891,14.582,12.0467,0.1628,0.1195
520547,2002-01,73.1906,14.5234,12.0055,0.1631,0.1174
520547,2003-01,73.6993,14.0444,11.9637,0.1644,0.1281
520547,2004-01,74.0267,13.7297,11.9518,0.1829,0.1088
520547,2005-01,74.2316,13.5445,11.926,0.1903,0.1076
520547,2006-01,74.241,13.5472,11.913,0.1958,0.103
520547,2007-01,74.1659,13.6269,11.8995,0.2149,0.0928
520547,2008-01,74.1756,13.5766,11.9048,0.2584,0.0846
520547,2009-01,74.0785,13.6432,11.9029,0.2968,0.0787
520547,2010-01,74.1128,13.6111,11.8926,0.3009,0.0826
520547,2011-01,74.1877,13.5221,11.893,0.3223,0.0749
520547,2012-01,74.2363,13.4621,11.891,0.3389,0.0716
520547,2013-01,74.2976,13.3886,11.8805,0.3638,0.0693
520547,2014-01,74.3457,13.3248,11.8718,0.3896,0.0681
520547,2015-01,74.3497,13.3069,11.8668,0.4083,0.0683
520547,2016-01,74.3617,13.2866,11.8585,0.4262,0.067
520547,2017-01,74.3825,13.2441,11.8572,0.4497,0.0666
520547,2018-01,74.4509,13.2027,11.8221,0.4571,0.0672
520547,2019-01,74.4784,13.1773,11.8173,0.4605,0.0665
520547,2020-01,74.4757,13.186,11.8127,0.4613,0.0642
520547,2021-01,74.4883,13.1761,11.8057,0.4689,0.061
520547,2022-01,74.4665,13.1931,11.7974,0.4787,0.0643
520547,2023-01,74.4657,13.1771,11.8027,0.4991,0.0554
520547,2024-01,74.5541,13.0916,11.7981,0.5016,0.0546
520549,1985-01,33.4693,56.8976,6.4343,2.8789,0.3199
520549,1986-01,34.7481,55.8861,6.2184,2.8476,0.2998
520549,1987-01,34.5775,56.6998,5.6703,2.7453,0.3071
520549,1988-01,35.9885,55.4804,5.3933,2.8435,0.2943
520549,1989-01,37.1865,54.572,5.1404,2.8167,0.2844
520549,1990-01,38.3099,53.7598,4.9633,2.657,0.31
520549,1991-01,39.6715,52.5159,4.7195,2.7793,0.3137
520549,1992-01,41.1274,51.3771,4.5861,2.5871,0.3223
520549,1993-01,42.2649,50.5467,4.3755,2.5101,0.3027
520549,1994-01,42.694,49.9097,4.2626,2.8248,0.3089
520549,1995-01,42.7187,49.5273,4.198,3.2714,0.2846
520549,1996-01,42.756,49.2985,4.0655,3.6355,0.2445
520549,1997-01,43.293,48.7043,3.9614,3.7913,0.25
520549,1998-01,44.3445,47.7207,3.8653,3.8329,0.2366
520549,1999-01,44.8847,46.9785,3.7521,4.1452,0.2395
520549,2000-01,45.2083,46.6785,3.7076,4.2383,0.1674
520549,2001-01,45.7924,46.0359,3.6644,4.3521,0.1552
520549,2002-01,46.2123,45.6115,3.5821,4.4068,0.1872
520549,2003-01,46.6295,45.0852,3.4893,4.5929,0.2031
520549,2004-01,47.6792,44.0495,3.3573,4.7021,0.2119
520549,2005-01,48.7107,43.2482,3.2235,4.6066,0.211
520549,2006-01,49.7244,42.3454,3.0901,4.6291,0.211
520549,2007-01,50.1406,41.8753,3.0431,4.7328,0.2082
520549,2008-01,50.2104,41.7288,2.9946,4.8596,0.2066
520549,2009-01,50.2554,41.7475,2.9437,4.8627,0.1907
520549,2010-01,50.2491,41.7921,2.917,4.8524,0.1894
520549,2011-01,50.3562,41.6199,2.855,4.975,0.1938
520549,2012-01,50.4419,41.4413,2.7909,5.1294,0.1965
520549,2013-01,50.6157,41.0776,2.7459,5.3797,0.181
520549,2014-01,50.691,40.8657,2.7031,5.5432,0.1969
520549,2015-01,50.6447,40.899,2.6626,5.5899,0.2038
520549,2016-01,50.7538,40.8175,2.5874,5.6396,0.2018
520549,2017-01,50.5716,41.0266,2.5585,5.6484,0.1949
520549,2018-01,50.5003,41.1214,2.5362,5.6512,0.1907
520549,2019-01,50.4414,41.1664,2.5047,5.6936,0.1938
520549,2020-01,50.1435,41.4483,2.4719,5.7437,0.1927
520549,2021-01,49.9827,41.5507,2.4392,5.8413,0.1861
520549,2022-01,50.1378,41.3476,2.4165,5.906,0.1921
520549,2023-01,50.228,41.2462,2.4086,5.9122,0.2051
520549,2024-01,50.3847,41.0987,2.3887,5.9296,0.1982
520551,1985-01,28.709,67.1423,2.3237,1.512,0.313
520551,1986-01,29.4374,66.5677,2.2217,1.4845,0.2888
520551,1987-01,29.5257,66.7439,2.0674,1.3621,0.3009
520551,1988-01,30.4136,66.1834,1.8922,1.2146,0.2963
520551,1989-01,31.569,65.4967,1.6813,0.9659,0.2872
520551,1990-01,32.6935,64.5841,1.6028,0.8237,0.2959
520551,1991-01,34.2281,63.0826,1.5479,0.8466,0.2947
520551,1992-01,35.4121,62.0031,1.4594,0.8299,0.2955
520551,1993-01,36.4385,60.9811,1.4264,0.8732,0.2807
520551,1994-01,37.2451,60.1936,1.388,0.8857,0.2875
520551,1995-01,37.909,59.5495,1.353,0.9319,0.2567
520551,1996-01,38.591,58.9458,1.3181,0.9096,0.2355
520551,1997-01,39.5458,57.9662,1.3003,0.9423,0.2455
520551,1998-01,40.4325,57.1103,1.2829,0.926,0.2482
520551,1999-01,41.4149,56.2208,1.2686,0.854,0.2416
520551,2000-01,42.2167,55.5515,1.2606,0.8332,0.1379
520551,2001-01,42.9601,54.8008,1.256,0.8524,0.1307
520551,2002-01,43.8303,53.9449,1.2383,0.848,0.1386
520551,2003-01,44.5115,53.2743,1.2252,0.8466,0.1423
520551,2004-01,44.8552,52.8999,1.2145,0.8864,0.1439
520551,2005-01,45.3279,52.4387,1.2089,0.8791,0.1454
520551,2006-01,45.5373,52.3042,1.1993,0.8115,0.1476
520551,2007-01,45.5034,52.3721,1.1898,0.7862,0.1485
520551,2008-01,45.6245,52.2779,1.1819,0.7682,0.1476
520551,2009-01,45.5495,52.361,1.1773,0.7606,0.1516
520551,2010-01,45.7147,52.2024,1.1654,0.773,0.1445
520551,2011-01,45.5969,52.3072,1.1601,0.7951,0.1408
520551,2012-01,45.5409,52.3697,1.1547,0.7964,0.1384
520551,2013-01,45.6276,52.3001,1.1471,0.7978,0.1274
520551,2014-01,45.6268,52.3112,1.1413,0.7907,0.13
520551,2015-01,45.5423,52.4037,1.1386,0.795,0.1204
520551,2016-01,45.6355,52.321,1.133,0.7952,0.1153
520551,2017-01,45.9065,52.0572,1.1276,0.7958,0.1128
520551,2018-01,46.2601,51.7002,1.1247,0.797,0.118
520551,2019-01,46.6974,51.2485,1.1198,0.8114,0.123
520551,2020-01,47.1212,50.8173,1.1099,0.8147,0.1369
520551,2021-01,47.352,50.5807,1.1063,0.8236,0.1374
520551,2022-01,47.4763,50.4235,1.1011,0.8281,0.1711
520551,2023-01,47.957,49.9375,1.0881,0.8396,0.1778
520551,2024-01,48.5337,49.3659,1.0843,0.8393,0.1767
520552,1985-01,3.1368,93.9465,1.8924,0.1122,0.9121
520552,1986-01,3.1976,93.9121,1.8889,0.109,0.8925
520552,1987-01,3.4097,93.7184,1.8838,0.1024,0.8856
520552,1988-01,3.8502,93.267,1.8815,0.1247,0.8765
520552,1989-01,4.3072,92.8041,1.8771,0.1357,0.8759
520552,1990-01,5.2254,91.9002,1.8743,0.1352,0.8649
520552,1991-01,5.789,91.3606,1.8724,0.1163,0.8617
520552,1992-01,6.0363,91.1125,1.8656,0.1211,0.8645
520552,1993-01,6.2578,90.8715,1.8637,0.1402,0.8667
520552,1994-01,6.4993,90.5787,1.8605,0.186,0.8755
520552,1995-01,7.4137,89.7059,1.8558,0.1807,0.8438
520552,1996-01,8.8067,88.311,1.8526,0.16,0.8697
520552,1997-01,10.2529,84.7868,1.851,0.1184,2.9908
520552,1998-01,10.9087,83.5243,1.8459,0.1048,3.6163
520552,1999-01,11.3645,83.0252,1.846,0.1122,3.6521
520552,2000-01,11.8649,82.7077,1.8472,0.1358,3.4442
520552,2001-01,12.123,82.5385,1.8474,0.2077,3.2834
520552,2002-01,11.7478,82.7363,1.8479,0.212,3.456
520552,2003-01,11.4716,82.9391,1.8479,0.2085,3.5329
520552,2004-01,11.323,83.0549,1.8479,0.199,3.5752
520552,2005-01,11.2877,83.0497,1.8476,0.1533,3.6617
520552,2006-01,11.2456,83.0758,1.8472,0.1487,3.6827
520552,2007-01,11.1886,83.1103,1.8457,0.1414,3.7141
520552,2008-01,10.9655,83.3271,1.8449,0.1431,3.7193
520552,2009-01,10.6863,83.5711,1.8445,0.1276,3.7705
520552,2010-01,10.5849,83.5779,1.8447,0.1222,3.8703
520552,2011-01,10.619,83.4824,1.8449,0.1167,3.937
520552,2012-01,11.4486,82.6356,1.8454,0.1154,3.955
520552,2013-01,12.7651,81.4373,1.8443,0.2344,3.7189
520552,2014-01,13.5026,80.7694,1.8441,0.2947,3.5892
520552,2015-01,14.2609,80.1012,1.844,0.4419,3.352
520552,2016-01,14.5343,79.9789,1.8428,0.5327,3.1113
520552,2017-01,14.7193,79.8653,1.8426,0.5,3.0729
520552,2018-01,15.1594,79.4433,1.8416,0.4825,3.0733
520552,2019-01,15.6995,78.9184,1.8382,0.4702,3.0738
520552,2020-01,15.6262,78.8637,1.8384,0.2809,3.3908
520552,2021-01,15.4269,79.0688,1.8384,0.2701,3.3957
520552,2022-01,14.9185,79.304,1.8377,0.1298,3.8099
520552,2023-01,14.6382,79.3843,1.8363,0.1339,4.0073
520552,2024-01,14.5566,79.4531,1.8364,0.1412,4.0127
520570,1985-01,71.3771,28.1939,0.0645,0.0559,0.3086
520570,1986-01,71.8195,27.7703,0.0527,0.0579,0.2996
520570,1987-01,71.2845,28.3032,0.0527,0.0557,0.3039
520570,1988-01,71.3586,28.2496,0.0523,0.0561,0.2835
520570,1989-01,70.9343,28.6896,0.0525,0.0525,0.2711
520570,1990-01,70.445,29.1963,0.0529,0.0503,0.2555
520570,1991-01,71.0795,28.5517,0.0523,0.0611,0.2554
520570,1992-01,70.5539,29.0653,0.0521,0.0696,0.2591
520570,1993-01,70.051,29.5517,0.0523,0.0816,0.2634
520570,1994-01,69.6973,29.8969,0.0521,0.0902,0.2634
520570,1995-01,69.4482,30.1348,0.0521,0.1044,0.2604
520570,1996-01,69.2073,30.3667,0.0521,0.102,0.2719
520570,1997-01,69.4976,30.08,0.0519,0.0894,0.281
520570,1998-01,69.5524,30.0254,0.051,0.0883,0.2829
520570,1999-01,68.9118,30.6693,0.0521,0.0924,0.2743
520570,2000-01,69.3548,30.2795,0.052,0.1035,0.2102
520570,2001-01,69.4585,30.1892,0.0518,0.105,0.1956
520570,2002-01,68.9448,30.7027,0.0518,0.1003,0.2005
520570,2003-01,69.4362,30.1932,0.0516,0.1222,0.1967
520570,2004-01,69.8133,29.8182,0.0516,0.1224,0.1945
520570,2005-01,70.1927,29.4456,0.0516,0.1178,0.1924
520570,2006-01,70.6724,28.9758,0.0516,0.1168,0.1834
520570,2007-01,71.0711,28.5756,0.0518,0.1174,0.1842
520570,2008-01,71.1141,28.5279,0.0518,0.1189,0.1873
520570,2009-01,71.3172,28.3205,0.0516,0.1223,0.1885
520570,2010-01,71.3717,28.2596,0.0516,0.1241,0.193
520570,2011-01,71.1418,28.4927,0.0516,0.1226,0.1913
520570,2012-01,71.2387,28.395,0.0516,0.1228,0.1918
520570,2013-01,71.2573,28.3783,0.0516,0.1249,0.1879
520570,2014-01,71.4062,28.2179,0.0518,0.1268,0.1975
520570,2015-01,71.4378,28.1869,0.0518,0.1288,0.1947
520570,2016-01,71.4596,28.158,0.0506,0.1298,0.202
520570,2017-01,71.5713,28.0549,0.0501,0.1324,0.1913
520570,2018-01,71.7068,27.9014,0.0501,0.1352,0.2065
520570,2019-01,71.9144,27.6845,0.0501,0.141,0.21
520570,2020-01,71.9939,27.5919,0.0501,0.1419,0.2222
520570,2021-01,72.1017,27.4889,0.0501,0.1418,0.2175
520570,2022-01,72.2624,27.314,0.0501,0.1419,0.2316
520570,2023-01,72.5456,27.0023,0.0501,0.1451,0.2569
520570,2024-01,74.0921,25.4611,0.0497,0.1459,0.2512
520580,1985-01,38.4309,57.9163,2.7034,0.7471,0.2024
520580,1986-01,39.498,57.0519,2.536,0.729,0.1851
520580,1987-01,39.4199,57.3302,2.384,0.6681,0.1978
520580,1988-01,39.9543,57.1122,2.148,0.5995,0.186
520580,1989-01,40.6821,56.6117,1.9894,0.5331,0.1837
520580,1990-01,42.2367,55.1998,1.9276,0.4451,0.1909
520580,1991-01,44.3527,53.1627,1.8697,0.4204,0.1945
520580,1992-01,45.8754,51.7107,1.8212,0.3895,0.2033
520580,1993-01,47.5384,50.1303,1.7905,0.356,0.1848
520580,1994-01,48.7213,48.9642,1.7615,0.3645,0.1885
520580,1995-01,50.1492,47.5508,1.7435,0.3974,0.1591
520580,1996-01,51.0458,46.6797,1.7247,0.4115,0.1383
520580,1997-01,51.8225,45.9227,1.7114,0.3985,0.145
520580,1998-01,52.9092,44.8841,1.6971,0.3679,0.1417
520580,1999-01,54.0033,43.8115,1.6878,0.347,0.1504
520580,2000-01,54.9258,42.9928,1.6809,0.321,0.0795
520580,2001-01,55.7234,42.1826,1.6842,0.3286,0.0812
520580,2002-01,56.5505,41.3538,1.6813,0.3302,0.0842
520580,2003-01,57.4307,40.4842,1.6781,0.3222,0.0849
520580,2004-01,58.1139,39.7972,1.6691,0.3341,0.0857
520580,2005-01,58.6945,39.2136,1.6653,0.3406,0.086
520580,2006-01,58.9391,38.9634,1.6579,0.3346,0.105
520580,2007-01,59.076,38.8585,1.6436,0.3181,0.1038
520580,2008-01,59.2577,38.7062,1.6329,0.3071,0.0961
520580,2009-01,59.2024,38.7682,1.6255,0.3115,0.0924
520580,2010-01,59.3916,38.5698,1.6085,0.3374,0.0927
520580,2011-01,59.2877,38.6731,1.6004,0.3484,0.0904
520580,2012-01,59.2929,38.6909,1.5975,0.3324,0.0863
520580,2013-01,59.6429,38.3556,1.5913,0.3269,0.0834
520580,2014-01,59.9791,38.008,1.5891,0.3315,0.0923
520580,2015-01,60.2874,37.6962,1.5863,0.3394,0.0907
520580,2016-01,60.6406,37.3578,1.5825,0.3271,0.092
520580,2017-01,60.947,37.0552,1.5826,0.322,0.0932
520580,2018-01,61.2107,36.7742,1.5817,0.334,0.0994
520580,2019-01,61.65,36.3393,1.5745,0.3404,0.0957
520580,2020-01,62.1297,35.8611,1.5688,0.3376,0.1028
520580,2021-01,62.7098,35.2848,1.5614,0.3391,0.105
520580,2022-01,63.0733,34.8925,1.5592,0.3428,0.1323
520580,2023-01,63.4375,34.5333,1.5503,0.3401,0.1388
520580,2024-01,63.857,34.1253,1.5417,0.3352,0.1408
520590,1985-01,54.9573,34.4178,0.8247,0.3636,9.4366
520590,1986-01,56.064,33.6133,0.7566,0.3348,9.2312
520590,1987-01,56.6721,33.089,0.6914,0.2988,9.2487
520590,1988-01,57.3073,32.4067,0.64,0.2641,9.3819
520590,1989-01,57.2545,32.6259,0.554,0.2166,9.349
520590,1990-01,57.6243,32.2478,0.5245,0.1789,9.4244
520590,1991-01,58.9926,30.8911,0.4993,0.1685,9.4486
520590,1992-01,59.4861,30.3449,0.4857,0.1646,9.5186
520590,1993-01,60.2876,29.816,0.4751,0.1727,9.2487
520590,1994-01,61.3358,29.0304,0.4577,0.1762,8.9999
520590,1995-01,62.4299,28.3916,0.4317,0.1663,8.5805
520590,1996-01,63.6984,27.272,0.4222,0.1469,8.4605
520590,1997-01,64.4491,26.1117,0.4014,0.1338,8.904
520590,1998-01,65.3377,25.7508,0.3919,0.1291,8.3906
520590,1999-01,65.3599,26.1061,0.3887,0.1368,8.0085
520590,2000-01,65.1726,26.3603,0.3866,0.1539,7.9266
520590,2001-01,65.3037,26.2387,0.3784,0.1629,7.9162
520590,2002-01,65.1065,25.7141,0.3634,0.1951,8.6209
520590,2003-01,65.4108,24.8146,0.3501,0.2845,9.1401
520590,2004-01,65.5789,24.1888,0.3343,0.2585,9.6396
520590,2005-01,66.1811,23.7549,0.3234,0.1716,9.569
520590,2006-01,66.7565,23.2035,0.3118,0.1684,9.5599
520590,2007-01,66.7038,23.1108,0.2996,0.172,9.7138
520590,2008-01,67.6723,22.89,0.2896,0.1662,8.9819
520590,2009-01,68.0479,22.8204,0.2823,0.1647,8.6848
520590,2010-01,67.9972,22.793,0.2746,0.1773,8.7578
520590,2011-01,67.5093,22.9064,0.2653,0.1777,9.1413
520590,2012-01,68.1988,22.9086,0.2597,0.2067,8.4262
520590,2013-01,68.3035,23.0332,0.2591,0.2084,8.1959
520590,2014-01,68.931,23.183,0.2543,0.2914,7.3403
520590,2015-01,68.912,23.3115,0.2513,0.2862,7.239
520590,2016-01,68.6255,23.4769,0.2506,0.2231,7.4239
520590,2017-01,68.5801,23.5221,0.249,0.2496,7.3992
520590,2018-01,68.3742,23.4241,0.2433,0.2365,7.7218
520590,2019-01,68.4403,23.4289,0.2399,0.2173,7.6736
520590,2020-01,68.3987,23.3647,0.2274,0.2091,7.8
520590,2021-01,68.4648,23.3364,0.2215,0.1824,7.7949
520590,2022-01,67.8568,23.3339,0.2193,0.177,8.413
520590,2023-01,66.9689,23.2348,0.2166,0.1705,9.4091
520590,2024-01,67.716,23.3927,0.2122,0.1646,8.5146
520620,1985-01,25.0539,55.7129,18.1824,0.8138,0.237
520620,1986-01,26.824,54.7621,17.3626,0.7998,0.2514
520620,1987-01,28.3574,55.0994,15.5404,0.7392,0.2636
520620,1988-01,30.8527,53.819,14.258,0.8002,0.2701
520620,1989-01,34.8061,51.3869,12.5869,0.9431,0.277
520620,1990-01,36.7679,50.3483,11.6791,0.9132,0.2915
520620,1991-01,39.1178,48.8898,10.9552,0.7314,0.3058
520620,1992-01,41.0078,47.6054,10.3964,0.6839,0.3065
520620,1993-01,42.9932,45.9511,10.0565,0.7014,0.2978
520620,1994-01,45.0805,44.1857,9.6483,0.7908,0.2947
520620,1995-01,46.5689,43.0209,9.362,0.7604,0.2879
520620,1996-01,47.9958,41.9559,9.0669,0.7147,0.2668
520620,1997-01,49.2537,40.7548,8.8783,0.8324,0.2808
520620,1998-01,50.3176,39.9874,8.609,0.7869,0.2991
520620,1999-01,51.2217,39.3105,8.3606,0.7397,0.3675
520620,2000-01,52.3249,38.4603,8.2147,0.6616,0.3385
520620,2001-01,53.4239,37.5933,8.0112,0.5975,0.3741
520620,2002-01,54.7159,36.4931,7.767,0.6193,0.4046
520620,2003-01,56.5099,34.7949,7.5247,0.6596,0.5108
520620,2004-01,58.6943,32.6616,7.1594,0.6528,0.8318
520620,2005-01,60.1917,31.3786,6.9473,0.6283,0.8541
520620,2006-01,60.8252,30.8597,6.8448,0.6099,0.8604
520620,2007-01,61.3395,30.4658,6.7526,0.587,0.855
520620,2008-01,61.8496,30.0223,6.6526,0.6232,0.8524
520620,2009-01,62.2124,29.7424,6.5354,0.6462,0.8636
520620,2010-01,62.4545,29.5574,6.4401,0.6846,0.8634
520620,2011-01,62.6641,29.4282,6.3312,0.6919,0.8846
520620,2012-01,62.7712,29.3833,6.2523,0.6889,0.9043
520620,2013-01,62.7269,28.8347,6.1813,0.6996,1.5575
520620,2014-01,62.9447,28.4903,6.1254,0.7085,1.731
520620,2015-01,63.2839,28.222,6.0802,0.7441,1.6699
520620,2016-01,63.5878,27.9583,6.037,0.7537,1.6633
520620,2017-01,63.8676,27.6922,5.99,0.76,1.6903
520620,2018-01,64.1037,27.4615,5.9335,0.7649,1.7364
520620,2019-01,64.4122,27.1926,5.8895,0.7688,1.7369
520620,2020-01,64.7893,26.8066,5.8176,0.7836,1.8029
520620,2021-01,65.2885,26.3715,5.7533,0.7998,1.7869
520620,2022-01,65.5238,26.113,5.7266,0.8072,1.8293
520620,2023-01,65.8933,25.7306,5.6517,0.8246,1.8997
520620,2024-01,66.1656,25.5076,5.6227,0.8307,1.8734
520630,1985-01,53.8084,43.8107,1.2957,0.9571,0.1281
520630,1986-01,55.271,42.4843,1.2278,0.883,0.1339
520630,1987-01,56.7398,41.2523,1.1742,0.7017,0.1319
520630,1988-01,58.276,39.9322,1.0612,0.5521,0.1786
520630,1989-01,59.0772,39.2618,1.0037,0.4807,0.1767
520630,1990-01,60.013,38.3977,0.9628,0.4471,0.1794
520630,1991-01,60.6333,37.7947,0.9096,0.4629,0.1994
520630,1992-01,61.0604,37.3673,0.8961,0.476,0.2002
520630,1993-01,61.7143,36.713,0.8695,0.5135,0.1898
520630,1994-01,62.5362,35.8367,0.8606,0.5686,0.1979
520630,1995-01,63.9481,34.3141,0.8498,0.6983,0.1898
520630,1996-01,64.5314,33.8014,0.8567,0.6462,0.1643
520630,1997-01,65.5697,32.8892,0.8266,0.537,0.1775
520630,1998-01,66.7589,31.6541,0.8058,0.5894,0.1917
520630,1999-01,67.6938,30.6652,0.8004,0.618,0.2226
520630,2000-01,67.9318,30.4361,0.8112,0.6369,0.184
520630,2001-01,68.3901,29.9906,0.8097,0.6331,0.1767
520630,2002-01,68.836,29.5342,0.8012,0.6431,0.1856
520630,2003-01,69.4729,28.8935,0.7634,0.6682,0.2021
520630,2004-01,70.1186,28.2612,0.7429,0.6639,0.2133
520630,2005-01,70.4673,27.9422,0.7171,0.6593,0.2141
520630,2006-01,70.3384,28.0927,0.7001,0.6531,0.2156
520630,2007-01,70.1938,28.2358,0.6958,0.6624,0.2122
520630,2008-01,70.0985,28.2778,0.6982,0.7249,0.2006
520630,2009-01,70.1082,28.2462,0.6958,0.7627,0.1871
520630,2010-01,70.0828,28.343,0.6499,0.7357,0.1886
520630,2011-01,70.028,28.4379,0.6063,0.7472,0.1805
520630,2012-01,70.1364,28.3399,0.5855,0.7642,0.174
520630,2013-01,70.1997,28.292,0.557,0.7889,0.1624
520630,2014-01,70.1704,28.3156,0.5512,0.7966,0.1663
520630,2015-01,70.2194,28.2801,0.5485,0.7912,0.1609
520630,2016-01,70.3697,28.1355,0.5489,0.7943,0.1516
520630,2017-01,70.4052,28.0958,0.5458,0.8009,0.1524
520630,2018-01,70.5074,27.9932,0.5419,0.8028,0.1547
520630,2019-01,70.6336,27.8666,0.5411,0.8059,0.1528
520630,2020-01,70.6351,27.8682,0.5315,0.8132,0.152
520630,2021-01,70.6359,27.8713,0.5284,0.8136,0.1508
520630,2022-01,70.7088,27.7861,0.5222,0.8178,0.1651
520630,2023-01,70.995,27.4902,0.5122,0.8278,0.1747
520630,2024-01,71.0227,27.4571,0.5114,0.8263,0.1825
520640,1985-01,25.872,73.6798,0.1744,0.1074,0.1663
520640,1986-01,27.3467,72.2478,0.1419,0.0988,0.1648
520640,1987-01,28.74,70.8843,0.1359,0.0776,0.1622
520640,1988-01,28.8742,70.7532,0.1255,0.0812,0.1659
520640,1989-01,30.3,69.3361,0.1113,0.0856,0.167
520640,1990-01,31.912,67.7108,0.1064,0.0935,0.1772
520640,1991-01,32.4529,67.1721,0.1036,0.0983,0.1732
520640,1992-01,35.3515,64.2757,0.1009,0.1037,0.1682
520640,1993-01,36.9228,62.7034,0.1009,0.112,0.1609
520640,1994-01,38.232,61.4043,0.1025,0.1159,0.1453
520640,1995-01,39.2715,60.3795,0.1005,0.1088,0.1397
520640,1996-01,40.6791,58.9903,0.098,0.0967,0.1359
520640,1997-01,42.3084,57.3639,0.0977,0.0919,0.1381
520640,1998-01,43.0636,56.6219,0.1008,0.091,0.1228
520640,1999-01,43.6987,55.9837,0.1001,0.0888,0.1288
520640,2000-01,44.7005,55.0132,0.1062,0.093,0.0871
520640,2001-01,45.6504,54.067,0.1055,0.0932,0.0839
520640,2002-01,46.2315,53.4854,0.104,0.0899,0.0891
520640,2003-01,46.7877,52.9312,0.104,0.0871,0.0901
520640,2004-01,47.1678,52.5453,0.1045,0.0859,0.0965
520640,2005-01,47.9617,51.7513,0.1046,0.0854,0.097
520640,2006-01,48.3441,51.3627,0.1038,0.0864,0.103
520640,2007-01,48.7587,50.9505,0.1035,0.0865,0.1008
520640,2008-01,49.2282,50.4718,0.1033,0.0917,0.1051
520640,2009-01,49.5268,50.1677,0.1027,0.0949,0.1079
520640,2010-01,50.2506,49.444,0.1025,0.0966,0.1063
520640,2011-01,50.7953,48.8969,0.1027,0.0974,0.1077
520640,2012-01,51.9665,47.7247,0.1028,0.1023,0.1037
520640,2013-01,53.2815,46.4111,0.1025,0.1041,0.1009
520640,2014-01,54.0978,45.5933,0.1021,0.1028,0.104
520640,2015-01,54.4818,45.2106,0.1012,0.1049,0.1014
520640,2016-01,54.5877,45.1036,0.0998,0.1073,0.1016
520640,2017-01,54.9897,44.6987,0.097,0.1101,0.1045
520640,2018-01,55.0057,44.674,0.0951,0.1111,0.1142
520640,2019-01,55.5222,44.1539,0.0944,0.1168,0.1127
520640,2020-01,56.1536,43.5189,0.0944,0.1187,0.1143
520640,2021-01,56.6551,43.0153,0.0945,0.117,0.1181
520640,2022-01,57.3096,42.3465,0.0931,0.1183,0.1325
520640,2023-01,58.1303,41.5213,0.0926,0.118,0.1378
520640,2024-01,58.7276,40.9238,0.092,0.1192,0.1373
520650,1985-01,68.3324,29.4148,1.8496,0.3511,0.0522
520650,1986-01,70.4187,27.7754,1.4242,0.3265,0.0553
520650,1987-01,71.9343,26.316,1.3818,0.3147,0.0532
520650,1988-01,72.3689,25.954,1.3249,0.3012,0.0511
520650,1989-01,73.0567,25.3653,1.2291,0.2969,0.052
520650,1990-01,73.7058,24.8225,1.1626,0.2571,0.052
520650,1991-01,73.6533,24.9469,1.1237,0.226,0.0501
520650,1992-01,74.1886,24.4833,1.0635,0.222,0.0426
520650,1993-01,75.0673,23.6224,1.0403,0.226,0.044
520650,1994-01,75.8494,22.8497,1.0251,0.233,0.0429
520650,1995-01,76.4193,22.298,1.0033,0.2389,0.0405
520650,1996-01,76.8057,21.9308,0.9827,0.245,0.0358
520650,1997-01,76.8481,21.8893,0.9698,0.2496,0.0431
520650,1998-01,76.8154,21.9132,0.9715,0.2588,0.0412
520650,1999-01,76.7929,21.9251,0.9776,0.2637,0.0408
520650,2000-01,76.9686,21.7546,0.9832,0.2679,0.0258
520650,2001-01,77.0512,21.6764,0.978,0.2698,0.0246
520650,2002-01,77.1838,21.5513,0.9654,0.27,0.0295
520650,2003-01,77.1973,21.5558,0.9497,0.2686,0.0286
520650,2004-01,77.1003,21.6713,0.9279,0.2709,0.0295
520650,2005-01,76.982,21.7894,0.9221,0.2731,0.0335
520650,2006-01,77.0909,21.6843,0.9171,0.2735,0.0342
520650,2007-01,77.0995,21.6756,0.912,0.2752,0.0377
520650,2008-01,77.1128,21.6544,0.9134,0.2805,0.0389
520650,2009-01,77.0713,21.6963,0.9104,0.2838,0.0382
520650,2010-01,77.0181,21.7472,0.9043,0.2901,0.0403
520650,2011-01,77.0586,21.7114,0.8965,0.2951,0.0384
520650,2012-01,76.9202,21.8622,0.8808,0.2986,0.0382
520650,2013-01,76.8649,21.9142,0.871,0.3084,0.0415
520650,2014-01,76.8663,21.9114,0.8717,0.3091,0.0415
520650,2015-01,76.7518,22.0292,0.8654,0.3105,0.0431
520650,2016-01,76.6907,22.0936,0.8581,0.3136,0.044
520650,2017-01,76.6337,22.1543,0.8553,0.3157,0.041
520650,2018-01,76.4405,22.3154,0.8516,0.3194,0.0731
520650,2019-01,76.2877,22.4797,0.8377,0.3204,0.0745
520650,2020-01,76.1624,22.598,0.8363,0.3239,0.0794
520650,2021-01,76.296,22.4687,0.8277,0.3267,0.081
520650,2022-01,76.3128,22.4506,0.8223,0.329,0.0853
520650,2023-01,76.5026,22.2559,0.8188,0.3297,0.093
520650,2024-01,76.8832,21.883,0.8148,0.3283,0.0906
520660,1985-01,61.6041,34.836,0.1622,0.2916,3.1061
520660,1986-01,63.8431,32.8244,0.1683,0.2711,2.893
520660,1987-01,64.0479,32.6952,0.1625,0.2034,2.8909
520660,1988-01,64.5122,32.069,0.1446,0.1698,3.1046
520660,1989-01,65.0738,31.6284,0.1304,0.1437,3.0237
520660,1990-01,64.1862,32.5181,0.1212,0.1478,3.0267
520660,1991-01,66.1762,30.5181,0.113,0.1518,3.0409
520660,1992-01,66.9945,29.6349,0.1073,0.1518,3.1115
520660,1993-01,67.9683,28.8509,0.1115,0.1508,2.9185
520660,1994-01,69.0271,28.0023,0.1112,0.1476,2.7117
520660,1995-01,69.6073,27.6837,0.109,0.154,2.446
520660,1996-01,70.4141,26.9555,0.11,0.1594,2.361
520660,1997-01,71.028,26.2871,0.1105,0.1635,2.4109
520660,1998-01,71.7843,25.7551,0.1148,0.1621,2.1837
520660,1999-01,72.2725,25.3492,0.1144,0.163,2.1009
520660,2000-01,72.7378,24.9384,0.1021,0.1608,2.0609
520660,2001-01,73.2804,24.4019,0.0975,0.1618,2.0584
520660,2002-01,73.6193,23.9102,0.0942,0.1626,2.2137
520660,2003-01,73.8851,23.3443,0.0906,0.1627,2.5174
520660,2004-01,74.0896,22.7941,0.0867,0.1683,2.8613
520660,2005-01,74.3143,22.6144,0.0827,0.1702,2.8184
520660,2006-01,74.5442,22.394,0.0807,0.1659,2.8152
520660,2007-01,74.4589,22.341,0.0783,0.1633,2.9585
520660,2008-01,74.9814,22.2794,0.0748,0.1633,2.5012
520660,2009-01,75.1896,22.3099,0.0691,0.1662,2.2653
520660,2010-01,75.2259,22.2253,0.068,0.1677,2.3131
520660,2011-01,75.2195,22.0722,0.0662,0.1678,2.4743
520660,2012-01,75.6166,22.0527,0.0613,0.1724,2.097
520660,2013-01,75.7119,21.9981,0.0604,0.175,2.0546
520660,2014-01,75.9672,21.976,0.0592,0.1726,1.825
520660,2015-01,76.0656,21.8936,0.0585,0.1683,1.8141
520660,2016-01,76.1118,21.7975,0.0588,0.1696,1.8624
520660,2017-01,76.1185,21.8064,0.058,0.1701,1.847
520660,2018-01,75.962,21.8926,0.0576,0.1715,1.9163
520660,2019-01,75.9667,21.9002,0.0579,0.1727,1.9024
520660,2020-01,75.9915,21.8082,0.0576,0.1771,1.9657
520660,2021-01,76.1198,21.6762,0.057,0.1808,1.9663
520660,2022-01,75.9688,21.6515,0.0553,0.1853,2.1391
520660,2023-01,75.7607,21.4994,0.0555,0.1878,2.4966
520660,2024-01,76.1913,21.4012,0.055,0.187,2.1656
520670,1985-01,36.7235,59.6055,3.4756,0.1939,0.0015
520670,1986-01,37.8079,58.5689,3.4696,0.1425,0.0112
520670,1987-01,38.3934,57.9976,3.4636,0.1338,0.0116
520670,1988-01,38.5357,57.8807,3.4433,0.128,0.0124
520670,1989-01,38.679,57.7411,3.4362,0.1313,0.0124
520670,1990-01,39.7583,56.6856,3.4053,0.1391,0.0116
520670,1991-01,39.8514,56.6128,3.3755,0.1491,0.0112
520670,1992-01,40.3491,56.1052,3.3518,0.1817,0.0122
520670,1993-01,40.8224,55.6354,3.3409,0.19,0.0114
520670,1994-01,40.8839,55.5944,3.3222,0.1906,0.0089
520670,1995-01,41.1245,55.3489,3.3154,0.2032,0.0081
520670,1996-01,41.2256,55.2525,3.3073,0.208,0.0066
520670,1997-01,41.1694,55.2979,3.3029,0.2211,0.0087
520670,1998-01,41.0981,55.3595,3.2998,0.2331,0.0095
520670,1999-01,41.3599,55.097,3.2907,0.2408,0.0116
520670,2000-01,41.6906,54.734,3.2778,0.2893,0.0083
520670,2001-01,41.8144,54.6067,3.2697,0.3022,0.007
520670,2002-01,41.9403,54.5029,3.261,0.2887,0.007
520670,2003-01,41.9855,54.4614,3.2554,0.2901,0.0075
520670,2004-01,42.0738,54.3744,3.2494,0.2953,0.007
520670,2005-01,42.164,54.2865,3.2474,0.2949,0.0073
520670,2006-01,42.4079,54.0351,3.2389,0.2924,0.0257
520670,2007-01,42.6496,53.7918,3.2335,0.2945,0.0307
520670,2008-01,42.877,53.5493,3.231,0.3104,0.0324
520670,2009-01,43.0611,53.3573,3.2171,0.3268,0.0377
520670,2010-01,43.3919,53.0273,3.2065,0.3388,0.0355
520670,2011-01,43.9032,52.5254,3.2019,0.3339,0.0357
520670,2012-01,44.7234,51.6323,3.1947,0.4141,0.0355
520670,2013-01,45.4603,50.8911,3.1878,0.4245,0.0363
520670,2014-01,45.8592,50.5532,3.1783,0.3731,0.0363
520670,2015-01,45.8442,50.5992,3.1661,0.356,0.0344
520670,2016-01,45.9025,50.5385,3.1509,0.3716,0.0365
520670,2017-01,45.655,50.7851,3.1306,0.383,0.0462
520670,2018-01,45.8189,50.6268,3.1234,0.3884,0.0425
520670,2019-01,48.2347,48.6119,2.7074,0.4037,0.0423
520670,2020-01,48.0443,48.7996,2.6943,0.4156,0.0462
520670,2021-01,48.5491,48.2912,2.6829,0.4311,0.0456
520670,2022-01,48.7119,48.1267,2.6815,0.4357,0.0442
520670,2023-01,49.3408,47.4896,2.6695,0.4533,0.0469
520670,2024-01,49.7357,47.1009,2.6581,0.4603,0.045
520680,1985-01,74.0893,25.4245,0.0529,0.4143,0.019
520680,1986-01,75.9532,23.5666,0.017,0.4333,0.03
520680,1987-01,77.3149,22.2209,0.0,0.4343,0.03
520680,1988-01,79.4802,20.0636,0.0,0.4253,0.031
520680,1989-01,79.8276,19.7372,0.0,0.4093,0.026
520680,1990-01,80.3328,19.233,0.0,0.4083,0.026
520680,1991-01,80.6972,18.8546,0.0,0.4173,0.031
520680,1992-01,81.0535,18.4912,0.0,0.4283,0.027
520680,1993-01,81.1194,18.4124,0.0,0.4473,0.021
520680,1994-01,81.4069,18.1029,0.0,0.4692,0.021
520680,1995-01,81.394,18.0949,0.0,0.4852,0.026
520680,1996-01,81.5667,17.9102,0.0,0.5002,0.023
520680,1997-01,81.6056,17.8503,0.0,0.5211,0.023
520680,1998-01,81.2362,18.1847,0.0,0.5511,0.028
520680,1999-01,81.5398,17.8433,0.0,0.578,0.0389
520680,2000-01,81.6825,17.6845,0.0,0.606,0.027
520680,2001-01,81.7254,17.5787,0.0,0.6699,0.026
520680,2002-01,81.969,17.3122,0.0,0.6829,0.0359
520680,2003-01,82.3075,16.9608,0.0,0.6968,0.0349
520680,2004-01,82.3944,16.8679,0.0,0.7078,0.0299
520680,2005-01,81.5548,17.6975,0.0,0.7218,0.026
520680,2006-01,81.6197,17.6226,0.0,0.7298,0.028
520680,2007-01,81.6187,17.6016,0.0,0.7408,0.0389
520680,2008-01,81.8453,17.3001,0.0,0.8196,0.0349
520680,2009-01,81.9741,17.1394,0.0,0.8506,0.0359
520680,2010-01,81.9162,17.1753,0.0,0.8715,0.0369
520680,2011-01,82.0071,17.0665,0.0,0.8835,0.0429
520680,2012-01,81.8623,17.1194,0.0,0.9794,0.0389
520680,2013-01,81.8284,17.1334,0.0,1.0063,0.0319
520680,2014-01,81.8523,17.0874,0.0,1.0183,0.0419
520680,2015-01,81.8823,16.9686,0.0,1.1021,0.0469
520680,2016-01,81.8833,16.9576,0.0,1.1141,0.0449
520680,2017-01,81.6907,17.1643,0.0,1.1021,0.0429
520680,2018-01,81.6747,17.1623,0.0,1.1211,0.0419
520680,2019-01,81.6517,17.1772,0.0,1.1281,0.0429
520680,2020-01,81.6647,17.1753,0.0,1.1281,0.0319
520680,2021-01,81.7416,17.1054,0.0,1.1271,0.026
520680,2022-01,81.7556,17.0834,0.0,1.1311,0.03
520680,2023-01,81.8075,17.0115,0.0,1.1381,0.0429
520680,2024-01,82.0271,16.7839,0.0,1.1511,0.0379
520690,1985-01,55.9768,39.7081,1.7369,0.1533,2.4249
520690,1986-01,58.1702,37.865,1.6835,0.1379,2.1433
520690,1987-01,58.9107,37.1584,1.6498,0.1291,2.152
520690,1988-01,59.1811,36.6025,1.6296,0.1362,2.4506
520690,1989-01,59.6097,36.2127,1.6049,0.143,2.4297
520690,1990-01,59.7321,36.0888,1.5621,0.1464,2.4705
520690,1991-01,58.3512,37.5327,1.5101,0.14,2.466
520690,1992-01,58.7063,37.1975,1.4916,0.1395,2.4651
520690,1993-01,59.1092,36.835,1.4812,0.149,2.4256
520690,1994-01,59.5771,36.4105,1.4791,0.1591,2.3742
520690,1995-01,60.9867,35.1053,1.4779,0.1562,2.2738
520690,1996-01,62.1853,34.2413,1.4973,0.146,1.9302
520690,1997-01,62.2125,34.3449,1.4599,0.1411,1.8416
520690,1998-01,61.2997,35.2878,1.4058,0.1363,1.8703
520690,1999-01,59.9942,36.7238,1.3938,0.1418,1.7463
520690,2000-01,59.9362,36.9564,1.477,0.1473,1.4831
520690,2001-01,59.9951,36.9139,1.4724,0.1554,1.4632
520690,2002-01,60.3875,36.5311,1.4633,0.1555,1.4625
520690,2003-01,60.9241,35.9641,1.4562,0.1495,1.506
520690,2004-01,61.7014,34.9866,1.4317,0.1474,1.7328
520690,2005-01,62.2856,34.4563,1.4169,0.1481,1.693
520690,2006-01,62.3525,34.4163,1.4007,0.1476,1.6828
520690,2007-01,62.3636,34.3302,1.3861,0.1455,1.7746
520690,2008-01,62.4168,34.4346,1.3796,0.2005,1.5685
520690,2009-01,62.4137,34.5077,1.3656,0.219,1.4939
520690,2010-01,62.2694,34.6728,1.3478,0.2084,1.5015
520690,2011-01,62.2955,34.6753,1.3404,0.1938,1.495
520690,2012-01,62.4149,34.5626,1.3329,0.195,1.4946
520690,2013-01,62.7333,34.3564,1.3237,0.1985,1.3881
520690,2014-01,62.8568,34.2687,1.3107,0.2116,1.3523
520690,2015-01,63.3321,33.803,1.3017,0.222,1.3412
520690,2016-01,63.485,33.6642,1.3022,0.2242,1.3243
520690,2017-01,63.4818,33.6785,1.2953,0.2258,1.3185
520690,2018-01,63.3173,33.8465,1.2909,0.2279,1.3173
520690,2019-01,63.4944,33.7526,1.2025,0.223,1.3275
520690,2020-01,63.4401,33.8113,1.1946,0.2329,1.3212
520690,2021-01,63.524,33.7367,1.1873,0.2338,1.3182
520690,2022-01,63.816,33.3662,1.1798,0.2309,1.4071
520690,2023-01,64.3607,32.7354,1.1739,0.2477,1.4823
520690,2024-01,64.7974,32.341,1.1748,0.2563,1.4305
520710,1985-01,67.7747,31.6601,0.0652,0.1517,0.3483
520710,1986-01,68.8493,30.5898,0.059,0.162,0.3399
520710,1987-01,68.4404,31.0167,0.0518,0.1497,0.3414
520710,1988-01,68.7613,30.6818,0.0491,0.1628,0.3449
520710,1989-01,68.9084,30.5361,0.0454,0.1608,0.3492
520710,1990-01,70.1045,29.3392,0.0429,0.1655,0.348
520710,1991-01,70.3862,29.0262,0.0402,0.1964,0.351
520710,1992-01,70.7171,28.6665,0.0345,0.217,0.3649
520710,1993-01,71.0518,28.3426,0.035,0.2083,0.3622
520710,1994-01,71.1039,28.264,0.034,0.2419,0.3562
520710,1995-01,71.405,27.935,0.0296,0.2634,0.367
520710,1996-01,71.0411,28.3041,0.0271,0.247,0.3807
520710,1997-01,71.0182,28.3239,0.0264,0.2503,0.3811
520710,1998-01,71.039,28.3085,0.0262,0.2445,0.3818
520710,1999-01,70.2044,29.1722,0.0249,0.2142,0.3842
520710,2000-01,70.1889,29.2146,0.0277,0.2145,0.3542
520710,2001-01,70.4638,28.9564,0.0268,0.2073,0.3457
520710,2002-01,70.1635,29.256,0.0264,0.2088,0.3452
520710,2003-01,70.4685,28.9436,0.0261,0.2147,0.3471
520710,2004-01,70.6546,28.7625,0.0249,0.2132,0.3447
520710,2005-01,70.5464,28.857,0.0246,0.2231,0.3488
520710,2006-01,70.6001,28.7942,0.0237,0.2327,0.3493
520710,2007-01,70.6748,28.7263,0.0229,0.2279,0.3481
520710,2008-01,70.5466,28.862,0.0226,0.2162,0.3526
520710,2009-01,70.3615,29.0357,0.0228,0.2259,0.3541
520710,2010-01,70.4227,28.9549,0.0231,0.2475,0.3518
520710,2011-01,70.0722,29.3044,0.0232,0.252,0.3483
520710,2012-01,70.1778,29.1758,0.0233,0.2826,0.3404
520710,2013-01,70.0218,29.3507,0.0244,0.271,0.332
520710,2014-01,70.0723,29.3025,0.0236,0.264,0.3377
520710,2015-01,70.2112,29.1627,0.0234,0.2635,0.3392
520710,2016-01,70.5533,28.7921,0.0232,0.2986,0.3328
520710,2017-01,70.7877,28.5736,0.0232,0.2864,0.329
520710,2018-01,70.724,28.6388,0.0226,0.2778,0.3369
520710,2019-01,70.9625,28.4179,0.0217,0.2576,0.3403
520710,2020-01,71.2818,28.1385,0.0201,0.2246,0.3351
520710,2021-01,71.7409,27.7068,0.0145,0.2067,0.331
520710,2022-01,71.8116,27.6361,0.014,0.2131,0.3252
520710,2023-01,71.6871,27.6574,0.014,0.317,0.3244
520710,2024-01,72.1278,27.2137,0.015,0.3259,0.3175
520725,1985-01,28.2853,67.5987,3.4469,0.2997,0.3694
520725,1986-01,31.6782,64.5329,3.1268,0.2559,0.4062
520725,1987-01,34.6934,61.6622,3.0361,0.18,0.4282
520725,1988-01,36.9507,59.5326,2.9525,0.1417,0.4225
520725,1989-01,39.7181,56.8382,2.8907,0.1409,0.4121
520725,1990-01,41.0786,55.5394,2.8185,0.1373,0.4261
520725,1991-01,42.0823,54.5744,2.7746,0.1319,0.4367
520725,1992-01,44.2347,52.4651,2.7153,0.1473,0.4376
520725,1993-01,46.1529,50.5534,2.7015,0.1608,0.4314
520725,1994-01,47.5657,49.171,2.682,0.1693,0.4121
520725,1995-01,48.6251,48.1544,2.6537,0.1666,0.4002
520725,1996-01,49.8407,46.9399,2.6374,0.1756,0.4065
520725,1997-01,50.4421,46.286,2.6212,0.2339,0.4168
520725,1998-01,51.5741,45.1841,2.6095,0.2249,0.4074
520725,1999-01,53.1692,43.6535,2.5935,0.1589,0.4248
520725,2000-01,55.1106,41.8093,2.5931,0.146,0.341
520725,2001-01,56.2903,40.672,2.5797,0.1261,0.3319
520725,2002-01,57.8695,39.119,2.5639,0.1097,0.338
520725,2003-01,59.0714,37.9348,2.5497,0.1009,0.3431
520725,2004-01,59.7621,37.2588,2.5321,0.1017,0.3453
520725,2005-01,59.8438,37.1947,2.5143,0.0986,0.3486
520725,2006-01,59.9595,37.0889,2.5001,0.0947,0.3568
520725,2007-01,60.1744,36.8942,2.4842,0.0943,0.3529
520725,2008-01,60.7585,36.3181,2.473,0.0943,0.3561
520725,2009-01,61.3631,35.7201,2.4692,0.0938,0.3538
520725,2010-01,61.709,35.3859,2.4609,0.0924,0.3517
520725,2011-01,62.143,34.9517,2.4568,0.0919,0.3567
520725,2012-01,62.653,34.4569,2.4543,0.0895,0.3463
520725,2013-01,63.0134,34.1107,2.4471,0.0892,0.3395
520725,2014-01,63.2534,33.8739,2.4393,0.0877,0.3456
520725,2015-01,63.8877,33.2477,2.4364,0.0902,0.338
520725,2016-01,64.3134,32.8332,2.4288,0.0951,0.3296
520725,2017-01,64.6923,32.4546,2.4245,0.0998,0.3287
520725,2018-01,64.9565,32.1995,2.4176,0.1022,0.3241
520725,2019-01,64.9787,32.1908,2.4062,0.1002,0.3241
520725,2020-01,65.1524,32.0351,2.3988,0.0964,0.3173
520725,2021-01,65.4458,31.7565,2.3922,0.0958,0.3097
520725,2022-01,65.5078,31.7083,2.3866,0.0939,0.3034
520725,2023-01,65.7357,31.4837,2.3713,0.099,0.3104
520725,2024-01,66.0184,31.2062,2.3635,0.1034,0.3085
520735,1985-01,75.8175,18.7912,4.3074,0.0807,1.0032
520735,1986-01,77.5514,17.0382,4.305,0.0831,1.0223
520735,1987-01,78.6701,15.9244,4.2884,0.0835,1.0336
520735,1988-01,79.0234,15.7214,4.1521,0.0926,1.0105
520735,1989-01,79.618,15.2898,4.0032,0.0935,0.9955
520735,1990-01,80.2157,14.8629,3.8067,0.1028,1.0119
520735,1991-01,80.2383,15.052,3.6302,0.1078,0.9718
520735,1992-01,80.9035,14.6257,3.3692,0.1071,0.9945
520735,1993-01,81.4856,14.1403,3.2878,0.1105,0.9758
520735,1994-01,81.8581,13.7931,3.2199,0.1245,1.0045
520735,1995-01,82.1346,13.5541,3.1989,0.1319,0.9805
520735,1996-01,82.4441,13.2717,3.1849,0.1336,0.9657
520735,1997-01,82.5424,13.1834,3.1529,0.1342,0.9871
520735,1998-01,82.5752,13.2707,3.0855,0.1358,0.9329
520735,1999-01,82.6548,13.2497,3.0397,0.1378,0.918
520735,2000-01,82.7749,13.2678,3.0673,0.141,0.7491
520735,2001-01,82.7506,13.3338,3.039,0.1425,0.7341
520735,2002-01,82.7185,13.3834,2.9912,0.1426,0.7643
520735,2003-01,82.7176,13.402,2.9708,0.1439,0.7658
520735,2004-01,82.6653,13.466,2.9606,0.146,0.7621
520735,2005-01,82.6615,13.4815,2.9468,0.1463,0.7639
520735,2006-01,82.6957,13.4549,2.9274,0.1476,0.7743
520735,2007-01,82.7571,13.4175,2.883,0.1502,0.7922
520735,2008-01,82.7554,13.4251,2.8667,0.1513,0.8014
520735,2009-01,82.7476,13.4752,2.8773,0.1515,0.7485
520735,2010-01,82.7918,13.4444,2.8681,0.153,0.7426
520735,2011-01,82.805,13.4606,2.8571,0.1555,0.7218
520735,2012-01,82.9443,13.3287,2.8317,0.1928,0.7025
520735,2013-01,82.9054,13.3591,2.846,0.2143,0.6753
520735,2014-01,82.9015,13.358,2.8369,0.244,0.6596
520735,2015-01,82.9315,13.3416,2.8503,0.2506,0.626
520735,2016-01,82.9128,13.3747,2.8528,0.2542,0.6055
520735,2017-01,82.8784,13.4039,2.8292,0.2653,0.6233
520735,2018-01,82.8108,13.471,2.8189,0.2774,0.6219
520735,2019-01,82.8165,13.4837,2.8115,0.2804,0.6079
520735,2020-01,82.7941,13.4969,2.7938,0.2884,0.6268
520735,2021-01,82.7717,13.5321,2.8129,0.2943,0.5891
520735,2022-01,82.8158,13.5245,2.7755,0.2961,0.5881
520735,2023-01,82.8396,13.5348,2.6912,0.3,0.6345
520735,2024-01,82.9202,13.4974,2.688,0.3033,0.5911
520740,1985-01,76.2072,13.8051,8.9256,0.1184,0.9437
520740,1986-01,76.9039,13.0994,8.9229,0.1209,0.9529
520740,1987-01,77.2865,12.7101,8.9032,0.1199,0.9803
520740,1988-01,78.3596,11.9116,8.6496,0.128,0.9512
520740,1989-01,79.0046,11.6435,8.3398,0.1312,0.8809
520740,1990-01,79.6479,11.4568,7.8665,0.14,0.8889
520740,1991-01,79.8323,11.5278,7.5941,0.1502,0.8956
520740,1992-01,80.3188,11.532,7.0987,0.1525,0.898
520740,1993-01,80.6117,11.4126,6.9335,0.1547,0.8876
520740,1994-01,80.9521,11.2142,6.7872,0.1635,0.8831
520740,1995-01,81.0973,11.1676,6.7709,0.1697,0.7945
520740,1996-01,81.2335,11.1209,6.6932,0.172,0.7804
520740,1997-01,81.3723,11.0446,6.6006,0.1727,0.8098
520740,1998-01,81.4506,11.1964,6.4179,0.1742,0.7609
520740,1999-01,81.5525,11.2258,6.3545,0.1748,0.6924
520740,2000-01,81.6613,11.242,6.3953,0.1828,0.5186
520740,2001-01,81.6645,11.3306,6.3176,0.1846,0.5027
520740,2002-01,81.6114,11.4415,6.2099,0.1893,0.5478
520740,2003-01,81.5916,11.5107,6.1386,0.1974,0.5618
520740,2004-01,81.6718,11.4533,6.0997,0.208,0.5673
520740,2005-01,81.7192,11.4051,6.0827,0.2172,0.5758
520740,2006-01,81.7351,11.4169,6.0104,0.2196,0.618
520740,2007-01,81.7571,11.4345,5.9627,0.2228,0.6229
520740,2008-01,81.7425,11.4741,5.9437,0.2237,0.6159
520740,2009-01,81.7203,11.522,5.9421,0.2327,0.5829
520740,2010-01,81.7312,11.5191,5.9178,0.2436,0.5884
520740,2011-01,81.6997,11.5527,5.9164,0.2686,0.5626
520740,2012-01,81.7789,11.4735,5.9176,0.2965,0.5336
520740,2013-01,81.7625,11.5129,5.9143,0.3145,0.4958
520740,2014-01,81.8306,11.4352,5.8884,0.3341,0.5117
520740,2015-01,81.9467,11.3057,5.8752,0.3778,0.4947
520740,2016-01,82.0403,11.2491,5.8398,0.3764,0.4945
520740,2017-01,82.065,11.2262,5.8077,0.3887,0.5123
520740,2018-01,81.9731,11.2959,5.7904,0.4072,0.5334
520740,2019-01,82.0249,11.2728,5.7507,0.4155,0.5361
520740,2020-01,82.0425,11.265,5.7238,0.4326,0.5362
520740,2021-01,82.0457,11.2779,5.7058,0.4389,0.5317
520740,2022-01,82.1274,11.2598,5.6337,0.4414,0.5378
520740,2023-01,82.2036,11.2506,5.5328,0.4661,0.5469
520740,2024-01,82.3573,11.202,5.4603,0.4672,0.5131
520750,1985-01,64.5871,34.838,0.0384,0.45,0.0865
520750,1986-01,64.9371,34.4413,0.0335,0.4953,0.0929
520750,1987-01,62.9378,36.374,0.0314,0.5587,0.0981
520750,1988-01,62.0251,37.3094,0.0228,0.5403,0.1024
520750,1989-01,61.1637,38.0889,0.0208,0.6205,0.1062
520750,1990-01,60.9639,38.2561,0.0196,0.6441,0.1163
520750,1991-01,61.0562,38.2033,0.0179,0.6,0.1226
520750,1992-01,61.7732,37.5019,0.0156,0.5806,0.1287
520750,1993-01,62.4781,36.7962,0.0136,0.5806,0.1315
520750,1994-01,63.3182,35.9817,0.0147,0.5504,0.135
520750,1995-01,64.2431,35.101,0.0159,0.5019,0.1382
520750,1996-01,65.3753,33.9687,0.0159,0.4875,0.1526
520750,1997-01,65.4807,33.8535,0.0133,0.4742,0.1783
520750,1998-01,66.0414,33.1883,0.013,0.5709,0.1864
520750,1999-01,66.1264,33.063,0.0127,0.5882,0.2097
520750,2000-01,65.6278,33.593,0.0144,0.5619,0.2028
520750,2001-01,65.1621,34.0645,0.0144,0.5538,0.2051
520750,2002-01,64.9666,34.1937,0.0147,0.5668,0.2582
520750,2003-01,64.7078,34.4574,0.013,0.5602,0.2617
520750,2004-01,63.7863,35.3598,0.0124,0.5564,0.285
520750,2005-01,63.0304,36.1044,0.0115,0.5489,0.3047
520750,2006-01,62.3029,36.849,0.0078,0.5368,0.3035
520750,2007-01,61.9509,37.2249,0.0075,0.5267,0.29
520750,2008-01,62.1255,37.0501,0.0084,0.5247,0.2914
520750,2009-01,62.2467,36.9211,0.0095,0.5316,0.2911
520750,2010-01,62.6234,36.5256,0.0095,0.5504,0.2911
520750,2011-01,62.804,36.3433,0.0095,0.5215,0.3217
520750,2012-01,63.2582,35.8804,0.0092,0.5351,0.3171
520750,2013-01,63.1113,36.0216,0.0095,0.5403,0.3174
520750,2014-01,62.5165,36.5834,0.0095,0.5544,0.3361
520750,2015-01,61.6062,37.4666,0.0095,0.5714,0.3462
520750,2016-01,60.7332,38.3445,0.0075,0.5697,0.3451
520750,2017-01,60.3035,38.7875,0.0075,0.5608,0.3407
520750,2018-01,59.7443,39.3349,0.0075,0.5636,0.3497
520750,2019-01,60.0809,39.0151,0.0075,0.5628,0.3338
520750,2020-01,60.1549,38.9338,0.0078,0.5645,0.339
520750,2021-01,60.7449,38.3363,0.0078,0.576,0.335
520750,2022-01,61.0018,38.0811,0.0072,0.5801,0.3298
520750,2023-01,61.4947,37.564,0.0063,0.5879,0.3471
520750,2024-01,62.1501,36.9141,0.0063,0.5835,0.3459
520753,1985-01,44.1495,55.4472,0.1945,0.0824,0.1264
520753,1986-01,46.0373,53.5801,0.1791,0.0847,0.1187
520753,1987-01,47.2495,52.3856,0.1711,0.0805,0.1132
520753,1988-01,47.9976,51.6467,0.1598,0.079,0.1169
520753,1989-01,48.6155,51.0265,0.1396,0.1006,0.1178
520753,1990-01,50.6429,49.0096,0.1235,0.1057,0.1182
520753,1991-01,52.1893,47.4719,0.1175,0.1001,0.1212
520753,1992-01,53.0491,46.6281,0.1133,0.0874,0.122
520753,1993-01,53.4284,46.2624,0.1135,0.078,0.1176
520753,1994-01,53.4745,46.243,0.1066,0.0692,0.1066
520753,1995-01,53.9735,45.7548,0.1008,0.0633,0.1076
520753,1996-01,53.7079,46.0269,0.0936,0.0605,0.1111
520753,1997-01,54.179,45.5621,0.0884,0.0569,0.1137
520753,1998-01,53.8451,45.9223,0.0891,0.0558,0.0878
520753,1999-01,53.7295,46.03,0.0892,0.0575,0.0937
520753,2000-01,54.0253,45.7763,0.0945,0.0614,0.0425
520753,2001-01,54.4305,45.3758,0.095,0.0635,0.0352
520753,2002-01,54.5282,45.2701,0.0919,0.0625,0.0472
520753,2003-01,54.78,45.0149,0.092,0.0714,0.0418
520753,2004-01,54.9181,44.8766,0.0899,0.0752,0.0402
520753,2005-01,55.1173,44.68,0.0891,0.073,0.0406
520753,2006-01,55.3363,44.4558,0.0868,0.0728,0.0483
520753,2007-01,55.262,44.5344,0.0868,0.0707,0.046
520753,2008-01,55.1111,44.689,0.0878,0.0682,0.044
520753,2009-01,55.4135,44.3908,0.0876,0.0656,0.0426
520753,2010-01,56.0762,43.7269,0.0863,0.065,0.0457
520753,2011-01,56.3971,43.4072,0.0845,0.0669,0.0443
520753,2012-01,57.0161,42.7884,0.0836,0.0662,0.0456
520753,2013-01,57.61,42.2,0.0836,0.0652,0.0412
520753,2014-01,58.1551,41.6531,0.083,0.0666,0.0423
520753,2015-01,58.3314,41.4759,0.0818,0.0681,0.0428
520753,2016-01,58.3408,41.4583,0.0797,0.0722,0.0489
520753,2017-01,58.6287,41.1665,0.0786,0.0742,0.0519
520753,2018-01,58.9225,40.8659,0.0765,0.0785,0.0567
520753,2019-01,59.3452,40.4431,0.0753,0.0813,0.0552
520753,2020-01,59.771,40.0153,0.0747,0.0816,0.0574
520753,2021-01,60.0596,39.7224,0.0738,0.0851,0.0591
520753,2022-01,60.3207,39.4469,0.073,0.0881,0.0712
520753,2023-01,60.778,38.9805,0.0724,0.0908,0.0782
520753,2024-01,61.4429,38.3116,0.0713,0.0966,0.0777
520760,1985-01,60.3951,38.6063,0.4296,0.1222,0.4467
520760,1986-01,61.9815,37.0372,0.4124,0.1236,0.4453
520760,1987-01,62.4089,36.6141,0.4083,0.1236,0.4451
520760,1988-01,62.7972,36.2239,0.4049,0.1229,0.451
520760,1989-01,62.9283,36.0965,0.4013,0.1187,0.4552
520760,1990-01,63.9701,35.0647,0.3998,0.1119,0.4536
520760,1991-01,64.5237,34.5052,0.3983,0.1154,0.4575
520760,1992-01,64.6888,34.3215,0.3974,0.1314,0.4609
520760,1993-01,64.0674,34.924,0.3958,0.1461,0.4667
520760,1994-01,64.5127,34.4735,0.3927,0.1528,0.4683
520760,1995-01,64.4949,34.4685,0.394,0.1716,0.471
520760,1996-01,64.2569,34.6964,0.3907,0.1771,0.4789
520760,1997-01,65.1834,33.7743,0.3914,0.1695,0.4813
520760,1998-01,65.4703,33.489,0.3908,0.1698,0.4801
520760,1999-01,65.0119,33.9381,0.3886,0.1686,0.4928
520760,2000-01,65.4477,33.5325,0.3952,0.1749,0.4497
520760,2001-01,65.9204,33.0628,0.3939,0.1834,0.4395
520760,2002-01,65.787,33.1954,0.393,0.1832,0.4413
520760,2003-01,66.1356,32.8515,0.3928,0.1813,0.4388
520760,2004-01,66.1954,32.7727,0.3932,0.2017,0.437
520760,2005-01,66.0891,32.8507,0.393,0.225,0.4422
520760,2006-01,66.2291,32.7003,0.3942,0.2364,0.44
520760,2007-01,66.2748,32.6403,0.3953,0.2434,0.4462
520760,2008-01,65.9322,32.9808,0.3945,0.242,0.4505
520760,2009-01,65.7388,33.1849,0.3932,0.2269,0.4562
520760,2010-01,65.7259,33.2238,0.3958,0.199,0.4556
520760,2011-01,65.4752,33.5007,0.3957,0.1821,0.4463
520760,2012-01,65.5856,33.4005,0.3955,0.1763,0.4421
520760,2013-01,65.6677,33.328,0.3977,0.1701,0.4364
520760,2014-01,65.9286,33.0586,0.3984,0.1748,0.4396
520760,2015-01,66.0385,32.9458,0.3984,0.1777,0.4396
520760,2016-01,66.032,32.943,0.3998,0.1814,0.4438
520760,2017-01,65.9222,33.0526,0.3998,0.1814,0.4441
520760,2018-01,65.7933,33.17,0.3993,0.1763,0.4611
520760,2019-01,65.8934,33.0734,0.3976,0.1748,0.4609
520760,2020-01,66.1772,32.7854,0.3966,0.1771,0.4637
520760,2021-01,66.5271,32.4359,0.397,0.1795,0.4604
520760,2022-01,66.8725,32.0878,0.3946,0.1858,0.4594
520760,2023-01,67.2177,31.728,0.3958,0.1888,0.4697
520760,2024-01,68.4633,30.4905,0.3966,0.1898,0.4598
520780,1985-01,86.8424,12.4262,0.1766,0.354,0.2009
520780,1986-01,87.6289,11.6597,0.1561,0.3696,0.1857
520780,1987-01,88.0266,11.245,0.1563,0.3832,0.1889
520780,1988-01,88.2387,11.0424,0.1559,0.393,0.1701
520780,1989-01,88.2373,11.0409,0.1551,0.3984,0.1682
520780,1990-01,88.4468,10.8385,0.1445,0.3956,0.1745
520780,1991-01,88.6783,10.6302,0.137,0.393,0.1616
520780,1992-01,88.7313,10.5707,0.1303,0.4025,0.1652
520780,1993-01,88.8454,10.431,0.1279,0.4202,0.1756
520780,1994-01,89.0005,10.2351,0.1297,0.4539,0.1808
520780,1995-01,89.0861,10.1143,0.1309,0.4953,0.1733
520780,1996-01,89.1537,10.0092,0.1325,0.5341,0.1705
520780,1997-01,89.2908,9.8536,0.1319,0.5337,0.19
520780,1998-01,89.4002,9.7692,0.1311,0.5298,0.1697
520780,1999-01,89.4235,9.7298,0.1317,0.5365,0.1784
520780,2000-01,89.5054,9.6749,0.1382,0.5506,0.1309
520780,2001-01,89.497,9.6812,0.1374,0.5567,0.1277
520780,2002-01,89.558,9.6065,0.1325,0.5666,0.1364
520780,2003-01,89.4963,9.6708,0.1295,0.5707,0.1327
520780,2004-01,89.4605,9.6952,0.1269,0.5743,0.1431
520780,2005-01,89.3427,9.7842,0.1224,0.5782,0.1725
520780,2006-01,89.2914,9.8236,0.1208,0.5851,0.1792
520780,2007-01,89.2103,9.868,0.1187,0.6208,0.1821
520780,2008-01,89.0514,10.0168,0.1185,0.6328,0.1804
520780,2009-01,88.9552,10.1061,0.1163,0.6395,0.1829
520780,2010-01,88.8882,10.1648,0.1167,0.6442,0.1861
520780,2011-01,88.7841,10.2476,0.1173,0.6525,0.1985
520780,2012-01,88.7195,10.2909,0.1189,0.6604,0.2103
520780,2013-01,88.6612,10.3406,0.12,0.6714,0.2068
520780,2014-01,88.632,10.3643,0.1206,0.6781,0.205
520780,2015-01,88.608,10.3627,0.122,0.6996,0.2076
520780,2016-01,88.5207,10.4259,0.1244,0.7197,0.2093
520780,2017-01,88.4746,10.4551,0.1242,0.7345,0.2115
520780,2018-01,88.4091,10.5079,0.122,0.7504,0.2107
520780,2019-01,88.3648,10.5331,0.122,0.7654,0.2148
520780,2020-01,88.3494,10.5134,0.121,0.7821,0.2342
520780,2021-01,88.3796,10.4781,0.1191,0.7957,0.2275
520780,2022-01,88.3944,10.4419,0.1206,0.8127,0.2304
520780,2023-01,88.4198,10.3544,0.1228,0.8373,0.2657
520780,2024-01,88.6699,10.1106,0.1256,0.8562,0.2377
520790,1985-01,32.5135,63.9761,2.9356,0.0715,0.5034
520790,1986-01,34.3862,62.2998,2.7548,0.0626,0.4966
520790,1987-01,35.394,61.3718,2.685,0.0535,0.4957
520790,1988-01,35.4677,61.3654,2.5892,0.0599,0.5179
520790,1989-01,36.244,60.6167,2.5592,0.0648,0.5154
520790,1990-01,36.6852,60.2251,2.492,0.0652,0.5325
520790,1991-01,36.8489,60.1086,2.4525,0.0586,0.5314
520790,1992-01,37.7404,59.2465,2.4251,0.0467,0.5412
520790,1993-01,38.9139,58.0958,2.4131,0.0459,0.5313
520790,1994-01,40.1995,56.8307,2.3989,0.05,0.521
520790,1995-01,42.7676,54.2709,2.3888,0.0655,0.5071
520790,1996-01,44.7599,52.3248,2.3695,0.0814,0.4644
520790,1997-01,45.7227,51.4097,2.3456,0.0805,0.4416
520790,1998-01,46.5973,50.5776,2.3291,0.0825,0.4135
520790,1999-01,47.9009,49.2599,2.3224,0.0776,0.4391
520790,2000-01,49.0156,48.1969,2.3162,0.0684,0.4029
520790,2001-01,49.7646,47.4644,2.3057,0.0785,0.3868
520790,2002-01,51.2754,45.9669,2.2936,0.0795,0.3846
520790,2003-01,52.6499,44.6011,2.2788,0.0762,0.3939
520790,2004-01,53.0539,44.1849,2.2671,0.0816,0.4126
520790,2005-01,54.025,43.2166,2.2604,0.0835,0.4145
520790,2006-01,54.6535,42.5947,2.2479,0.0866,0.4173
520790,2007-01,55.1107,42.1636,2.2428,0.0897,0.3932
520790,2008-01,55.551,41.7316,2.2351,0.0953,0.3869
520790,2009-01,56.0006,41.2845,2.2266,0.1033,0.385
520790,2010-01,56.4716,40.8235,2.2242,0.1073,0.3734
520790,2011-01,56.7447,40.5585,2.2176,0.1123,0.3668
520790,2012-01,57.5458,39.7652,2.2084,0.1198,0.3607
520790,2013-01,58.7313,38.596,2.1988,0.1208,0.3532
520790,2014-01,59.5797,37.7626,2.1869,0.1213,0.3495
520790,2015-01,60.1707,37.1873,2.1777,0.1195,0.3448
520790,2016-01,60.5388,36.8445,2.1588,0.1175,0.3404
520790,2017-01,60.4682,36.9353,2.1402,0.1154,0.3408
520790,2018-01,60.1017,37.3024,2.1268,0.1153,0.3538
520790,2019-01,60.0848,37.3392,2.114,0.1138,0.3483
520790,2020-01,59.694,37.7343,2.1034,0.1156,0.3527
520790,2021-01,60.3592,37.0713,2.0982,0.1181,0.3532
520790,2022-01,61.0001,36.44,2.0853,0.1204,0.3542
520790,2023-01,61.5543,35.8852,2.0681,0.1233,0.3691
520790,2024-01,62.6217,34.8719,2.0137,0.1267,0.366
520800,1985-01,21.5232,70.1258,7.1729,0.8264,0.3518
520800,1986-01,22.4748,69.254,7.1412,0.7758,0.3542
520800,1987-01,23.4299,68.4355,7.0581,0.7168,0.3598
520800,1988-01,24.5248,67.3785,6.9815,0.7517,0.3636
520800,1989-01,25.4692,66.5124,6.9335,0.7295,0.3554
520800,1990-01,26.54,65.5044,6.9021,0.6844,0.3692
520800,1991-01,27.3784,64.7637,6.8513,0.6358,0.3707
520800,1992-01,27.9197,64.2567,6.8215,0.6237,0.3784
520800,1993-01,28.3273,63.852,6.8012,0.6558,0.3637
520800,1994-01,28.5936,63.5805,6.7724,0.6957,0.3577
520800,1995-01,29.1488,63.0503,6.7492,0.7179,0.3338
520800,1996-01,29.6319,62.5979,6.7181,0.7441,0.3079
520800,1997-01,30.2289,62.0455,6.6866,0.7298,0.3092
520800,1998-01,31.2863,61.0529,6.6545,0.6974,0.3089
520800,1999-01,32.3858,59.9886,6.641,0.6748,0.3098
520800,2000-01,33.6691,58.729,6.6397,0.6767,0.2855
520800,2001-01,34.2113,58.1963,6.6264,0.693,0.273
520800,2002-01,34.5488,57.7974,6.6072,0.7103,0.3363
520800,2003-01,34.3563,57.9309,6.5974,0.719,0.3964
520800,2004-01,34.0893,58.1601,6.5782,0.7221,0.4503
520800,2005-01,33.9893,58.2649,6.5715,0.7252,0.4491
520800,2006-01,34.1532,58.1163,6.5584,0.7222,0.4498
520800,2007-01,34.2857,58.017,6.5497,0.709,0.4386
520800,2008-01,34.2631,58.0485,6.5384,0.7154,0.4345
520800,2009-01,34.2123,58.1012,6.5173,0.7332,0.436
520800,2010-01,34.2652,58.0563,6.5082,0.7406,0.4297
520800,2011-01,34.3152,57.9966,6.4973,0.7635,0.4274
520800,2012-01,34.8099,57.5032,6.4866,0.7774,0.4229
520800,2013-01,35.581,56.7505,6.4772,0.7733,0.4179
520800,2014-01,36.2812,56.0643,6.4658,0.7745,0.4141
520800,2015-01,36.7515,55.6139,6.4528,0.7749,0.4069
520800,2016-01,36.9648,55.4203,6.4394,0.7788,0.3967
520800,2017-01,36.7099,55.6728,6.4278,0.7916,0.398
520800,2018-01,36.4182,55.9535,6.4132,0.8096,0.4055
520800,2019-01,36.1938,56.1806,6.4043,0.8169,0.4044
520800,2020-01,36.0915,56.2839,6.3914,0.8238,0.4093
520800,2021-01,36.2299,56.1424,6.3805,0.8381,0.4091
520800,2022-01,36.4114,55.9621,6.3644,0.8427,0.4194
520800,2023-01,36.6216,55.7545,6.3515,0.8454,0.427
520800,2024-01,36.807,55.579,6.3349,0.8583,0.4207
520810,1985-01,33.324,66.3685,0.0148,0.2553,0.0374
520810,1986-01,34.301,65.3881,0.0209,0.2578,0.0322
520810,1987-01,33.6039,66.0908,0.021,0.2576,0.0267
520810,1988-01,33.443,66.2569,0.0153,0.2551,0.0298
520810,1989-01,33.5925,66.1092,0.0151,0.2546,0.0288
520810,1990-01,33.9889,65.7215,0.0148,0.2413,0.0334
520810,1991-01,34.8449,64.866,0.0154,0.2409,0.0329
520810,1992-01,36.283,63.4248,0.016,0.2394,0.0368
520810,1993-01,37.1499,62.5506,0.0217,0.2432,0.0345
520810,1994-01,37.8405,61.8504,0.022,0.2486,0.0386
520810,1995-01,38.7319,60.9557,0.0149,0.2546,0.0429
520810,1996-01,39.2863,60.404,0.0146,0.2536,0.0414
520810,1997-01,39.3162,60.3799,0.014,0.245,0.0448
520810,1998-01,40.1556,59.5516,0.0199,0.2385,0.0343
520810,1999-01,40.5886,59.1131,0.0199,0.2425,0.0359
520810,2000-01,41.0512,58.6569,0.0187,0.2441,0.0292
520810,2001-01,41.3063,58.4032,0.0189,0.2447,0.027
520810,2002-01,41.7699,57.9367,0.019,0.246,0.0284
520810,2003-01,42.2004,57.5048,0.0193,0.2453,0.0302
520810,2004-01,42.4406,57.2627,0.019,0.2444,0.0334
520810,2005-01,42.6143,57.0901,0.0181,0.2437,0.0338
520810,2006-01,42.6747,57.0312,0.0165,0.2439,0.0337
520810,2007-01,42.7261,56.9798,0.0166,0.2439,0.0336
520810,2008-01,42.4451,57.2581,0.0166,0.2439,0.0364
520810,2009-01,42.3547,57.3405,0.0166,0.2465,0.0416
520810,2010-01,42.7659,56.9336,0.0166,0.243,0.0409
520810,2011-01,43.1153,56.5932,0.0165,0.2348,0.0402
520810,2012-01,43.5723,56.1374,0.0163,0.2352,0.0389
520810,2013-01,44.1407,55.5705,0.0163,0.2322,0.0403
520810,2014-01,44.6853,55.0218,0.0167,0.2341,0.0422
520810,2015-01,44.9159,54.7892,0.0169,0.2358,0.0423
520810,2016-01,45.1416,54.5665,0.0173,0.2345,0.0401
520810,2017-01,45.1384,54.5685,0.0176,0.233,0.0425
520810,2018-01,44.9398,54.7565,0.0175,0.2349,0.0513
520810,2019-01,44.8702,54.8219,0.0173,0.2378,0.0529
520810,2020-01,45.2865,54.403,0.0172,0.2405,0.0529
520810,2021-01,45.5859,54.0981,0.0172,0.2453,0.0535
520810,2022-01,46.0844,53.5875,0.0159,0.2542,0.058
520810,2023-01,47.6061,52.06,0.0164,0.2558,0.0617
520810,2024-01,48.4728,51.1893,0.0157,0.2554,0.0668
520815,1985-01,51.2295,44.6161,3.1091,1.0148,0.0305
520815,1986-01,52.2939,43.8068,2.8415,1.0304,0.0274
520815,1987-01,51.7523,44.6041,2.6119,1.0037,0.028
520815,1988-01,52.4284,44.4391,2.2149,0.8836,0.034
520815,1989-01,51.6211,45.454,2.0322,0.8617,0.0309
520815,1990-01,52.1175,45.1093,1.7263,1.0164,0.0305
520815,1991-01,53.8999,43.6212,1.3915,1.0564,0.0309
520815,1992-01,55.7632,42.0297,1.2688,0.8982,0.0401
520815,1993-01,58.0493,40.1343,1.1444,0.6362,0.0358
520815,1994-01,59.4519,38.9748,1.0582,0.4751,0.04
520815,1995-01,60.1463,38.3881,0.963,0.4591,0.0435
520815,1996-01,61.4217,37.1378,0.9086,0.4882,0.0438
520815,1997-01,63.3911,35.3104,0.8191,0.4333,0.0461
520815,1998-01,65.5045,33.3562,0.7672,0.3244,0.0477
520815,1999-01,66.7001,32.1062,0.7516,0.3921,0.0501
520815,2000-01,68.2038,30.6241,0.7155,0.428,0.0286
520815,2001-01,69.5084,29.4221,0.6869,0.3553,0.0273
520815,2002-01,71.0405,27.9345,0.6285,0.3632,0.0333
520815,2003-01,72.2766,26.7833,0.5801,0.3277,0.0323
520815,2004-01,73.1416,26.0177,0.5432,0.2656,0.032
520815,2005-01,73.8623,25.3564,0.5179,0.2311,0.0323
520815,2006-01,74.0444,25.2044,0.5035,0.2124,0.0353
520815,2007-01,74.2805,24.9772,0.4861,0.2162,0.04
520815,2008-01,74.3993,24.8688,0.4741,0.2193,0.0385
520815,2009-01,74.4391,24.8451,0.4578,0.2228,0.0352
520815,2010-01,74.5347,24.7615,0.4414,0.2276,0.0347
520815,2011-01,74.5208,24.7549,0.4317,0.2574,0.0352
520815,2012-01,74.6431,24.6474,0.4174,0.254,0.0381
520815,2013-01,74.7567,24.5629,0.4058,0.2352,0.0394
520815,2014-01,74.751,24.5677,0.3999,0.2403,0.0412
520815,2015-01,74.7784,24.5272,0.3971,0.2542,0.0432
520815,2016-01,74.7808,24.5312,0.3864,0.253,0.0486
520815,2017-01,74.8393,24.4831,0.3737,0.2512,0.0527
520815,2018-01,74.9332,24.3855,0.372,0.2531,0.0562
520815,2019-01,75.0743,24.2411,0.3695,0.259,0.0562
520815,2020-01,75.1598,24.1477,0.3626,0.2718,0.0581
520815,2021-01,75.3526,23.9671,0.3497,0.2717,0.059
520815,2022-01,75.4721,23.8319,0.3466,0.2798,0.0696
520815,2023-01,75.5208,23.7559,0.3405,0.3008,0.082
520815,2024-01,75.6904,23.5974,0.3351,0.2978,0.0794
520830,1985-01,37.4852,56.8954,5.3076,0.2868,0.0251
520830,1986-01,42.235,52.2199,5.2305,0.2797,0.0349
520830,1987-01,44.0255,50.467,5.1911,0.2753,0.041
520830,1988-01,45.7983,48.7183,5.1612,0.2655,0.0567
520830,1989-01,46.6377,47.9073,5.1508,0.2374,0.0668
520830,1990-01,48.3068,46.253,5.143,0.2277,0.0694
520830,1991-01,49.0882,45.4825,5.1294,0.2303,0.0697
520830,1992-01,50.5205,44.0466,5.1209,0.2454,0.0667
520830,1993-01,51.1376,43.4167,5.1156,0.2609,0.0691
520830,1994-01,51.1619,43.3691,5.1126,0.2931,0.0634
520830,1995-01,50.3348,44.1913,5.1047,0.3098,0.0594
520830,1996-01,51.1056,43.4107,5.102,0.3285,0.0531
520830,1997-01,51.0244,43.5079,5.1003,0.3185,0.0489
520830,1998-01,51.1045,43.4447,5.0961,0.3082,0.0465
520830,1999-01,52.0952,42.4682,5.0912,0.3024,0.043
520830,2000-01,52.9973,41.5948,5.0892,0.286,0.0327
520830,2001-01,53.7836,40.8095,5.0876,0.2897,0.0295
520830,2002-01,54.6944,39.8862,5.0891,0.3016,0.0287
520830,2003-01,55.1909,39.3718,5.0893,0.3184,0.0296
520830,2004-01,55.3726,39.1829,5.083,0.3286,0.0329
520830,2005-01,56.0993,38.449,5.0818,0.3307,0.0393
520830,2006-01,56.277,38.2811,5.0795,0.3183,0.0442
520830,2007-01,56.4305,38.1244,5.0777,0.3261,0.0414
520830,2008-01,56.2075,38.3625,5.0737,0.3161,0.0403
520830,2009-01,55.7187,38.8347,5.0466,0.3563,0.0437
520830,2010-01,55.1313,39.4087,5.0131,0.4026,0.0443
520830,2011-01,55.0506,39.5259,5.0125,0.3687,0.0423
520830,2012-01,54.906,39.7221,5.0054,0.3255,0.041
520830,2013-01,54.9399,39.7161,5.0032,0.2976,0.0433
520830,2014-01,54.8145,39.8436,5.0032,0.2938,0.045
520830,2015-01,54.9265,39.7351,5.002,0.2923,0.044
520830,2016-01,54.9355,39.7353,4.9995,0.286,0.0437
520830,2017-01,54.7244,39.949,4.9939,0.2874,0.0453
520830,2018-01,54.6184,40.0386,4.9862,0.3083,0.0484
520830,2019-01,53.9821,40.6646,4.9831,0.3224,0.0478
520830,2020-01,54.1162,40.5365,4.9809,0.3197,0.0467
520830,2021-01,54.0279,40.6244,4.9769,0.3262,0.0446
520830,2022-01,54.2678,40.3653,4.979,0.3392,0.0486
520830,2023-01,54.9182,39.704,4.9745,0.3513,0.052
520830,2024-01,55.8006,38.8285,4.9751,0.3415,0.0542
520840,1985-01,60.3176,38.3615,0.1885,0.8177,0.3146
520840,1986-01,62.4048,36.3774,0.0963,0.846,0.2755
520840,1987-01,63.4419,35.349,0.0757,0.8522,0.2812
520840,1988-01,64.239,34.4525,0.0675,0.9274,0.3136
520840,1989-01,64.5907,34.0798,0.0551,0.9583,0.3162
520840,1990-01,64.8133,33.8119,0.0432,1.0108,0.3208
520840,1991-01,65.1387,33.4823,0.0422,1.0083,0.3285
520840,1992-01,65.2483,33.351,0.0335,1.0453,0.3218
520840,1993-01,65.5995,32.9298,0.0381,1.1051,0.3275
520840,1994-01,65.9198,32.588,0.035,1.1262,0.3311
520840,1995-01,66.2163,32.2085,0.035,1.2178,0.3224
520840,1996-01,66.9944,31.2487,0.0355,1.4017,0.3198
520840,1997-01,67.1061,30.948,0.0371,1.5762,0.3327
520840,1998-01,66.9913,30.9294,0.0371,1.6977,0.3445
520840,1999-01,67.1602,30.7044,0.0324,1.7343,0.3687
520840,2000-01,67.1673,30.706,0.034,1.8213,0.2714
520840,2001-01,67.2688,30.6226,0.034,1.8115,0.2631
520840,2002-01,67.381,30.5119,0.034,1.8069,0.2662
520840,2003-01,67.7049,30.1251,0.0314,1.8651,0.2734
520840,2004-01,67.7935,29.999,0.0293,1.913,0.2652
520840,2005-01,67.6385,30.1216,0.0252,1.9444,0.2703
520840,2006-01,67.57,30.1591,0.0237,1.9851,0.2621
520840,2007-01,67.465,30.2292,0.0237,2.0268,0.2554
520840,2008-01,67.864,29.8229,0.0247,2.0402,0.2482
520840,2009-01,67.9685,29.6643,0.0247,2.121,0.2214
520840,2010-01,67.1911,28.9467,0.0211,2.1725,1.6686
520840,2011-01,66.5141,28.7227,0.0242,2.2668,2.4722
520840,2012-01,66.2932,28.8591,0.0278,2.3146,2.5052
520840,2013-01,66.1804,28.8427,0.0293,2.4501,2.4975
520840,2014-01,66.1727,28.782,0.0304,2.5098,2.5052
520840,2015-01,66.0501,28.8772,0.0293,2.5381,2.5052
520840,2016-01,65.89,28.9766,0.0304,2.5927,2.5103
520840,2017-01,65.6912,28.9694,0.0304,2.8044,2.5047
520840,2018-01,65.3318,29.2046,0.0304,2.9321,2.5011
520840,2019-01,65.1485,29.2607,0.0293,3.0747,2.4867
520840,2020-01,65.0852,29.2072,0.0304,3.1881,2.4892
520840,2021-01,65.0708,29.0944,0.0283,3.306,2.5006
520840,2022-01,65.2849,28.7108,0.0221,3.3982,2.584
520840,2023-01,65.1422,28.6557,0.0221,3.5507,2.6293
520840,2024-01,65.3265,28.3777,0.0227,3.6526,2.6205
520850,1985-01,55.5561,43.3502,0.2781,0.4888,0.3268
520850,1986-01,56.7785,42.0667,0.2562,0.5642,0.3344
520850,1987-01,56.6673,42.1787,0.2391,0.5811,0.3338
520850,1988-01,57.3827,41.4692,0.2306,0.5884,0.329
520850,1989-01,57.876,41.0199,0.2082,0.5692,0.3267
520850,1990-01,58.1805,40.8169,0.1947,0.4726,0.3353
520850,1991-01,59.5019,39.6554,0.1748,0.3263,0.3416
520850,1992-01,59.9686,39.2606,0.1679,0.266,0.3368
520850,1993-01,60.8179,38.4409,0.1476,0.2634,0.3301
520850,1994-01,61.6388,37.6117,0.1246,0.2849,0.3399
520850,1995-01,62.3715,36.8753,0.1142,0.2912,0.3478
520850,1996-01,63.0486,36.2323,0.1075,0.2793,0.3325
520850,1997-01,63.966,35.3197,0.1031,0.2736,0.3375
520850,1998-01,64.711,34.5884,0.0918,0.2554,0.3534
520850,1999-01,64.997,34.3132,0.0893,0.2506,0.3499
520850,2000-01,65.3608,34.0048,0.0872,0.2516,0.2956
520850,2001-01,66.0402,33.3342,0.0863,0.2581,0.2813
520850,2002-01,66.5412,32.8373,0.083,0.2585,0.2801
520850,2003-01,67.2708,32.0876,0.0813,0.2688,0.2914
520850,2004-01,68.0011,31.3489,0.0794,0.2766,0.2941
520850,2005-01,68.5067,30.8547,0.0754,0.2628,0.3004
520850,2006-01,68.8112,30.5553,0.0699,0.2585,0.3052
520850,2007-01,68.8844,30.4926,0.0639,0.256,0.3031
520850,2008-01,69.0731,30.2983,0.0621,0.2627,0.3038
520850,2009-01,69.0869,30.2749,0.0587,0.2696,0.3099
520850,2010-01,68.6652,29.9825,0.0573,0.2651,1.0299
520850,2011-01,68.9058,29.6814,0.0519,0.2634,1.0974
520850,2012-01,69.1805,29.4038,0.0507,0.2623,1.1027
520850,2013-01,69.2676,29.3169,0.0485,0.2673,1.0997
520850,2014-01,69.4643,29.1082,0.0472,0.2633,1.117
520850,2015-01,69.9235,28.6487,0.0467,0.2639,1.1171
520850,2016-01,70.1317,28.4379,0.0478,0.2742,1.1085
520850,2017-01,70.1277,28.3917,0.0469,0.2958,1.1379
520850,2018-01,70.1158,28.3878,0.0457,0.3025,1.1482
520850,2019-01,70.0921,28.3875,0.0457,0.3269,1.1479
520850,2020-01,70.1241,28.3418,0.0436,0.3385,1.1521
520850,2021-01,70.1283,28.3383,0.044,0.343,1.1464
520850,2022-01,70.1315,28.3139,0.0427,0.346,1.166
520850,2023-01,70.3406,28.0857,0.0419,0.3449,1.1869
520850,2024-01,70.6318,27.7986,0.0412,0.3348,1.1936
520860,1985-01,67.3587,31.2384,0.217,0.8136,0.3723
520860,1986-01,68.929,29.6884,0.2,0.8376,0.345
520860,1987-01,69.3248,29.3117,0.1971,0.8306,0.3358
520860,1988-01,69.5851,29.075,0.1846,0.8014,0.354
520860,1989-01,69.95,28.7177,0.1745,0.7961,0.3617
520860,1990-01,70.5044,28.1673,0.168,0.7923,0.3679
520860,1991-01,70.999,27.6801,0.1609,0.7832,0.3768
520860,1992-01,71.4206,27.2306,0.1571,0.8105,0.3812
520860,1993-01,72.0772,26.5444,0.1568,0.836,0.3856
520860,1994-01,72.5614,26.0287,0.1518,0.8718,0.3863
520860,1995-01,72.8346,25.7391,0.1489,0.8995,0.3779
520860,1996-01,72.7923,25.7401,0.1495,0.9449,0.3732
520860,1997-01,72.7412,25.7756,0.1436,0.9538,0.3858
520860,1998-01,72.5502,25.9502,0.1435,0.9856,0.3705
520860,1999-01,72.1339,26.3492,0.1362,1.0043,0.3764
520860,2000-01,71.9449,26.6,0.1441,1.0157,0.2953
520860,2001-01,71.8907,26.6448,0.144,1.0348,0.2857
520860,2002-01,71.963,26.5349,0.138,1.0647,0.2993
520860,2003-01,71.9545,26.5128,0.1365,1.0913,0.3049
520860,2004-01,71.9221,26.5221,0.1352,1.1027,0.3179
520860,2005-01,71.9485,26.4875,0.1354,1.1042,0.3243
520860,2006-01,72.0534,26.3681,0.1326,1.1189,0.3271
520860,2007-01,72.0286,26.3706,0.1311,1.1406,0.3291
520860,2008-01,71.8797,26.4846,0.1296,1.1869,0.3191
520860,2009-01,71.7126,26.608,0.1288,1.2292,0.3213
520860,2010-01,71.5737,26.644,0.1283,1.3301,0.324
520860,2011-01,71.4826,26.6833,0.128,1.3744,0.3316
520860,2012-01,71.5273,26.6318,0.1269,1.388,0.3261
520860,2013-01,71.599,26.5036,0.1263,1.4571,0.314
520860,2014-01,71.5597,26.4946,0.1248,1.5059,0.315
520860,2015-01,71.4194,26.6043,0.1255,1.5431,0.3076
520860,2016-01,71.3489,26.617,0.1257,1.6011,0.3073
520860,2017-01,71.2512,26.6665,0.127,1.6598,0.2954
520860,2018-01,71.1222,26.7702,0.1254,1.6767,0.3054
520860,2019-01,71.0185,26.8635,0.1243,1.6952,0.2985
520860,2020-01,70.8884,26.9803,0.1228,1.7028,0.3058
520860,2021-01,71.0621,26.7871,0.1225,1.7165,0.3118
520860,2022-01,71.1797,26.6512,0.1206,1.7172,0.3312
520860,2023-01,71.5442,26.2785,0.1216,1.7237,0.3321
520860,2024-01,71.9635,25.8642,0.123,1.7288,0.3205
520870,1985-01,56.7,21.1253,1.3483,20.2914,0.535
520870,1986-01,57.9779,19.4826,1.2187,20.7917,0.5291
520870,1987-01,58.252,18.9325,1.1949,21.087,0.5337
520870,1988-01,58.1303,18.4887,1.1021,21.687,0.5919
520870,1989-01,58.0655,18.0991,1.033,22.2231,0.5792
520870,1990-01,58.0755,17.9379,0.9743,22.4272,0.5851
520870,1991-01,58.0214,17.722,0.8965,22.766,0.5941
520870,1992-01,57.9122,17.4489,0.797,23.2556,0.5863
520870,1993-01,57.7446,17.1252,0.7529,23.7969,0.5804
520870,1994-01,57.0132,16.7629,0.705,24.9424,0.5765
520870,1995-01,56.4123,16.3959,0.699,25.9269,0.5659
520870,1996-01,55.9192,16.1006,0.7066,26.742,0.5315
520870,1997-01,55.3083,15.9487,0.6662,27.5008,0.5761
520870,1998-01,54.6046,15.9601,0.6698,28.2219,0.5435
520870,1999-01,53.6165,15.9106,0.703,29.2647,0.5052
520870,2000-01,52.4768,15.9369,0.7546,30.4637,0.3681
520870,2001-01,51.7291,15.8962,0.7434,31.2603,0.371
520870,2002-01,51.0475,15.9313,0.7276,31.8879,0.4058
520870,2003-01,50.2452,16.0073,0.7051,32.6276,0.4149
520870,2004-01,49.3256,16.1365,0.6937,33.4324,0.4118
520870,2005-01,48.5048,16.1748,0.6899,34.2107,0.4197
520870,2006-01,47.6219,16.1894,0.6744,35.0844,0.4299
520870,2007-01,46.9849,16.2678,0.673,35.6497,0.4245
520870,2008-01,46.5277,16.293,0.659,36.107,0.4132
520870,2009-01,45.8258,16.2875,0.6651,36.8266,0.3949
520870,2010-01,44.6489,16.2734,0.653,37.5531,0.8715
520870,2011-01,43.9565,16.2468,0.649,38.079,1.0686
520870,2012-01,43.377,16.2469,0.6427,38.6606,1.0729
520870,2013-01,43.0526,16.2068,0.6502,39.0398,1.0505
520870,2014-01,42.8691,16.1582,0.646,39.2826,1.0441
520870,2015-01,42.5196,16.273,0.6401,39.53,1.0373
520870,2016-01,42.3588,16.3154,0.646,39.6537,1.0261
520870,2017-01,42.174,16.3715,0.641,39.8004,1.013
520870,2018-01,41.8735,16.4586,0.6353,40.0169,1.0157
520870,2019-01,41.6606,16.4832,0.6352,40.2093,1.0117
520870,2020-01,41.1551,16.5687,0.6342,40.6324,1.0096
520870,2021-01,40.8136,16.6193,0.6315,40.9231,1.0125
520870,2022-01,40.445,16.6477,0.6022,41.2291,1.0761
520870,2023-01,40.2362,16.6679,0.5978,41.4226,1.0756
520870,2024-01,40.3566,16.3626,0.6014,41.6229,1.0566
520880,1985-01,68.9271,27.2756,1.1526,2.2847,0.36
520880,1986-01,71.5488,24.6338,1.0636,2.4047,0.3492
520880,1987-01,73.027,23.1194,1.0423,2.434,0.3773
520880,1988-01,74.1624,22.12,0.9945,2.3036,0.4194
520880,1989-01,75.4654,20.7846,0.9512,2.3883,0.4106
520880,1990-01,77.0098,19.3124,0.8589,2.4196,0.3993
520880,1991-01,77.4132,18.7597,0.7802,2.6231,0.4238
520880,1992-01,78.1072,17.8722,0.7365,2.8366,0.4475
520880,1993-01,78.7363,17.0598,0.7289,3.0031,0.472
520880,1994-01,78.9113,16.5994,0.6855,3.3213,0.4824
520880,1995-01,78.7585,16.1632,0.6843,3.9236,0.4704
520880,1996-01,78.9392,15.7506,0.6743,4.1528,0.4832
520880,1997-01,79.1286,15.4528,0.6498,4.2683,0.5005
520880,1998-01,79.0805,15.2846,0.6486,4.4863,0.5001
520880,1999-01,78.9718,15.1866,0.6369,4.6869,0.5177
520880,2000-01,78.898,15.1509,0.6674,4.8791,0.4045
520880,2001-01,78.6661,15.1416,0.665,5.1255,0.4017
520880,2002-01,78.5128,15.1573,0.651,5.2647,0.4142
520880,2003-01,78.2448,15.1388,0.6265,5.5428,0.4471
520880,2004-01,77.677,15.2058,0.6277,6.0576,0.4318
520880,2005-01,77.3123,15.1248,0.6189,6.4929,0.4511
520880,2006-01,76.899,15.1697,0.6068,6.8657,0.4587
520880,2007-01,76.6502,15.2199,0.5976,7.0719,0.4603
520880,2008-01,76.4668,15.2789,0.5944,7.2027,0.4571
520880,2009-01,76.2204,15.2717,0.6036,7.4688,0.4354
520880,2010-01,75.7834,15.2677,0.6072,7.9102,0.4314
520880,2011-01,75.0985,15.2765,0.6137,8.5843,0.427
520880,2012-01,74.0861,15.181,0.6137,9.6898,0.4294
520880,2013-01,73.7523,15.0951,0.6185,10.1284,0.4057
520880,2014-01,73.5801,15.0381,0.6072,10.3696,0.4049
520880,2015-01,73.1684,15.1324,0.6101,10.6942,0.3949
520880,2016-01,73.0094,15.1377,0.6113,10.8608,0.3809
520880,2017-01,72.7004,15.1963,0.604,11.1108,0.3885
520880,2018-01,72.5439,15.2328,0.5988,11.2316,0.3929
520880,2019-01,72.3549,15.1899,0.5976,11.423,0.4346
520880,2020-01,72.0603,15.2741,0.5936,11.6381,0.4338
520880,2021-01,71.8421,15.2011,0.5904,11.9294,0.4371
520880,2022-01,71.5411,15.1497,0.5691,12.2629,0.4772
520880,2023-01,71.3834,15.0899,0.5643,12.4784,0.484
520880,2024-01,71.438,14.9554,0.5503,12.5687,0.4876
520890,1985-01,53.5074,45.5818,0.5572,0.1084,0.2452
520890,1986-01,55.2357,43.8537,0.5476,0.1162,0.2467
520890,1987-01,55.8482,43.2438,0.5425,0.1164,0.2491
520890,1988-01,56.7246,42.3776,0.5364,0.1123,0.2492
520890,1989-01,56.9757,42.122,0.5288,0.1196,0.2538
520890,1990-01,57.8156,41.2746,0.5229,0.1187,0.2682
520890,1991-01,58.5515,40.5411,0.5194,0.1179,0.2701
520890,1992-01,58.9529,40.1392,0.5158,0.1184,0.2738
520890,1993-01,59.2952,39.8008,0.5138,0.1195,0.2707
520890,1994-01,59.8635,39.228,0.5119,0.1262,0.2704
520890,1995-01,60.1912,38.906,0.5094,0.1302,0.2632
520890,1996-01,60.4548,38.6426,0.5062,0.1327,0.2637
520890,1997-01,60.8705,38.2179,0.5051,0.1468,0.2598
520890,1998-01,60.2014,38.8949,0.5055,0.1484,0.2498
520890,1999-01,60.1532,38.9464,0.5048,0.145,0.2507
520890,2000-01,59.991,39.1762,0.5065,0.1475,0.1788
520890,2001-01,60.0097,39.1642,0.5073,0.1504,0.1685
520890,2002-01,60.279,38.8932,0.5067,0.1513,0.1698
520890,2003-01,60.4234,38.7489,0.5059,0.1546,0.1673
520890,2004-01,60.4475,38.729,0.5064,0.1582,0.159
520890,2005-01,60.3221,38.8559,0.506,0.1579,0.1581
520890,2006-01,60.2443,38.9256,0.505,0.1645,0.1606
520890,2007-01,60.1506,39.0226,0.5045,0.1669,0.1554
520890,2008-01,59.7654,39.4128,0.5042,0.1679,0.1496
520890,2009-01,59.7259,39.4507,0.5039,0.1711,0.1484
520890,2010-01,59.8417,39.3298,0.5034,0.1767,0.1484
520890,2011-01,59.7782,39.3983,0.5029,0.176,0.1445
520890,2012-01,60.1312,39.0546,0.5027,0.1767,0.1347
520890,2013-01,60.2291,38.9661,0.5032,0.1811,0.1205
520890,2014-01,60.4271,38.7585,0.5028,0.1905,0.1211
520890,2015-01,60.3442,38.8368,0.502,0.1961,0.1209
520890,2016-01,60.0048,39.1867,0.5019,0.2027,0.1039
520890,2017-01,60.0066,39.1865,0.5013,0.2052,0.1004
520890,2018-01,60.067,39.1129,0.501,0.2147,0.1044
520890,2019-01,60.2418,38.9371,0.5001,0.2181,0.1029
520890,2020-01,60.7438,38.4265,0.4996,0.22,0.1101
520890,2021-01,61.0883,38.078,0.4993,0.2232,0.1111
520890,2022-01,61.3833,37.7517,0.4982,0.2264,0.1404
520890,2023-01,61.8194,37.2989,0.4976,0.2328,0.1513
520890,2024-01,62.4882,36.6372,0.4967,0.2337,0.1443
520910,1985-01,82.0396,12.2322,4.8205,0.3642,0.5434
520910,1986-01,82.5767,11.6662,4.8076,0.3891,0.5604
520910,1987-01,82.8226,11.407,4.7982,0.3963,0.5759
520910,1988-01,82.981,11.322,4.7185,0.4075,0.571
520910,1989-01,83.1324,11.3094,4.6025,0.4013,0.5544
520910,1990-01,83.164,11.444,4.4356,0.4006,0.5559
520910,1991-01,83.2592,11.4771,4.2953,0.4039,0.5645
520910,1992-01,83.4597,11.4471,4.1112,0.4079,0.5741
520910,1993-01,83.6361,11.3272,4.0454,0.4106,0.5807
520910,1994-01,83.7768,11.2854,3.9622,0.4085,0.5671
520910,1995-01,83.9781,11.1615,3.9007,0.4125,0.5472
520910,1996-01,84.1479,11.0326,3.8505,0.4171,0.5518
520910,1997-01,84.3269,10.9283,3.7671,0.4179,0.5598
520910,1998-01,84.3849,10.934,3.6739,0.4349,0.5722
520910,1999-01,84.3602,11.0388,3.6068,0.4475,0.5466
520910,2000-01,84.4178,11.0826,3.6463,0.4653,0.3881
520910,2001-01,84.4697,11.1281,3.5534,0.473,0.3758
520910,2002-01,84.5016,11.1551,3.4723,0.487,0.384
520910,2003-01,84.4914,11.2241,3.385,0.4952,0.4043
520910,2004-01,84.5517,11.2162,3.3264,0.505,0.4007
520910,2005-01,84.561,11.2289,3.2953,0.5117,0.4032
520910,2006-01,84.5724,11.2447,3.258,0.5201,0.4047
520910,2007-01,84.6122,11.2086,3.2393,0.5236,0.4162
520910,2008-01,84.6435,11.1902,3.2185,0.5298,0.418
520910,2009-01,84.6743,11.167,3.2054,0.5427,0.4106
520910,2010-01,84.6742,11.1761,3.1917,0.5476,0.4105
520910,2011-01,84.6388,11.2324,3.1617,0.5573,0.4098
520910,2012-01,84.6295,11.2509,3.1397,0.5731,0.4068
520910,2013-01,84.6332,11.2592,3.1312,0.5838,0.3927
520910,2014-01,84.643,11.2472,3.1212,0.5943,0.3943
520910,2015-01,84.6364,11.2438,3.1168,0.6064,0.3966
520910,2016-01,84.6202,11.264,3.1079,0.6115,0.3964
520910,2017-01,84.643,11.2464,3.0995,0.6132,0.3978
520910,2018-01,84.6144,11.2696,3.0875,0.6272,0.4013
520910,2019-01,84.6274,11.242,3.0799,0.6408,0.41
520910,2020-01,84.6163,11.2555,3.0722,0.6464,0.4096
520910,2021-01,84.6123,11.2706,3.0614,0.6526,0.4032
520910,2022-01,84.6186,11.2748,3.0479,0.6545,0.4042
520910,2023-01,84.6091,11.2738,3.0247,0.6635,0.4289
520910,2024-01,84.6671,11.2555,3.0037,0.659,0.4146
520915,1985-01,76.1939,6.5437,2.9253,0.3344,14.0026
520915,1986-01,76.9508,6.2915,3.102,0.1295,13.5264
520915,1987-01,77.4345,5.861,3.079,0.0863,13.5392
520915,1988-01,77.5646,5.654,2.9609,0.0855,13.7349
520915,1989-01,77.7086,5.5199,2.8835,0.0929,13.7951
520915,1990-01,78.0522,5.2373,2.8183,0.0938,13.7984
520915,1991-01,78.1122,5.1561,2.7795,0.0937,13.8585
520915,1992-01,78.1616,5.0699,2.7479,0.1023,13.9182
520915,1993-01,78.2811,4.9493,2.7613,0.1297,13.8785
520915,1994-01,78.3735,4.9631,2.7787,0.1329,13.7518
520915,1995-01,78.6592,4.8748,2.8346,0.1407,13.4907
520915,1996-01,78.9473,4.8754,2.9147,0.1432,13.1194
520915,1997-01,79.0345,4.8606,2.8164,0.1505,13.138
520915,1998-01,79.0329,4.8942,2.8604,0.1484,13.0641
520915,1999-01,79.135,5.0633,3.0317,0.1514,12.6186
520915,2000-01,79.1102,5.1489,3.1195,0.1664,12.455
520915,2001-01,79.2025,5.1677,3.1556,0.1709,12.3032
520915,2002-01,79.1813,5.1988,3.1268,0.1705,12.3225
520915,2003-01,79.196,5.2005,3.0532,0.1739,12.3764
520915,2004-01,79.0597,5.2344,3.0807,0.1748,12.4503
520915,2005-01,79.0548,5.2513,3.1131,0.1793,12.4014
520915,2006-01,78.9769,5.2331,3.0233,0.1785,12.5881
520915,2007-01,78.699,5.2165,2.9278,0.1743,12.9824
520915,2008-01,78.7137,5.2252,2.8943,0.1681,12.9987
520915,2009-01,78.9329,5.1979,2.967,0.1721,12.73
520915,2010-01,78.8903,5.203,2.9693,0.1792,12.7582
520915,2011-01,78.7112,5.2024,2.9325,0.181,12.973
520915,2012-01,78.977,5.1718,3.0054,0.2039,12.642
520915,2013-01,79.414,5.1382,3.1165,0.2104,12.1208
520915,2014-01,79.7209,5.1507,3.1217,0.289,11.7176
520915,2015-01,79.7825,5.151,3.1262,0.2952,11.6452
520915,2016-01,79.3241,5.1872,3.113,0.2182,12.1575
520915,2017-01,79.4362,5.2043,3.1295,0.2237,12.0062
520915,2018-01,79.3009,5.2379,3.1263,0.2288,12.1061
520915,2019-01,79.1114,5.2642,3.1034,0.2307,12.2903
520915,2020-01,79.1538,5.2904,3.1282,0.2303,12.1972
520915,2021-01,79.7421,5.3022,3.1227,0.2389,11.5941
520915,2022-01,79.8882,5.2645,3.0903,0.2452,11.5118
520915,2023-01,79.2354,5.3439,3.0054,0.2515,12.1638
520915,2024-01,79.8783,5.371,2.9486,0.2816,11.5205
520920,1985-01,72.9133,25.1805,1.2629,0.432,0.2112
520920,1986-01,74.4986,23.6352,1.198,0.4496,0.2185
520920,1987-01,75.3049,22.8222,1.1892,0.4668,0.2169
520920,1988-01,75.4633,22.712,1.1575,0.45,0.2172
520920,1989-01,75.6665,22.5356,1.1219,0.4636,0.2124
520920,1990-01,75.9993,22.2187,1.0944,0.463,0.2247
520920,1991-01,76.1744,22.0897,1.0501,0.4638,0.222
520920,1992-01,76.4958,21.7937,1.0083,0.4771,0.225
520920,1993-01,77.346,20.9385,0.998,0.4903,0.2272
520920,1994-01,77.9459,20.3092,0.9595,0.5451,0.2403
520920,1995-01,78.4891,19.7358,0.918,0.6037,0.2533
520920,1996-01,79.0551,19.1295,0.8853,0.6552,0.2748
520920,1997-01,79.4194,18.7775,0.8572,0.6619,0.284
520920,1998-01,79.7488,18.4431,0.8477,0.6697,0.2907
520920,1999-01,80.1526,18.025,0.8322,0.6754,0.3148
520920,2000-01,80.7024,17.4922,0.8452,0.6994,0.2608
520920,2001-01,80.8543,17.3405,0.8374,0.7135,0.2543
520920,2002-01,81.0386,17.128,0.8197,0.7237,0.29
520920,2003-01,81.2016,16.967,0.8066,0.7413,0.2835
520920,2004-01,81.2165,16.9249,0.7926,0.7815,0.2845
520920,2005-01,81.1612,16.9507,0.7794,0.81,0.2987
520920,2006-01,81.2128,16.8857,0.7667,0.8273,0.3075
520920,2007-01,81.2226,16.8539,0.7553,0.8535,0.3148
520920,2008-01,81.2343,16.8329,0.7603,0.8698,0.3028
520920,2009-01,81.2437,16.8271,0.7589,0.8788,0.2915
520920,2010-01,81.2474,16.8199,0.7468,0.8951,0.2908
520920,2011-01,81.1906,16.8262,0.7258,0.9657,0.2917
520920,2012-01,81.1514,16.8069,0.7119,1.0442,0.2855
520920,2013-01,81.0922,16.8196,0.7158,1.0997,0.2728
520920,2014-01,81.0254,16.8307,0.7159,1.1471,0.2808
520920,2015-01,80.9832,16.8341,0.7126,1.1731,0.297
520920,2016-01,80.9059,16.8913,0.7066,1.2046,0.2915
520920,2017-01,80.8633,16.8867,0.7046,1.2536,0.2918
520920,2018-01,80.7589,16.9596,0.7006,1.2819,0.299
520920,2019-01,80.6924,16.9738,0.6996,1.327,0.3072
520920,2020-01,80.6836,16.9366,0.6978,1.367,0.315
520920,2021-01,80.6697,16.903,0.6946,1.4188,0.3138
520920,2022-01,80.6324,16.8958,0.6806,1.4561,0.335
520920,2023-01,80.559,16.8844,0.666,1.5101,0.3806
520920,2024-01,80.7546,16.6923,0.6658,1.5373,0.35
520929,1985-01,65.8616,34.0084,0.0692,0.0491,0.0117
520929,1986-01,67.37,32.5126,0.0461,0.0595,0.0117
520929,1987-01,68.0077,31.8695,0.0461,0.0654,0.0113
520929,1988-01,68.9082,30.9602,0.0461,0.0721,0.0134
520929,1989-01,69.1773,30.6843,0.0444,0.083,0.0109
520929,1990-01,69.9334,29.9249,0.0457,0.0847,0.0113
520929,1991-01,71.1493,28.7102,0.0457,0.0818,0.013
520929,1992-01,71.9435,27.9093,0.0453,0.0864,0.0155
520929,1993-01,72.5516,27.2953,0.0449,0.0914,0.0168
520929,1994-01,73.4432,26.3916,0.0449,0.1027,0.0176
520929,1995-01,74.3333,25.4889,0.044,0.1128,0.021
520929,1996-01,75.0859,24.7195,0.0444,0.1195,0.0306
520929,1997-01,75.4506,24.3498,0.0444,0.1237,0.0314
520929,1998-01,75.6711,24.1226,0.0449,0.127,0.0344
520929,1999-01,75.9104,23.8581,0.0444,0.1489,0.0382
520929,2000-01,76.0831,23.6767,0.044,0.153,0.0432
520929,2001-01,76.2923,23.4666,0.0436,0.1543,0.0432
520929,2002-01,76.3535,23.3761,0.0436,0.1551,0.0717
520929,2003-01,76.353,23.3707,0.0436,0.1572,0.0755
520929,2004-01,76.2649,23.4596,0.0436,0.1568,0.075
520929,2005-01,76.2263,23.4928,0.0436,0.1589,0.0784
520929,2006-01,76.0917,23.6244,0.0436,0.1614,0.0788
520929,2007-01,76.0812,23.6198,0.0436,0.1631,0.0922
520929,2008-01,76.2012,23.4945,0.0432,0.1648,0.0964
520929,2009-01,76.1928,23.4978,0.0432,0.1656,0.1006
520929,2010-01,75.984,23.7083,0.0428,0.1644,0.1006
520929,2011-01,75.7916,23.9015,0.0419,0.1656,0.0993
520929,2012-01,75.6587,24.0365,0.0419,0.1656,0.0973
520929,2013-01,75.613,24.0847,0.0419,0.166,0.0943
520929,2014-01,75.5246,24.1656,0.0423,0.169,0.0985
520929,2015-01,75.4755,24.2105,0.0423,0.174,0.0977
520929,2016-01,75.4047,24.2809,0.0428,0.1774,0.0943
520929,2017-01,75.3091,24.3706,0.0444,0.182,0.0939
520929,2018-01,75.5251,24.1517,0.0444,0.1845,0.0943
520929,2019-01,75.6546,24.0142,0.0444,0.1941,0.0926
520929,2020-01,75.6073,24.0426,0.0444,0.205,0.1006
520929,2021-01,75.6555,23.9739,0.0444,0.2084,0.1178
520929,2022-01,75.5469,24.0829,0.0444,0.213,0.1128
520929,2023-01,75.4073,24.2112,0.0444,0.2172,0.1199
520929,2024-01,75.5766,24.0355,0.0444,0.218,0.1253
520940,1985-01,32.2642,60.5143,6.9758,0.1726,0.0731
520940,1986-01,36.9329,56.0928,6.7323,0.1592,0.0828
520940,1987-01,39.9486,53.1433,6.682,0.1465,0.0795
520940,1988-01,41.7819,51.3609,6.6415,0.137,0.0787
520940,1989-01,43.1914,49.9404,6.6188,0.1719,0.0776
520940,1990-01,44.6766,48.503,6.573,0.17,0.0775
520940,1991-01,44.8631,48.3895,6.5203,0.1517,0.0753
520940,1992-01,45.6061,47.7269,6.4382,0.1554,0.0735
520940,1993-01,46.383,46.9838,6.4133,0.1451,0.0747
520940,1994-01,46.5692,46.8405,6.3693,0.1503,0.0707
520940,1995-01,46.6201,46.7838,6.3602,0.1677,0.0682
520940,1996-01,46.9056,46.5698,6.3005,0.1652,0.0589
520940,1997-01,47.0531,46.4234,6.2895,0.1795,0.0545
520940,1998-01,47.1389,46.3493,6.2648,0.1952,0.0518
520940,1999-01,47.4922,46.0143,6.2534,0.1948,0.0453
520940,2000-01,47.918,45.6238,6.2414,0.1919,0.0249
520940,2001-01,48.3244,45.2282,6.2138,0.214,0.0196
520940,2002-01,48.6736,44.8727,6.1954,0.2405,0.0177
520940,2003-01,49.4366,44.1341,6.1521,0.26,0.0172
520940,2004-01,50.143,43.5256,6.075,0.2402,0.0161
520940,2005-01,50.5886,43.1244,6.0457,0.2261,0.0153
520940,2006-01,50.7578,42.9779,6.0304,0.2199,0.014
520940,2007-01,51.044,42.6888,6.0193,0.2349,0.013
520940,2008-01,51.2565,42.4889,6.0061,0.2369,0.0116
520940,2009-01,51.259,42.4741,5.9949,0.26,0.0119
520940,2010-01,51.3485,42.3643,5.9907,0.2845,0.0119
520940,2011-01,51.5166,42.1848,5.9877,0.2989,0.012
520940,2012-01,51.3064,42.4277,5.9806,0.274,0.0113
520940,2013-01,51.4591,42.3125,5.9697,0.247,0.0117
520940,2014-01,51.5212,42.2866,5.9461,0.2347,0.0115
520940,2015-01,51.7229,42.108,5.9363,0.2215,0.0113
520940,2016-01,52.1886,41.6634,5.9184,0.218,0.0115
520940,2017-01,52.3509,41.5068,5.9096,0.2191,0.0136
520940,2018-01,52.3656,41.5082,5.8952,0.2159,0.0151
520940,2019-01,52.5381,41.3385,5.887,0.2214,0.0151
520940,2020-01,52.9708,41.0389,5.7127,0.263,0.0146
520940,2021-01,53.6392,40.6005,5.4512,0.2955,0.0135
520940,2022-01,54.0533,40.2444,5.3944,0.2936,0.0143
520940,2023-01,54.4237,39.8914,5.3619,0.3032,0.0198
520940,2024-01,54.8375,39.4818,5.3506,0.3141,0.0159
520945,1985-01,43.9138,55.4653,0.2617,0.1435,0.2156
520945,1986-01,45.2014,54.1779,0.2467,0.1419,0.2321
520945,1987-01,46.5387,52.8365,0.2452,0.1268,0.2529
520945,1988-01,45.6612,53.7271,0.2321,0.1077,0.272
520945,1989-01,44.8744,54.5045,0.2177,0.1186,0.2848
520945,1990-01,45.5453,53.7775,0.2139,0.1621,0.3012
520945,1991-01,44.2599,55.0754,0.2115,0.1502,0.3031
520945,1992-01,45.7229,53.6144,0.2091,0.1395,0.3142
520945,1993-01,47.1236,52.2166,0.2086,0.1451,0.3061
520945,1994-01,47.898,51.4534,0.208,0.1486,0.292
520945,1995-01,48.0891,51.2882,0.2086,0.1388,0.2753
520945,1996-01,48.9839,50.4576,0.2083,0.1156,0.2346
520945,1997-01,49.7701,49.6899,0.207,0.1061,0.2269
520945,1998-01,50.0775,49.411,0.2067,0.1156,0.1892
520945,1999-01,50.1144,49.3781,0.2069,0.1119,0.1888
520945,2000-01,50.0944,49.44,0.2077,0.1115,0.1464
520945,2001-01,50.4943,49.049,0.2086,0.1123,0.1358
520945,2002-01,50.3465,49.2095,0.2088,0.102,0.1333
520945,2003-01,50.0642,49.5015,0.2085,0.0994,0.1264
520945,2004-01,50.5816,48.9852,0.2083,0.0997,0.1253
520945,2005-01,51.0956,48.4791,0.2086,0.101,0.1158
520945,2006-01,51.227,48.3516,0.2085,0.0978,0.1152
520945,2007-01,51.8237,47.7541,0.2076,0.1007,0.1139
520945,2008-01,52.3556,47.2291,0.2076,0.0995,0.1082
520945,2009-01,52.6138,46.9749,0.2079,0.096,0.1075
520945,2010-01,53.1663,46.4317,0.2076,0.0951,0.0993
520945,2011-01,53.2939,46.3149,0.2061,0.0937,0.0914
520945,2012-01,53.9,45.7199,0.2064,0.0957,0.078
520945,2013-01,54.7064,44.9233,0.2069,0.097,0.0664
520945,2014-01,55.3793,44.2501,0.2073,0.0969,0.0664
520945,2015-01,55.5586,44.0823,0.2076,0.0973,0.0542
520945,2016-01,55.949,43.6982,0.2069,0.0975,0.0485
520945,2017-01,56.4347,43.201,0.2066,0.1039,0.0539
520945,2018-01,56.1424,43.4795,0.2066,0.1023,0.0692
520945,2019-01,57.0307,42.5741,0.206,0.116,0.0733
520945,2020-01,58.0305,41.5675,0.206,0.1208,0.0752
520945,2021-01,58.3357,41.2559,0.2045,0.1227,0.0812
520945,2022-01,59.1455,40.4008,0.2037,0.1242,0.126
520945,2023-01,60.1771,39.3763,0.2031,0.1214,0.1222
520945,2024-01,60.9947,38.5527,0.2029,0.1169,0.1328
520960,1985-01,66.2205,32.273,0.3716,0.2747,0.8602
520960,1986-01,68.5112,29.9767,0.3889,0.2999,0.8233
520960,1987-01,69.5686,28.9053,0.3848,0.3086,0.8327
520960,1988-01,69.7988,28.6616,0.3685,0.3093,0.8617
520960,1989-01,70.5869,27.8648,0.3557,0.3127,0.8798
520960,1990-01,70.9651,27.5514,0.3376,0.3146,0.8312
520960,1991-01,71.7743,26.7641,0.326,0.3127,0.8229
520960,1992-01,72.1355,26.453,0.2679,0.3124,0.8312
520960,1993-01,72.6129,26.0013,0.2525,0.3191,0.8142
520960,1994-01,73.0469,25.6095,0.2295,0.3218,0.7924
520960,1995-01,73.2432,25.4317,0.2182,0.3384,0.7686
520960,1996-01,73.3961,25.3013,0.2171,0.3534,0.7321
520960,1997-01,73.7446,24.9238,0.2174,0.3775,0.7366
520960,1998-01,73.8561,24.8485,0.2133,0.3832,0.6989
520960,1999-01,74.1583,24.5667,0.1982,0.3828,0.694
520960,2000-01,74.4544,24.4891,0.1944,0.3693,0.4929
520960,2001-01,74.5907,24.3821,0.191,0.3677,0.4684
520960,2002-01,74.8673,24.1041,0.1854,0.3696,0.4736
520960,2003-01,75.1528,23.8234,0.1831,0.3715,0.4691
520960,2004-01,75.2312,23.7673,0.176,0.3757,0.4499
520960,2005-01,75.247,23.7594,0.1737,0.3768,0.4431
520960,2006-01,75.2982,23.7112,0.1726,0.379,0.439
520960,2007-01,75.3264,23.7041,0.1662,0.3821,0.4213
520960,2008-01,75.5535,23.5011,0.1722,0.3802,0.393
520960,2009-01,75.6443,23.4291,0.1722,0.3779,0.3764
520960,2010-01,75.7747,23.3139,0.1684,0.3824,0.3606
520960,2011-01,75.9325,23.1417,0.1696,0.4028,0.3534
520960,2012-01,75.9623,23.1278,0.165,0.4179,0.3271
520960,2013-01,76.0067,23.13,0.1605,0.4284,0.2743
520960,2014-01,76.0357,23.1119,0.1549,0.4325,0.2649
520960,2015-01,76.139,23.017,0.156,0.4288,0.2592
520960,2016-01,76.1903,22.9578,0.1556,0.4525,0.2438
520960,2017-01,76.2641,22.9081,0.1556,0.4555,0.2167
520960,2018-01,76.3406,22.8553,0.1549,0.4333,0.2159
520960,2019-01,76.3538,22.8421,0.1541,0.4397,0.2103
520960,2020-01,76.3165,22.835,0.1545,0.4616,0.2325
520960,2021-01,76.3579,22.7796,0.1534,0.4766,0.2325
520960,2022-01,76.4404,22.6753,0.1541,0.4785,0.2517
520960,2023-01,76.5527,22.5698,0.1526,0.4857,0.2393
520960,2024-01,76.8239,22.2857,0.1507,0.4917,0.2479
520970,1985-01,62.6573,34.8508,1.9904,0.2735,0.228
520970,1986-01,64.7802,33.4089,1.3153,0.2702,0.2254
520970,1987-01,65.9586,32.3436,1.1945,0.2623,0.241
520970,1988-01,66.4407,31.9241,1.1202,0.2661,0.2489
520970,1989-01,67.3781,31.114,1.0098,0.2584,0.2397
520970,1990-01,68.5583,30.0054,0.9274,0.2555,0.2535
520970,1991-01,68.9619,29.6533,0.8685,0.2517,0.2646
520970,1992-01,69.795,28.8716,0.8061,0.2626,0.2646
520970,1993-01,70.8349,27.8156,0.7792,0.2802,0.2902
520970,1994-01,71.8641,26.7545,0.7348,0.3559,0.2906
520970,1995-01,72.8082,25.7739,0.7039,0.4269,0.287
520970,1996-01,73.31,25.2128,0.6869,0.5005,0.2898
520970,1997-01,73.4907,24.9667,0.6689,0.5364,0.3373
520970,1998-01,73.5383,24.9349,0.6615,0.5184,0.3469
520970,1999-01,73.6182,24.8833,0.6547,0.5256,0.3181
520970,2000-01,73.9243,24.6199,0.6776,0.5513,0.2269
520970,2001-01,74.0755,24.4426,0.6766,0.5953,0.21
520970,2002-01,74.3049,24.2033,0.666,0.605,0.2208
520970,2003-01,74.2999,24.1815,0.6527,0.6371,0.2288
520970,2004-01,74.3638,24.0735,0.6429,0.6916,0.2282
520970,2005-01,74.2607,24.1519,0.6372,0.7156,0.2345
520970,2006-01,74.3531,24.0212,0.6303,0.7537,0.2417
520970,2007-01,74.3295,23.9974,0.6278,0.7984,0.2469
520970,2008-01,74.3161,23.9686,0.626,0.841,0.2484
520970,2009-01,74.2568,24.0016,0.6247,0.8802,0.2368
520970,2010-01,74.2238,23.993,0.6187,0.9241,0.2404
520970,2011-01,74.0612,24.1074,0.6126,0.9663,0.2526
520970,2012-01,74.0202,24.0854,0.6086,1.0422,0.2435
520970,2013-01,73.9018,24.169,0.6118,1.0909,0.2264
520970,2014-01,73.8438,24.163,0.6064,1.1591,0.2277
520970,2015-01,73.6076,24.3351,0.6037,1.2302,0.2234
520970,2016-01,73.4164,24.5003,0.6066,1.2647,0.2121
520970,2017-01,73.1724,24.6823,0.603,1.3329,0.2093
520970,2018-01,72.8444,24.9639,0.5954,1.3798,0.2165
520970,2019-01,72.4947,25.2324,0.5892,1.468,0.2157
520970,2020-01,72.408,25.274,0.5868,1.5153,0.216
520970,2021-01,72.4877,25.1594,0.5811,1.5662,0.2056
520970,2022-01,72.5829,24.9587,0.5559,1.6299,0.2726
520970,2023-01,72.7941,24.6843,0.552,1.6848,0.2849
520970,2024-01,73.1396,24.3358,0.5517,1.7087,0.2642
520980,1985-01,49.9193,49.1169,0.3503,0.1943,0.4192
520980,1986-01,53.3533,45.7731,0.2636,0.1971,0.413
520980,1987-01,54.9667,44.1786,0.2545,0.1876,0.4125
520980,1988-01,55.7202,43.4592,0.2527,0.1476,0.4202
520980,1989-01,56.2224,42.9724,0.2427,0.1313,0.4312
520980,1990-01,57.2638,41.9333,0.236,0.1335,0.4334
520980,1991-01,56.9589,42.2407,0.2309,0.1347,0.4347
520980,1992-01,57.8557,41.3381,0.2258,0.1377,0.4428
520980,1993-01,58.7887,40.3965,0.2223,0.1459,0.4466
520980,1994-01,59.046,40.1323,0.2232,0.1547,0.4436
520980,1995-01,59.307,39.8751,0.2216,0.1582,0.4382
520980,1996-01,59.6601,39.5295,0.2195,0.1576,0.4333
520980,1997-01,59.9009,39.2932,0.2123,0.1544,0.4392
520980,1998-01,59.6103,39.5902,0.2177,0.1582,0.4236
520980,1999-01,59.2837,39.9275,0.2206,0.1481,0.4202
520980,2000-01,58.9336,40.3042,0.2228,0.1398,0.3996
520980,2001-01,59.3809,39.8616,0.2256,0.1379,0.394
520980,2002-01,59.6809,39.5574,0.225,0.1387,0.398
520980,2003-01,58.9584,40.2743,0.2244,0.1451,0.3977
520980,2004-01,59.3493,39.8685,0.2234,0.1565,0.4023
520980,2005-01,59.6196,39.5864,0.2216,0.1601,0.4124
520980,2006-01,59.5517,39.6525,0.2203,0.1564,0.4192
520980,2007-01,59.7919,39.4103,0.2201,0.158,0.4196
520980,2008-01,59.9738,39.228,0.2198,0.1622,0.4162
520980,2009-01,60.2585,38.9433,0.221,0.1644,0.4128
520980,2010-01,60.6098,38.5921,0.2219,0.1684,0.4078
520980,2011-01,60.9025,38.2865,0.2203,0.1837,0.407
520980,2012-01,61.4859,37.7057,0.2186,0.1813,0.4084
520980,2013-01,62.0355,37.1773,0.2183,0.1645,0.4044
520980,2014-01,62.4225,36.7968,0.2172,0.1654,0.3982
520980,2015-01,62.6548,36.5643,0.217,0.1676,0.3962
520980,2016-01,62.909,36.3123,0.217,0.1697,0.3919
520980,2017-01,62.9619,36.2517,0.217,0.1816,0.3878
520980,2018-01,62.6436,36.5655,0.218,0.1832,0.3897
520980,2019-01,62.7342,36.471,0.2175,0.1881,0.3893
520980,2020-01,63.1844,36.0152,0.2166,0.1863,0.3976
520980,2021-01,63.3381,35.8598,0.2158,0.1883,0.398
520980,2022-01,63.6844,35.5259,0.2137,0.1968,0.379
520980,2023-01,64.6354,34.5668,0.2132,0.2026,0.382
520980,2024-01,65.0896,34.1074,0.2118,0.2034,0.3878
520990,1985-01,48.3246,50.4902,0.6272,0.1028,0.4552
520990,1986-01,50.9016,48.2182,0.316,0.1042,0.4599
520990,1987-01,52.3351,46.8009,0.3022,0.1018,0.4599
520990,1988-01,52.4275,46.7125,0.2965,0.1021,0.4614
520990,1989-01,53.2363,45.9016,0.2926,0.1102,0.4593
520990,1990-01,54.0383,45.1043,0.2837,0.1112,0.4626
520990,1991-01,55.3566,43.7861,0.2799,0.1157,0.4617
520990,1992-01,57.8099,41.3176,0.2727,0.1319,0.4678
520990,1993-01,59.6491,39.466,0.27,0.1524,0.4625
520990,1994-01,61.0969,38.0168,0.2681,0.16,0.4582
520990,1995-01,62.7918,36.3227,0.2678,0.1681,0.4496
520990,1996-01,63.9936,35.1271,0.2639,0.1721,0.4433
520990,1997-01,64.7585,34.3744,0.2491,0.1747,0.4433
520990,1998-01,65.7021,33.4374,0.2434,0.1787,0.4384
520990,1999-01,67.6091,31.5268,0.2393,0.1825,0.4423
520990,2000-01,67.6254,31.5395,0.2382,0.1844,0.4126
520990,2001-01,68.4225,30.7547,0.236,0.1858,0.401
520990,2002-01,69.8375,29.34,0.2336,0.1872,0.4017
520990,2003-01,72.729,26.4432,0.2327,0.1913,0.4038
520990,2004-01,74.0779,25.0887,0.2314,0.1956,0.4064
520990,2005-01,75.8594,23.2943,0.2313,0.2096,0.4054
520990,2006-01,76.7839,22.3681,0.2285,0.2167,0.4028
520990,2007-01,77.3216,21.8284,0.2286,0.2216,0.3998
520990,2008-01,78.2475,20.9027,0.2279,0.2236,0.3983
520990,2009-01,78.8952,20.2528,0.227,0.2261,0.3989
520990,2010-01,79.3537,19.7963,0.2265,0.2268,0.3967
520990,2011-01,79.3944,19.7536,0.2267,0.2276,0.3978
520990,2012-01,79.2955,19.8539,0.2258,0.2284,0.3964
520990,2013-01,79.4935,19.6541,0.2256,0.2297,0.3971
520990,2014-01,79.5606,19.5751,0.2254,0.2421,0.3968
520990,2015-01,80.237,18.8858,0.2237,0.2565,0.397
520990,2016-01,80.5647,18.5556,0.2236,0.2597,0.3964
520990,2017-01,80.6694,18.4493,0.2218,0.2638,0.3957
520990,2018-01,80.5317,18.5893,0.22,0.2667,0.3924
520990,2019-01,80.4301,18.6871,0.2195,0.2712,0.3922
520990,2020-01,80.0456,19.0693,0.2194,0.2725,0.3932
520990,2021-01,80.0089,19.1073,0.2194,0.2747,0.3898
520990,2022-01,79.6643,19.4482,0.219,0.2793,0.3892
520990,2023-01,79.4545,19.6498,0.2162,0.2834,0.3962
520990,2024-01,79.4498,19.6458,0.2149,0.2892,0.4003
520993,1985-01,80.2642,6.6423,4.0946,0.1317,8.8672
520993,1986-01,80.5803,6.3637,4.1599,0.1373,8.7588
520993,1987-01,80.7829,6.163,4.1551,0.1422,8.7569
520993,1988-01,80.8128,6.1263,4.0561,0.141,8.8638
520993,1989-01,80.92,6.0582,4.0177,0.1428,8.8613
520993,1990-01,81.0039,6.0536,3.948,0.151,8.8434
520993,1991-01,81.078,6.0686,3.8356,0.1611,8.8567
520993,1992-01,81.1764,6.0659,3.7265,0.1667,8.8646
520993,1993-01,81.2959,6.0416,3.6123,0.1791,8.871
520993,1994-01,81.4247,6.1352,3.4458,0.1883,8.8059
520993,1995-01,81.4587,6.1453,3.4268,0.1929,8.7762
520993,1996-01,81.5601,6.1319,3.4603,0.1933,8.6544
520993,1997-01,81.5799,6.1244,3.4086,0.1982,8.6889
520993,1998-01,81.6058,6.1361,3.4064,0.2003,8.6515
520993,1999-01,81.6508,6.1914,3.4135,0.202,8.5422
520993,2000-01,81.6693,6.2681,3.4631,0.203,8.3964
520993,2001-01,81.7406,6.2271,3.447,0.2061,8.3792
520993,2002-01,81.7043,6.2829,3.3854,0.2062,8.4212
520993,2003-01,81.6682,6.324,3.3372,0.2136,8.4571
520993,2004-01,81.6347,6.3762,3.2991,0.2185,8.4715
520993,2005-01,81.6482,6.3821,3.3009,0.2187,8.4501
520993,2006-01,81.6424,6.4059,3.2724,0.2183,8.4611
520993,2007-01,81.6259,6.416,3.2299,0.2106,8.5176
520993,2008-01,81.6323,6.4423,3.2402,0.2111,8.474
520993,2009-01,81.635,6.4537,3.2705,0.2254,8.4154
520993,2010-01,81.6132,6.4695,3.27,0.2363,8.4109
520993,2011-01,81.5765,6.5146,3.2752,0.2398,8.3938
520993,2012-01,81.5864,6.5402,3.2752,0.2439,8.3543
520993,2013-01,81.6108,6.5453,3.2994,0.2474,8.2972
520993,2014-01,81.6146,6.564,3.305,0.2701,8.2463
520993,2015-01,81.5988,6.5806,3.303,0.2791,8.2384
520993,2016-01,81.5597,6.617,3.288,0.2726,8.2628
520993,2017-01,81.5935,6.6167,3.2909,0.2776,8.2212
520993,2018-01,81.5923,6.6145,3.2817,0.2825,8.2291
520993,2019-01,81.6089,6.6157,3.2798,0.2854,8.2101
520993,2020-01,81.6148,6.6154,3.2821,0.2878,8.2
520993,2021-01,81.6508,6.6146,3.2643,0.2917,8.1786
520993,2022-01,81.6769,6.5779,3.2402,0.3012,8.2038
520993,2023-01,81.6002,6.5781,3.1978,0.3107,8.3132
520993,2024-01,81.7377,6.5254,3.1887,0.3061,8.242
520995,1985-01,74.3601,21.2717,3.7828,0.1255,0.46
520995,1986-01,76.3147,19.4157,3.6803,0.1408,0.4486
520995,1987-01,77.3007,18.4416,3.6631,0.1437,0.451
520995,1988-01,77.7519,18.0961,3.56,0.1668,0.4252
520995,1989-01,78.327,17.6722,3.435,0.1853,0.3805
520995,1990-01,78.9698,17.1408,3.3273,0.1957,0.3664
520995,1991-01,79.1788,17.0623,3.1932,0.1981,0.3676
520995,1992-01,79.5831,16.7806,3.0479,0.2096,0.3789
520995,1993-01,79.9574,16.4515,2.9945,0.218,0.3786
520995,1994-01,80.1752,16.259,2.9318,0.2346,0.3993
520995,1995-01,80.2498,16.2,2.9238,0.2441,0.3823
520995,1996-01,80.4006,16.0564,2.8819,0.2583,0.4027
520995,1997-01,80.4589,15.9744,2.8165,0.2822,0.468
520995,1998-01,80.5579,15.9313,2.7543,0.2904,0.4661
520995,1999-01,80.5959,15.9357,2.7204,0.2759,0.4722
520995,2000-01,80.7,15.8732,2.766,0.2868,0.374
520995,2001-01,80.7655,15.8184,2.713,0.2971,0.406
520995,2002-01,80.7335,15.8458,2.6825,0.3081,0.4301
520995,2003-01,80.7758,15.8144,2.6621,0.3166,0.431
520995,2004-01,80.7442,15.8167,2.6467,0.3471,0.4452
520995,2005-01,80.7613,15.7898,2.6407,0.3607,0.4474
520995,2006-01,80.7559,15.7949,2.6123,0.3718,0.465
520995,2007-01,80.8,15.7222,2.5914,0.4144,0.4719
520995,2008-01,80.7994,15.7167,2.5793,0.4468,0.4578
520995,2009-01,80.7908,15.7369,2.5829,0.4521,0.4374
520995,2010-01,80.8027,15.7237,2.5757,0.4626,0.4352
520995,2011-01,80.8522,15.6721,2.5729,0.4795,0.4233
520995,2012-01,80.9103,15.5988,2.5662,0.5165,0.4081
520995,2013-01,80.8835,15.6315,2.5545,0.5527,0.3778
520995,2014-01,80.931,15.5856,2.5404,0.5633,0.3796
520995,2015-01,81.0189,15.5046,2.5195,0.5708,0.3862
520995,2016-01,81.108,15.4334,2.5144,0.5767,0.3675
520995,2017-01,81.1748,15.38,2.4971,0.5796,0.3685
520995,2018-01,81.13,15.4162,2.4782,0.5862,0.3894
520995,2019-01,81.0954,15.4324,2.4629,0.6095,0.3997
520995,2020-01,81.0496,15.4261,2.4575,0.6685,0.3983
520995,2021-01,81.0466,15.3895,2.454,0.7113,0.3986
520995,2022-01,81.0886,15.3239,2.4226,0.7367,0.4282
520995,2023-01,81.086,15.2606,2.3822,0.7908,0.4804
520995,2024-01,81.2625,15.0963,2.3719,0.801,0.4684
521000,1985-01,76.9144,21.7754,0.1983,1.0253,0.0866
521000,1986-01,78.531,20.1531,0.1753,1.0506,0.0901
521000,1987-01,79.2405,19.4137,0.1741,1.0735,0.0982
521000,1988-01,79.8002,18.8323,0.1695,1.0961,0.1018
521000,1989-01,79.896,18.6991,0.1598,1.143,0.1021
521000,1990-01,80.4248,18.1427,0.1522,1.1686,0.1117
521000,1991-01,80.9927,17.5801,0.1381,1.1651,0.124
521000,1992-01,81.2722,17.2962,0.1285,1.1788,0.1243
521000,1993-01,81.5631,16.9752,0.1247,1.2057,0.1313
521000,1994-01,81.8943,16.6007,0.1195,1.2498,0.1356
521000,1995-01,82.1293,16.3145,0.112,1.2983,0.146
521000,1996-01,82.2034,16.1254,0.1095,1.4072,0.1545
521000,1997-01,82.3268,15.9648,0.1047,1.4445,0.1591
521000,1998-01,82.3875,15.8578,0.1021,1.4786,0.174
521000,1999-01,82.5892,15.6345,0.1011,1.4847,0.1905
521000,2000-01,82.7793,15.448,0.1046,1.5094,0.1587
521000,2001-01,82.7382,15.4353,0.1039,1.5382,0.1844
521000,2002-01,82.646,15.4633,0.1031,1.5931,0.1946
521000,2003-01,82.6477,15.4256,0.0975,1.6214,0.2078
521000,2004-01,82.4735,15.5523,0.0944,1.6759,0.2039
521000,2005-01,82.2203,15.7038,0.0864,1.7706,0.2189
521000,2006-01,82.2764,15.6264,0.0753,1.7956,0.2263
521000,2007-01,82.0658,15.7568,0.0743,1.8732,0.2299
521000,2008-01,82.0432,15.7288,0.0722,1.9316,0.2242
521000,2009-01,82.0833,15.6535,0.0711,1.9706,0.2215
521000,2010-01,82.0758,15.5995,0.0719,2.0106,0.2422
521000,2011-01,82.0349,15.6105,0.0714,2.0365,0.2468
521000,2012-01,81.9386,15.6801,0.0705,2.0685,0.2423
521000,2013-01,82.001,15.5746,0.0726,2.121,0.2309
521000,2014-01,81.8747,15.6225,0.0719,2.1953,0.2356
521000,2015-01,81.8417,15.566,0.0708,2.2668,0.2548
521000,2016-01,81.7908,15.5389,0.0708,2.3363,0.2633
521000,2017-01,81.7012,15.553,0.0718,2.4116,0.2624
521000,2018-01,81.6679,15.5349,0.0714,2.4575,0.2683
521000,2019-01,81.7179,15.4377,0.0714,2.5004,0.2726
521000,2020-01,81.7291,15.3651,0.0684,2.5518,0.2856
521000,2021-01,81.789,15.2564,0.068,2.5984,0.2881
521000,2022-01,81.7838,15.2251,0.0654,2.6248,0.3009
521000,2023-01,81.7586,15.1796,0.0665,2.6747,0.3207
521000,2024-01,81.9175,14.9932,0.0659,2.7071,0.3162
521010,1985-01,36.1396,57.6603,4.8814,0.9037,0.415
521010,1986-01,37.4404,56.6805,4.5971,0.8618,0.4202
521010,1987-01,38.4287,56.451,3.9344,0.7619,0.424
521010,1988-01,39.3837,55.8536,3.5759,0.7592,0.4276
521010,1989-01,41.2212,54.4811,3.1354,0.7201,0.4422
521010,1990-01,42.6521,53.3148,2.8609,0.7119,0.4602
521010,1991-01,44.2341,51.882,2.529,0.883,0.4719
521010,1992-01,45.9043,50.3423,2.3999,0.8745,0.4791
521010,1993-01,47.5917,48.9318,2.2838,0.7243,0.4685
521010,1994-01,48.722,47.8529,2.1657,0.7871,0.4724
521010,1995-01,49.4982,47.2553,2.0469,0.7235,0.476
521010,1996-01,49.968,47.0589,1.9599,0.5663,0.4469
521010,1997-01,50.9356,46.0643,1.8967,0.4976,0.6059
521010,1998-01,51.6866,45.4281,1.826,0.4266,0.6327
521010,1999-01,52.4749,44.6789,1.7815,0.4254,0.6394
521010,2000-01,53.2748,43.9896,1.7598,0.3771,0.5988
521010,2001-01,54.425,42.9562,1.7064,0.3149,0.5975
521010,2002-01,55.4813,41.9438,1.6504,0.321,0.6035
521010,2003-01,56.7744,40.6577,1.5857,0.371,0.6112
521010,2004-01,57.7929,39.6742,1.5087,0.3925,0.6317
521010,2005-01,58.41,39.1475,1.4446,0.365,0.633
521010,2006-01,58.6153,39.0159,1.4123,0.3218,0.6347
521010,2007-01,58.7241,38.9888,1.3803,0.2787,0.6281
521010,2008-01,59.1086,38.6852,1.3217,0.2685,0.616
521010,2009-01,59.4011,38.425,1.283,0.2735,0.6175
521010,2010-01,59.5524,38.2894,1.259,0.273,0.6262
521010,2011-01,59.7763,38.078,1.2454,0.274,0.6264
521010,2012-01,60.0862,37.7981,1.2197,0.2809,0.6151
521010,2013-01,60.6406,37.251,1.206,0.2929,0.6096
521010,2014-01,61.0545,36.8398,1.1934,0.2988,0.6135
521010,2015-01,61.6076,36.3018,1.1741,0.3133,0.6032
521010,2016-01,61.8231,36.096,1.1633,0.3214,0.5962
521010,2017-01,61.9273,35.9832,1.1545,0.3398,0.5952
521010,2018-01,61.9656,35.9374,1.1442,0.3472,0.6056
521010,2019-01,62.0835,35.8203,1.1354,0.3538,0.607
521010,2020-01,62.3434,35.5765,1.1221,0.3431,0.6148
521010,2021-01,62.7043,35.2526,1.1095,0.3212,0.6125
521010,2022-01,62.9762,34.9566,1.0993,0.3286,0.6393
521010,2023-01,63.4543,34.4642,1.0866,0.3396,0.6553
521010,2024-01,63.6219,34.3128,1.078,0.338,0.6493
521015,1985-01,85.3581,14.3936,0.0414,0.1337,0.0732
521015,1986-01,85.8763,13.864,0.0396,0.1479,0.0722
521015,1987-01,86.2502,13.4877,0.0364,0.1525,0.0732
521015,1988-01,86.7072,13.0533,0.0322,0.1312,0.0761
521015,1989-01,86.7716,12.9804,0.0304,0.1199,0.0976
521015,1990-01,87.2427,12.5182,0.029,0.1132,0.0969
521015,1991-01,87.4163,12.3308,0.0279,0.1157,0.1093
521015,1992-01,87.5899,12.137,0.0279,0.115,0.1302
521015,1993-01,87.9779,11.7373,0.0276,0.1203,0.1369
521015,1994-01,88.0564,11.6411,0.0265,0.1252,0.1507
521015,1995-01,88.1809,11.4965,0.0269,0.145,0.1507
521015,1996-01,88.4278,11.2171,0.0255,0.1648,0.1648
521015,1997-01,88.6743,10.9546,0.0255,0.1716,0.174
521015,1998-01,88.9488,10.6628,0.0233,0.1928,0.1723
521015,1999-01,89.039,10.5663,0.0195,0.1921,0.1832
521015,2000-01,89.2852,10.3806,0.0219,0.1878,0.1245
521015,2001-01,89.293,10.3565,0.0219,0.1977,0.1309
521015,2002-01,89.1334,10.4959,0.0156,0.2228,0.1323
521015,2003-01,88.8742,10.7205,0.0145,0.2593,0.1316
521015,2004-01,88.7765,10.7944,0.0141,0.2883,0.1266
521015,2005-01,88.7274,10.8301,0.0134,0.2978,0.1312
521015,2006-01,88.6956,10.8382,0.0134,0.3215,0.1312
521015,2007-01,88.587,10.9281,0.0138,0.3353,0.1358
521015,2008-01,88.5668,10.91,0.0134,0.371,0.1387
521015,2009-01,88.5597,10.9132,0.0134,0.3802,0.1334
521015,2010-01,88.5587,10.9168,0.0145,0.3728,0.1373
521015,2011-01,88.4161,11.0519,0.0145,0.3862,0.1312
521015,2012-01,88.413,11.0749,0.0145,0.3664,0.1312
521015,2013-01,88.3415,11.176,0.0145,0.3544,0.1136
521015,2014-01,88.3005,11.24,0.0149,0.3339,0.1107
521015,2015-01,88.3412,11.187,0.0149,0.336,0.121
521015,2016-01,88.3186,11.1954,0.0163,0.3438,0.1259
521015,2017-01,88.2538,11.2647,0.0163,0.3434,0.1217
521015,2018-01,88.2245,11.2746,0.0163,0.3608,0.1238
521015,2019-01,88.0491,11.4373,0.0156,0.3693,0.1288
521015,2020-01,88.0233,11.449,0.0159,0.3728,0.139
521015,2021-01,88.0144,11.4508,0.0159,0.3742,0.1447
521015,2022-01,88.03,11.432,0.0149,0.371,0.1521
521015,2023-01,88.1768,11.2679,0.0149,0.3788,0.1617
521015,2024-01,88.3423,11.0858,0.0149,0.3923,0.1648
521020,1985-01,70.5824,28.089,0.1208,0.9916,0.2163
521020,1986-01,71.1182,27.5201,0.0946,1.0455,0.2216
521020,1987-01,71.4451,27.1843,0.0886,1.0582,0.2237
521020,1988-01,71.882,26.7142,0.0843,1.0929,0.2265
521020,1989-01,72.4066,26.1612,0.0805,1.1243,0.2274
521020,1990-01,73.2077,25.2048,0.0759,1.2869,0.2247
521020,1991-01,73.5263,24.7945,0.0701,1.3808,0.2282
521020,1992-01,73.539,24.6218,0.066,1.5407,0.2324
521020,1993-01,73.1195,24.9383,0.0644,1.6409,0.2369
521020,1994-01,72.3031,25.6216,0.0651,1.7743,0.2359
521020,1995-01,73.0101,24.8904,0.0623,1.8031,0.2341
521020,1996-01,73.1387,24.7787,0.0613,1.7807,0.2407
521020,1997-01,73.6037,24.3341,0.0586,1.7588,0.2448
521020,1998-01,73.7465,24.195,0.056,1.7587,0.2438
521020,1999-01,73.1634,24.7695,0.0555,1.7674,0.2442
521020,2000-01,73.19,24.7748,0.0583,1.7536,0.2233
521020,2001-01,73.5345,24.4352,0.0591,1.7557,0.2154
521020,2002-01,73.6142,24.352,0.0573,1.7589,0.2175
521020,2003-01,73.8371,24.127,0.057,1.7578,0.2211
521020,2004-01,74.0446,23.9204,0.0571,1.7576,0.2203
521020,2005-01,73.6915,24.2454,0.0565,1.7836,0.223
521020,2006-01,73.5686,24.358,0.0568,1.7892,0.2274
521020,2007-01,73.4164,24.4486,0.056,1.7902,0.2889
521020,2008-01,73.0787,24.8005,0.0566,1.7738,0.2904
521020,2009-01,72.8465,25.0192,0.0571,1.783,0.2943
521020,2010-01,72.9256,24.9461,0.0567,1.7854,0.2862
521020,2011-01,72.7161,25.1713,0.0573,1.7803,0.275
521020,2012-01,72.633,25.2316,0.058,1.8135,0.2639
521020,2013-01,72.5147,25.3609,0.061,1.8111,0.2522
521020,2014-01,72.4625,25.3924,0.0601,1.8311,0.2539
521020,2015-01,72.3322,25.5215,0.0601,1.8329,0.2533
521020,2016-01,72.3863,25.452,0.0614,1.8538,0.2465
521020,2017-01,72.4989,25.357,0.0613,1.8429,0.24
521020,2018-01,72.6873,25.1626,0.0592,1.8465,0.2444
521020,2019-01,72.9032,24.9501,0.0595,1.8496,0.2376
521020,2020-01,73.1575,24.7311,0.0604,1.815,0.2359
521020,2021-01,73.4469,24.4381,0.0536,1.831,0.2304
521020,2022-01,73.4467,24.4279,0.0505,1.8493,0.2256
521020,2023-01,73.4981,24.3271,0.0493,1.89,0.2355
521020,2024-01,74.2571,23.5698,0.0494,1.8875,0.2362
521030,1985-01,67.534,31.2247,0.2515,0.2155,0.7744
521030,1986-01,68.086,30.6516,0.2547,0.2328,0.7748
521030,1987-01,67.1832,31.5509,0.2513,0.2307,0.7839
521030,1988-01,66.8072,31.915,0.2445,0.2493,0.784
521030,1989-01,66.6497,32.0823,0.2411,0.2462,0.7808
521030,1990-01,66.5113,32.2447,0.2304,0.2376,0.776
521030,1991-01,66.4406,32.3324,0.2252,0.2253,0.7765
521030,1992-01,65.8123,32.9425,0.2203,0.241,0.7839
521030,1993-01,64.5192,34.2373,0.217,0.2429,0.7836
521030,1994-01,64.0679,34.6675,0.2123,0.2672,0.7851
521030,1995-01,64.2218,34.5003,0.2121,0.2868,0.779
521030,1996-01,63.5046,35.2179,0.2119,0.2703,0.7953
521030,1997-01,63.6829,35.0244,0.2096,0.2764,0.8066
521030,1998-01,63.4145,35.289,0.2116,0.293,0.7919
521030,1999-01,62.904,35.8059,0.2105,0.2908,0.7888
521030,2000-01,63.1997,35.5815,0.2127,0.2879,0.7182
521030,2001-01,63.7099,35.0833,0.2087,0.2962,0.7019
521030,2002-01,62.8342,35.9579,0.2089,0.2948,0.7043
521030,2003-01,63.0671,35.7365,0.2093,0.2956,0.6915
521030,2004-01,63.0026,35.8202,0.2093,0.2816,0.6863
521030,2005-01,62.8711,35.9417,0.2141,0.2876,0.6856
521030,2006-01,63.1899,35.6042,0.2141,0.3122,0.6796
521030,2007-01,63.3807,35.4118,0.2147,0.3165,0.6764
521030,2008-01,63.0903,35.703,0.2136,0.3174,0.6758
521030,2009-01,62.8434,35.956,0.2074,0.3181,0.675
521030,2010-01,62.7205,36.0898,0.209,0.3166,0.6641
521030,2011-01,62.2988,36.4965,0.2087,0.3532,0.6427
521030,2012-01,62.5026,36.2578,0.2095,0.3943,0.6359
521030,2013-01,62.5902,36.2144,0.2101,0.3699,0.6154
521030,2014-01,62.7511,36.0652,0.2126,0.3605,0.6105
521030,2015-01,62.6764,36.1475,0.2123,0.3553,0.6084
521030,2016-01,62.5764,36.2587,0.213,0.347,0.6049
521030,2017-01,62.602,36.2581,0.2129,0.3224,0.6046
521030,2018-01,62.7165,36.1661,0.2139,0.2954,0.608
521030,2019-01,62.8922,36.0063,0.2144,0.2798,0.6073
521030,2020-01,63.0841,35.823,0.2127,0.2655,0.6147
521030,2021-01,63.1983,35.7511,0.2121,0.2398,0.5987
521030,2022-01,63.3606,35.6341,0.2083,0.2321,0.5648
521030,2023-01,63.6775,35.2827,0.2116,0.256,0.5723
521030,2024-01,66.4136,32.5587,0.2111,0.2566,0.5601
521040,1985-01,75.0069,24.3749,0.1739,0.2359,0.2083
521040,1986-01,76.8186,22.571,0.1581,0.2522,0.2
521040,1987-01,77.8485,21.5228,0.1534,0.2562,0.2192
521040,1988-01,78.3477,21.002,0.1432,0.2644,0.2426
521040,1989-01,78.7814,20.5489,0.1404,0.2743,0.255
521040,1990-01,79.3984,19.9257,0.1354,0.2632,0.2774
521040,1991-01,79.7435,19.5618,0.1315,0.27,0.2932
521040,1992-01,79.9754,19.3219,0.1264,0.2752,0.301
521040,1993-01,80.1526,19.1215,0.1267,0.291,0.3081
521040,1994-01,80.3546,18.8925,0.126,0.31,0.317
521040,1995-01,80.6109,18.5957,0.1267,0.3459,0.3208
521040,1996-01,80.8174,18.3809,0.1272,0.3546,0.3198
521040,1997-01,81.0656,18.0885,0.1275,0.3856,0.3328
521040,1998-01,81.244,17.9208,0.1319,0.388,0.3154
521040,1999-01,81.3418,17.8492,0.1316,0.3566,0.3208
521040,2000-01,81.4917,17.7384,0.1329,0.3579,0.2791
521040,2001-01,81.5211,17.7003,0.1317,0.3663,0.2807
521040,2002-01,81.6435,17.5554,0.1282,0.3706,0.3022
521040,2003-01,81.7119,17.4609,0.1277,0.3759,0.3237
521040,2004-01,81.702,17.4444,0.1276,0.3845,0.3415
521040,2005-01,81.5397,17.5602,0.1274,0.3949,0.3779
521040,2006-01,81.5608,17.5102,0.1268,0.4051,0.3971
521040,2007-01,81.5976,17.4403,0.1265,0.428,0.4076
521040,2008-01,81.5499,17.4454,0.1269,0.4637,0.414
521040,2009-01,81.5335,17.4205,0.1271,0.5068,0.412
521040,2010-01,81.4742,17.4321,0.1262,0.5529,0.4147
521040,2011-01,81.4076,17.4707,0.1242,0.5789,0.4186
521040,2012-01,81.3588,17.466,0.1238,0.6296,0.4217
521040,2013-01,81.284,17.525,0.1232,0.653,0.4147
521040,2014-01,81.2339,17.5084,0.1231,0.7084,0.4262
521040,2015-01,81.2343,17.4525,0.1227,0.7653,0.4252
521040,2016-01,81.2381,17.4208,0.1233,0.7942,0.4236
521040,2017-01,81.2026,17.4357,0.1234,0.8088,0.4295
521040,2018-01,81.1818,17.3997,0.1231,0.8435,0.4518
521040,2019-01,81.1819,17.3836,0.1233,0.8562,0.4551
521040,2020-01,81.2411,17.2551,0.1231,0.8901,0.4905
521040,2021-01,81.3042,17.1436,0.1235,0.9273,0.5014
521040,2022-01,81.2605,17.1452,0.1234,0.9648,0.5062
521040,2023-01,81.1722,17.1744,0.1234,1.0117,0.5182
521040,2024-01,81.3208,17.0035,0.1248,1.04,0.5108
521056,1985-01,74.9822,24.1649,0.0555,0.5894,0.2081
521056,1986-01,76.4889,22.6708,0.0314,0.6026,0.2063
521056,1987-01,77.15,22.0164,0.0217,0.6075,0.2045
521056,1988-01,77.5384,21.6551,0.0187,0.5797,0.2081
521056,1989-01,78.3804,20.8439,0.0048,0.564,0.2069
521056,1990-01,79.1367,20.0665,0.0042,0.5894,0.2033
521056,1991-01,79.9328,19.201,0.0042,0.6455,0.2165
521056,1992-01,80.5221,18.5604,0.0042,0.6823,0.231
521056,1993-01,81.0384,18.0019,0.0042,0.707,0.2485
521056,1994-01,81.2519,17.7643,0.0042,0.7293,0.2503
521056,1995-01,81.7754,17.2305,0.0042,0.7546,0.2352
521056,1996-01,82.2657,16.7553,0.0042,0.754,0.2208
521056,1997-01,82.6722,16.356,0.0042,0.7396,0.228
521056,1998-01,82.8682,16.1474,0.0042,0.7359,0.2443
521056,1999-01,83.0654,15.8964,0.0042,0.7269,0.307
521056,2000-01,83.671,15.3379,0.0042,0.7172,0.2696
521056,2001-01,83.943,15.0412,0.0042,0.7444,0.2672
521056,2002-01,84.2898,14.6377,0.0042,0.7631,0.3052
521056,2003-01,84.3537,14.549,0.0042,0.7848,0.3082
521056,2004-01,83.9182,14.9562,0.0042,0.7993,0.3221
521056,2005-01,84.0008,14.8543,0.0042,0.8083,0.3323
521056,2006-01,84.037,14.8133,0.0042,0.8107,0.3348
521056,2007-01,84.0436,14.774,0.0042,0.8337,0.3444
521056,2008-01,84.0075,14.7946,0.0042,0.859,0.3348
521056,2009-01,84.0889,14.7046,0.0042,0.8849,0.3173
521056,2010-01,83.955,14.7444,0.0042,0.9784,0.3179
521056,2011-01,83.92,14.7342,0.0042,1.0382,0.3034
521056,2012-01,83.7439,14.8603,0.0042,1.0689,0.3227
521056,2013-01,83.6124,14.9495,0.0042,1.1244,0.3094
521056,2014-01,83.6377,14.9182,0.0042,1.1286,0.3112
521056,2015-01,83.5871,14.9351,0.0042,1.1727,0.301
521056,2016-01,83.534,14.9429,0.0042,1.2173,0.3016
521056,2017-01,83.3168,15.034,0.0042,1.2897,0.3553
521056,2018-01,83.2137,15.1064,0.0042,1.2698,0.4059
521056,2019-01,83.1793,15.1239,0.0042,1.2982,0.3945
521056,2020-01,83.2456,14.9785,0.0042,1.3615,0.4102
521056,2021-01,83.2493,14.958,0.0042,1.3748,0.4138
521056,2022-01,83.2649,14.929,0.0042,1.3748,0.427
521056,2023-01,83.2655,14.9465,0.0042,1.3693,0.4144
521056,2024-01,83.3228,14.882,0.0042,1.3796,0.4114
521060,1985-01,78.852,20.7296,0.0289,0.3316,0.0579
521060,1986-01,80.104,19.4983,0.0114,0.3294,0.0568
521060,1987-01,81.2152,18.3918,0.0086,0.338,0.0464
521060,1988-01,81.7233,17.8762,0.0018,0.3334,0.0654
521060,1989-01,82.0235,17.5481,0.0018,0.3473,0.0793
521060,1990-01,82.6034,16.9721,0.0018,0.3509,0.0718
521060,1991-01,83.0962,16.4875,0.0018,0.3405,0.074
521060,1992-01,83.6612,15.8957,0.0018,0.3584,0.0829
521060,1993-01,83.8481,15.6977,0.0018,0.3684,0.084
521060,1994-01,84.5377,14.9985,0.0018,0.3709,0.0911
521060,1995-01,84.9218,14.5933,0.0018,0.3888,0.0944
521060,1996-01,85.178,14.3106,0.0018,0.4099,0.0997
521060,1997-01,85.4206,14.0609,0.0018,0.4167,0.1001
521060,1998-01,85.586,13.9062,0.0018,0.4102,0.0958
521060,1999-01,85.8686,13.6186,0.0018,0.4174,0.0936
521060,2000-01,86.107,13.391,0.0018,0.4195,0.0808
521060,2001-01,86.1842,13.3209,0.0018,0.4184,0.0747
521060,2002-01,86.3646,13.1315,0.0018,0.4227,0.0793
521060,2003-01,86.5233,12.9621,0.0018,0.4338,0.079
521060,2004-01,86.5904,12.8882,0.0018,0.442,0.0776
521060,2005-01,86.6708,12.8028,0.0018,0.4456,0.079
521060,2006-01,86.7712,12.7013,0.0018,0.4463,0.0793
521060,2007-01,86.8405,12.626,0.0018,0.4517,0.0801
521060,2008-01,86.8019,12.666,0.0018,0.4524,0.0779
521060,2009-01,86.8377,12.6253,0.0018,0.4599,0.0754
521060,2010-01,86.8026,12.6481,0.0018,0.4745,0.0729
521060,2011-01,86.6368,12.8029,0.0018,0.4895,0.069
521060,2012-01,86.5461,12.8915,0.0018,0.4938,0.0668
521060,2013-01,86.4564,12.9758,0.0018,0.5045,0.0615
521060,2014-01,86.4239,12.9769,0.0018,0.5256,0.0718
521060,2015-01,86.4896,12.8979,0.0018,0.541,0.0697
521060,2016-01,86.4707,12.8979,0.0018,0.556,0.0736
521060,2017-01,86.4653,12.8975,0.0018,0.5564,0.079
521060,2018-01,86.3753,12.9769,0.0018,0.5603,0.0858
521060,2019-01,86.3488,12.998,0.0018,0.5596,0.0918
521060,2020-01,86.3496,12.9833,0.0018,0.5617,0.1036
521060,2021-01,86.3567,12.9608,0.0018,0.5703,0.1104
521060,2022-01,86.4303,12.8861,0.0018,0.5724,0.1093
521060,2023-01,86.4821,12.8136,0.0018,0.5789,0.1236
521060,2024-01,86.7858,12.5042,0.0018,0.5839,0.1244
521080,1985-01,63.1835,29.7993,3.1846,0.0988,3.7338
521080,1986-01,64.9104,28.0631,3.1715,0.0991,3.7559
521080,1987-01,66.2395,26.7043,3.1489,0.0807,3.8267
521080,1988-01,67.6364,25.5021,2.9627,0.0725,3.8263
521080,1989-01,69.5872,23.7094,2.875,0.0734,3.755
521080,1990-01,70.4159,22.903,2.8437,0.0754,3.762
521080,1991-01,71.3979,21.9463,2.7344,0.0764,3.845
521080,1992-01,72.5548,20.8454,2.6569,0.0778,3.8652
521080,1993-01,73.1415,20.2917,2.6118,0.0826,3.8724
521080,1994-01,73.813,19.6499,2.5772,0.0863,3.8735
521080,1995-01,74.5411,18.9413,2.5895,0.0919,3.8361
521080,1996-01,74.9009,18.6417,2.5579,0.0908,3.8087
521080,1997-01,75.163,18.409,2.52,0.0846,3.8234
521080,1998-01,75.3761,18.1908,2.4543,0.0767,3.9022
521080,1999-01,75.6012,18.0216,2.4305,0.0722,3.8745
521080,2000-01,75.7192,18.0051,2.539,0.0802,3.6565
521080,2001-01,75.863,17.937,2.5125,0.0841,3.6034
521080,2002-01,75.9233,17.8868,2.4784,0.0873,3.6242
521080,2003-01,75.9326,17.8949,2.4385,0.0878,3.6462
521080,2004-01,76.1248,17.7293,2.4326,0.0897,3.6236
521080,2005-01,76.1905,17.6873,2.4243,0.089,3.6088
521080,2006-01,76.0838,17.8092,2.4074,0.0883,3.6113
521080,2007-01,76.0291,17.8621,2.3948,0.0879,3.6262
521080,2008-01,76.131,17.7578,2.3739,0.0888,3.6485
521080,2009-01,76.1576,17.7586,2.3769,0.0884,3.6185
521080,2010-01,76.106,17.7966,2.3771,0.0889,3.6314
521080,2011-01,76.0749,17.8368,2.3797,0.0896,3.6191
521080,2012-01,76.1806,17.7624,2.3735,0.0868,3.5968
521080,2013-01,76.2652,17.7131,2.4159,0.0874,3.5184
521080,2014-01,76.361,17.7519,2.4215,0.0895,3.3761
521080,2015-01,76.2885,17.8326,2.4088,0.0876,3.3825
521080,2016-01,76.1115,17.8698,2.42,0.0864,3.5123
521080,2017-01,76.1256,17.8454,2.4162,0.0885,3.5243
521080,2018-01,76.1579,17.8131,2.4052,0.0898,3.534
521080,2019-01,76.2128,17.7764,2.4066,0.0914,3.5128
521080,2020-01,76.2793,17.7539,2.409,0.0947,3.4631
521080,2021-01,76.3236,17.7219,2.4003,0.1084,3.4458
521080,2022-01,76.3078,17.7204,2.3664,0.1077,3.4977
521080,2023-01,76.3425,17.6437,2.3613,0.101,3.5515
521080,2024-01,76.4468,17.597,2.3574,0.0999,3.4989
521090,1985-01,59.9661,39.2183,0.3011,0.2842,0.2303
521090,1986-01,61.3066,37.9484,0.216,0.3076,0.2213
521090,1987-01,61.949,37.3123,0.2016,0.3173,0.2198
521090,1988-01,61.3672,37.8983,0.1962,0.3177,0.2206
521090,1989-01,61.2251,38.0459,0.1901,0.3232,0.2157
521090,1990-01,62.0384,37.2384,0.1844,0.3251,0.2137
521090,1991-01,62.1949,37.0589,0.1805,0.3369,0.2288
521090,1992-01,62.752,36.4824,0.1757,0.345,0.2449
521090,1993-01,63.3199,35.885,0.1748,0.3637,0.2566
521090,1994-01,63.2438,35.9413,0.1764,0.3823,0.2563
521090,1995-01,63.3074,35.8318,0.1744,0.4214,0.265
521090,1996-01,63.7322,35.381,0.1711,0.4422,0.2735
521090,1997-01,64.3627,34.741,0.1674,0.447,0.2818
521090,1998-01,64.4451,34.6657,0.1733,0.4379,0.278
521090,1999-01,64.1354,34.9532,0.1763,0.4271,0.308
521090,2000-01,64.073,35.037,0.1761,0.4241,0.2898
521090,2001-01,64.1938,34.9178,0.1739,0.4297,0.2848
521090,2002-01,64.2775,34.807,0.1724,0.4469,0.2962
521090,2003-01,63.5546,35.5127,0.1704,0.4533,0.3091
521090,2004-01,63.5294,35.5291,0.1698,0.4575,0.3142
521090,2005-01,63.339,35.7078,0.1689,0.4658,0.3184
521090,2006-01,63.1626,35.86,0.1679,0.4792,0.3302
521090,2007-01,63.3508,35.6592,0.167,0.4935,0.3295
521090,2008-01,63.4489,35.5443,0.1663,0.5106,0.3299
521090,2009-01,63.3737,35.608,0.167,0.5246,0.3267
521090,2010-01,63.5416,35.4321,0.1669,0.5358,0.3235
521090,2011-01,63.3643,35.6062,0.1669,0.544,0.3187
521090,2012-01,63.719,35.2367,0.1667,0.5613,0.3163
521090,2013-01,63.9388,34.9917,0.1672,0.5989,0.3034
521090,2014-01,64.3277,34.5836,0.1674,0.621,0.3003
521090,2015-01,64.5381,34.3664,0.1661,0.6349,0.2944
521090,2016-01,64.726,34.167,0.167,0.6483,0.2917
521090,2017-01,64.6876,34.1778,0.1676,0.6671,0.2998
521090,2018-01,64.2974,34.5607,0.1667,0.671,0.3042
521090,2019-01,64.3491,34.5116,0.1669,0.6748,0.2976
521090,2020-01,64.4049,34.4477,0.1668,0.6766,0.3041
521090,2021-01,64.7854,34.0587,0.1663,0.6831,0.3064
521090,2022-01,65.4743,33.3471,0.1655,0.6964,0.3167
521090,2023-01,66.2512,32.5502,0.165,0.7136,0.32
521090,2024-01,66.8581,31.935,0.165,0.7161,0.3258
521100,1985-01,69.728,28.3959,1.0611,0.0792,0.7357
521100,1986-01,71.6698,26.4845,1.0995,0.0786,0.6676
521100,1987-01,72.554,25.6083,1.1077,0.0768,0.6532
521100,1988-01,72.8915,25.288,1.0543,0.0726,0.6935
521100,1989-01,73.2283,24.9485,1.0226,0.0735,0.727
521100,1990-01,74.4407,23.7288,1.0148,0.0708,0.7449
521100,1991-01,75.4714,22.7047,1.0033,0.0745,0.7461
521100,1992-01,76.4158,21.7481,0.9931,0.0794,0.7636
521100,1993-01,76.8782,21.2884,0.9962,0.0867,0.7504
521100,1994-01,77.3428,20.8486,1.0141,0.0858,0.7086
521100,1995-01,77.4623,20.7209,1.0028,0.1064,0.7077
521100,1996-01,77.2389,20.9397,0.9652,0.1082,0.7481
521100,1997-01,77.6796,20.5211,0.9313,0.091,0.777
521100,1998-01,77.6973,20.5307,0.9768,0.0887,0.7064
521100,1999-01,77.4688,20.7452,0.9894,0.091,0.7057
521100,2000-01,77.6563,20.6431,1.0296,0.0938,0.5773
521100,2001-01,77.9606,20.3486,1.0101,0.0968,0.5838
521100,2002-01,78.047,20.2516,1.0077,0.1035,0.5902
521100,2003-01,78.3062,20.0044,1.0152,0.1047,0.5696
521100,2004-01,78.2297,20.0853,1.0208,0.107,0.5572
521100,2005-01,78.2365,20.0868,1.035,0.111,0.5307
521100,2006-01,78.1811,20.1397,1.0337,0.1123,0.5332
521100,2007-01,78.2269,20.1101,1.0391,0.1121,0.5119
521100,2008-01,78.2193,20.1338,1.0361,0.1111,0.4997
521100,2009-01,78.1039,20.2488,1.0275,0.112,0.5078
521100,2010-01,78.0841,20.2667,1.0331,0.1121,0.504
521100,2011-01,78.0073,20.342,1.0182,0.1205,0.512
521100,2012-01,78.0567,20.2929,1.0338,0.1232,0.4934
521100,2013-01,78.0473,20.3235,1.0364,0.1216,0.4713
521100,2014-01,78.1728,20.2028,1.0481,0.1242,0.4521
521100,2015-01,78.1474,20.2375,1.0484,0.1252,0.4415
521100,2016-01,78.0265,20.3549,1.0498,0.1301,0.4386
521100,2017-01,78.0235,20.3506,1.0497,0.1324,0.4439
521100,2018-01,78.0202,20.3415,1.0209,0.1353,0.4822
521100,2019-01,78.0437,20.3044,1.0299,0.1496,0.4724
521100,2020-01,78.2528,20.09,1.0289,0.1511,0.4771
521100,2021-01,78.4052,19.9387,1.0376,0.1528,0.4657
521100,2022-01,78.4401,19.888,1.0146,0.1556,0.5016
521100,2023-01,78.5728,19.7583,1.0197,0.1578,0.4914
521100,2024-01,78.8243,19.5246,1.0205,0.1586,0.472
521120,1985-01,70.3183,29.0341,0.1516,0.2558,0.2402
521120,1986-01,71.7677,27.5894,0.1475,0.2671,0.2282
521120,1987-01,72.4845,26.8691,0.1446,0.2726,0.2292
521120,1988-01,72.7459,26.6084,0.1434,0.2739,0.2285
521120,1989-01,72.8221,26.5316,0.1384,0.2657,0.242
521120,1990-01,73.0945,26.2753,0.1362,0.2544,0.2396
521120,1991-01,73.4815,25.8869,0.1323,0.2601,0.2392
521120,1992-01,73.8066,25.5654,0.1293,0.2604,0.2383
521120,1993-01,74.0732,25.2956,0.1259,0.2706,0.2347
521120,1994-01,74.5284,24.8384,0.1212,0.277,0.2349
521120,1995-01,74.9075,24.4566,0.1172,0.2874,0.2313
521120,1996-01,75.207,24.1567,0.1193,0.2941,0.2229
521120,1997-01,75.4504,23.9084,0.1179,0.2964,0.227
521120,1998-01,75.3509,24.0005,0.1222,0.3046,0.2218
521120,1999-01,74.9365,24.3922,0.1224,0.3097,0.2392
521120,2000-01,74.4862,24.8819,0.1226,0.3151,0.1942
521120,2001-01,74.43,24.9438,0.1217,0.3203,0.1842
521120,2002-01,74.6049,24.7643,0.1177,0.3232,0.1898
521120,2003-01,74.8376,24.5188,0.1181,0.3289,0.1965
521120,2004-01,74.9834,24.3719,0.1162,0.337,0.1914
521120,2005-01,74.9447,24.4021,0.1156,0.3443,0.1934
521120,2006-01,74.3007,25.0212,0.1132,0.3595,0.2054
521120,2007-01,73.7713,25.5329,0.1125,0.3791,0.2042
521120,2008-01,73.33,25.969,0.1115,0.394,0.1954
521120,2009-01,73.2223,26.0781,0.1119,0.4047,0.183
521120,2010-01,73.1043,26.1951,0.1107,0.4072,0.1827
521120,2011-01,73.083,26.2113,0.1097,0.412,0.1841
521120,2012-01,73.1979,26.0936,0.1098,0.4238,0.1749
521120,2013-01,73.2397,26.0587,0.1094,0.4399,0.1524
521120,2014-01,73.2166,26.0729,0.1082,0.4477,0.1547
521120,2015-01,73.0944,26.1941,0.1083,0.4491,0.1541
521120,2016-01,72.943,26.334,0.1084,0.4582,0.1563
521120,2017-01,72.7934,26.4741,0.1083,0.4687,0.1555
521120,2018-01,72.8228,26.4348,0.108,0.4711,0.1633
521120,2019-01,72.8713,26.3864,0.107,0.4732,0.1621
521120,2020-01,72.9028,26.3348,0.1071,0.4839,0.1714
521120,2021-01,72.9402,26.2866,0.1066,0.497,0.1695
521120,2022-01,72.8476,26.3585,0.1042,0.5073,0.1824
521120,2023-01,72.9512,26.2169,0.1018,0.5173,0.2128
521120,2024-01,73.3322,25.8267,0.1056,0.525,0.2105
521130,1985-01,68.2496,26.0609,4.6007,0.0759,1.0129
521130,1986-01,70.0758,24.2658,4.5643,0.0716,1.0225
521130,1987-01,71.337,23.0135,4.5351,0.054,1.0604
521130,1988-01,72.4337,22.0806,4.3621,0.0525,1.0711
521130,1989-01,73.6506,20.9492,4.2933,0.0531,1.0537
521130,1990-01,75.2304,19.4494,4.2154,0.0553,1.0495
521130,1991-01,76.2411,18.5997,4.0418,0.0552,1.0622
521130,1992-01,77.7254,17.2664,3.8692,0.068,1.0709
521130,1993-01,78.5584,16.5951,3.7126,0.0676,1.0662
521130,1994-01,79.1266,16.1526,3.596,0.0611,1.0637
521130,1995-01,79.7362,15.6091,3.5785,0.0613,1.0149
521130,1996-01,79.8513,15.5266,3.5453,0.0701,1.0067
521130,1997-01,80.1394,15.2811,3.4817,0.0742,1.0237
521130,1998-01,80.2893,15.1641,3.4076,0.0649,1.074
521130,1999-01,80.3452,15.1558,3.36,0.0699,1.0691
521130,2000-01,80.4657,15.1165,3.4387,0.0816,0.8975
521130,2001-01,80.5627,15.0768,3.4053,0.0844,0.8709
521130,2002-01,80.5496,15.1086,3.3578,0.0912,0.8928
521130,2003-01,80.6046,15.0836,3.302,0.0991,0.9107
521130,2004-01,80.6417,15.1067,3.2651,0.0955,0.8909
521130,2005-01,80.6055,15.168,3.2448,0.0927,0.889
521130,2006-01,80.462,15.2464,3.1676,0.0907,1.0334
521130,2007-01,80.3586,15.3427,3.14,0.0886,1.0702
521130,2008-01,80.3266,15.3964,3.107,0.1001,1.07
521130,2009-01,80.3111,15.4264,3.1018,0.1108,1.0498
521130,2010-01,79.4418,15.2516,2.9195,0.1063,2.2808
521130,2011-01,79.33,15.283,2.9076,0.1092,2.3702
521130,2012-01,79.2884,15.2775,2.8948,0.1066,2.4326
521130,2013-01,79.3215,15.2645,2.9215,0.1048,2.3878
521130,2014-01,79.3461,15.2822,2.9181,0.1036,2.3501
521130,2015-01,79.2898,15.3462,2.8984,0.1025,2.3631
521130,2016-01,79.2117,15.4065,2.908,0.1006,2.3731
521130,2017-01,79.1548,15.4546,2.903,0.0973,2.3902
521130,2018-01,79.1276,15.4804,2.8906,0.0991,2.4022
521130,2019-01,79.1817,15.4398,2.8916,0.0966,2.3902
521130,2020-01,79.225,15.4317,2.8883,0.0969,2.3582
521130,2021-01,79.2846,15.3893,2.8804,0.1009,2.3449
521130,2022-01,79.2571,15.4008,2.8472,0.1054,2.3896
521130,2023-01,79.2504,15.3866,2.8397,0.1128,2.4106
521130,2024-01,79.3842,15.2858,2.8304,0.1121,2.3876
521140,1985-01,77.602,21.9776,0.0476,0.2919,0.081
521140,1986-01,78.7946,20.8128,0.0079,0.2995,0.0853
521140,1987-01,79.4585,20.1454,0.007,0.3056,0.0837
521140,1988-01,79.7613,19.8506,0.0063,0.3004,0.0814
521140,1989-01,79.4859,20.1166,0.0063,0.3053,0.0859
521140,1990-01,80.1287,19.4713,0.0063,0.3044,0.0893
521140,1991-01,80.4163,19.1814,0.0043,0.3082,0.0897
521140,1992-01,80.6559,18.9324,0.0043,0.3181,0.0893
521140,1993-01,80.8978,18.6851,0.0047,0.3215,0.0909
521140,1994-01,81.219,18.3549,0.0045,0.3307,0.0909
521140,1995-01,81.3795,18.1918,0.0045,0.3347,0.0895
521140,1996-01,81.3409,18.2033,0.0045,0.3567,0.0947
521140,1997-01,81.4416,18.0812,0.0045,0.3668,0.1059
521140,1998-01,81.46,18.0557,0.004,0.3717,0.1086
521140,1999-01,81.5823,17.8986,0.0038,0.3915,0.1238
521140,2000-01,81.7142,17.7732,0.0038,0.4022,0.1066
521140,2001-01,81.7368,17.7416,0.0043,0.4056,0.1117
521140,2002-01,81.8521,17.6171,0.0038,0.4105,0.1164
521140,2003-01,81.912,17.5435,0.0034,0.4162,0.125
521140,2004-01,81.8938,17.548,0.0036,0.422,0.1326
521140,2005-01,81.8808,17.5596,0.0036,0.4242,0.1317
521140,2006-01,81.8106,17.6224,0.0036,0.4276,0.1357
521140,2007-01,81.8037,17.6233,0.0036,0.4296,0.1398
521140,2008-01,81.713,17.7184,0.0036,0.4305,0.1344
521140,2009-01,81.7332,17.6989,0.0036,0.4334,0.1308
521140,2010-01,81.7707,17.6536,0.0036,0.4361,0.136
521140,2011-01,81.7476,17.6734,0.004,0.4429,0.1322
521140,2012-01,81.6455,17.7663,0.0043,0.4449,0.1391
521140,2013-01,81.5954,17.8168,0.0043,0.4521,0.1315
521140,2014-01,81.5171,17.834,0.004,0.5046,0.1402
521140,2015-01,81.5113,17.821,0.0038,0.5212,0.1427
521140,2016-01,81.5149,17.8141,0.0031,0.5254,0.1425
521140,2017-01,81.4938,17.8316,0.0029,0.5299,0.1418
521140,2018-01,81.4662,17.832,0.0029,0.538,0.1609
521140,2019-01,81.5232,17.7712,0.0029,0.5391,0.1636
521140,2020-01,81.5441,17.7412,0.0029,0.5454,0.1665
521140,2021-01,81.5717,17.6994,0.0029,0.5532,0.1728
521140,2022-01,81.5634,17.6969,0.0027,0.56,0.177
521140,2023-01,81.5355,17.7151,0.0027,0.5638,0.1829
521140,2024-01,81.7,17.5475,0.0027,0.5687,0.1811
521150,1985-01,78.7502,13.2129,2.5794,0.6127,4.8448
521150,1986-01,79.3052,12.6534,2.582,0.6218,4.8376
521150,1987-01,79.7468,12.2257,2.5727,0.6143,4.8404
521150,1988-01,80.0443,11.9881,2.5296,0.5802,4.8579
521150,1989-01,80.3445,11.6963,2.4891,0.5776,4.8925
521150,1990-01,80.3501,11.7522,2.3995,0.5967,4.9014
521150,1991-01,80.4187,11.7088,2.3271,0.6393,4.9062
521150,1992-01,80.4583,11.6989,2.2468,0.675,4.921
521150,1993-01,80.5568,11.627,2.1918,0.7397,4.8847
521150,1994-01,80.7033,11.5955,2.0883,0.7635,4.8493
521150,1995-01,80.8826,11.4834,2.0631,0.8135,4.7575
521150,1996-01,81.0306,11.3619,2.0467,0.8461,4.7148
521150,1997-01,81.0454,11.3286,2.0201,0.8598,4.7461
521150,1998-01,81.2153,11.2082,1.9994,0.8796,4.6976
521150,1999-01,81.2263,11.3067,1.9644,0.9203,4.5823
521150,2000-01,81.2748,11.4105,1.9873,0.9679,4.3595
521150,2001-01,81.2805,11.4584,1.9522,0.9865,4.3224
521150,2002-01,81.2212,11.444,1.9161,0.9878,4.4309
521150,2003-01,81.0983,11.537,1.8631,0.9903,4.5113
521150,2004-01,81.0331,11.5159,1.854,1.0101,4.5869
521150,2005-01,81.0354,11.5394,1.8415,1.0295,4.5543
521150,2006-01,81.0094,11.5746,1.8218,1.059,4.5352
521150,2007-01,80.9726,11.5682,1.802,1.1048,4.5524
521150,2008-01,80.9969,11.5668,1.7908,1.1763,4.4692
521150,2009-01,80.947,11.6474,1.7874,1.2433,4.3748
521150,2010-01,80.9057,11.6721,1.7794,1.281,4.3618
521150,2011-01,80.7765,11.7025,1.7722,1.3506,4.3982
521150,2012-01,80.7391,11.7571,1.768,1.4659,4.2699
521150,2013-01,80.7301,11.7689,1.7715,1.5214,4.208
521150,2014-01,80.8147,11.7388,1.767,1.6631,4.0164
521150,2015-01,80.806,11.7272,1.7639,1.6968,4.0061
521150,2016-01,80.7713,11.756,1.7564,1.657,4.0593
521150,2017-01,80.7274,11.7994,1.7517,1.674,4.0476
521150,2018-01,80.6863,11.802,1.742,1.6498,4.1199
521150,2019-01,80.6836,11.7979,1.7343,1.6694,4.1148
521150,2020-01,80.6695,11.7837,1.7308,1.6812,4.1349
521150,2021-01,80.655,11.757,1.7252,1.7259,4.1369
521150,2022-01,80.5289,11.7591,1.6889,1.7012,4.3218
521150,2023-01,80.3332,11.7725,1.6795,1.7239,4.4908
521150,2024-01,80.4918,11.7935,1.6742,1.744,4.2966
521160,1985-01,49.3036,49.1633,0.6942,0.4571,0.3818
521160,1986-01,50.4505,48.0666,0.6644,0.4313,0.3871
521160,1987-01,52.1001,46.5162,0.6559,0.3289,0.3988
521160,1988-01,53.9324,44.7938,0.635,0.2376,0.4011
521160,1989-01,55.2395,43.5598,0.6154,0.1821,0.4032
521160,1990-01,57.2172,41.5902,0.6098,0.1864,0.3964
521160,1991-01,58.142,40.6566,0.6001,0.1959,0.4054
521160,1992-01,58.818,39.9939,0.5883,0.1992,0.4006
521160,1993-01,59.3479,39.4942,0.5819,0.1884,0.3877
521160,1994-01,60.2418,38.6131,0.5787,0.184,0.3824
521160,1995-01,61.4459,37.4169,0.5759,0.1853,0.3759
521160,1996-01,62.2998,36.5489,0.5713,0.1907,0.3893
521160,1997-01,63.9232,34.9097,0.5705,0.2054,0.3912
521160,1998-01,64.6751,34.1498,0.5668,0.2199,0.3884
521160,1999-01,64.525,34.2882,0.5662,0.2416,0.379
521160,2000-01,64.8269,34.0037,0.573,0.2679,0.3285
521160,2001-01,65.3467,33.481,0.5721,0.2849,0.3153
521160,2002-01,65.6142,33.1948,0.571,0.302,0.3181
521160,2003-01,66.0987,32.6695,0.5696,0.3417,0.3207
521160,2004-01,66.4834,32.1748,0.5701,0.4511,0.3205
521160,2005-01,66.5171,32.1224,0.5687,0.468,0.3237
521160,2006-01,66.5171,32.1224,0.5677,0.4714,0.3214
521160,2007-01,66.6584,32.0006,0.5645,0.4546,0.3218
521160,2008-01,66.9268,31.7439,0.5629,0.4421,0.3243
521160,2009-01,67.0679,31.6492,0.5624,0.3976,0.3228
521160,2010-01,67.5667,31.2684,0.5605,0.281,0.3233
521160,2011-01,67.5032,31.3844,0.5602,0.2376,0.3145
521160,2012-01,67.1007,31.8278,0.5588,0.1964,0.3164
521160,2013-01,66.4837,32.3517,0.5605,0.1682,0.436
521160,2014-01,66.4409,32.4072,0.5603,0.1566,0.435
521160,2015-01,66.0349,32.8135,0.5605,0.1546,0.4365
521160,2016-01,66.1702,32.6751,0.5594,0.1596,0.4356
521160,2017-01,66.3527,32.4968,0.5602,0.1573,0.4331
521160,2018-01,66.1747,32.6731,0.5583,0.156,0.4378
521160,2019-01,65.7085,33.1469,0.5554,0.153,0.4362
521160,2020-01,65.684,33.1891,0.5543,0.1443,0.4284
521160,2021-01,65.5213,33.3595,0.5524,0.1402,0.4266
521160,2022-01,65.7442,33.1267,0.5466,0.1451,0.4373
521160,2023-01,66.0386,32.8207,0.5436,0.154,0.4431
521160,2024-01,66.9369,31.9254,0.5433,0.1457,0.4486
521170,1985-01,73.2442,23.9749,2.1629,0.1167,0.5013
521170,1986-01,76.8444,20.4242,2.1446,0.1233,0.4634
521170,1987-01,77.6377,19.6498,2.1331,0.1203,0.4591
521170,1988-01,77.8976,19.4212,2.1146,0.133,0.4336
521170,1989-01,78.0982,19.2868,2.0644,0.1495,0.4011
521170,1990-01,78.5895,18.8816,1.9752,0.1521,0.4016
521170,1991-01,78.4416,19.0782,1.9563,0.1562,0.3678
521170,1992-01,78.8275,18.7181,1.9141,0.1624,0.3779
521170,1993-01,79.1854,18.3813,1.8732,0.1804,0.3796
521170,1994-01,79.463,18.1102,1.8638,0.1864,0.3767
521170,1995-01,79.8008,17.7838,1.8585,0.1992,0.3577
521170,1996-01,80.1346,17.4521,1.8521,0.2129,0.3482
521170,1997-01,80.2262,17.3576,1.8376,0.2212,0.3574
521170,1998-01,80.3767,17.2485,1.8147,0.2288,0.3313
521170,1999-01,80.5489,17.0837,1.8015,0.2349,0.331
521170,2000-01,80.5994,17.0587,1.8663,0.2404,0.2352
521170,2001-01,80.6808,16.9872,1.8621,0.2443,0.2256
521170,2002-01,80.7422,16.935,1.8288,0.2441,0.2499
521170,2003-01,80.7542,16.9224,1.816,0.25,0.2574
521170,2004-01,80.771,16.8969,1.8148,0.2588,0.2584
521170,2005-01,80.8409,16.8184,1.8137,0.265,0.2619
521170,2006-01,80.8859,16.7666,1.8088,0.2719,0.2669
521170,2007-01,80.9221,16.7304,1.7865,0.2772,0.2838
521170,2008-01,80.975,16.6782,1.7856,0.2879,0.2733
521170,2009-01,81.0585,16.6011,1.7885,0.2965,0.2556
521170,2010-01,81.0904,16.5666,1.7811,0.3065,0.2554
521170,2011-01,81.1116,16.5479,1.7819,0.3163,0.2423
521170,2012-01,81.2315,16.4219,1.7845,0.3361,0.226
521170,2013-01,81.2304,16.4103,1.7864,0.3643,0.2085
521170,2014-01,81.244,16.3739,1.783,0.3805,0.2186
521170,2015-01,81.3371,16.2621,1.7814,0.3881,0.2313
521170,2016-01,81.3725,16.2183,1.7833,0.395,0.2309
521170,2017-01,81.3577,16.2211,1.7815,0.4052,0.2345
521170,2018-01,81.2702,16.2934,1.7762,0.4164,0.2437
521170,2019-01,81.2724,16.2726,1.7707,0.43,0.2543
521170,2020-01,81.2573,16.26,1.7645,0.4432,0.2751
521170,2021-01,81.2797,16.2094,1.7671,0.4783,0.2654
521170,2022-01,81.4263,16.0544,1.7436,0.4863,0.2896
521170,2023-01,81.6314,15.823,1.7329,0.5144,0.2984
521170,2024-01,81.8449,15.6322,1.7249,0.5073,0.2908
521180,1985-01,59.4926,39.4252,0.1721,0.4669,0.4432
521180,1986-01,61.3796,37.5633,0.1507,0.4778,0.4286
521180,1987-01,62.5212,36.4448,0.1413,0.4467,0.446
521180,1988-01,62.7324,36.2402,0.1345,0.4313,0.4617
521180,1989-01,63.2711,35.7155,0.126,0.4249,0.4624
521180,1990-01,63.8947,35.0812,0.1189,0.4428,0.4623
521180,1991-01,64.3076,34.6762,0.1177,0.439,0.4595
521180,1992-01,65.0844,33.9142,0.1116,0.4365,0.4532
521180,1993-01,65.9403,33.0642,0.1077,0.4345,0.4534
521180,1994-01,66.6791,32.3161,0.1052,0.4382,0.4614
521180,1995-01,67.3701,31.5999,0.1007,0.4834,0.4459
521180,1996-01,67.7369,31.2312,0.0992,0.5053,0.4273
521180,1997-01,67.8651,31.081,0.0986,0.5123,0.4429
521180,1998-01,67.8732,31.0531,0.0964,0.5486,0.4286
521180,1999-01,67.6853,31.2354,0.0945,0.554,0.4309
521180,2000-01,67.5637,31.469,0.0951,0.5401,0.3321
521180,2001-01,67.4828,31.5643,0.0947,0.5393,0.319
521180,2002-01,67.7256,31.3085,0.0923,0.5394,0.3343
521180,2003-01,68.0249,31.0071,0.0906,0.5529,0.3246
521180,2004-01,68.2548,30.7593,0.0866,0.5752,0.3241
521180,2005-01,68.3743,30.6276,0.0859,0.5922,0.32
521180,2006-01,68.3857,30.6097,0.0839,0.5988,0.3219
521180,2007-01,68.2183,30.7719,0.0824,0.5974,0.33
521180,2008-01,68.0392,30.9564,0.0825,0.6041,0.3178
521180,2009-01,67.9489,31.0426,0.0811,0.6161,0.3113
521180,2010-01,67.9334,31.0269,0.0809,0.6469,0.3119
521180,2011-01,67.8402,31.0942,0.0803,0.6776,0.3077
521180,2012-01,67.9032,31.018,0.0799,0.7021,0.2968
521180,2013-01,68.1005,30.8438,0.0786,0.7001,0.2769
521180,2014-01,68.2592,30.6791,0.0793,0.7013,0.2812
521180,2015-01,68.3834,30.5539,0.0785,0.7226,0.2617
521180,2016-01,68.4447,30.4854,0.0784,0.735,0.2565
521180,2017-01,68.4645,30.469,0.0772,0.7418,0.2476
521180,2018-01,68.4347,30.4917,0.0772,0.7395,0.2569
521180,2019-01,68.4402,30.4836,0.0772,0.7361,0.263
521180,2020-01,68.3567,30.5519,0.0765,0.7366,0.2783
521180,2021-01,68.4271,30.4693,0.0767,0.7423,0.2846
521180,2022-01,68.5152,30.3618,0.0762,0.7462,0.3006
521180,2023-01,68.8109,30.0408,0.0764,0.7633,0.3086
521180,2024-01,69.5268,29.3271,0.077,0.7672,0.3019
521190,1985-01,66.0041,25.5864,7.796,0.3213,0.2923
521190,1986-01,66.8507,24.7792,7.7308,0.3299,0.3094
521190,1987-01,67.3961,24.2636,7.6954,0.3218,0.323
521190,1988-01,68.6065,23.4359,7.288,0.3498,0.3198
521190,1989-01,69.6648,22.601,7.0555,0.3593,0.3194
521190,1990-01,71.2704,21.4025,6.6837,0.33,0.3135
521190,1991-01,72.4049,20.7027,6.2565,0.313,0.3229
521190,1992-01,73.5974,19.7523,6.0164,0.311,0.3228
521190,1993-01,74.314,19.3648,5.6809,0.3235,0.3168
521190,1994-01,75.3034,18.6523,5.405,0.3349,0.3044
521190,1995-01,76.1413,18.0098,5.2146,0.3489,0.2855
521190,1996-01,76.4919,17.7279,5.1171,0.3716,0.2915
521190,1997-01,77.007,17.2806,5.0225,0.3817,0.3082
521190,1998-01,77.4223,16.9349,4.9519,0.3821,0.3089
521190,1999-01,77.3452,17.0611,4.8646,0.4183,0.3108
521190,2000-01,77.3656,17.14,4.8551,0.4414,0.1978
521190,2001-01,77.4662,17.1242,4.7656,0.4507,0.1933
521190,2002-01,77.6612,17.011,4.6626,0.4601,0.2052
521190,2003-01,77.9509,16.8336,4.562,0.4445,0.209
521190,2004-01,78.199,16.6846,4.4742,0.4426,0.1996
521190,2005-01,78.2766,16.6396,4.4372,0.4465,0.2001
521190,2006-01,78.2831,16.7062,4.3609,0.4485,0.2012
521190,2007-01,78.2793,16.7532,4.3163,0.4513,0.1999
521190,2008-01,78.3322,16.7306,4.2664,0.4532,0.2176
521190,2009-01,78.2966,16.7994,4.2353,0.458,0.2106
521190,2010-01,78.2703,16.8544,4.2009,0.4678,0.2066
521190,2011-01,78.1351,16.9987,4.1762,0.4885,0.2015
521190,2012-01,78.0571,17.0962,4.1498,0.5001,0.1968
521190,2013-01,77.9916,17.1487,4.1431,0.5321,0.1844
521190,2014-01,77.9541,17.1831,4.1188,0.5591,0.1848
521190,2015-01,77.8555,17.2917,4.0916,0.5761,0.1851
521190,2016-01,77.8436,17.3026,4.0759,0.5758,0.2021
521190,2017-01,77.8277,17.3321,4.0553,0.5842,0.2008
521190,2018-01,77.8382,17.3405,4.0329,0.5878,0.2007
521190,2019-01,77.819,17.3724,4.0216,0.5887,0.1983
521190,2020-01,77.7918,17.4217,4.0114,0.5833,0.1918
521190,2021-01,77.8421,17.389,3.9978,0.5807,0.1904
521190,2022-01,77.8438,17.3893,3.9821,0.5846,0.2002
521190,2023-01,77.8399,17.3909,3.9736,0.5971,0.1986
521190,2024-01,77.8952,17.351,3.9658,0.5927,0.1954
521200,1985-01,60.6039,38.4001,0.1612,0.1776,0.6572
521200,1986-01,61.8805,37.12,0.1596,0.1835,0.6563
521200,1987-01,62.0182,36.9839,0.1537,0.1838,0.6604
521200,1988-01,61.8474,37.1336,0.1519,0.1989,0.6682
521200,1989-01,62.2341,36.7571,0.1398,0.1958,0.6732
521200,1990-01,62.8411,36.1537,0.135,0.2028,0.6674
521200,1991-01,63.1868,35.7976,0.1277,0.2196,0.6684
521200,1992-01,63.2001,35.7677,0.1243,0.227,0.6809
521200,1993-01,62.1552,36.8008,0.1216,0.2319,0.6905
521200,1994-01,62.0559,36.8781,0.1177,0.2509,0.6975
521200,1995-01,61.9362,37.0018,0.1175,0.2592,0.6853
521200,1996-01,60.8765,38.0646,0.1181,0.2527,0.688
521200,1997-01,61.0277,37.8757,0.118,0.2839,0.6947
521200,1998-01,61.051,37.816,0.1183,0.3254,0.6893
521200,1999-01,61.0852,37.7774,0.1178,0.3229,0.6967
521200,2000-01,62.0814,36.8405,0.119,0.3265,0.6326
521200,2001-01,62.4543,36.4868,0.1193,0.3185,0.6211
521200,2002-01,62.0268,36.9019,0.1188,0.3242,0.6282
521200,2003-01,62.8091,36.1146,0.1183,0.3348,0.6232
521200,2004-01,63.191,35.7343,0.1183,0.3398,0.6165
521200,2005-01,63.1035,35.7963,0.118,0.3597,0.6225
521200,2006-01,63.1962,35.6913,0.1181,0.3793,0.615
521200,2007-01,63.3083,35.5936,0.1181,0.3717,0.6082
521200,2008-01,63.2632,35.636,0.118,0.3767,0.6061
521200,2009-01,63.1795,35.7245,0.1181,0.3653,0.6124
521200,2010-01,63.5448,35.3872,0.1185,0.3476,0.6019
521200,2011-01,63.4092,35.5597,0.118,0.3226,0.5905
521200,2012-01,63.592,35.3584,0.1175,0.3515,0.5806
521200,2013-01,63.8338,35.1096,0.1172,0.3793,0.5601
521200,2014-01,64.2259,34.7174,0.1177,0.3832,0.5559
521200,2015-01,64.2599,34.683,0.1173,0.3772,0.5625
521200,2016-01,64.3644,34.566,0.1177,0.3855,0.5664
521200,2017-01,64.4692,34.4847,0.1173,0.3634,0.5655
521200,2018-01,64.3807,34.6133,0.1165,0.3232,0.5663
521200,2019-01,64.4226,34.5857,0.1168,0.3073,0.5676
521200,2020-01,64.5055,34.5072,0.1168,0.2925,0.578
521200,2021-01,64.8278,34.2031,0.117,0.2849,0.5672
521200,2022-01,65.0692,33.9902,0.1168,0.2945,0.5292
521200,2023-01,65.1768,33.8464,0.1181,0.3281,0.5305
521200,2024-01,66.411,32.6213,0.119,0.3249,0.5238
521205,1985-01,61.2866,38.2123,0.0456,0.4376,0.0179
521205,1986-01,67.3585,32.1158,0.0179,0.4861,0.0217
521205,1987-01,70.2983,29.2029,0.0142,0.463,0.0217
521205,1988-01,72.6744,26.9335,0.0067,0.3637,0.0217
521205,1989-01,73.9409,25.7439,0.0045,0.2875,0.0232
521205,1990-01,74.7728,24.874,0.0045,0.3256,0.0232
521205,1991-01,75.5919,24.0474,0.0045,0.3248,0.0314
521205,1992-01,76.0698,23.6031,0.0045,0.2883,0.0344
521205,1993-01,77.4431,22.2097,0.0045,0.3047,0.0381
521205,1994-01,78.363,21.2457,0.0045,0.3472,0.0396
521205,1995-01,78.9866,20.5437,0.0045,0.4294,0.0358
521205,1996-01,79.5347,19.9381,0.0045,0.4824,0.0403
521205,1997-01,79.8005,19.6521,0.0045,0.5011,0.0418
521205,1998-01,79.9588,19.4819,0.0045,0.5183,0.0366
521205,1999-01,80.268,19.1682,0.0045,0.5197,0.0396
521205,2000-01,80.4584,18.9569,0.0045,0.5272,0.053
521205,2001-01,80.6249,18.7695,0.0045,0.5421,0.059
521205,2002-01,80.7325,18.65,0.0045,0.5451,0.068
521205,2003-01,80.837,18.5477,0.0045,0.5407,0.0702
521205,2004-01,80.7033,18.6642,0.0045,0.5593,0.0687
521205,2005-01,80.5472,18.8076,0.0045,0.575,0.0657
521205,2006-01,80.5711,18.7456,0.0045,0.6079,0.0709
521205,2007-01,80.6122,18.6881,0.0045,0.6258,0.0694
521205,2008-01,80.6264,18.6627,0.0045,0.6392,0.0672
521205,2009-01,80.7362,18.5297,0.0045,0.6706,0.059
521205,2010-01,80.598,18.6418,0.0045,0.693,0.0627
521205,2011-01,80.368,18.7568,0.0045,0.802,0.0687
521205,2012-01,80.2284,18.8546,0.0045,0.8394,0.0732
521205,2013-01,80.4046,18.712,0.0045,0.8125,0.0665
521205,2014-01,80.4345,18.6754,0.0045,0.8073,0.0784
521205,2015-01,80.4539,18.6731,0.0045,0.8028,0.0657
521205,2016-01,80.2485,18.8823,0.0045,0.7946,0.0702
521205,2017-01,80.2478,18.8673,0.0045,0.7938,0.0866
521205,2018-01,79.97,19.1391,0.0045,0.7968,0.0896
521205,2019-01,80.0387,19.0786,0.0045,0.7953,0.0829
521205,2020-01,80.1925,18.8882,0.0045,0.8214,0.0933
521205,2021-01,80.1843,18.8934,0.0045,0.8162,0.1016
521205,2022-01,80.2851,18.7739,0.0045,0.8229,0.1135
521205,2023-01,80.1178,18.7538,0.0045,1.0119,0.112
521205,2024-01,80.2971,18.5604,0.0045,1.0238,0.1142
521210,1985-01,83.8066,13.1539,2.3019,0.4094,0.3281
521210,1986-01,84.3323,12.6391,2.2645,0.424,0.3402
521210,1987-01,84.5613,12.4046,2.2517,0.4266,0.3558
521210,1988-01,84.7705,12.3743,2.11,0.4024,0.3428
521210,1989-01,84.921,12.3049,2.0256,0.4104,0.3381
521210,1990-01,84.7484,12.5198,1.9442,0.4278,0.3598
521210,1991-01,84.5713,12.8293,1.818,0.4265,0.355
521210,1992-01,84.654,12.8443,1.7044,0.4387,0.3587
521210,1993-01,84.7281,12.7802,1.6681,0.4526,0.3711
521210,1994-01,84.785,12.7423,1.6282,0.4755,0.369
521210,1995-01,84.8589,12.6699,1.6121,0.4958,0.3633
521210,1996-01,85.0627,12.4657,1.5892,0.5126,0.3697
521210,1997-01,85.1189,12.4531,1.531,0.5175,0.3795
521210,1998-01,85.15,12.452,1.4922,0.5225,0.3833
521210,1999-01,85.1462,12.494,1.4739,0.5302,0.3558
521210,2000-01,85.2033,12.494,1.4554,0.5395,0.3079
521210,2001-01,85.1823,12.577,1.4059,0.5368,0.2979
521210,2002-01,85.1731,12.594,1.3918,0.5391,0.302
521210,2003-01,85.2062,12.5732,1.3601,0.5426,0.318
521210,2004-01,85.2851,12.5094,1.3389,0.5445,0.3222
521210,2005-01,85.261,12.5401,1.3249,0.5428,0.3312
521210,2006-01,85.3189,12.4914,1.3033,0.5393,0.347
521210,2007-01,85.3607,12.4435,1.3018,0.5401,0.3539
521210,2008-01,85.3648,12.4597,1.2886,0.5386,0.3484
521210,2009-01,85.2962,12.5433,1.2711,0.5426,0.3468
521210,2010-01,85.3308,12.5197,1.2736,0.5435,0.3325
521210,2011-01,85.291,12.5764,1.264,0.5431,0.3254
521210,2012-01,85.2987,12.5819,1.256,0.5431,0.3203
521210,2013-01,85.3117,12.5871,1.2548,0.5485,0.2979
521210,2014-01,85.3241,12.5771,1.2468,0.5565,0.2954
521210,2015-01,85.2914,12.5607,1.2405,0.5746,0.3327
521210,2016-01,85.2737,12.5601,1.2394,0.5873,0.3396
521210,2017-01,85.289,12.5355,1.2354,0.5995,0.3407
521210,2018-01,85.2647,12.5542,1.2335,0.6054,0.3422
521210,2019-01,85.2911,12.5343,1.2168,0.6096,0.3482
521210,2020-01,85.3394,12.49,1.2119,0.6111,0.3476
521210,2021-01,85.3249,12.5055,1.2144,0.6253,0.33
521210,2022-01,85.3062,12.5353,1.2012,0.6335,0.3239
521210,2023-01,85.1941,12.6237,1.1792,0.6461,0.3569
521210,2024-01,85.238,12.5955,1.1851,0.6461,0.3354
521220,1985-01,50.5093,46.6712,1.0521,0.1157,1.6517
521220,1986-01,53.0692,44.1294,1.0528,0.1106,1.6379
521220,1987-01,54.7935,42.4152,1.0712,0.1039,1.6161
521220,1988-01,56.7613,40.4599,1.0567,0.1019,1.6201
521220,1989-01,58.0418,39.1762,1.0259,0.1006,1.6556
521220,1990-01,60.2854,36.9351,0.9925,0.1006,1.6863
521220,1991-01,61.7138,35.5008,0.9841,0.0995,1.7019
521220,1992-01,63.7418,33.4496,0.9677,0.1229,1.718
521220,1993-01,64.1141,33.0682,0.9687,0.1263,1.7227
521220,1994-01,65.8878,31.3145,1.0002,0.1333,1.6642
521220,1995-01,66.4715,30.722,0.9866,0.1387,1.6811
521220,1996-01,66.8411,30.344,0.9565,0.1316,1.7268
521220,1997-01,67.4016,29.7654,0.9287,0.1305,1.7739
521220,1998-01,67.9796,29.1906,0.94,0.1284,1.7614
521220,1999-01,68.3248,28.8117,0.926,0.1271,1.8104
521220,2000-01,69.2004,28.1101,1.0462,0.1297,1.5136
521220,2001-01,69.5278,27.814,1.0593,0.1401,1.4588
521220,2002-01,69.8709,27.457,1.0448,0.1427,1.4846
521220,2003-01,70.2609,27.0744,1.0538,0.1602,1.4507
521220,2004-01,70.3563,26.9566,1.0439,0.1671,1.4761
521220,2005-01,70.5199,26.7959,1.0468,0.1719,1.4655
521220,2006-01,70.5392,26.7901,1.0541,0.1835,1.4331
521220,2007-01,70.5571,26.7791,1.0568,0.2043,1.4028
521220,2008-01,70.2903,27.0827,1.0607,0.2,1.3663
521220,2009-01,70.0868,27.2933,1.0546,0.1968,1.3685
521220,2010-01,70.084,27.283,1.0492,0.1978,1.3861
521220,2011-01,69.9864,27.3948,1.0557,0.1822,1.381
521220,2012-01,70.0759,27.3003,1.0632,0.1899,1.3707
521220,2013-01,70.2128,27.1664,1.0652,0.1933,1.3623
521220,2014-01,70.2682,27.099,1.0614,0.1868,1.3847
521220,2015-01,70.3074,27.0616,1.0602,0.1976,1.3731
521220,2016-01,70.2258,27.1327,1.0647,0.2042,1.3726
521220,2017-01,70.1156,27.2301,1.0649,0.2099,1.3795
521220,2018-01,69.6736,27.6483,1.0601,0.2053,1.4128
521220,2019-01,69.5228,27.7963,1.0583,0.2164,1.4063
521220,2020-01,69.5122,27.7995,1.0587,0.214,1.4157
521220,2021-01,69.7557,27.5784,1.0619,0.206,1.398
521220,2022-01,69.6875,27.6202,1.0468,0.201,1.4445
521220,2023-01,69.6763,27.6379,1.0483,0.2002,1.4373
521220,2024-01,69.8271,27.4933,1.0525,0.206,1.4211
521225,1985-01,72.2467,22.904,4.2096,0.0726,0.5671
521225,1986-01,73.7014,21.4336,4.2026,0.0726,0.5897
521225,1987-01,75.3845,19.75,4.1738,0.0679,0.6238
521225,1988-01,76.337,18.7986,4.1687,0.0721,0.6236
521225,1989-01,77.3355,17.8116,4.1658,0.0823,0.6048
521225,1990-01,78.3035,16.845,4.1435,0.0907,0.6172
521225,1991-01,79.7518,15.5574,3.9602,0.0856,0.645
521225,1992-01,80.5463,14.7733,3.9422,0.0867,0.6516
521225,1993-01,80.945,14.3518,3.9309,0.121,0.6514
521225,1994-01,81.1224,14.1921,3.8898,0.1668,0.6289
521225,1995-01,81.6118,13.7136,3.8786,0.1752,0.6207
521225,1996-01,81.937,13.4016,3.8578,0.1772,0.6264
521225,1997-01,82.6508,12.7034,3.8361,0.1765,0.6331
521225,1998-01,82.7085,12.6432,3.7848,0.1761,0.6873
521225,1999-01,82.7479,12.6126,3.771,0.1858,0.6828
521225,2000-01,82.7505,12.6801,3.8598,0.1922,0.5174
521225,2001-01,82.7269,12.727,3.8421,0.2035,0.5005
521225,2002-01,82.6583,12.8086,3.8182,0.206,0.5089
521225,2003-01,82.6141,12.8611,3.7919,0.2073,0.5255
521225,2004-01,82.5077,13.0093,3.7682,0.215,0.4997
521225,2005-01,82.4252,13.096,3.7624,0.2174,0.499
521225,2006-01,82.3259,13.2209,3.7317,0.2186,0.5028
521225,2007-01,82.2586,13.3298,3.6923,0.2177,0.5016
521225,2008-01,82.1584,13.4567,3.6784,0.2161,0.4904
521225,2009-01,82.0188,13.6122,3.6735,0.2208,0.4747
521225,2010-01,81.9087,13.7414,3.6598,0.2208,0.4693
521225,2011-01,81.7755,13.8956,3.6678,0.219,0.4421
521225,2012-01,81.7324,13.9493,3.6669,0.2199,0.4315
521225,2013-01,81.7335,13.9684,3.6923,0.2196,0.3862
521225,2014-01,81.8024,13.9109,3.6954,0.2183,0.3731
521225,2015-01,81.6956,14.0289,3.6864,0.2205,0.3685
521225,2016-01,81.6709,14.0491,3.6932,0.2223,0.3645
521225,2017-01,81.6349,14.084,3.6852,0.2256,0.3704
521225,2018-01,81.9172,13.7884,3.6811,0.2382,0.3751
521225,2019-01,82.1232,13.5926,3.6899,0.2416,0.3527
521225,2020-01,82.1251,13.5951,3.6888,0.2431,0.3479
521225,2021-01,82.1139,13.611,3.6727,0.2442,0.3581
521225,2022-01,82.109,13.613,3.6397,0.2447,0.3935
521225,2023-01,82.1926,13.5436,3.6213,0.2369,0.4056
521225,2024-01,82.2355,13.5221,3.6215,0.2391,0.3819
521230,1985-01,58.8812,39.8398,0.447,0.7643,0.0677
521230,1986-01,60.2802,38.4853,0.3841,0.7824,0.0681
521230,1987-01,61.2562,37.6707,0.2789,0.7128,0.0814
521230,1988-01,62.0652,36.9525,0.263,0.6285,0.0908
521230,1989-01,63.0817,35.9692,0.2319,0.6263,0.0908
521230,1990-01,64.2597,34.8976,0.1849,0.571,0.0868
521230,1991-01,65.2076,34.0515,0.1513,0.4842,0.1054
521230,1992-01,66.1448,33.1074,0.1438,0.4932,0.1108
521230,1993-01,66.7147,32.516,0.1306,0.5209,0.1178
521230,1994-01,67.0611,32.1496,0.1258,0.5287,0.1349
521230,1995-01,68.2071,31.0132,0.1225,0.5177,0.1395
521230,1996-01,69.0781,30.1824,0.114,0.4863,0.1391
521230,1997-01,69.769,29.5472,0.0966,0.4314,0.1558
521230,1998-01,70.4747,28.8582,0.0904,0.4114,0.1652
521230,1999-01,71.0804,28.1801,0.0888,0.4568,0.1939
521230,2000-01,71.7909,27.5551,0.0939,0.4597,0.1005
521230,2001-01,72.1473,27.2477,0.0931,0.4204,0.0915
521230,2002-01,72.7449,26.6378,0.0848,0.4251,0.1074
521230,2003-01,73.1769,26.1912,0.0839,0.4341,0.1139
521230,2004-01,73.7084,25.632,0.0794,0.4658,0.1144
521230,2005-01,73.7547,25.5803,0.078,0.4721,0.1149
521230,2006-01,74.0046,25.356,0.0767,0.4469,0.1158
521230,2007-01,74.1725,25.1671,0.0735,0.4703,0.1166
521230,2008-01,74.4841,24.8533,0.0719,0.4795,0.1112
521230,2009-01,74.6218,24.7261,0.0685,0.4757,0.1079
521230,2010-01,74.5909,24.7482,0.0658,0.4858,0.1094
521230,2011-01,74.4323,24.8574,0.0645,0.5362,0.1095
521230,2012-01,74.312,24.9511,0.0636,0.5618,0.1115
521230,2013-01,74.4543,24.8176,0.0631,0.5573,0.1077
521230,2014-01,74.4034,24.826,0.0623,0.5935,0.1148
521230,2015-01,74.4489,24.7542,0.0625,0.6182,0.1162
521230,2016-01,74.3467,24.8481,0.0623,0.6241,0.1187
521230,2017-01,74.3361,24.8468,0.0625,0.6323,0.1223
521230,2018-01,74.235,24.9254,0.0616,0.6445,0.1335
521230,2019-01,74.2656,24.8784,0.0605,0.6632,0.1322
521230,2020-01,74.3235,24.7982,0.0616,0.6831,0.1337
521230,2021-01,74.5036,24.6014,0.0605,0.7013,0.1331
521230,2022-01,74.5491,24.5021,0.0594,0.7234,0.1659
521230,2023-01,74.5563,24.4616,0.0587,0.7568,0.1666
521230,2024-01,74.6752,24.3337,0.0616,0.7647,0.1648
521250,1985-01,28.8428,63.8071,4.3085,2.4524,0.5891
521250,1986-01,30.2871,62.55,4.1211,2.4479,0.5938
521250,1987-01,30.8554,62.4662,3.6843,2.3962,0.5979
521250,1988-01,32.6107,60.9167,3.4043,2.4711,0.5973
521250,1989-01,33.6969,60.0662,3.1274,2.5121,0.5975
521250,1990-01,34.902,59.1636,2.9754,2.3445,0.6145
521250,1991-01,36.1514,58.2925,2.7494,2.1879,0.6188
521250,1992-01,37.6421,57.013,2.6283,2.0955,0.6211
521250,1993-01,39.2266,55.6536,2.5319,1.9748,0.6131
521250,1994-01,40.4633,54.4756,2.4277,2.0106,0.6227
521250,1995-01,41.4162,53.4767,2.374,2.1142,0.6189
521250,1996-01,41.9548,52.906,2.3219,2.228,0.5894
521250,1997-01,43.1278,51.7394,2.2404,2.3053,0.5872
521250,1998-01,44.2309,50.6724,2.1643,2.3347,0.5977
521250,1999-01,45.2554,49.6267,2.0918,2.3908,0.6353
521250,2000-01,46.3609,48.66,2.0699,2.3475,0.5617
521250,2001-01,47.6474,47.4678,2.0222,2.3038,0.5589
521250,2002-01,48.6409,46.5892,1.9656,2.2398,0.5645
521250,2003-01,49.6671,45.61,1.8984,2.2349,0.5894
521250,2004-01,50.514,44.677,1.8375,2.2419,0.7296
521250,2005-01,50.8492,43.7567,1.7946,2.2198,1.3797
521250,2006-01,51.2764,43.1433,1.7501,2.2387,1.5915
521250,2007-01,51.7363,42.7178,1.7128,2.2272,1.6058
521250,2008-01,51.9269,41.7332,1.6705,2.1846,2.4847
521250,2009-01,52.057,41.1268,1.6364,2.1813,2.9985
521250,2010-01,52.2781,40.9127,1.6122,2.1944,3.0026
521250,2011-01,52.5799,40.6032,1.591,2.2187,3.0072
521250,2012-01,52.8451,40.3055,1.5712,2.2694,3.0088
521250,2013-01,53.1188,40.0257,1.5591,2.3099,2.9864
521250,2014-01,53.3496,39.7716,1.5391,2.3417,2.998
521250,2015-01,53.6321,39.5078,1.5183,2.3572,2.9847
521250,2016-01,53.816,39.3195,1.5072,2.3616,2.9957
521250,2017-01,54.0502,39.0807,1.4945,2.3794,2.9952
521250,2018-01,54.2452,38.8934,1.4731,2.3815,3.0069
521250,2019-01,54.553,38.6135,1.4574,2.3798,2.9963
521250,2020-01,54.8545,38.2719,1.4355,2.3899,3.0482
521250,2021-01,55.1883,37.9528,1.3911,2.4139,3.0539
521250,2022-01,55.3531,37.7446,1.371,2.4286,3.1026
521250,2023-01,55.8383,37.1112,1.3451,2.4771,3.2283
521250,2024-01,56.0653,36.9274,1.3274,2.4814,3.1985
521260,1985-01,62.2319,34.3014,2.9873,0.2673,0.2121
521260,1986-01,63.8206,33.0401,2.7145,0.2182,0.2066
521260,1987-01,64.8412,32.0986,2.6504,0.2012,0.2086
521260,1988-01,65.6585,31.3791,2.5832,0.1729,0.2062
521260,1989-01,66.9609,30.1493,2.5189,0.1725,0.1984
521260,1990-01,68.2336,28.9378,2.4294,0.1891,0.2101
521260,1991-01,68.7575,28.4787,2.3587,0.1862,0.2188
521260,1992-01,69.4853,27.811,2.3043,0.1819,0.2176
521260,1993-01,70.2463,27.0721,2.2837,0.1802,0.2177
521260,1994-01,70.8926,26.4921,2.2124,0.1851,0.2177
521260,1995-01,71.4655,25.9641,2.1699,0.1923,0.2083
521260,1996-01,71.5742,25.8872,2.1485,0.186,0.2041
521260,1997-01,71.5739,25.8888,2.1242,0.1913,0.2218
521260,1998-01,71.4463,26.026,2.106,0.2032,0.2185
521260,1999-01,71.4677,26.0101,2.0945,0.2072,0.2205
521260,2000-01,71.4418,26.077,2.0912,0.2162,0.174
521260,2001-01,71.4549,26.0742,2.0833,0.2187,0.1688
521260,2002-01,71.5112,26.0253,2.0652,0.2153,0.1831
521260,2003-01,71.4763,26.0729,2.0585,0.2078,0.1845
521260,2004-01,71.574,25.9993,2.0413,0.201,0.1844
521260,2005-01,71.6034,25.9802,2.0318,0.2017,0.1829
521260,2006-01,71.7537,25.8319,2.0249,0.2076,0.182
521260,2007-01,71.7571,25.8204,2.0143,0.2193,0.1889
521260,2008-01,71.6932,25.8788,2.009,0.2269,0.192
521260,2009-01,71.683,25.8836,1.9969,0.2279,0.2086
521260,2010-01,71.6656,25.9101,1.9876,0.2299,0.2068
521260,2011-01,71.7366,25.85,1.9761,0.2257,0.2116
521260,2012-01,71.9041,25.69,1.9695,0.2222,0.2141
521260,2013-01,71.8829,25.7005,1.9743,0.2363,0.2061
521260,2014-01,71.7364,25.8535,1.965,0.2392,0.2059
521260,2015-01,71.6223,25.9733,1.9619,0.2412,0.2014
521260,2016-01,71.3945,26.2051,1.9615,0.243,0.1959
521260,2017-01,71.3056,26.3053,1.9516,0.2408,0.1966
521260,2018-01,71.1027,26.5093,1.9411,0.2423,0.2046
521260,2019-01,70.995,26.6229,1.9347,0.2441,0.2034
521260,2020-01,70.9667,26.6525,1.9286,0.2428,0.2094
521260,2021-01,70.9955,26.6298,1.931,0.2405,0.2032
521260,2022-01,71.2065,26.4245,1.9069,0.2421,0.22
521260,2023-01,71.5904,26.059,1.8865,0.2381,0.226
521260,2024-01,72.2981,25.3656,1.8803,0.233,0.2231
521270,1985-01,4.0174,74.3336,21.3702,0.2753,0.0034
521270,1986-01,4.4219,74.0182,21.3046,0.2515,0.0038
521270,1987-01,4.5823,73.9149,21.2579,0.237,0.0079
521270,1988-01,4.6469,73.8665,21.2249,0.2482,0.0134
521270,1989-01,4.6621,73.9066,21.1776,0.248,0.0058
521270,1990-01,4.8382,73.8096,21.0913,0.2534,0.0075
521270,1991-01,4.8977,73.8268,21.0058,0.264,0.0058
521270,1992-01,5.3739,73.4491,20.9045,0.2662,0.0064
521270,1993-01,5.7501,73.1301,20.8597,0.2443,0.0158
521270,1994-01,5.9828,72.9388,20.8,0.275,0.0035
521270,1995-01,6.2017,72.7235,20.7656,0.3057,0.0035
521270,1996-01,6.2478,72.6876,20.7016,0.3569,0.006
521270,1997-01,6.2384,72.6969,20.6553,0.4031,0.0064
521270,1998-01,6.1936,72.7736,20.6067,0.4209,0.005
521270,1999-01,6.1009,72.8968,20.5742,0.422,0.0061
521270,2000-01,6.1541,72.8601,20.5472,0.4342,0.0045
521270,2001-01,6.1181,72.8355,20.4496,0.5917,0.0051
521270,2002-01,6.2778,72.6031,20.4187,0.6945,0.006
521270,2003-01,6.6237,72.2882,20.3437,0.7382,0.0063
521270,2004-01,7.1829,71.7948,20.2546,0.7609,0.0068
521270,2005-01,7.5488,71.4347,20.1616,0.7671,0.0879
521270,2006-01,7.4916,71.2345,20.037,0.7439,0.4931
521270,2007-01,7.3472,71.2454,20.0278,0.7901,0.5895
521270,2008-01,7.5095,71.0208,19.9474,0.9293,0.593
521270,2009-01,7.6458,70.6164,19.9024,1.2362,0.5991
521270,2010-01,7.7745,70.4848,19.8798,1.2552,0.6057
521270,2011-01,7.9741,70.2794,19.8409,1.2948,0.6109
521270,2012-01,8.4686,69.8934,19.8029,1.2243,0.6109
521270,2013-01,8.9611,69.5564,19.777,1.0985,0.6069
521270,2014-01,9.4103,69.2445,19.7554,0.9859,0.6039
521270,2015-01,9.5564,69.1127,19.7281,0.9993,0.6035
521270,2016-01,9.6914,69.0832,19.6933,0.928,0.6041
521270,2017-01,9.7927,69.0387,19.6665,0.8999,0.6021
521270,2018-01,9.6674,69.1331,19.6445,0.9544,0.6007
521270,2019-01,9.6716,69.0446,19.6266,1.0557,0.6015
521270,2020-01,9.8031,68.941,19.5108,1.1494,0.5957
521270,2021-01,10.976,67.9345,19.3214,1.1757,0.5925
521270,2022-01,11.6517,67.4161,19.1597,1.1921,0.5805
521270,2023-01,12.6346,66.6693,18.8471,1.2676,0.5814
521270,2024-01,13.1057,66.2878,18.7241,1.3006,0.5818
521280,1985-01,46.4454,52.8834,0.3364,0.1756,0.1593
521280,1986-01,47.7506,51.6063,0.2939,0.1917,0.1575
521280,1987-01,48.3276,51.0265,0.2899,0.2045,0.1515
521280,1988-01,45.2855,54.0817,0.2737,0.2087,0.1503
521280,1989-01,45.8803,53.4968,0.2642,0.2085,0.1502
521280,1990-01,45.6262,53.7571,0.255,0.2006,0.1611
521280,1991-01,45.7469,53.6777,0.2349,0.1821,0.1584
521280,1992-01,47.2275,52.2104,0.2214,0.1781,0.1626
521280,1993-01,48.8806,50.5443,0.2194,0.1919,0.1638
521280,1994-01,50.8993,48.5207,0.2183,0.1985,0.1632
521280,1995-01,51.8628,47.5479,0.2144,0.2023,0.1725
521280,1996-01,53.7398,45.6828,0.209,0.1994,0.1691
521280,1997-01,54.6134,44.7978,0.2028,0.2039,0.1821
521280,1998-01,55.4421,43.9859,0.2006,0.1981,0.1732
521280,1999-01,56.1499,43.2656,0.1989,0.1975,0.1881
521280,2000-01,56.8595,42.5998,0.1996,0.1999,0.1413
521280,2001-01,57.315,42.149,0.1981,0.2025,0.1354
521280,2002-01,57.5358,41.9204,0.1969,0.2003,0.1466
521280,2003-01,58.5886,40.8705,0.1926,0.1985,0.1498
521280,2004-01,59.4068,40.0683,0.177,0.1977,0.1501
521280,2005-01,59.991,39.4999,0.1757,0.1963,0.1371
521280,2006-01,60.1953,39.2879,0.1722,0.2006,0.144
521280,2007-01,61.0302,38.4511,0.1722,0.2011,0.1454
521280,2008-01,61.7546,37.7261,0.1724,0.2044,0.1424
521280,2009-01,61.8684,37.6117,0.1702,0.2066,0.1431
521280,2010-01,62.2753,37.2034,0.1677,0.2121,0.1415
521280,2011-01,62.451,37.0328,0.167,0.2084,0.1408
521280,2012-01,63.1526,36.3378,0.1652,0.2093,0.1351
521280,2013-01,63.7683,35.7329,0.1625,0.2086,0.1278
521280,2014-01,64.5706,34.927,0.1599,0.2133,0.1292
521280,2015-01,64.8305,34.6637,0.1586,0.2142,0.1331
521280,2016-01,65.0188,34.4696,0.1556,0.2184,0.1377
521280,2017-01,65.3885,34.0973,0.1532,0.2198,0.1412
521280,2018-01,64.8972,34.5661,0.1518,0.223,0.162
521280,2019-01,64.863,34.6047,0.151,0.2242,0.157
521280,2020-01,65.1975,34.2638,0.1495,0.2281,0.1611
521280,2021-01,65.7231,33.7303,0.1469,0.2312,0.1685
521280,2022-01,66.541,32.8907,0.1445,0.2341,0.1896
521280,2023-01,67.4687,31.9303,0.1413,0.2627,0.197
521280,2024-01,68.351,31.0498,0.1393,0.2704,0.1895
521290,1985-01,59.0272,37.4059,0.6777,0.2303,2.6588
521290,1986-01,60.1834,36.3373,0.6381,0.2401,2.6011
521290,1987-01,61.449,35.2477,0.492,0.2152,2.5962
521290,1988-01,62.0929,34.574,0.4799,0.1982,2.655
521290,1989-01,61.9056,34.8307,0.4621,0.1895,2.612
521290,1990-01,62.7748,33.9713,0.4361,0.2126,2.6052
521290,1991-01,64.2855,32.4041,0.4274,0.2231,2.6599
521290,1992-01,64.3011,32.3805,0.424,0.2492,2.6452
521290,1993-01,64.3227,32.4405,0.4221,0.2714,2.5433
521290,1994-01,65.1864,31.702,0.4093,0.2809,2.4215
521290,1995-01,65.656,31.412,0.3998,0.2922,2.2399
521290,1996-01,66.6406,30.4927,0.3949,0.3111,2.1607
521290,1997-01,67.8576,29.25,0.3821,0.3145,2.1958
521290,1998-01,68.9482,28.4168,0.3776,0.3134,1.9441
521290,1999-01,69.7504,27.8033,0.3749,0.3168,1.7547
521290,2000-01,70.7187,26.8508,0.3734,0.3375,1.7196
521290,2001-01,71.5484,26.0325,0.3587,0.3443,1.7162
521290,2002-01,71.7867,25.3847,0.353,0.3553,2.1203
521290,2003-01,71.6291,25.3906,0.3349,0.3579,2.2875
521290,2004-01,71.6002,25.2124,0.3273,0.3605,2.4996
521290,2005-01,71.3699,25.3804,0.3251,0.376,2.5486
521290,2006-01,71.3854,25.4023,0.3232,0.3753,2.5139
521290,2007-01,71.0837,25.6858,0.3228,0.3787,2.529
521290,2008-01,71.2776,25.741,0.3164,0.3806,2.2845
521290,2009-01,71.4859,25.6308,0.316,0.3821,2.1852
521290,2010-01,71.7807,25.2714,0.3096,0.4062,2.232
521290,2011-01,72.1488,24.7637,0.3066,0.4145,2.3664
521290,2012-01,72.9804,24.3299,0.3005,0.4179,1.9713
521290,2013-01,73.1695,24.2053,0.299,0.4266,1.8996
521290,2014-01,73.7212,24.1087,0.2964,0.4459,1.4279
521290,2015-01,73.3463,24.5115,0.2952,0.4508,1.3962
521290,2016-01,73.3396,24.4228,0.2888,0.4579,1.4909
521290,2017-01,73.6703,24.0913,0.2835,0.4629,1.492
521290,2018-01,73.6583,23.8036,0.2816,0.4689,1.7875
521290,2019-01,73.7848,23.701,0.2824,0.4746,1.7573
521290,2020-01,73.5873,23.8814,0.2786,0.4829,1.7698
521290,2021-01,73.553,23.927,0.2745,0.4806,1.7649
521290,2022-01,73.4622,23.7454,0.2711,0.4821,2.0392
521290,2023-01,72.8806,23.9089,0.2699,0.4957,2.4449
521290,2024-01,73.2304,23.9006,0.2643,0.5104,2.0943
521295,1985-01,48.2289,50.0951,0.7491,0.0485,0.8784
521295,1986-01,51.0181,47.3676,0.7458,0.0509,0.8175
521295,1987-01,53.5633,44.8444,0.7401,0.0498,0.8024
521295,1988-01,55.4583,42.9661,0.7153,0.0555,0.8048
521295,1989-01,56.9553,41.4593,0.6945,0.057,0.8339
521295,1990-01,59.6702,38.6998,0.6895,0.0693,0.8711
521295,1991-01,61.1686,37.2085,0.6834,0.0715,0.868
521295,1992-01,62.4631,35.9095,0.6789,0.0747,0.8738
521295,1993-01,63.1136,35.266,0.6723,0.0888,0.8593
521295,1994-01,64.0025,34.3625,0.6721,0.0875,0.8754
521295,1995-01,64.7958,33.5587,0.6639,0.0897,0.892
521295,1996-01,65.3236,32.9834,0.647,0.0927,0.9533
521295,1997-01,66.0817,32.2512,0.6418,0.0961,0.9292
521295,1998-01,66.3586,31.9876,0.6397,0.1,0.9141
521295,1999-01,66.6968,31.6191,0.6376,0.1011,0.9454
521295,2000-01,67.4666,31.0166,0.6526,0.1043,0.7599
521295,2001-01,67.9806,30.5267,0.6546,0.1052,0.733
521295,2002-01,68.2766,30.2049,0.6541,0.1064,0.758
521295,2003-01,68.7015,29.8202,0.6564,0.1106,0.7113
521295,2004-01,68.8851,29.6458,0.6556,0.1123,0.7012
521295,2005-01,69.1666,29.3274,0.6485,0.1133,0.7443
521295,2006-01,69.237,29.2331,0.6397,0.1126,0.7776
521295,2007-01,69.2372,29.2632,0.6364,0.1113,0.7518
521295,2008-01,69.1842,29.3346,0.6326,0.1107,0.7379
521295,2009-01,69.2972,29.2264,0.6321,0.111,0.7334
521295,2010-01,69.5407,28.9803,0.6322,0.1112,0.7357
521295,2011-01,69.6,28.9274,0.6325,0.1113,0.7288
521295,2012-01,69.7888,28.7454,0.6339,0.1128,0.7192
521295,2013-01,69.9506,28.611,0.6339,0.1209,0.6837
521295,2014-01,70.1942,28.3724,0.6361,0.1241,0.6732
521295,2015-01,70.2959,28.2813,0.6357,0.1254,0.6617
521295,2016-01,70.2824,28.2872,0.6349,0.1246,0.671
521295,2017-01,70.3236,28.2534,0.6376,0.1155,0.6699
521295,2018-01,70.3758,28.1665,0.6346,0.1142,0.7089
521295,2019-01,70.5701,27.9689,0.6331,0.1144,0.7136
521295,2020-01,70.7417,27.7761,0.6318,0.1144,0.736
521295,2021-01,70.798,27.723,0.6313,0.1163,0.7314
521295,2022-01,70.7189,27.769,0.6256,0.1163,0.7702
521295,2023-01,70.626,27.8263,0.6259,0.1364,0.7853
521295,2024-01,70.6566,27.7894,0.6281,0.1438,0.7821
521300,1985-01,85.1432,7.3837,5.9095,0.329,1.2345
521300,1986-01,85.5026,7.0032,5.911,0.3537,1.2295
521300,1987-01,85.6547,6.8441,5.9215,0.3638,1.2159
521300,1988-01,85.781,6.7465,5.8652,0.3673,1.24
521300,1989-01,86.2115,6.4266,5.8231,0.3611,1.1777
521300,1990-01,86.4476,6.4393,5.5684,0.3629,1.1819
521300,1991-01,86.5264,6.4836,5.4418,0.3673,1.181
521300,1992-01,86.6232,6.4712,5.3529,0.3657,1.1869
521300,1993-01,86.6337,6.4561,5.3488,0.4044,1.157
521300,1994-01,86.6811,6.4793,5.2981,0.4081,1.1334
521300,1995-01,86.7258,6.4854,5.2311,0.4109,1.1467
521300,1996-01,86.7782,6.5092,5.158,0.4199,1.1347
521300,1997-01,86.8539,6.4939,5.1002,0.428,1.124
521300,1998-01,86.8376,6.5742,4.9709,0.4478,1.1695
521300,1999-01,86.9052,6.6048,4.9659,0.4697,1.0544
521300,2000-01,86.8899,6.73,5.0419,0.5476,0.7905
521300,2001-01,86.8838,6.7641,5.019,0.5655,0.7676
521300,2002-01,86.8865,6.7802,4.9856,0.5745,0.7732
521300,2003-01,86.8928,6.6936,4.9583,0.6214,0.8339
521300,2004-01,86.8277,6.729,4.9385,0.6701,0.8348
521300,2005-01,86.8057,6.7388,4.9335,0.6889,0.8332
521300,2006-01,86.802,6.7691,4.9114,0.688,0.8295
521300,2007-01,86.848,6.7289,4.8843,0.6969,0.8417
521300,2008-01,86.8478,6.7252,4.8826,0.7011,0.8433
521300,2009-01,86.8432,6.718,4.8883,0.7231,0.8273
521300,2010-01,86.7895,6.7309,4.8931,0.7644,0.8221
521300,2011-01,86.747,6.7545,4.8948,0.7914,0.8123
521300,2012-01,86.7022,6.7682,4.8968,0.8366,0.7961
521300,2013-01,86.6944,6.7833,4.8931,0.8456,0.7837
521300,2014-01,86.7123,6.7551,4.8974,0.8552,0.78
521300,2015-01,86.7304,6.7224,4.8924,0.8755,0.7793
521300,2016-01,86.7265,6.7154,4.8765,0.9001,0.7815
521300,2017-01,86.7725,6.6949,4.8619,0.8956,0.7752
521300,2018-01,86.7664,6.6918,4.8571,0.9087,0.776
521300,2019-01,86.7856,6.6811,4.8516,0.9041,0.7776
521300,2020-01,86.761,6.7097,4.8496,0.9041,0.7756
521300,2021-01,86.7566,6.7324,4.8409,0.8919,0.7782
521300,2022-01,86.7513,6.7503,4.8342,0.8661,0.7981
521300,2023-01,86.7638,6.7667,4.827,0.8397,0.8029
521300,2024-01,86.8956,6.7171,4.7922,0.8168,0.7782
521305,1985-01,25.1308,73.5247,0.6133,0.2333,0.4979
521305,1986-01,25.919,72.777,0.595,0.2203,0.4887
521305,1987-01,25.2861,73.4711,0.5525,0.1977,0.4927
521305,1988-01,25.9776,72.8062,0.5148,0.2102,0.4912
521305,1989-01,26.5318,72.2849,0.4739,0.2231,0.4863
521305,1990-01,27.298,71.5773,0.436,0.1845,0.5042
521305,1991-01,28.5505,70.3827,0.4086,0.1528,0.5055
521305,1992-01,29.6703,69.2825,0.3815,0.1586,0.5072
521305,1993-01,31.3509,67.5919,0.3725,0.1697,0.515
521305,1994-01,32.1734,66.7872,0.3574,0.1677,0.5143
521305,1995-01,33.4617,65.509,0.3482,0.178,0.5032
521305,1996-01,34.6314,64.3695,0.3388,0.1636,0.4967
521305,1997-01,35.4879,63.5369,0.3353,0.147,0.493
521305,1998-01,36.2951,62.7523,0.3286,0.1298,0.4941
521305,1999-01,37.3676,61.7024,0.3261,0.1062,0.4977
521305,2000-01,38.0096,61.1683,0.3212,0.1046,0.3963
521305,2001-01,38.4351,60.7725,0.3185,0.0909,0.3831
521305,2002-01,38.8684,60.3394,0.3164,0.0891,0.3868
521305,2003-01,39.4861,59.73,0.3111,0.0836,0.3892
521305,2004-01,39.8904,59.3233,0.3098,0.0851,0.3914
521305,2005-01,40.2205,58.9975,0.3072,0.0869,0.3879
521305,2006-01,40.6681,58.56,0.3059,0.0806,0.3854
521305,2007-01,41.2079,58.0327,0.304,0.0742,0.3811
521305,2008-01,41.8601,57.3854,0.299,0.0752,0.3803
521305,2009-01,42.0834,57.1629,0.2962,0.0785,0.379
521305,2010-01,42.1875,57.0622,0.2948,0.0718,0.3836
521305,2011-01,42.1195,57.137,0.2943,0.0749,0.3742
521305,2012-01,42.2425,57.0114,0.2926,0.0781,0.3754
521305,2013-01,42.4589,56.8135,0.2898,0.078,0.3598
521305,2014-01,42.5892,56.6824,0.2883,0.0773,0.3629
521305,2015-01,42.7146,56.5582,0.2855,0.0785,0.3632
521305,2016-01,42.9241,56.3615,0.2816,0.078,0.3548
521305,2017-01,43.1746,56.1138,0.2808,0.0804,0.3505
521305,2018-01,43.4819,55.8163,0.2793,0.08,0.3426
521305,2019-01,43.8785,55.4287,0.2768,0.0782,0.3378
521305,2020-01,44.0762,55.2259,0.2743,0.0755,0.3481
521305,2021-01,44.0295,55.2652,0.2739,0.0791,0.3522
521305,2022-01,43.7572,55.4952,0.2701,0.0819,0.3956
521305,2023-01,43.7403,55.4583,0.2661,0.0947,0.4406
521305,2024-01,43.8606,55.3462,0.2598,0.1108,0.4225
521308,1985-01,6.89,90.7416,0.7988,0.7741,0.7955
521308,1986-01,7.8075,89.8228,0.794,0.7791,0.7965
521308,1987-01,8.9155,88.806,0.7953,0.6994,0.7837
521308,1988-01,9.8721,87.9199,0.7947,0.6522,0.7611
521308,1989-01,10.8523,86.9175,0.7901,0.6835,0.7567
521308,1990-01,11.7419,86.0255,0.7845,0.6784,0.7697
521308,1991-01,12.6008,85.2152,0.7803,0.6417,0.762
521308,1992-01,13.5577,84.2802,0.7795,0.6235,0.759
521308,1993-01,14.3427,83.4678,0.7795,0.6588,0.7512
521308,1994-01,14.8747,82.9184,0.7771,0.678,0.7518
521308,1995-01,15.1685,82.6509,0.7776,0.6865,0.7165
521308,1996-01,15.4852,82.3746,0.7751,0.673,0.692
521308,1997-01,15.7767,81.3781,0.7717,0.659,1.4144
521308,1998-01,16.1921,80.6968,0.7719,0.6447,1.6945
521308,1999-01,16.9141,79.8418,0.7769,0.7288,1.7384
521308,2000-01,17.5629,79.311,0.7866,0.7749,1.5647
521308,2001-01,17.9997,78.8597,0.7888,0.8392,1.5126
521308,2002-01,17.8605,77.4704,0.788,0.8531,3.0279
521308,2003-01,18.147,77.1107,0.7876,0.8516,3.1031
521308,2004-01,18.477,76.7851,0.7852,0.8099,3.1427
521308,2005-01,19.0245,76.2623,0.7825,0.7571,3.1736
521308,2006-01,19.3737,75.9542,0.781,0.7091,3.1821
521308,2007-01,19.5723,75.7603,0.7804,0.6779,3.2092
521308,2008-01,19.5667,75.7622,0.7807,0.6771,3.2132
521308,2009-01,19.4926,75.8283,0.7786,0.6751,3.2254
521308,2010-01,19.6402,75.6397,0.7775,0.6791,3.2635
521308,2011-01,19.9187,75.354,0.7781,0.6635,3.2856
521308,2012-01,20.3926,74.8645,0.777,0.6656,3.3004
521308,2013-01,21.1539,74.1483,0.7771,0.6928,3.2278
521308,2014-01,21.5834,73.7131,0.777,0.7318,3.1948
521308,2015-01,21.8136,73.5212,0.7757,0.7568,3.1328
521308,2016-01,21.9451,73.4476,0.7748,0.7882,3.0444
521308,2017-01,21.9677,73.4637,0.7737,0.7738,3.0211
521308,2018-01,21.8401,73.6165,0.772,0.7573,3.0142
521308,2019-01,21.8439,73.6279,0.7713,0.7405,3.0165
521308,2020-01,22.227,73.1935,0.7722,0.7069,3.1004
521308,2021-01,22.567,72.8366,0.7724,0.731,3.093
521308,2022-01,23.0475,72.083,0.7688,0.877,3.2236
521308,2023-01,24.6046,70.3969,0.7667,0.9288,3.303
521308,2024-01,25.6903,69.3087,0.7669,0.9251,3.3091
521310,1985-01,31.465,52.2763,15.5268,0.5538,0.1781
521310,1986-01,35.1054,49.1586,15.0908,0.4586,0.1865
521310,1987-01,37.8839,46.5583,15.0073,0.3476,0.2029
521310,1988-01,39.5244,45.077,14.8694,0.332,0.1971
521310,1989-01,41.2862,43.4201,14.741,0.3608,0.1919
521310,1990-01,42.006,42.8031,14.6317,0.3633,0.196
521310,1991-01,42.5874,42.3615,14.5064,0.3462,0.1985
521310,1992-01,44.2902,40.7984,14.3384,0.3766,0.1964
521310,1993-01,45.6671,39.5181,14.2456,0.3801,0.1892
521310,1994-01,46.7191,38.5598,14.1862,0.3611,0.1738
521310,1995-01,47.4739,37.8884,14.1184,0.3551,0.1643
521310,1996-01,48.1043,37.3132,14.0723,0.342,0.1682
521310,1997-01,48.3013,37.1681,14.0293,0.3271,0.1741
521310,1998-01,48.5055,37.0207,13.9969,0.3166,0.1603
521310,1999-01,48.8767,36.6766,13.9653,0.3236,0.1578
521310,2000-01,49.666,35.9235,13.9662,0.324,0.1203
521310,2001-01,50.3038,35.3324,13.9324,0.3158,0.1155
521310,2002-01,51.1301,34.5571,13.8981,0.2982,0.1165
521310,2003-01,52.1369,33.5939,13.8644,0.2973,0.1075
521310,2004-01,52.7998,32.978,13.8285,0.2933,0.1005
521310,2005-01,52.9704,32.864,13.7793,0.285,0.1014
521310,2006-01,52.8713,32.9902,13.7494,0.2875,0.1016
521310,2007-01,52.6634,33.2243,13.7163,0.2975,0.0985
521310,2008-01,52.845,33.0467,13.6935,0.3172,0.0976
521310,2009-01,52.9639,32.9256,13.677,0.3444,0.0891
521310,2010-01,52.9296,32.9626,13.6599,0.3619,0.0859
521310,2011-01,53.1042,32.8042,13.6488,0.3592,0.0836
521310,2012-01,53.3095,32.6383,13.6309,0.341,0.0803
521310,2013-01,53.437,32.5288,13.6222,0.3371,0.0749
521310,2014-01,53.6094,32.3708,13.6081,0.3401,0.0716
521310,2015-01,53.8457,32.1329,13.5999,0.3528,0.0686
521310,2016-01,54.1376,31.8478,13.5856,0.3631,0.0659
521310,2017-01,54.3187,31.6456,13.5723,0.3981,0.0654
521310,2018-01,54.4102,31.5684,13.5598,0.3983,0.0632
521310,2019-01,54.5638,31.4472,13.5502,0.3765,0.0624
521310,2020-01,54.6364,31.3913,13.5413,0.3706,0.0604
521310,2021-01,54.7771,31.2567,13.5376,0.3712,0.0574
521310,2022-01,54.8692,31.1652,13.5296,0.3779,0.0581
521310,2023-01,55.1867,30.8507,13.5233,0.383,0.0562
521310,2024-01,55.3901,30.6479,13.5192,0.3861,0.0567
521340,1985-01,66.2366,33.1174,0.0949,0.1967,0.3544
521340,1986-01,66.5818,32.7786,0.0863,0.1965,0.3567
521340,1987-01,66.3119,33.0546,0.0869,0.1882,0.3584
521340,1988-01,66.533,32.8267,0.0816,0.2013,0.3575
521340,1989-01,66.5884,32.8007,0.0791,0.1793,0.3525
521340,1990-01,66.5994,32.8075,0.0795,0.1688,0.3448
521340,1991-01,67.082,32.3185,0.0797,0.1775,0.3423
521340,1992-01,66.5771,32.8389,0.0793,0.1633,0.3413
521340,1993-01,65.3099,34.1158,0.0768,0.1588,0.3387
521340,1994-01,64.9139,34.5088,0.0778,0.1641,0.3355
521340,1995-01,65.3865,34.0379,0.0799,0.1673,0.3284
521340,1996-01,64.8851,34.5397,0.0787,0.1561,0.3404
521340,1997-01,64.5329,34.8733,0.0784,0.1696,0.3459
521340,1998-01,64.187,35.214,0.0753,0.1777,0.3459
521340,1999-01,63.5648,35.8484,0.0749,0.1639,0.348
521340,2000-01,64.0032,35.4318,0.0755,0.1734,0.3161
521340,2001-01,64.5442,34.9014,0.0765,0.1773,0.3005
521340,2002-01,64.3365,35.1081,0.0749,0.1783,0.3023
521340,2003-01,64.469,34.9698,0.0738,0.1872,0.3002
521340,2004-01,64.7218,34.7157,0.0734,0.1844,0.3047
521340,2005-01,64.6197,34.8203,0.0727,0.1834,0.304
521340,2006-01,65.1491,34.2969,0.0732,0.1817,0.299
521340,2007-01,65.367,34.0771,0.0738,0.1804,0.3017
521340,2008-01,65.642,33.8011,0.0738,0.1802,0.3028
521340,2009-01,65.7583,33.6819,0.0738,0.18,0.306
521340,2010-01,66.0034,33.4399,0.073,0.1766,0.307
521340,2011-01,65.7123,33.7409,0.0725,0.1713,0.303
521340,2012-01,65.7057,33.7164,0.0727,0.2041,0.3011
521340,2013-01,65.663,33.7646,0.074,0.2085,0.2899
521340,2014-01,65.7861,33.6656,0.0751,0.184,0.2892
521340,2015-01,65.7013,33.7601,0.0751,0.181,0.2825
521340,2016-01,65.667,33.7937,0.0744,0.1857,0.2793
521340,2017-01,65.7345,33.7246,0.0748,0.1859,0.2802
521340,2018-01,65.8229,33.6252,0.074,0.1808,0.2971
521340,2019-01,65.9197,33.5483,0.0759,0.1683,0.2878
521340,2020-01,66.256,33.2199,0.0757,0.1629,0.2855
521340,2021-01,66.4472,33.0375,0.074,0.1609,0.2804
521340,2022-01,66.6267,32.845,0.0727,0.1667,0.289
521340,2023-01,67.1378,32.3096,0.0736,0.181,0.2981
521340,2024-01,69.1228,30.3385,0.0734,0.1751,0.2903
521350,1985-01,11.9769,84.2347,3.2897,0.0658,0.4328
521350,1986-01,13.1599,83.0593,3.2725,0.0644,0.4439
521350,1987-01,13.515,82.718,3.2628,0.0639,0.4402
521350,1988-01,14.1227,82.1136,3.2529,0.0597,0.4512
521350,1989-01,14.4216,81.8126,3.2495,0.0582,0.4581
521350,1990-01,15.7481,80.4773,3.2449,0.0677,0.4621
521350,1991-01,17.1273,79.0945,3.2408,0.0789,0.4586
521350,1992-01,18.0827,78.1302,3.2351,0.0951,0.4569
521350,1993-01,18.9687,77.2443,3.2343,0.1025,0.4502
521350,1994-01,19.8403,76.3923,3.2327,0.1016,0.4331
521350,1995-01,20.2064,76.0326,3.2306,0.1171,0.4133
521350,1996-01,20.4172,75.8295,3.2258,0.1265,0.4011
521350,1997-01,21.2072,75.0455,3.2217,0.1186,0.407
521350,1998-01,21.8325,74.4494,3.2215,0.116,0.3806
521350,1999-01,23.0759,73.2099,3.2207,0.1172,0.3764
521350,2000-01,24.4792,71.8262,3.2197,0.1164,0.3584
521350,2001-01,25.5522,70.7692,3.2199,0.1119,0.3468
521350,2002-01,26.3311,69.9914,3.2168,0.1127,0.3479
521350,2003-01,27.407,68.9159,3.2152,0.1204,0.3415
521350,2004-01,28.4045,67.9031,3.2122,0.1423,0.3379
521350,2005-01,29.4229,66.8832,3.2103,0.1433,0.3402
521350,2006-01,30.1194,66.1831,3.2095,0.1469,0.341
521350,2007-01,30.3531,65.9627,3.2089,0.1504,0.3249
521350,2008-01,30.6557,65.6512,3.2081,0.1602,0.3248
521350,2009-01,30.8352,65.4538,3.2039,0.1719,0.3352
521350,2010-01,31.0766,65.2163,3.2032,0.1652,0.3386
521350,2011-01,31.3193,64.9941,3.2027,0.1439,0.3401
521350,2012-01,32.1308,64.2114,3.2029,0.1263,0.3287
521350,2013-01,33.4033,62.9501,3.2022,0.1244,0.32
521350,2014-01,34.2948,62.0602,3.2017,0.1208,0.3226
521350,2015-01,34.9092,61.4471,3.2013,0.1243,0.318
521350,2016-01,34.9979,61.364,3.2001,0.1245,0.3133
521350,2017-01,34.8268,61.5427,3.1974,0.1245,0.3087
521350,2018-01,34.7323,61.6363,3.1969,0.1241,0.3104
521350,2019-01,34.8734,61.4913,3.1955,0.1325,0.3073
521350,2020-01,35.0895,61.277,3.1952,0.1331,0.3052
521350,2021-01,35.248,61.121,3.194,0.1327,0.3043
521350,2022-01,35.3503,61.0118,3.1909,0.1333,0.3137
521350,2023-01,35.2238,61.1404,3.1898,0.1301,0.316
521350,2024-01,35.031,61.3413,3.1879,0.1215,0.3183
521370,1985-01,58.7316,38.6333,0.9101,0.1573,1.5676
521370,1986-01,61.0719,36.3418,0.9377,0.1396,1.5091
521370,1987-01,62.9279,34.4997,0.9415,0.128,1.503
521370,1988-01,64.0006,33.4521,0.9196,0.1231,1.5046
521370,1989-01,64.6189,32.8548,0.8945,0.12,1.5118
521370,1990-01,66.1006,31.3476,0.8786,0.1373,1.536
521370,1991-01,67.1441,30.2888,0.8647,0.1502,1.5522
521370,1992-01,68.6786,28.7324,0.8459,0.1709,1.5722
521370,1993-01,69.3639,28.052,0.839,0.1719,1.5732
521370,1994-01,70.0662,27.3274,0.8374,0.2002,1.5688
521370,1995-01,70.861,26.4953,0.8069,0.2452,1.5915
521370,1996-01,71.1472,26.218,0.8003,0.2277,1.6068
521370,1997-01,71.4158,25.9342,0.7884,0.221,1.6405
521370,1998-01,71.7313,25.6479,0.7942,0.2109,1.6158
521370,1999-01,71.577,25.7774,0.7797,0.2062,1.6597
521370,2000-01,71.8333,25.7105,0.9111,0.2024,1.3427
521370,2001-01,72.4399,25.1284,0.9406,0.2042,1.2869
521370,2002-01,72.7817,24.7692,0.9196,0.2036,1.3258
521370,2003-01,73.4352,24.1239,0.9214,0.2078,1.3117
521370,2004-01,74.0659,23.4902,0.9083,0.2201,1.3155
521370,2005-01,74.4891,23.0639,0.9192,0.2318,1.296
521370,2006-01,74.8064,22.7665,0.9117,0.2344,1.2811
521370,2007-01,75.0727,22.505,0.9192,0.2375,1.2656
521370,2008-01,75.0949,22.5087,0.9189,0.2328,1.2447
521370,2009-01,75.0241,22.5905,0.914,0.2341,1.2373
521370,2010-01,75.0001,22.6118,0.908,0.2291,1.2509
521370,2011-01,74.773,22.866,0.922,0.213,1.2261
521370,2012-01,74.6732,22.9641,0.9332,0.2141,1.2153
521370,2013-01,74.3918,23.2626,0.9325,0.2155,1.1977
521370,2014-01,74.2516,23.3957,0.9302,0.2173,1.2053
521370,2015-01,74.1605,23.4888,0.9297,0.2178,1.2032
521370,2016-01,74.1577,23.4941,0.9394,0.2194,1.1893
521370,2017-01,74.0513,23.6054,0.9373,0.2248,1.1812
521370,2018-01,73.829,23.8099,0.9209,0.2277,1.2125
521370,2019-01,73.7648,23.8609,0.9191,0.2309,1.2243
521370,2020-01,73.748,23.867,0.9206,0.2323,1.2321
521370,2021-01,73.7674,23.8793,0.9168,0.2251,1.2115
521370,2022-01,73.804,23.8522,0.8923,0.2192,1.2323
521370,2023-01,73.7347,23.9244,0.9017,0.2275,1.2117
521370,2024-01,73.7728,23.8948,0.9041,0.2278,1.2005
521375,1985-01,74.3856,15.6766,9.6748,0.1773,0.0857
521375,1986-01,75.5658,15.0946,9.0527,0.1902,0.0967
521375,1987-01,76.1861,14.7324,8.7896,0.1912,0.1006
521375,1988-01,77.5175,14.0128,8.1618,0.2083,0.0996
521375,1989-01,78.547,13.4555,7.7023,0.1887,0.1064
521375,1990-01,79.2916,13.1077,7.3342,0.1688,0.0977
521375,1991-01,80.5373,12.7519,6.4542,0.1563,0.1002
521375,1992-01,81.2044,12.3832,6.1613,0.1465,0.1046
521375,1993-01,81.6335,12.1806,5.9041,0.1792,0.1027
521375,1994-01,82.0832,11.9042,5.725,0.1865,0.1012
521375,1995-01,82.4779,11.6497,5.5845,0.2009,0.0869
521375,1996-01,82.6282,11.5854,5.47,0.2245,0.0921
521375,1997-01,82.9742,11.3702,5.3026,0.2537,0.0993
521375,1998-01,83.1969,11.2573,5.1725,0.271,0.1023
521375,1999-01,83.2216,11.3419,5.0239,0.305,0.1076
521375,2000-01,83.2188,11.4192,4.9497,0.3389,0.0733
521375,2001-01,83.2768,11.4861,4.8031,0.368,0.0661
521375,2002-01,83.3009,11.5122,4.7027,0.4169,0.0674
521375,2003-01,83.2611,11.6251,4.6114,0.4292,0.0732
521375,2004-01,83.3479,11.6366,4.5335,0.4091,0.0729
521375,2005-01,83.3487,11.6779,4.467,0.4335,0.0729
521375,2006-01,83.375,11.736,4.3813,0.4333,0.0744
521375,2007-01,83.4923,11.661,4.3307,0.4365,0.0794
521375,2008-01,83.5258,11.6845,4.2725,0.4365,0.0807
521375,2009-01,83.5662,11.6868,4.2267,0.4414,0.0789
521375,2010-01,83.5959,11.7576,4.1463,0.4253,0.0749
521375,2011-01,83.5284,11.9106,4.0801,0.4094,0.0715
521375,2012-01,83.4791,12.026,4.0357,0.3917,0.0675
521375,2013-01,83.459,12.065,4.0114,0.402,0.0626
521375,2014-01,83.5306,12.0336,3.9844,0.3909,0.0605
521375,2015-01,83.544,12.0405,3.9535,0.4017,0.0603
521375,2016-01,83.5646,12.0311,3.9387,0.4061,0.0595
521375,2017-01,83.6245,12.0041,3.9077,0.4037,0.0599
521375,2018-01,83.5875,12.0521,3.8889,0.4114,0.0601
521375,2019-01,83.5707,12.0997,3.858,0.4119,0.0597
521375,2020-01,83.5957,12.1112,3.8176,0.4163,0.0593
521375,2021-01,83.607,12.1125,3.7947,0.4274,0.0584
521375,2022-01,83.5722,12.1398,3.7853,0.4412,0.0614
521375,2023-01,83.5944,12.1215,3.7693,0.4431,0.0717
521375,2024-01,83.6599,12.069,3.7668,0.4296,0.0747
521377,1985-01,21.5363,77.3516,0.363,0.3875,0.3615
521377,1986-01,24.8413,74.0663,0.3503,0.3527,0.3894
521377,1987-01,27.0679,71.9464,0.362,0.2508,0.3729
521377,1988-01,27.7396,71.3653,0.3546,0.1686,0.3719
521377,1989-01,29.2795,69.8694,0.341,0.134,0.3761
521377,1990-01,31.16,68.0299,0.3267,0.0987,0.3847
521377,1991-01,32.2266,66.9865,0.3127,0.0753,0.399
521377,1992-01,33.5507,65.6647,0.3011,0.0742,0.4094
521377,1993-01,34.2245,64.9853,0.3045,0.0759,0.4098
521377,1994-01,34.932,64.2852,0.3147,0.0757,0.3924
521377,1995-01,35.8868,63.3372,0.3105,0.0778,0.3877
521377,1996-01,36.4717,62.7597,0.3035,0.0785,0.3866
521377,1997-01,37.0887,62.1171,0.2912,0.0898,0.4132
521377,1998-01,38.03,61.1964,0.3194,0.101,0.3532
521377,1999-01,39.1638,60.0576,0.3153,0.1113,0.352
521377,2000-01,40.2704,58.9518,0.3011,0.116,0.3607
521377,2001-01,41.2704,57.9539,0.3012,0.1148,0.3596
521377,2002-01,42.1929,57.0414,0.299,0.1117,0.3549
521377,2003-01,43.6038,55.6481,0.2949,0.1033,0.3498
521377,2004-01,44.2941,54.9647,0.2895,0.0953,0.3564
521377,2005-01,45.0478,54.2135,0.2845,0.0874,0.3668
521377,2006-01,45.5518,53.7145,0.2866,0.0852,0.3619
521377,2007-01,45.7386,53.5419,0.2876,0.0809,0.351
521377,2008-01,45.3566,53.9237,0.2827,0.0796,0.3575
521377,2009-01,45.2298,54.0551,0.2709,0.0784,0.3658
521377,2010-01,45.2187,54.0815,0.2773,0.0747,0.3478
521377,2011-01,45.5257,53.7785,0.2772,0.071,0.3476
521377,2012-01,46.0633,53.2422,0.2789,0.0713,0.3443
521377,2013-01,47.1612,52.1524,0.2792,0.0736,0.3337
521377,2014-01,48.0747,51.2333,0.2782,0.0739,0.3399
521377,2015-01,49.0951,50.2141,0.2763,0.0731,0.3415
521377,2016-01,49.7907,49.5242,0.2782,0.078,0.3289
521377,2017-01,49.8476,49.46,0.2786,0.0848,0.329
521377,2018-01,49.5335,49.7539,0.2786,0.0877,0.3462
521377,2019-01,49.0882,50.1976,0.2798,0.0956,0.3387
521377,2020-01,49.4714,49.8043,0.2788,0.0988,0.3467
521377,2021-01,50.2114,49.0658,0.2766,0.0996,0.3466
521377,2022-01,51.3059,47.9756,0.2721,0.097,0.3494
521377,2023-01,52.2891,46.9671,0.2721,0.1119,0.3598
521377,2024-01,53.0253,46.2102,0.2732,0.131,0.3603
521380,1985-01,66.835,31.8287,0.7162,0.3646,0.2554
521380,1986-01,68.3323,30.3507,0.6977,0.3577,0.2616
521380,1987-01,69.5585,29.1616,0.6945,0.325,0.2604
521380,1988-01,70.486,28.2859,0.6616,0.304,0.2624
521380,1989-01,71.0823,27.7339,0.6109,0.3064,0.2664
521380,1990-01,71.7554,27.1074,0.5507,0.3156,0.2709
521380,1991-01,71.9948,26.9523,0.4557,0.3151,0.2821
521380,1992-01,72.4298,26.5211,0.437,0.3326,0.2795
521380,1993-01,72.8413,26.1036,0.4217,0.3537,0.2798
521380,1994-01,73.3147,25.6248,0.4076,0.3718,0.281
521380,1995-01,73.6738,25.2698,0.3961,0.3772,0.2831
521380,1996-01,73.9834,24.9802,0.3882,0.3796,0.2686
521380,1997-01,74.5144,24.4405,0.3789,0.3925,0.2736
521380,1998-01,75.122,23.8043,0.3742,0.411,0.2885
521380,1999-01,75.7078,23.2085,0.3675,0.4135,0.3027
521380,2000-01,76.5239,22.4422,0.3887,0.4239,0.2213
521380,2001-01,76.9706,21.9933,0.3831,0.4351,0.2178
521380,2002-01,77.3445,21.6285,0.3626,0.4421,0.2222
521380,2003-01,77.5657,21.3994,0.3512,0.4463,0.2373
521380,2004-01,77.7998,21.1461,0.3455,0.4549,0.2537
521380,2005-01,77.9663,20.9523,0.3415,0.469,0.2709
521380,2006-01,78.0845,20.819,0.3397,0.4829,0.2739
521380,2007-01,78.1293,20.7464,0.3356,0.5075,0.2812
521380,2008-01,78.1689,20.6917,0.3309,0.5222,0.2863
521380,2009-01,78.1672,20.6852,0.3285,0.5408,0.2783
521380,2010-01,78.2467,20.5898,0.3247,0.5551,0.2837
521380,2011-01,78.2773,20.5493,0.3198,0.566,0.2876
521380,2012-01,78.3088,20.4938,0.3163,0.5916,0.2895
521380,2013-01,78.2854,20.5108,0.3173,0.6048,0.2817
521380,2014-01,78.3114,20.4533,0.3137,0.6251,0.2965
521380,2015-01,78.3542,20.3916,0.3129,0.6361,0.3052
521380,2016-01,78.3892,20.34,0.3144,0.6479,0.3085
521380,2017-01,78.3891,20.3158,0.3139,0.659,0.3223
521380,2018-01,78.3751,20.3043,0.3113,0.6695,0.3398
521380,2019-01,78.4295,20.2393,0.3074,0.6775,0.3463
521380,2020-01,78.444,20.2133,0.3038,0.6842,0.3546
521380,2021-01,78.4761,20.1725,0.3017,0.6934,0.3564
521380,2022-01,78.5042,20.1275,0.2926,0.6941,0.3816
521380,2023-01,78.4871,20.1225,0.2804,0.6985,0.4115
521380,2024-01,78.5918,20.0285,0.2847,0.6963,0.3988
521385,1985-01,71.3131,28.4901,0.1152,0.0792,0.0024
521385,1986-01,71.67,28.1365,0.11,0.0807,0.0028
521385,1987-01,71.6599,28.1521,0.1033,0.0822,0.0024
521385,1988-01,71.0125,28.7949,0.1036,0.0816,0.0073
521385,1989-01,70.8447,28.978,0.0889,0.0801,0.0083
521385,1990-01,71.2665,28.555,0.0889,0.0813,0.0083
521385,1991-01,71.0651,28.7347,0.0886,0.1021,0.0095
521385,1992-01,71.7326,28.0604,0.0856,0.1119,0.0095
521385,1993-01,72.241,27.5448,0.0856,0.1192,0.0095
521385,1994-01,72.8456,26.935,0.0801,0.1293,0.0101
521385,1995-01,73.2735,26.5098,0.0761,0.1311,0.0095
521385,1996-01,73.3936,26.3897,0.0755,0.132,0.0092
521385,1997-01,73.5189,26.264,0.0749,0.132,0.0101
521385,1998-01,73.4135,26.3655,0.0749,0.1345,0.0116
521385,1999-01,72.9428,26.8301,0.0755,0.1369,0.0147
521385,2000-01,72.701,27.0765,0.0758,0.1397,0.007
521385,2001-01,73.0307,26.7452,0.0758,0.1412,0.007
521385,2002-01,73.3202,26.4408,0.0752,0.1568,0.007
521385,2003-01,73.7456,26.0135,0.0743,0.1596,0.007
521385,2004-01,73.8523,25.9062,0.0727,0.1608,0.0079
521385,2005-01,74.0323,25.7244,0.0727,0.162,0.0086
521385,2006-01,73.8003,25.9546,0.0721,0.1644,0.0086
521385,2007-01,73.5408,26.2132,0.0721,0.1654,0.0086
521385,2008-01,73.2302,26.5201,0.0718,0.1675,0.0104
521385,2009-01,73.0105,26.7349,0.0718,0.169,0.0138
521385,2010-01,72.9967,26.7456,0.0712,0.1736,0.0128
521385,2011-01,73.0413,26.7025,0.0712,0.1724,0.0125
521385,2012-01,73.0203,26.7199,0.0712,0.1736,0.015
521385,2013-01,73.1166,26.6181,0.0712,0.1797,0.0144
521385,2014-01,73.3357,26.3889,0.0712,0.1877,0.0165
521385,2015-01,73.4611,26.2449,0.0712,0.2078,0.015
521385,2016-01,73.709,25.9633,0.0709,0.2399,0.0168
521385,2017-01,74.1248,25.5423,0.0709,0.2448,0.0171
521385,2018-01,74.2144,25.4467,0.0706,0.25,0.0183
521385,2019-01,74.233,25.4195,0.0706,0.2549,0.022
521385,2020-01,74.3326,25.3082,0.0706,0.2571,0.0315
521385,2021-01,74.4876,25.1526,0.0706,0.2583,0.0309
521385,2022-01,74.5812,25.0588,0.0691,0.2616,0.0293
521385,2023-01,74.7917,24.8461,0.0691,0.261,0.0321
521385,2024-01,75.264,24.372,0.0685,0.2619,0.0336
521390,1985-01,71.5986,24.4948,3.636,0.1627,0.1079
521390,1986-01,73.2264,22.9464,3.5747,0.1827,0.0698
521390,1987-01,74.0508,22.1361,3.5653,0.1807,0.0671
521390,1988-01,74.8571,21.3717,3.5625,0.1475,0.0611
521390,1989-01,75.2996,20.9585,3.5472,0.1312,0.0635
521390,1990-01,75.8352,20.4353,3.5357,0.1306,0.0632
521390,1991-01,76.2147,20.065,3.532,0.1264,0.0619
521390,1992-01,76.2275,20.0548,3.5258,0.1257,0.0663
521390,1993-01,76.2924,19.983,3.5215,0.1333,0.0698
521390,1994-01,76.4779,19.7869,3.5215,0.1396,0.0742
521390,1995-01,76.4215,19.841,3.519,0.1446,0.0739
521390,1996-01,76.5848,19.6673,3.5201,0.1462,0.0816
521390,1997-01,76.5253,19.7129,3.5201,0.1538,0.0878
521390,1998-01,76.5823,19.633,3.5195,0.1762,0.089
521390,1999-01,76.6034,19.6015,3.5173,0.183,0.0947
521390,2000-01,76.7185,19.5382,3.516,0.1572,0.0701
521390,2001-01,76.6471,19.6124,3.5163,0.1573,0.0669
521390,2002-01,76.6857,19.5742,3.5156,0.1584,0.0661
521390,2003-01,76.474,19.7828,3.5153,0.1595,0.0683
521390,2004-01,76.4688,19.784,3.5152,0.1575,0.0744
521390,2005-01,76.3444,19.9069,3.5147,0.1583,0.0757
521390,2006-01,76.2416,19.9973,3.5126,0.169,0.0796
521390,2007-01,76.1487,20.0817,3.5114,0.1751,0.0831
521390,2008-01,75.8612,20.3658,3.5082,0.1832,0.0817
521390,2009-01,75.8793,20.3444,3.5092,0.1885,0.0786
521390,2010-01,75.9452,20.2756,3.5073,0.1899,0.0819
521390,2011-01,75.8407,20.3711,3.5027,0.1877,0.0979
521390,2012-01,75.8373,20.383,3.5016,0.1806,0.0974
521390,2013-01,75.8032,20.4147,3.5022,0.1829,0.097
521390,2014-01,75.7798,20.4225,3.5023,0.1913,0.104
521390,2015-01,75.6815,20.5119,3.5019,0.1983,0.1063
521390,2016-01,75.5654,20.6186,3.5025,0.2072,0.1062
521390,2017-01,75.548,20.6242,3.5027,0.211,0.1142
521390,2018-01,75.4185,20.7358,3.5025,0.2188,0.1244
521390,2019-01,75.3828,20.7668,3.5023,0.2228,0.1254
521390,2020-01,75.4067,20.7315,3.503,0.2233,0.1354
521390,2021-01,75.573,20.5632,3.5025,0.2244,0.1368
521390,2022-01,75.7734,20.3552,3.5015,0.2253,0.1446
521390,2023-01,76.0027,20.1038,3.5018,0.2241,0.1677
521390,2024-01,76.6949,19.408,3.5024,0.2272,0.1674
521400,1985-01,53.923,44.4153,0.8068,0.1147,0.7402
521400,1986-01,56.5785,41.8075,0.7801,0.1171,0.7168
521400,1987-01,58.8047,39.6004,0.7716,0.1141,0.7092
521400,1988-01,60.1413,38.3239,0.7096,0.1072,0.7179
521400,1989-01,61.8071,36.6882,0.6698,0.1071,0.7277
521400,1990-01,63.045,35.4272,0.6253,0.1171,0.7853
521400,1991-01,64.124,34.3591,0.5953,0.1254,0.7962
521400,1992-01,65.1088,33.4374,0.5491,0.1314,0.7733
521400,1993-01,65.6471,32.9219,0.5301,0.1307,0.7702
521400,1994-01,66.738,31.8947,0.5274,0.1351,0.7049
521400,1995-01,67.8078,30.8356,0.5128,0.1345,0.7093
521400,1996-01,68.2041,30.4167,0.4848,0.1285,0.7658
521400,1997-01,68.6773,29.946,0.4705,0.1289,0.7772
521400,1998-01,68.946,29.6934,0.4727,0.1287,0.7593
521400,1999-01,68.9306,29.7032,0.4698,0.133,0.7634
521400,2000-01,69.5402,29.1878,0.495,0.1409,0.636
521400,2001-01,69.8902,28.8534,0.501,0.149,0.6064
521400,2002-01,70.1362,28.5945,0.4967,0.152,0.6207
521400,2003-01,70.5951,28.1407,0.484,0.1656,0.6147
521400,2004-01,70.7075,28.0368,0.4891,0.1733,0.5933
521400,2005-01,71.2338,27.5141,0.4947,0.1825,0.5749
521400,2006-01,71.2738,27.457,0.4896,0.194,0.5856
521400,2007-01,71.3514,27.358,0.4869,0.2028,0.6009
521400,2008-01,71.3407,27.3721,0.4846,0.2085,0.5941
521400,2009-01,71.2049,27.511,0.4857,0.2146,0.5838
521400,2010-01,71.3139,27.3956,0.486,0.2199,0.5846
521400,2011-01,71.335,27.3785,0.4828,0.2211,0.5827
521400,2012-01,71.5438,27.1791,0.4907,0.2314,0.555
521400,2013-01,71.7186,27.0156,0.4982,0.243,0.5246
521400,2014-01,72.0111,26.7269,0.4971,0.2524,0.5125
521400,2015-01,72.1474,26.6042,0.4951,0.2546,0.4987
521400,2016-01,72.0991,26.6591,0.4952,0.2584,0.4882
521400,2017-01,72.1352,26.6296,0.4914,0.2606,0.4832
521400,2018-01,72.1538,26.5861,0.4862,0.2614,0.5125
521400,2019-01,72.1328,26.6124,0.4854,0.2625,0.5068
521400,2020-01,72.0254,26.7109,0.4857,0.2617,0.5162
521400,2021-01,71.9017,26.8348,0.4857,0.2636,0.5142
521400,2022-01,71.6687,27.0285,0.4775,0.2692,0.5561
521400,2023-01,71.4821,27.1876,0.4767,0.277,0.5766
521400,2024-01,71.5144,27.1541,0.4718,0.2831,0.5765
521405,1985-01,46.9452,51.0078,0.861,0.0458,1.1401
521405,1986-01,48.2623,49.6733,0.8267,0.0477,1.1901
521405,1987-01,48.5024,49.4726,0.8478,0.0474,1.1298
521405,1988-01,49.8708,48.0897,0.8501,0.0769,1.1124
521405,1989-01,51.0841,46.8777,0.8138,0.0779,1.1465
521405,1990-01,53.0649,44.8956,0.7838,0.06,1.1957
521405,1991-01,54.0383,43.928,0.7627,0.0546,1.2164
521405,1992-01,55.6892,42.2875,0.7512,0.0662,1.2059
521405,1993-01,57.1637,40.8028,0.7483,0.0727,1.2125
521405,1994-01,57.7376,40.2724,0.7378,0.061,1.1912
521405,1995-01,59.0472,38.9627,0.7413,0.0659,1.183
521405,1996-01,60.1347,37.8754,0.7237,0.0681,1.1981
521405,1997-01,61.7106,36.2598,0.6986,0.0676,1.2634
521405,1998-01,62.411,35.5726,0.6975,0.0696,1.2493
521405,1999-01,63.0904,34.8829,0.7036,0.0684,1.2548
521405,2000-01,63.686,34.3922,0.7447,0.07,1.1071
521405,2001-01,64.3059,33.7714,0.7432,0.0718,1.1077
521405,2002-01,64.8898,33.1705,0.7204,0.0733,1.146
521405,2003-01,65.6388,32.4121,0.7039,0.0719,1.1733
521405,2004-01,66.1458,31.902,0.7014,0.0714,1.1794
521405,2005-01,66.6262,31.4164,0.6952,0.0733,1.1888
521405,2006-01,66.93,31.1087,0.6925,0.073,1.1957
521405,2007-01,67.3243,30.7227,0.6923,0.0717,1.189
521405,2008-01,67.6488,30.4211,0.6908,0.0716,1.1677
521405,2009-01,67.7561,30.3451,0.7016,0.0716,1.1256
521405,2010-01,67.9493,30.1596,0.7121,0.0721,1.107
521405,2011-01,68.1283,29.99,0.7194,0.0737,1.0887
521405,2012-01,68.2328,29.8993,0.7141,0.0748,1.079
521405,2013-01,68.5003,29.6642,0.723,0.0762,1.0363
521405,2014-01,68.8022,29.3603,0.7237,0.0776,1.0362
521405,2015-01,69.0289,29.153,0.7266,0.089,1.0025
521405,2016-01,69.0367,29.1363,0.7315,0.0923,1.0032
521405,2017-01,69.0566,29.1164,0.736,0.0943,0.9967
521405,2018-01,68.9499,29.1874,0.727,0.093,1.0428
521405,2019-01,68.8611,29.2771,0.7277,0.0954,1.0386
521405,2020-01,68.7098,29.4228,0.7304,0.095,1.0421
521405,2021-01,68.7039,29.4122,0.7286,0.0945,1.0608
521405,2022-01,68.7567,29.3327,0.7018,0.0974,1.1114
521405,2023-01,68.8112,29.2845,0.7096,0.1018,1.0928
521405,2024-01,68.9006,29.2126,0.7147,0.1028,1.0693
521410,1985-01,57.79,41.9272,0.0854,0.1689,0.0286
521410,1986-01,60.0613,39.6685,0.0667,0.1719,0.0317
521410,1987-01,60.9147,38.8202,0.0627,0.1703,0.0321
521410,1988-01,59.0909,40.6542,0.0579,0.1602,0.0369
521410,1989-01,58.99,40.7536,0.0563,0.1624,0.0376
521410,1990-01,58.8007,40.953,0.0552,0.1473,0.0438
521410,1991-01,58.5299,41.2272,0.0504,0.1407,0.0518
521410,1992-01,58.341,41.4237,0.0439,0.1332,0.0582
521410,1993-01,59.0272,40.7381,0.0438,0.1273,0.0636
521410,1994-01,59.7097,40.046,0.0438,0.137,0.0635
521410,1995-01,59.3745,40.375,0.042,0.1411,0.0674
521410,1996-01,59.8192,39.9265,0.0414,0.1388,0.0741
521410,1997-01,60.0991,39.6174,0.0401,0.1438,0.0996
521410,1998-01,60.2732,39.4338,0.04,0.1582,0.0949
521410,1999-01,60.7529,38.9296,0.0401,0.1612,0.1161
521410,2000-01,61.3422,38.3478,0.0406,0.155,0.1144
521410,2001-01,62.2637,37.4141,0.0406,0.1488,0.1328
521410,2002-01,62.7674,36.8986,0.039,0.1524,0.1427
521410,2003-01,63.1027,36.5492,0.038,0.1561,0.1539
521410,2004-01,63.2715,36.3719,0.0369,0.1573,0.1623
521410,2005-01,63.4266,36.2087,0.0365,0.1571,0.1712
521410,2006-01,63.6116,36.0124,0.035,0.16,0.1811
521410,2007-01,63.7415,35.8776,0.0336,0.1625,0.1848
521410,2008-01,63.9701,35.6341,0.0335,0.1703,0.192
521410,2009-01,64.0335,35.5596,0.0335,0.1785,0.1949
521410,2010-01,64.4512,35.139,0.0336,0.1805,0.1957
521410,2011-01,64.5738,35.0265,0.0331,0.1693,0.1973
521410,2012-01,65.1125,34.4988,0.0324,0.1632,0.1931
521410,2013-01,65.8223,33.7951,0.0322,0.1591,0.1914
521410,2014-01,66.6713,32.9281,0.0315,0.1786,0.1905
521410,2015-01,67.1192,32.4859,0.0312,0.1756,0.1881
521410,2016-01,67.2149,32.4071,0.0308,0.1594,0.1878
521410,2017-01,67.6922,31.9278,0.0309,0.1598,0.1893
521410,2018-01,67.5734,32.0128,0.0305,0.1664,0.2168
521410,2019-01,67.8013,31.774,0.0305,0.1708,0.2235
521410,2020-01,68.3299,31.2391,0.0297,0.1759,0.2254
521410,2021-01,68.7395,30.8141,0.0289,0.1796,0.2379
521410,2022-01,69.2716,30.2675,0.0288,0.1943,0.2379
521410,2023-01,70.0202,29.5029,0.0279,0.1977,0.2513
521410,2024-01,70.9829,28.5512,0.0275,0.1989,0.2395
521440,1985-01,76.4519,22.2619,0.6339,0.5067,0.1455
521440,1986-01,77.7396,20.9696,0.6205,0.5104,0.1599
521440,1987-01,78.726,19.9683,0.6232,0.5128,0.1696
521440,1988-01,79.2843,19.4383,0.5982,0.5138,0.1654
521440,1989-01,79.6236,19.0887,0.5814,0.5278,0.1785
521440,1990-01,79.9341,18.8029,0.5503,0.5354,0.1773
521440,1991-01,80.5256,18.2052,0.54,0.5458,0.1834
521440,1992-01,80.8896,17.8522,0.5174,0.5571,0.1837
521440,1993-01,81.1413,17.5581,0.511,0.5565,0.2331
521440,1994-01,81.4504,17.2518,0.4976,0.5723,0.2279
521440,1995-01,81.8101,16.8818,0.4811,0.608,0.2191
521440,1996-01,82.2622,16.4134,0.4612,0.6498,0.2133
521440,1997-01,82.4871,16.1782,0.4487,0.666,0.22
521440,1998-01,82.492,16.1633,0.4469,0.688,0.2099
521440,1999-01,82.5469,16.0848,0.457,0.7121,0.1992
521440,2000-01,82.6071,15.9826,0.4695,0.7941,0.1468
521440,2001-01,82.7761,15.8123,0.4707,0.8033,0.1376
521440,2002-01,82.9558,15.6262,0.4622,0.81,0.1458
521440,2003-01,82.9333,15.6274,0.4552,0.8185,0.1657
521440,2004-01,82.9604,15.5953,0.4533,0.8216,0.1693
521440,2005-01,82.6926,15.8141,0.4506,0.8399,0.2029
521440,2006-01,82.6078,15.897,0.4433,0.8466,0.2053
521440,2007-01,82.5831,15.9074,0.4393,0.8509,0.2194
521440,2008-01,82.5547,15.9077,0.4399,0.8576,0.2401
521440,2009-01,82.5117,15.937,0.4362,0.8811,0.234
521440,2010-01,82.3796,16.0261,0.4359,0.9159,0.2426
521440,2011-01,82.1047,16.2738,0.4335,0.9391,0.249
521440,2012-01,81.9958,16.3558,0.4246,0.9799,0.2438
521440,2013-01,81.9491,16.3698,0.4259,1.0104,0.2447
521440,2014-01,81.872,16.4171,0.4256,1.0257,0.2596
521440,2015-01,81.8509,16.4223,0.4268,1.0297,0.2703
521440,2016-01,81.7966,16.4553,0.4222,1.0446,0.2813
521440,2017-01,81.6975,16.5331,0.4201,1.0544,0.295
521440,2018-01,81.6023,16.587,0.4179,1.0702,0.3225
521440,2019-01,81.5263,16.6505,0.4155,1.0825,0.3252
521440,2020-01,81.5242,16.6221,0.417,1.0986,0.3381
521440,2021-01,81.5968,16.5391,0.4155,1.1093,0.3393
521440,2022-01,81.569,16.5376,0.4118,1.1267,0.3548
521440,2023-01,81.6569,16.4037,0.4146,1.1465,0.3783
521440,2024-01,81.9201,16.1469,0.4149,1.1535,0.3646
521450,1985-01,64.5721,33.8662,0.3225,1.0451,0.1942
521450,1986-01,66.6138,31.7796,0.281,1.1332,0.1925
521450,1987-01,67.3966,30.9443,0.2495,1.1948,0.2147
521450,1988-01,69.2949,29.0566,0.2428,1.1843,0.2214
521450,1989-01,69.9902,28.3604,0.2256,1.2024,0.2214
521450,1990-01,70.6218,27.7343,0.1992,1.2162,0.2285
521450,1991-01,71.3732,26.9208,0.1916,1.2711,0.2432
521450,1992-01,71.9327,26.3676,0.1921,1.2766,0.2311
521450,1993-01,72.3814,25.8954,0.1761,1.3156,0.2315
521450,1994-01,72.7143,25.4133,0.1682,1.4653,0.239
521450,1995-01,73.1923,24.7839,0.1589,1.5982,0.2667
521450,1996-01,73.6354,24.3067,0.1577,1.6171,0.2831
521450,1997-01,73.6828,24.1243,0.1497,1.7022,0.3409
521450,1998-01,73.5176,24.0916,0.1539,1.8746,0.3623
521450,1999-01,73.3645,24.0547,0.1388,2.0411,0.4009
521450,2000-01,73.4983,23.7959,0.1535,2.2248,0.3275
521450,2001-01,73.5013,23.7615,0.1535,2.2512,0.3325
521450,2002-01,73.4744,23.7221,0.1417,2.2902,0.3715
521450,2003-01,73.2916,23.8508,0.1367,2.3409,0.3799
521450,2004-01,73.04,24.0588,0.1371,2.3816,0.3824
521450,2005-01,72.3616,24.6907,0.1388,2.4152,0.3938
521450,2006-01,72.1876,24.7125,0.1367,2.5506,0.4126
521450,2007-01,72.0865,24.7007,0.1338,2.6621,0.4168
521450,2008-01,72.0533,24.6509,0.1359,2.7401,0.4198
521450,2009-01,71.9699,24.6576,0.1317,2.8202,0.4206
521450,2010-01,71.5418,24.4393,0.1296,2.9502,0.9391
521450,2011-01,71.0703,23.9442,0.1296,3.2027,1.6533
521450,2012-01,70.8639,23.9237,0.1271,3.3574,1.7279
521450,2013-01,70.9679,23.7367,0.1325,3.4451,1.7178
521450,2014-01,71.0098,23.618,0.1321,3.4983,1.7417
521450,2015-01,70.9314,23.6234,0.1292,3.5398,1.7761
521450,2016-01,70.7695,23.7115,0.1325,3.6057,1.7807
521450,2017-01,70.7079,23.7275,0.1359,3.6464,1.7824
521450,2018-01,70.5418,23.7874,0.1346,3.7319,1.8042
521450,2019-01,70.616,23.714,0.1401,3.7617,1.7682
521450,2020-01,70.5104,23.7631,0.1405,3.8468,1.7392
521450,2021-01,70.5066,23.7136,0.1388,3.8837,1.7573
521450,2022-01,70.497,23.6461,0.1296,3.9345,1.7929
521450,2023-01,70.3603,23.7018,0.1266,3.9617,1.8495
521450,2024-01,70.5784,23.4875,0.1321,3.9642,1.8378
521460,1985-01,12.095,84.0591,2.5445,0.7147,0.5867
521460,1986-01,13.1338,83.0706,2.4724,0.7458,0.5775
521460,1987-01,13.8917,82.3499,2.4283,0.7562,0.5739
521460,1988-01,14.7698,81.5714,2.366,0.7243,0.5685
521460,1989-01,15.809,80.5734,2.3243,0.7341,0.5592
521460,1990-01,16.7544,79.6959,2.2985,0.6896,0.5616
521460,1991-01,17.6562,78.9248,2.2562,0.5978,0.5651
521460,1992-01,18.4546,78.2259,2.1814,0.5696,0.5685
521460,1993-01,19.2813,77.4298,2.1588,0.5572,0.573
521460,1994-01,20.1532,76.6181,2.1302,0.5191,0.5794
521460,1995-01,20.941,75.9048,2.1007,0.4907,0.5629
521460,1996-01,21.7695,75.1107,2.0614,0.484,0.5744
521460,1997-01,21.7486,70.8802,2.0221,0.4712,4.8779
521460,1998-01,22.0336,68.6463,1.9793,0.4474,6.8935
521460,1999-01,22.6535,68.0526,1.967,0.4993,6.8276
521460,2000-01,23.3695,67.4408,1.9594,0.5753,6.655
521460,2001-01,24.0241,67.0123,1.9522,0.8756,6.1358
521460,2002-01,24.7294,66.4031,1.9447,0.8854,6.0373
521460,2003-01,25.2493,65.9003,1.9312,0.8887,6.0304
521460,2004-01,25.4748,65.6447,1.918,0.8691,6.0934
521460,2005-01,25.5302,65.3931,1.9075,0.6785,6.4908
521460,2006-01,25.415,65.4357,1.8975,0.6938,6.5581
521460,2007-01,25.2763,65.4269,1.8882,0.6832,6.7254
521460,2008-01,25.201,65.4467,1.8776,0.7546,6.7201
521460,2009-01,25.1968,65.3275,1.8703,0.7455,6.8599
521460,2010-01,25.1621,64.928,1.8626,0.7194,7.3279
521460,2011-01,25.208,64.5701,1.8536,0.7539,7.6144
521460,2012-01,25.6001,64.0839,1.8446,0.7843,7.687
521460,2013-01,26.2733,63.8766,1.8367,1.1353,6.8781
521460,2014-01,26.987,63.5261,1.8304,1.2168,6.4398
521460,2015-01,27.559,63.2974,1.8204,1.6098,5.7133
521460,2016-01,28.3356,63.0892,1.8131,1.8071,4.955
521460,2017-01,28.8531,62.8639,1.8018,1.7301,4.7511
521460,2018-01,29.2328,62.5549,1.7918,1.6962,4.7243
521460,2019-01,29.6841,62.1221,1.7721,1.6892,4.7325
521460,2020-01,29.5702,61.6619,1.7531,1.3114,5.7034
521460,2021-01,29.8614,61.3274,1.7372,1.3252,5.7489
521460,2022-01,29.3559,60.684,1.7134,0.8651,7.3816
521460,2023-01,29.3354,60.0148,1.686,0.8409,8.1229
521460,2024-01,29.7315,59.6739,1.6797,0.8569,8.058
521470,1985-01,69.1529,30.5863,0.0553,0.2055,0.0
521470,1986-01,70.0573,29.665,0.0553,0.2224,0.0
521470,1987-01,70.5751,29.1381,0.0549,0.2315,0.0004
521470,1988-01,70.0544,29.7145,0.038,0.1927,0.0004
521470,1989-01,70.4951,29.3076,0.0128,0.184,0.0004
521470,1990-01,72.1369,27.665,0.0083,0.1869,0.0029
521470,1991-01,71.8427,27.9443,0.0083,0.1981,0.0066
521470,1992-01,72.311,27.4703,0.0083,0.2001,0.0103
521470,1993-01,72.7368,27.0437,0.0083,0.2014,0.0099
521470,1994-01,72.4311,27.3172,0.0083,0.229,0.0144
521470,1995-01,71.7161,28.0293,0.0083,0.2352,0.0111
521470,1996-01,71.5849,28.1836,0.0083,0.2166,0.0066
521470,1997-01,71.726,28.0433,0.0083,0.2162,0.0062
521470,1998-01,70.7578,29.0016,0.0078,0.2265,0.0062
521470,1999-01,70.2533,29.4971,0.0078,0.2323,0.0095
521470,2000-01,70.4914,29.2627,0.0078,0.2348,0.0033
521470,2001-01,70.4997,29.2515,0.0078,0.2385,0.0025
521470,2002-01,70.7472,28.9945,0.0078,0.248,0.0025
521470,2003-01,71.0629,28.6743,0.0062,0.2496,0.007
521470,2004-01,71.0216,28.7147,0.0062,0.2505,0.007
521470,2005-01,71.0418,28.6941,0.0062,0.2509,0.007
521470,2006-01,70.8937,28.8368,0.0062,0.2554,0.0078
521470,2007-01,71.1623,28.5587,0.0062,0.2645,0.0083
521470,2008-01,71.0831,28.6359,0.0062,0.2666,0.0083
521470,2009-01,71.2094,28.508,0.0062,0.2661,0.0103
521470,2010-01,71.5197,28.1701,0.0062,0.2946,0.0095
521470,2011-01,71.582,28.1086,0.0062,0.2934,0.0099
521470,2012-01,72.2421,27.4546,0.0062,0.2855,0.0116
521470,2013-01,72.5107,27.1897,0.0062,0.2822,0.0111
521470,2014-01,72.7607,26.9356,0.0062,0.2814,0.0161
521470,2015-01,72.6864,27.0066,0.005,0.2814,0.0206
521470,2016-01,72.5902,27.1003,0.005,0.2814,0.0231
521470,2017-01,72.5486,27.1391,0.005,0.2843,0.0231
521470,2018-01,72.3146,27.3718,0.005,0.2855,0.0231
521470,2019-01,72.2242,27.4576,0.0045,0.2921,0.0215
521470,2020-01,72.5774,27.0872,0.0045,0.3086,0.0223
521470,2021-01,72.6962,26.9609,0.0045,0.314,0.0243
521470,2022-01,72.827,26.8198,0.0037,0.3243,0.0252
521470,2023-01,73.039,26.5975,0.0037,0.3268,0.033
521470,2024-01,73.4809,26.1696,0.0037,0.3169,0.0289
521480,1985-01,64.4447,34.5706,0.2018,0.0797,0.703
521480,1986-01,66.0782,32.9543,0.1816,0.0809,0.705
521480,1987-01,66.6446,32.398,0.1719,0.0817,0.7039
521480,1988-01,68.6642,30.3944,0.1644,0.082,0.695
521480,1989-01,69.4139,29.6561,0.1595,0.0836,0.687
521480,1990-01,69.4553,29.614,0.1523,0.0833,0.695
521480,1991-01,70.2935,28.7609,0.1456,0.1005,0.6994
521480,1992-01,70.7365,28.3235,0.1415,0.1011,0.6975
521480,1993-01,71.4684,27.6082,0.129,0.1144,0.6801
521480,1994-01,72.128,26.9394,0.1301,0.1235,0.679
521480,1995-01,72.9528,26.0889,0.1224,0.1537,0.6823
521480,1996-01,73.6696,25.4208,0.1204,0.1506,0.6385
521480,1997-01,74.4134,24.7097,0.1069,0.129,0.641
521480,1998-01,74.9342,24.1728,0.0806,0.1371,0.6754
521480,1999-01,75.4705,23.6465,0.0836,0.1407,0.6588
521480,2000-01,76.0802,23.1043,0.0894,0.1457,0.5804
521480,2001-01,76.6547,22.5433,0.09,0.1529,0.5591
521480,2002-01,76.8317,22.3694,0.0878,0.1515,0.5597
521480,2003-01,77.2553,21.9344,0.0858,0.147,0.5774
521480,2004-01,77.6081,21.5781,0.0811,0.1457,0.5871
521480,2005-01,77.8333,21.3454,0.0822,0.147,0.592
521480,2006-01,78.3472,20.8202,0.0817,0.1484,0.6026
521480,2007-01,78.6911,20.4746,0.0789,0.1476,0.6078
521480,2008-01,78.8486,20.2916,0.0814,0.185,0.5934
521480,2009-01,78.9007,20.2401,0.0811,0.1897,0.5885
521480,2010-01,77.8214,19.8469,0.0767,0.1689,2.0861
521480,2011-01,77.7852,19.7433,0.0761,0.1714,2.224
521480,2012-01,77.8481,19.6621,0.0753,0.1722,2.2423
521480,2013-01,77.8972,19.5984,0.075,0.1767,2.2528
521480,2014-01,77.9063,19.5654,0.0745,0.1781,2.2757
521480,2015-01,78.0395,19.4269,0.0734,0.1797,2.2805
521480,2016-01,78.1589,19.3142,0.0725,0.1866,2.2677
521480,2017-01,78.1069,19.3607,0.0723,0.1894,2.2708
521480,2018-01,78.0452,19.4182,0.0678,0.1938,2.2749
521480,2019-01,77.8866,19.5813,0.0656,0.1988,2.2677
521480,2020-01,77.7338,19.7324,0.0662,0.2135,2.2542
521480,2021-01,77.5801,19.8919,0.0642,0.2229,2.2409
521480,2022-01,77.4112,20.0358,0.0612,0.2193,2.2724
521480,2023-01,77.3908,20.0552,0.0598,0.2176,2.2766
521480,2024-01,77.5665,19.8703,0.0604,0.2199,2.2829
521483,1985-01,45.05,50.683,2.9051,0.0618,1.3
521483,1986-01,46.656,49.1146,2.8633,0.0543,1.3117
521483,1987-01,47.4811,48.3326,2.8654,0.0364,1.2846
521483,1988-01,48.2676,47.6337,2.7818,0.0328,1.2841
521483,1989-01,48.8819,47.0544,2.7139,0.0323,1.3175
521483,1990-01,50.0723,45.8746,2.6879,0.0342,1.3311
521483,1991-01,50.4331,45.5071,2.6557,0.0366,1.3676
521483,1992-01,51.9804,43.9644,2.6382,0.0483,1.3688
521483,1993-01,52.9025,43.0414,2.6181,0.0552,1.3828
521483,1994-01,53.9326,42.0619,2.623,0.0505,1.332
521483,1995-01,55.6667,40.3584,2.6142,0.0515,1.3091
521483,1996-01,56.6032,39.4235,2.5537,0.0526,1.367
521483,1997-01,58.3473,37.7085,2.5223,0.05,1.3719
521483,1998-01,59.5629,36.5341,2.5113,0.0481,1.3437
521483,1999-01,60.1493,35.9442,2.5019,0.0476,1.357
521483,2000-01,60.8514,35.3594,2.5444,0.0495,1.1954
521483,2001-01,61.4397,34.8071,2.53,0.0525,1.1707
521483,2002-01,62.0493,34.2069,2.4986,0.0546,1.1906
521483,2003-01,63.0304,33.2563,2.4491,0.0577,1.2065
521483,2004-01,63.7944,32.5259,2.4415,0.0594,1.1787
521483,2005-01,64.4867,31.8544,2.4282,0.0576,1.1731
521483,2006-01,65.1262,31.229,2.4172,0.0536,1.174
521483,2007-01,65.6469,30.731,2.4034,0.0552,1.1635
521483,2008-01,65.9827,30.417,2.3934,0.056,1.1508
521483,2009-01,66.1529,30.276,2.3799,0.0573,1.1338
521483,2010-01,66.4188,30.0165,2.3672,0.0597,1.1379
521483,2011-01,66.6589,29.7882,2.3641,0.0571,1.1316
521483,2012-01,66.9546,29.5133,2.3697,0.0592,1.1033
521483,2013-01,67.2954,29.2043,2.3738,0.0625,1.0641
521483,2014-01,67.5653,28.9417,2.3652,0.0671,1.0607
521483,2015-01,67.7408,28.7858,2.3538,0.0819,1.0378
521483,2016-01,67.7672,28.759,2.3472,0.0889,1.0376
521483,2017-01,67.8009,28.7339,2.3413,0.0899,1.0339
521483,2018-01,67.7893,28.7219,2.3151,0.091,1.0827
521483,2019-01,67.8069,28.7026,2.3211,0.0983,1.0712
521483,2020-01,67.7805,28.7367,2.3165,0.0959,1.0704
521483,2021-01,67.8983,28.6216,2.3077,0.0941,1.0782
521483,2022-01,67.9831,28.5042,2.2888,0.0986,1.1253
521483,2023-01,67.9752,28.4951,2.2832,0.1212,1.1254
521483,2024-01,67.8974,28.6036,2.2666,0.1256,1.1067
521486,1985-01,79.1068,18.8028,0.2272,0.5118,1.3513
521486,1986-01,80.7576,17.1948,0.1874,0.5358,1.3245
521486,1987-01,81.2945,16.6749,0.1823,0.5326,1.3157
521486,1988-01,82.1347,15.8874,0.167,0.5039,1.307
521486,1989-01,82.6312,15.3741,0.1553,0.512,1.3274
521486,1990-01,83.1753,14.8682,0.1337,0.5183,1.3045
521486,1991-01,83.2947,14.7509,0.1307,0.5273,1.2963
521486,1992-01,83.6647,14.352,0.1194,0.5615,1.3024
521486,1993-01,84.046,13.8857,0.1047,0.5888,1.3748
521486,1994-01,83.7621,14.126,0.102,0.6226,1.3874
521486,1995-01,83.9353,13.9201,0.1022,0.6589,1.3836
521486,1996-01,84.3373,13.4916,0.1041,0.6849,1.3821
521486,1997-01,84.6558,13.0703,0.0888,0.7308,1.4543
521486,1998-01,85.0643,12.641,0.0879,0.7432,1.4635
521486,1999-01,85.3803,12.2787,0.0846,0.7149,1.5416
521486,2000-01,85.703,12.0947,0.0906,0.7,1.4117
521486,2001-01,85.9307,11.8848,0.0913,0.6962,1.397
521486,2002-01,86.0788,11.735,0.0869,0.6861,1.4132
521486,2003-01,86.0744,11.7219,0.0885,0.688,1.4271
521486,2004-01,85.8976,11.8864,0.086,0.7058,1.4241
521486,2005-01,85.8646,11.8898,0.0856,0.7356,1.4243
521486,2006-01,85.9458,11.7562,0.0852,0.7816,1.4312
521486,2007-01,85.7081,11.967,0.0825,0.8038,1.4386
521486,2008-01,85.5524,12.1154,0.0829,0.8344,1.4149
521486,2009-01,85.4477,12.218,0.0852,0.8628,1.3863
521486,2010-01,85.2897,12.3877,0.0835,0.8716,1.3675
521486,2011-01,84.9761,12.7108,0.0831,0.8756,1.3544
521486,2012-01,84.9085,12.7782,0.0833,0.8915,1.3385
521486,2013-01,84.7287,13.014,0.0852,0.885,1.2871
521486,2014-01,84.5961,13.1875,0.085,0.8722,1.2592
521486,2015-01,84.5707,13.2207,0.0846,0.8689,1.2552
521486,2016-01,84.5359,13.2695,0.0837,0.8563,1.2546
521486,2017-01,84.4843,13.31,0.0825,0.8747,1.2485
521486,2018-01,84.3594,13.4152,0.0812,0.89,1.2542
521486,2019-01,84.2571,13.5144,0.0812,0.8959,1.2514
521486,2020-01,84.1782,13.5956,0.0791,0.8848,1.2623
521486,2021-01,84.1253,13.6256,0.0802,0.8963,1.2726
521486,2022-01,84.157,13.5956,0.0793,0.8986,1.2695
521486,2023-01,84.2848,13.4624,0.0804,0.9083,1.2642
521486,2024-01,84.4906,13.2807,0.0808,0.9087,1.2393
521487,1985-01,58.8911,40.799,0.182,0.1069,0.0211
521487,1986-01,59.7032,39.9867,0.1638,0.1168,0.0294
521487,1987-01,60.1714,39.5316,0.1516,0.1164,0.029
521487,1988-01,58.4755,41.233,0.1407,0.1139,0.0369
521487,1989-01,58.8351,40.8887,0.1268,0.1155,0.034
521487,1990-01,58.8111,40.9075,0.1153,0.1317,0.0344
521487,1991-01,58.6111,41.1398,0.0924,0.125,0.0316
521487,1992-01,59.3851,40.3968,0.0787,0.1067,0.0327
521487,1993-01,60.1381,39.6392,0.0711,0.115,0.0366
521487,1994-01,60.9918,38.7913,0.0678,0.116,0.0331
521487,1995-01,60.3635,39.4095,0.0643,0.1289,0.0338
521487,1996-01,61.0398,38.6905,0.0639,0.1649,0.0409
521487,1997-01,61.5233,38.1918,0.0614,0.1721,0.0514
521487,1998-01,61.4677,38.2535,0.0585,0.171,0.0493
521487,1999-01,61.6258,38.0953,0.0568,0.1698,0.0522
521487,2000-01,61.4319,38.2972,0.056,0.1659,0.0491
521487,2001-01,61.402,38.3313,0.0546,0.1608,0.0514
521487,2002-01,60.9556,38.7652,0.0539,0.1641,0.0613
521487,2003-01,60.4485,39.2711,0.0533,0.1612,0.0658
521487,2004-01,60.7109,39.0124,0.0531,0.1578,0.0658
521487,2005-01,60.97,38.7581,0.0525,0.1534,0.066
521487,2006-01,61.0747,38.6483,0.0521,0.1554,0.0696
521487,2007-01,61.1898,38.5252,0.051,0.1653,0.0687
521487,2008-01,60.8641,38.8511,0.0506,0.1682,0.066
521487,2009-01,60.8402,38.875,0.0506,0.1687,0.0655
521487,2010-01,61.1899,38.5221,0.0504,0.1735,0.064
521487,2011-01,61.0584,38.6538,0.05,0.172,0.0658
521487,2012-01,61.5018,38.2127,0.05,0.1712,0.0643
521487,2013-01,61.8387,37.8707,0.05,0.1767,0.0639
521487,2014-01,62.3976,37.3043,0.05,0.1772,0.0708
521487,2015-01,63.0152,36.6897,0.0503,0.177,0.0679
521487,2016-01,63.4402,36.2663,0.0496,0.176,0.0679
521487,2017-01,63.9524,35.7561,0.0475,0.175,0.0689
521487,2018-01,62.6875,37.01,0.0473,0.1756,0.0797
521487,2019-01,63.0523,36.6458,0.0473,0.1784,0.0764
521487,2020-01,63.4579,36.234,0.0473,0.1779,0.0829
521487,2021-01,63.6866,36.003,0.0456,0.177,0.0879
521487,2022-01,64.8384,34.8545,0.0456,0.1799,0.0816
521487,2023-01,65.8984,33.7827,0.0456,0.1797,0.0935
521487,2024-01,68.1454,31.5366,0.0438,0.179,0.0952
521490,1985-01,13.1499,83.1634,2.8653,0.085,0.7364
521490,1986-01,13.7397,82.5797,2.8626,0.0773,0.7406
521490,1987-01,13.5983,82.7389,2.8497,0.0766,0.7366
521490,1988-01,14.0039,82.3556,2.8425,0.0605,0.7375
521490,1989-01,14.1325,82.2317,2.8335,0.0614,0.7409
521490,1990-01,14.7531,81.6227,2.8228,0.0663,0.735
521490,1991-01,15.8288,80.5476,2.817,0.0804,0.7262
521490,1992-01,16.4557,79.915,2.8081,0.0915,0.7296
521490,1993-01,17.3418,79.0277,2.8029,0.0922,0.7354
521490,1994-01,18.3713,78.0377,2.7985,0.0843,0.7082
521490,1995-01,19.5826,76.8497,2.7917,0.0949,0.6812
521490,1996-01,20.505,75.9478,2.7872,0.0953,0.6646
521490,1997-01,21.393,75.0843,2.7847,0.0893,0.6487
521490,1998-01,21.9134,74.5725,2.7769,0.0831,0.6541
521490,1999-01,22.4212,74.0513,2.7719,0.0935,0.6621
521490,2000-01,22.9562,73.6133,2.7799,0.0981,0.5525
521490,2001-01,23.6055,72.9901,2.7775,0.0936,0.5333
521490,2002-01,24.2794,72.3187,2.774,0.0927,0.5352
521490,2003-01,24.9113,71.6736,2.7715,0.0944,0.5493
521490,2004-01,25.5526,71.0377,2.7702,0.0961,0.5434
521490,2005-01,26.0168,70.5821,2.7665,0.0915,0.5431
521490,2006-01,26.5383,70.0587,2.7638,0.0956,0.5435
521490,2007-01,26.8313,69.7794,2.7635,0.0945,0.5313
521490,2008-01,27.0725,69.5296,2.7606,0.0983,0.5391
521490,2009-01,27.3585,69.258,2.7553,0.1067,0.5215
521490,2010-01,27.5135,69.1176,2.7518,0.1089,0.5081
521490,2011-01,27.535,69.1034,2.7514,0.1,0.5103
521490,2012-01,27.7833,68.8724,2.7486,0.0893,0.5064
521490,2013-01,28.1755,68.5024,2.7479,0.0835,0.4907
521490,2014-01,28.4862,68.2007,2.7475,0.079,0.4866
521490,2015-01,28.6874,68.0042,2.7446,0.0782,0.4856
521490,2016-01,28.7341,67.9628,2.7419,0.0772,0.484
521490,2017-01,28.5517,68.1551,2.7397,0.0752,0.4783
521490,2018-01,28.542,68.1658,2.7377,0.0748,0.4796
521490,2019-01,28.8481,67.8643,2.7342,0.0762,0.4772
521490,2020-01,29.2113,67.5088,2.7301,0.0774,0.4724
521490,2021-01,29.6531,67.0822,2.7291,0.0772,0.4583
521490,2022-01,29.7868,66.9721,2.7243,0.0759,0.4409
521490,2023-01,29.8807,66.8745,2.7218,0.0773,0.4456
521490,2024-01,29.8283,66.9284,2.7197,0.0746,0.4489
521500,1985-01,66.748,32.5679,0.0547,0.6049,0.0246
521500,1986-01,68.5647,30.7672,0.0274,0.6189,0.0218
521500,1987-01,69.3549,29.949,0.0232,0.6505,0.0225
521500,1988-01,70.529,28.7679,0.0232,0.661,0.0189
521500,1989-01,71.1093,28.1687,0.0189,0.6877,0.0154
521500,1990-01,71.8629,27.4143,0.0147,0.6891,0.0189
521500,1991-01,73.0502,26.2278,0.0063,0.6919,0.0239
521500,1992-01,73.6789,25.5527,0.0049,0.7389,0.0246
521500,1993-01,74.3385,24.8426,0.0049,0.7936,0.0204
521500,1994-01,74.8746,24.263,0.0049,0.8329,0.0246
521500,1995-01,75.3447,23.7845,0.0042,0.8427,0.0239
521500,1996-01,76.4548,22.64,0.0042,0.875,0.026
521500,1997-01,76.9838,22.1005,0.0,0.8848,0.0309
521500,1998-01,77.2834,21.7679,0.0035,0.9066,0.0386
521500,1999-01,77.8419,21.1673,0.0035,0.9185,0.0688
521500,2000-01,78.8944,20.1092,0.0035,0.9269,0.066
521500,2001-01,79.046,19.9162,0.0035,0.9599,0.0744
521500,2002-01,79.2242,19.7316,0.0035,0.9592,0.0814
521500,2003-01,79.7561,19.1689,0.0035,0.9648,0.1067
521500,2004-01,79.7687,19.1121,0.0035,0.9992,0.1165
521500,2005-01,78.8347,19.9394,0.0042,1.096,0.1256
521500,2006-01,78.8874,19.851,0.0042,1.1269,0.1305
521500,2007-01,78.8417,19.8847,0.0042,1.1445,0.1249
521500,2008-01,78.7119,19.992,0.0014,1.155,0.1397
521500,2009-01,78.653,20.0405,0.0014,1.1837,0.1214
521500,2010-01,78.5351,20.091,0.0014,1.2364,0.1361
521500,2011-01,78.4375,20.1212,0.0014,1.3009,0.1389
521500,2012-01,78.2677,20.2314,0.0021,1.3648,0.134
521500,2013-01,78.3695,20.0777,0.0021,1.43,0.1207
521500,2014-01,78.3484,20.0125,0.0021,1.5234,0.1137
521500,2015-01,78.2368,19.9823,0.0014,1.6616,0.1179
521500,2016-01,78.2087,19.9325,0.0021,1.7409,0.1158
521500,2017-01,78.194,19.9072,0.0021,1.7886,0.1081
521500,2018-01,78.1217,19.9781,0.0014,1.7865,0.1123
521500,2019-01,78.0431,19.9844,0.0007,1.8518,0.12
521500,2020-01,77.8249,20.1114,0.0014,1.9212,0.1411
521500,2021-01,77.7709,20.0539,0.0014,2.0237,0.1502
521500,2022-01,77.6839,20.0377,0.0014,2.091,0.186
521500,2023-01,77.5835,20.0377,0.0,2.1444,0.2344
521500,2024-01,77.8375,19.7725,0.0,2.1766,0.2133
521520,1985-01,66.0909,33.7509,0.0567,0.084,0.0175
521520,1986-01,67.6481,32.191,0.0539,0.0854,0.0216
521520,1987-01,67.6809,32.1597,0.0522,0.0866,0.0207
521520,1988-01,68.2926,31.5486,0.0515,0.086,0.0213
521520,1989-01,68.3386,31.5026,0.0518,0.0853,0.0217
521520,1990-01,68.5327,31.3073,0.0531,0.0862,0.0207
521520,1991-01,68.8912,30.9374,0.0527,0.0974,0.0213
521520,1992-01,68.704,31.1091,0.0516,0.1105,0.0248
521520,1993-01,68.7213,31.0759,0.0526,0.1272,0.0231
521520,1994-01,69.3586,30.4331,0.0532,0.1293,0.0258
521520,1995-01,69.1426,30.6394,0.0524,0.1374,0.0282
521520,1996-01,68.9906,30.784,0.0511,0.1425,0.0318
521520,1997-01,70.5576,29.2198,0.0518,0.1375,0.0333
521520,1998-01,70.7683,29.0068,0.0519,0.1367,0.0363
521520,1999-01,71.1016,28.6694,0.0511,0.137,0.0409
521520,2000-01,71.9508,27.8321,0.0538,0.136,0.0273
521520,2001-01,72.789,26.9911,0.054,0.1384,0.0274
521520,2002-01,73.4261,26.3489,0.0538,0.1428,0.0285
521520,2003-01,74.0207,25.7467,0.0536,0.1495,0.0294
521520,2004-01,74.2593,25.5051,0.0535,0.1527,0.0294
521520,2005-01,74.2557,25.5046,0.0543,0.157,0.0285
521520,2006-01,74.1802,25.5737,0.0546,0.1613,0.0302
521520,2007-01,74.2426,25.5081,0.0542,0.1619,0.0332
521520,2008-01,73.9504,25.7994,0.0538,0.1648,0.0317
521520,2009-01,73.621,26.1285,0.0532,0.1649,0.0323
521520,2010-01,73.7521,25.9937,0.0534,0.1664,0.0344
521520,2011-01,73.6846,26.0629,0.0532,0.1666,0.0327
521520,2012-01,73.8985,25.8478,0.0531,0.1682,0.0325
521520,2013-01,73.9333,25.8096,0.0526,0.1743,0.0302
521520,2014-01,74.1064,25.6318,0.0523,0.1767,0.0329
521520,2015-01,74.1334,25.6041,0.0523,0.1787,0.0315
521520,2016-01,74.0787,25.6539,0.0523,0.183,0.0321
521520,2017-01,73.949,25.7822,0.0523,0.1856,0.0309
521520,2018-01,73.8949,25.8327,0.0527,0.1878,0.0319
521520,2019-01,73.7596,25.9637,0.053,0.1889,0.0348
521520,2020-01,73.8885,25.8331,0.0528,0.1906,0.035
521520,2021-01,74.0004,25.722,0.0528,0.1915,0.0332
521520,2022-01,74.1547,25.5563,0.0523,0.2015,0.0352
521520,2023-01,74.9049,24.8048,0.052,0.2021,0.0362
521520,2024-01,76.2713,23.4378,0.0524,0.2045,0.034
521523,1985-01,26.4221,49.7987,13.2189,10.5085,0.0519
521523,1986-01,28.3005,48.5003,12.5512,10.5944,0.0537
521523,1987-01,29.1363,48.1716,12.0722,10.5649,0.055
521523,1988-01,30.6444,46.8236,11.6223,10.8551,0.0546
521523,1989-01,31.6278,46.2695,11.1358,10.9079,0.059
521523,1990-01,33.3863,44.6509,10.6228,11.2559,0.0841
521523,1991-01,35.189,42.9721,10.2498,11.5037,0.0854
521523,1992-01,36.7932,42.1585,9.854,11.1044,0.0899
521523,1993-01,38.0848,41.2913,9.6398,10.8992,0.085
521523,1994-01,38.3353,40.9151,9.4095,11.2516,0.0885
521523,1995-01,38.4408,40.4733,9.0571,11.9331,0.0957
521523,1996-01,38.3647,40.3418,8.8925,12.3174,0.0836
521523,1997-01,38.7167,39.7375,8.6425,12.8053,0.0979
521523,1998-01,39.5475,39.0801,8.5115,12.7638,0.097
521523,1999-01,40.3426,38.641,8.2973,12.615,0.1042
521523,2000-01,40.648,38.4853,8.1993,12.5828,0.0845
521523,2001-01,40.9843,38.369,8.0759,12.4926,0.0783
521523,2002-01,40.9771,38.3202,7.8612,12.7708,0.0707
521523,2003-01,41.0026,38.2182,7.7087,12.9998,0.0707
521523,2004-01,41.2816,37.9369,7.6104,13.1045,0.0666
521523,2005-01,41.6407,37.5336,7.5035,13.2534,0.0689
521523,2006-01,41.8441,37.2667,7.3899,13.3468,0.1525
521523,2007-01,42.0127,37.2202,7.3036,13.3142,0.1493
521523,2008-01,42.0368,37.2537,7.2365,13.3393,0.1337
521523,2009-01,41.7984,37.4053,7.2012,13.4628,0.1324
521523,2010-01,41.0964,38.0452,7.156,13.5697,0.1328
521523,2011-01,40.8934,38.3018,7.1113,13.5576,0.1359
521523,2012-01,40.7466,38.3738,7.0147,13.728,0.1368
521523,2013-01,40.8007,38.2991,6.8756,13.8895,0.135
521523,2014-01,40.9465,38.1359,6.8095,13.9427,0.1654
521523,2015-01,40.789,38.0822,6.7513,14.208,0.1695
521523,2016-01,40.8422,38.0876,6.6878,14.2044,0.178
521523,2017-01,41.0175,37.8157,6.6029,14.3905,0.1735
521523,2018-01,40.5564,38.0871,6.5501,14.6289,0.1775
521523,2019-01,39.9186,38.2892,6.5125,15.1056,0.1739
521523,2020-01,39.5045,38.5048,6.4674,15.3498,0.1735
521523,2021-01,39.3108,38.6792,6.4361,15.412,0.1619
521523,2022-01,39.2303,38.647,6.3873,15.5529,0.1824
521523,2023-01,39.2777,38.5419,6.2701,15.7193,0.1909
521523,2024-01,39.9833,37.9177,6.2276,15.6808,0.1905
521525,1985-01,38.9913,59.913,0.6547,0.1919,0.2491
521525,1986-01,44.5688,54.3871,0.5807,0.1881,0.2754
521525,1987-01,47.1797,51.8305,0.5686,0.1489,0.2723
521525,1988-01,49.3803,49.6767,0.5442,0.1195,0.2793
521525,1989-01,50.8723,48.2129,0.499,0.1071,0.3087
521525,1990-01,52.1747,46.9093,0.4756,0.1218,0.3186
521525,1991-01,52.9042,46.1916,0.4515,0.1227,0.33
521525,1992-01,55.3751,43.7459,0.4075,0.1308,0.3407
521525,1993-01,56.6166,42.4871,0.4028,0.1426,0.3509
521525,1994-01,57.0663,42.0554,0.3934,0.1471,0.3378
521525,1995-01,56.9223,42.2144,0.3901,0.1381,0.335
521525,1996-01,57.2491,41.861,0.3807,0.1393,0.3699
521525,1997-01,57.5727,41.5094,0.3654,0.147,0.4055
521525,1998-01,58.2885,40.7843,0.3682,0.1515,0.4074
521525,1999-01,59.0572,40.0021,0.3742,0.163,0.4035
521525,2000-01,60.1489,38.9922,0.3934,0.1732,0.2923
521525,2001-01,60.7206,38.4207,0.3871,0.182,0.2895
521525,2002-01,61.1895,37.9403,0.3842,0.1866,0.2994
521525,2003-01,61.7693,37.3566,0.3774,0.1851,0.3115
521525,2004-01,62.4289,36.696,0.371,0.1829,0.3212
521525,2005-01,62.6453,36.4775,0.3658,0.1797,0.3317
521525,2006-01,63.0596,36.0583,0.3644,0.1743,0.3433
521525,2007-01,63.8404,35.2903,0.364,0.1706,0.3347
521525,2008-01,64.6886,34.439,0.3582,0.1646,0.3496
521525,2009-01,65.1068,34.0338,0.3467,0.1696,0.3431
521525,2010-01,65.4016,33.7238,0.343,0.1878,0.3438
521525,2011-01,65.4238,33.6979,0.3427,0.1872,0.3483
521525,2012-01,65.7582,33.3829,0.3419,0.1664,0.3506
521525,2013-01,66.1345,33.0351,0.3426,0.1497,0.3381
521525,2014-01,66.5619,32.6074,0.3392,0.1383,0.3531
521525,2015-01,66.9377,32.1901,0.336,0.1831,0.3532
521525,2016-01,67.0014,32.1162,0.3349,0.1968,0.3507
521525,2017-01,66.7595,32.37,0.3341,0.1764,0.36
521525,2018-01,66.3892,32.7263,0.3304,0.1576,0.3964
521525,2019-01,66.3538,32.7642,0.3217,0.1627,0.3975
521525,2020-01,66.3704,32.7354,0.3197,0.1725,0.402
521525,2021-01,66.4396,32.6642,0.3176,0.1791,0.3996
521525,2022-01,66.5735,32.502,0.2996,0.1799,0.445
521525,2023-01,66.8218,32.2625,0.2984,0.1622,0.4552
521525,2024-01,67.3336,31.7732,0.3036,0.1644,0.4252
521530,1985-01,45.0679,53.072,0.6723,0.6302,0.5576
521530,1986-01,46.8818,51.3708,0.5989,0.586,0.5625
521530,1987-01,48.3667,50.1117,0.5084,0.4551,0.5582
521530,1988-01,49.9552,48.5526,0.4147,0.5222,0.5553
521530,1989-01,51.9258,46.6225,0.377,0.5259,0.5487
521530,1990-01,54.0562,44.6611,0.3293,0.4017,0.5517
521530,1991-01,55.7465,43.1368,0.2946,0.2637,0.5585
521530,1992-01,57.4259,41.5099,0.2861,0.2192,0.559
521530,1993-01,58.8417,40.1311,0.2789,0.1922,0.5561
521530,1994-01,59.7647,39.1634,0.2717,0.2414,0.5588
521530,1995-01,60.689,38.2002,0.2666,0.2897,0.5544
521530,1996-01,60.9763,38.0049,0.2628,0.2236,0.5324
521530,1997-01,62.0284,37.0009,0.2555,0.1773,0.5378
521530,1998-01,62.7568,36.2699,0.249,0.1742,0.5501
521530,1999-01,63.5795,35.442,0.2475,0.173,0.558
521530,2000-01,64.3785,34.6762,0.2554,0.1837,0.5063
521530,2001-01,65.2308,33.8381,0.2561,0.182,0.4929
521530,2002-01,66.0968,32.9974,0.2567,0.1697,0.4795
521530,2003-01,66.8834,32.188,0.2541,0.191,0.4836
521530,2004-01,67.5817,31.4629,0.2479,0.207,0.5005
521530,2005-01,68.0098,31.0481,0.2446,0.1985,0.499
521530,2006-01,68.2654,30.8086,0.2411,0.1859,0.4991
521530,2007-01,68.4161,30.672,0.2282,0.188,0.4958
521530,2008-01,68.7155,30.3743,0.2268,0.2016,0.4818
521530,2009-01,69.0361,30.0584,0.2243,0.2099,0.4712
521530,2010-01,69.3165,29.775,0.2207,0.2135,0.4743
521530,2011-01,69.5914,29.4911,0.2184,0.2264,0.4727
521530,2012-01,69.8878,29.2035,0.2174,0.2274,0.4638
521530,2013-01,70.1212,28.963,0.2181,0.2392,0.4585
521530,2014-01,70.3044,28.7766,0.2167,0.2419,0.4603
521530,2015-01,70.528,28.5563,0.2157,0.2478,0.4522
521530,2016-01,70.6552,28.4128,0.2126,0.2671,0.4523
521530,2017-01,70.7338,28.3332,0.2117,0.2736,0.4477
521530,2018-01,70.7413,28.3227,0.2107,0.2761,0.4492
521530,2019-01,70.7977,28.2679,0.2084,0.2802,0.4458
521530,2020-01,70.8821,28.1716,0.2074,0.293,0.4459
521530,2021-01,70.9992,28.0503,0.205,0.2996,0.4458
521530,2022-01,71.229,27.7802,0.198,0.3086,0.4842
521530,2023-01,71.3688,27.6239,0.1947,0.3202,0.4924
521530,2024-01,71.5595,27.4307,0.1918,0.3253,0.4927
521540,1985-01,72.953,26.6186,0.0914,0.2597,0.0774
521540,1986-01,74.0108,25.5588,0.077,0.2741,0.0794
521540,1987-01,74.7744,24.7931,0.0436,0.2856,0.1033
521540,1988-01,76.0342,23.5301,0.0247,0.2955,0.1156
521540,1989-01,76.451,23.0923,0.0045,0.3267,0.1255
521540,1990-01,77.1936,22.357,0.0,0.3173,0.1321
521540,1991-01,77.5141,22.034,0.0,0.3206,0.1313
521540,1992-01,77.8647,21.6728,0.0,0.33,0.1325
521540,1993-01,78.2708,21.2478,0.0,0.3465,0.135
521540,1994-01,78.9805,20.5278,0.0,0.3535,0.1383
521540,1995-01,79.2146,20.2912,0.0,0.3621,0.1321
521540,1996-01,79.5787,19.9152,0.0,0.3691,0.137
521540,1997-01,79.6157,19.8638,0.0,0.3687,0.1518
521540,1998-01,79.4236,20.0629,0.0,0.3584,0.1551
521540,1999-01,80.0695,19.4063,0.0,0.3535,0.1708
521540,2000-01,80.8972,18.6152,0.0,0.3564,0.1313
521540,2001-01,81.1415,18.3824,0.0,0.3498,0.1263
521540,2002-01,81.2818,18.2326,0.0,0.3477,0.1378
521540,2003-01,81.815,17.6899,0.0,0.349,0.1461
521540,2004-01,81.7936,17.699,0.0,0.3605,0.1469
521540,2005-01,81.3897,18.0733,0.0,0.3794,0.1576
521540,2006-01,81.4641,17.9804,0.0,0.3913,0.1642
521540,2007-01,81.3736,18.061,0.0,0.3971,0.1683
521540,2008-01,81.3974,18.0355,0.0,0.4169,0.1502
521540,2009-01,81.4106,18.0129,0.0,0.4284,0.1481
521540,2010-01,81.2905,18.1153,0.0,0.4448,0.1494
521540,2011-01,81.1572,18.2528,0.0,0.4415,0.1485
521540,2012-01,81.0243,18.3852,0.0,0.444,0.1465
521540,2013-01,81.0399,18.3757,0.0,0.4555,0.1288
521540,2014-01,81.0774,18.3379,0.0,0.4576,0.1271
521540,2015-01,81.0486,18.344,0.0,0.4782,0.1292
521540,2016-01,81.0054,18.3765,0.0,0.4963,0.1218
521540,2017-01,80.882,18.4831,0.0,0.507,0.128
521540,2018-01,80.6417,18.7168,0.0,0.509,0.1325
521540,2019-01,80.6161,18.7535,0.0,0.5041,0.1263
521540,2020-01,80.6243,18.7453,0.0,0.4971,0.1333
521540,2021-01,80.8659,18.4967,0.0,0.5041,0.1333
521540,2022-01,80.9654,18.356,0.0,0.5218,0.1568
521540,2023-01,81.0428,18.2416,0.0,0.5374,0.1781
521540,2024-01,81.3946,17.8668,0.0,0.5539,0.1847
521550,1985-01,59.1876,31.5985,3.2054,2.3815,3.6271
521550,1986-01,60.9104,30.3495,3.156,2.4065,3.1777
521550,1987-01,61.0483,30.189,3.1059,2.4518,3.205
521550,1988-01,60.8156,29.9835,3.059,2.4725,3.6694
521550,1989-01,60.965,29.9237,3.0266,2.3937,3.691
521550,1990-01,61.5831,29.4462,2.9633,2.3042,3.7032
521550,1991-01,61.1043,30.055,2.8622,2.2761,3.7023
521550,1992-01,62.0968,29.0656,2.824,2.3053,3.7083
521550,1993-01,62.8576,28.3243,2.8122,2.3534,3.6525
521550,1994-01,63.514,27.7464,2.7614,2.3811,3.5971
521550,1995-01,64.3996,27.0243,2.7225,2.3464,3.5072
521550,1996-01,65.4608,26.578,2.7275,2.3113,2.9224
521550,1997-01,65.9683,26.3859,2.6826,2.1929,2.7703
521550,1998-01,65.7636,26.5219,2.5997,2.1987,2.9161
521550,1999-01,65.2121,27.1883,2.5664,2.3132,2.72
521550,2000-01,64.906,27.5347,2.5298,2.6657,2.3638
521550,2001-01,64.991,27.39,2.487,2.7769,2.3551
521550,2002-01,65.0151,27.2649,2.4593,2.8892,2.3714
521550,2003-01,65.3246,26.809,2.4135,2.8385,2.6144
521550,2004-01,65.6828,26.1686,2.3769,2.7852,2.9865
521550,2005-01,66.0088,25.8588,2.345,2.8702,2.9172
521550,2006-01,66.0369,25.8226,2.2919,2.921,2.9276
521550,2007-01,65.8327,25.8355,2.2605,2.9646,3.1068
521550,2008-01,66.2217,25.7887,2.232,3.0175,2.7401
521550,2009-01,66.6724,25.3745,2.1993,3.0913,2.6624
521550,2010-01,66.8247,25.335,2.1782,3.1261,2.536
521550,2011-01,66.9411,25.2658,2.1011,3.2136,2.4785
521550,2012-01,66.7062,25.3452,2.0709,3.3209,2.5568
521550,2013-01,66.7367,25.5748,2.0622,3.4565,2.1697
521550,2014-01,66.8263,25.6003,2.0213,3.5692,1.9829
521550,2015-01,66.8629,25.5482,1.9936,3.6697,1.9256
521550,2016-01,66.6646,25.6145,1.9647,3.8097,1.9465
521550,2017-01,66.6856,25.7638,1.925,3.8701,1.7556
521550,2018-01,66.3957,26.1168,1.8983,3.9042,1.6849
521550,2019-01,66.2222,26.1392,1.8783,4.0753,1.6851
521550,2020-01,66.2432,26.0365,1.8595,4.1801,1.6808
521550,2021-01,66.4079,25.8387,1.8433,4.1938,1.7163
521550,2022-01,65.9421,25.6285,1.803,4.1452,2.4812
521550,2023-01,66.0716,25.3337,1.7144,4.1321,2.7483
521550,2024-01,66.7608,25.1083,1.5858,3.9761,2.5691
521560,1985-01,30.1848,65.6428,2.0859,1.7319,0.3546
521560,1986-01,31.4313,64.4898,1.996,1.7293,0.3536
521560,1987-01,32.1293,64.0307,1.8777,1.596,0.3662
521560,1988-01,33.426,63.015,1.748,1.4427,0.3683
521560,1989-01,34.5884,62.3705,1.6104,1.0746,0.3561
521560,1990-01,35.5119,61.7129,1.5394,0.8711,0.3648
521560,1991-01,36.5539,60.8596,1.4468,0.7672,0.3726
521560,1992-01,36.7475,60.7502,1.3825,0.7421,0.3778
521560,1993-01,36.9158,60.5998,1.3166,0.7965,0.3713
521560,1994-01,36.7635,60.9092,1.2555,0.6962,0.3757
521560,1995-01,37.331,60.3888,1.1906,0.7263,0.3633
521560,1996-01,38.1132,59.676,1.1356,0.7236,0.3516
521560,1997-01,39.645,58.185,1.1076,0.709,0.3534
521560,1998-01,41.4189,56.4729,1.0782,0.6742,0.3557
521560,1999-01,43.325,54.6171,1.0534,0.6618,0.3426
521560,2000-01,44.5312,53.5398,1.0413,0.6312,0.2566
521560,2001-01,45.5097,52.6,1.0232,0.6208,0.2463
521560,2002-01,45.9449,52.1633,1.0106,0.633,0.2483
521560,2003-01,46.2012,51.8968,0.991,0.6534,0.2577
521560,2004-01,46.3217,51.7718,0.9759,0.6682,0.2624
521560,2005-01,46.4723,51.6308,0.9668,0.6645,0.2655
521560,2006-01,46.809,51.3042,0.9526,0.6755,0.2587
521560,2007-01,47.3898,50.7325,0.9436,0.6756,0.2585
521560,2008-01,47.9006,50.2342,0.9375,0.6692,0.2585
521560,2009-01,47.7565,50.3717,0.9311,0.6823,0.2584
521560,2010-01,47.4028,50.6562,0.9205,0.7582,0.2622
521560,2011-01,46.6313,51.3999,0.9152,0.8018,0.2518
521560,2012-01,46.4502,51.6081,0.9091,0.7891,0.2435
521560,2013-01,46.8105,51.2766,0.9029,0.7749,0.2352
521560,2014-01,47.1624,50.9164,0.8983,0.7851,0.2378
521560,2015-01,47.4625,50.5938,0.8921,0.8124,0.2393
521560,2016-01,47.8544,50.2102,0.8844,0.8116,0.2394
521560,2017-01,48.3332,49.7428,0.875,0.8086,0.2404
521560,2018-01,48.7766,49.2524,0.8662,0.8579,0.2468
521560,2019-01,49.4019,48.6133,0.8585,0.8767,0.2497
521560,2020-01,49.5998,48.4182,0.8475,0.8652,0.2694
521560,2021-01,49.3949,48.6473,0.8391,0.85,0.2688
521560,2022-01,48.5992,49.3888,0.8309,0.8607,0.3204
521560,2023-01,48.3756,49.5731,0.8147,0.8884,0.3482
521560,2024-01,48.243,49.6995,0.807,0.9132,0.3372
521565,1985-01,52.4928,45.2386,1.6817,0.249,0.3379
521565,1986-01,54.754,43.6246,1.0715,0.207,0.3429
521565,1987-01,56.5033,42.0472,0.937,0.1655,0.347
521565,1988-01,58.3034,40.3475,0.8157,0.1858,0.3475
521565,1989-01,60.1244,38.6119,0.7474,0.1645,0.3518
521565,1990-01,62.3321,36.4516,0.7145,0.1574,0.3444
521565,1991-01,62.9617,35.8714,0.6809,0.1411,0.3449
521565,1992-01,63.149,35.6928,0.6672,0.1454,0.3456
521565,1993-01,63.9473,34.8909,0.6569,0.1608,0.3442
521565,1994-01,64.6965,34.161,0.6494,0.1578,0.3354
521565,1995-01,65.3689,33.5056,0.6379,0.1602,0.3274
521565,1996-01,65.9894,32.8978,0.6169,0.1606,0.3353
521565,1997-01,66.8423,32.0553,0.5988,0.1658,0.3378
521565,1998-01,67.4548,31.4497,0.5886,0.1687,0.3382
521565,1999-01,67.3476,31.5398,0.5825,0.188,0.3421
521565,2000-01,68.1835,30.7505,0.588,0.1958,0.2822
521565,2001-01,68.7533,30.1903,0.5849,0.2011,0.2703
521565,2002-01,69.0327,29.9166,0.5828,0.1918,0.276
521565,2003-01,69.9141,29.0331,0.5797,0.1898,0.2833
521565,2004-01,70.8571,28.0785,0.5793,0.2058,0.2793
521565,2005-01,71.3194,27.6018,0.5742,0.22,0.2846
521565,2006-01,71.7932,27.1251,0.5704,0.2285,0.2827
521565,2007-01,72.3599,26.5696,0.5702,0.224,0.2763
521565,2008-01,72.7732,26.1697,0.5694,0.2134,0.2744
521565,2009-01,72.9336,26.0158,0.5679,0.2044,0.2782
521565,2010-01,73.1384,25.8116,0.5643,0.2069,0.2788
521565,2011-01,72.9342,26.0204,0.5652,0.2098,0.2704
521565,2012-01,72.5559,26.4064,0.5662,0.2021,0.2694
521565,2013-01,72.2545,26.5362,0.5674,0.2082,0.4337
521565,2014-01,72.2681,26.4703,0.5649,0.2126,0.4842
521565,2015-01,72.1778,26.4607,0.5629,0.221,0.5775
521565,2016-01,72.3258,26.2648,0.5632,0.2331,0.6132
521565,2017-01,72.3855,26.2063,0.5608,0.2396,0.6079
521565,2018-01,72.1974,26.3751,0.5615,0.2537,0.6122
521565,2019-01,71.7521,26.8312,0.5578,0.2527,0.6063
521565,2020-01,71.5268,27.0713,0.5566,0.2475,0.5979
521565,2021-01,71.3763,27.2467,0.5559,0.2357,0.5852
521565,2022-01,71.2746,27.3795,0.5544,0.2265,0.565
521565,2023-01,71.2014,27.4585,0.5528,0.2272,0.5602
521565,2024-01,71.6597,27.0154,0.5525,0.217,0.5554
521570,1985-01,77.2259,20.9213,1.4253,0.1771,0.2504
521570,1986-01,78.1988,19.9813,1.3786,0.1861,0.2552
521570,1987-01,78.9273,19.2524,1.3692,0.1863,0.2647
521570,1988-01,79.5021,18.7346,1.3158,0.1917,0.2558
521570,1989-01,80.1551,18.1212,1.2407,0.2364,0.2466
521570,1990-01,80.7601,17.555,1.1926,0.2404,0.2519
521570,1991-01,80.9807,17.3769,1.149,0.2317,0.2617
521570,1992-01,81.2711,17.0909,1.1082,0.2428,0.287
521570,1993-01,81.6628,16.6847,1.0792,0.2535,0.3198
521570,1994-01,81.9763,16.3653,1.0562,0.2664,0.3358
521570,1995-01,82.3967,15.9134,1.0384,0.2858,0.3657
521570,1996-01,82.7549,15.5594,1.0076,0.3064,0.3716
521570,1997-01,82.8985,15.4222,0.962,0.3261,0.3912
521570,1998-01,83.1585,15.189,0.9475,0.3285,0.3764
521570,1999-01,83.3569,14.99,0.945,0.3283,0.3798
521570,2000-01,83.6132,14.7515,0.9531,0.3338,0.3483
521570,2001-01,83.6611,14.6979,0.9495,0.3524,0.3392
521570,2002-01,83.7049,14.628,0.9328,0.3767,0.3577
521570,2003-01,83.6621,14.6647,0.9193,0.3908,0.3631
521570,2004-01,83.6261,14.6972,0.9097,0.3984,0.3685
521570,2005-01,83.4527,14.8647,0.8982,0.4036,0.3808
521570,2006-01,83.4218,14.8924,0.8855,0.4128,0.3876
521570,2007-01,83.3804,14.9008,0.8738,0.4407,0.4043
521570,2008-01,83.3613,14.922,0.8738,0.4494,0.3935
521570,2009-01,83.3478,14.944,0.8698,0.4585,0.3798
521570,2010-01,83.2932,14.9852,0.8655,0.4768,0.3794
521570,2011-01,83.2514,15.0091,0.8667,0.4971,0.3757
521570,2012-01,83.249,15.0031,0.8711,0.5175,0.3593
521570,2013-01,83.2241,15.004,0.8807,0.5553,0.3359
521570,2014-01,83.3276,14.8869,0.8767,0.573,0.3358
521570,2015-01,83.3999,14.7872,0.8744,0.5979,0.3405
521570,2016-01,83.4277,14.7523,0.8743,0.6134,0.3322
521570,2017-01,83.4109,14.7614,0.8736,0.625,0.3291
521570,2018-01,83.3189,14.8254,0.8635,0.6419,0.3504
521570,2019-01,83.249,14.8758,0.8568,0.6542,0.3641
521570,2020-01,83.2272,14.8641,0.8547,0.6774,0.3766
521570,2021-01,83.2145,14.8547,0.858,0.705,0.3678
521570,2022-01,83.2832,14.777,0.8422,0.7208,0.3768
521570,2023-01,83.3457,14.689,0.8284,0.7359,0.401
521570,2024-01,83.4627,14.5713,0.8288,0.7436,0.3936
521580,1985-01,63.8528,34.7942,0.1329,1.193,0.0271
521580,1986-01,65.9261,33.0067,0.1057,0.9343,0.0271
521580,1987-01,66.8349,32.1965,0.1043,0.8372,0.0271
521580,1988-01,67.6467,31.3676,0.1043,0.8514,0.03
521580,1989-01,68.2084,30.7058,0.0843,0.9715,0.03
521580,1990-01,69.1115,29.7541,0.07,1.0315,0.0329
521580,1991-01,69.0717,29.7969,0.0686,1.0314,0.0314
521580,1992-01,69.6088,29.204,0.0686,1.0871,0.0314
521580,1993-01,71.0988,27.7155,0.0686,1.0886,0.0286
521580,1994-01,71.8659,26.9512,0.0643,1.0814,0.0371
521580,1995-01,72.1332,26.6597,0.0643,1.1029,0.04
521580,1996-01,72.216,26.5997,0.0529,1.1014,0.03
521580,1997-01,73.056,25.7511,0.0543,1.1028,0.0357
521580,1998-01,73.4531,25.3469,0.0429,1.12,0.0371
521580,1999-01,73.7845,24.9569,0.0414,1.1443,0.0729
521580,2000-01,74.3988,24.3627,0.0414,1.1471,0.05
521580,2001-01,74.6917,24.0726,0.0386,1.15,0.0471
521580,2002-01,74.9973,23.7412,0.0386,1.1743,0.0486
521580,2003-01,75.6273,23.107,0.04,1.1857,0.04
521580,2004-01,75.7887,22.9399,0.04,1.1914,0.04
521580,2005-01,75.6858,23.0327,0.0343,1.2086,0.0386
521580,2006-01,75.6015,23.097,0.0343,1.2229,0.0443
521580,2007-01,75.7358,22.957,0.0314,1.2343,0.0414
521580,2008-01,76.1759,22.4798,0.0314,1.2729,0.04
521580,2009-01,76.2916,22.3413,0.0314,1.2986,0.0371
521580,2010-01,76.3887,22.2498,0.0314,1.2986,0.0314
521580,2011-01,76.3973,22.207,0.03,1.3286,0.0371
521580,2012-01,76.4116,22.177,0.03,1.3457,0.0357
521580,2013-01,76.2802,22.287,0.03,1.3757,0.0271
521580,2014-01,76.2759,22.3041,0.03,1.3614,0.0286
521580,2015-01,76.2244,22.337,0.0286,1.3814,0.0286
521580,2016-01,76.2387,22.3184,0.0271,1.3871,0.0286
521580,2017-01,76.4159,22.0984,0.0271,1.43,0.0286
521580,2018-01,76.3759,22.0312,0.0243,1.54,0.0286
521580,2019-01,76.4002,21.9784,0.0243,1.5671,0.03
521580,2020-01,76.4102,21.9298,0.0243,1.6071,0.0286
521580,2021-01,76.4259,21.9055,0.0229,1.6128,0.0329
521580,2022-01,76.4602,21.8983,0.0229,1.5814,0.0371
521580,2023-01,76.666,21.6783,0.0229,1.5971,0.0357
521580,2024-01,76.6031,21.7112,0.0214,1.6286,0.0357
521590,1985-01,86.0068,12.4579,1.1511,0.0954,0.2889
521590,1986-01,87.0566,11.424,1.1494,0.1039,0.2662
521590,1987-01,87.6076,10.8618,1.1441,0.1083,0.2782
521590,1988-01,87.902,10.5859,1.1396,0.1107,0.2619
521590,1989-01,88.0782,10.4622,1.0986,0.1157,0.2453
521590,1990-01,88.1803,10.3684,1.0627,0.1207,0.268
521590,1991-01,88.4075,10.1623,1.0439,0.1305,0.2558
521590,1992-01,88.5447,10.0175,1.0333,0.1375,0.2671
521590,1993-01,88.7629,9.8036,1.0232,0.1399,0.2703
521590,1994-01,89.045,9.5301,1.0309,0.1479,0.2462
521590,1995-01,89.2691,9.2976,1.0346,0.1525,0.2462
521590,1996-01,89.4011,9.1742,1.0193,0.1551,0.2503
521590,1997-01,89.4362,9.1184,0.967,0.1568,0.3215
521590,1998-01,89.4775,9.104,0.9509,0.1762,0.2913
521590,1999-01,89.5679,9.0234,0.9365,0.1917,0.2804
521590,2000-01,89.6204,8.9797,0.9307,0.1952,0.2741
521590,2001-01,89.5795,8.9786,0.9135,0.198,0.3305
521590,2002-01,89.5531,8.967,0.8638,0.2098,0.4063
521590,2003-01,89.5285,8.991,0.8477,0.2141,0.4187
521590,2004-01,89.442,9.0226,0.8248,0.2183,0.4923
521590,2005-01,89.3516,9.0773,0.8211,0.2196,0.5305
521590,2006-01,89.2492,9.1485,0.8039,0.2235,0.5749
521590,2007-01,89.2067,9.179,0.7947,0.2252,0.5943
521590,2008-01,89.1551,9.2305,0.7932,0.2309,0.5904
521590,2009-01,89.1097,9.2732,0.7875,0.2403,0.5893
521590,2010-01,89.0692,9.2886,0.7869,0.2488,0.6065
521590,2011-01,89.0265,9.3174,0.7967,0.2658,0.5936
521590,2012-01,89.0065,9.3494,0.8058,0.2756,0.5627
521590,2013-01,88.993,9.384,0.8045,0.2819,0.5366
521590,2014-01,89.0089,9.3714,0.7973,0.2832,0.5392
521590,2015-01,88.9841,9.391,0.7943,0.2838,0.5468
521590,2016-01,88.9775,9.4132,0.7923,0.2852,0.5318
521590,2017-01,88.9285,9.4581,0.7908,0.2858,0.5368
521590,2018-01,88.8529,9.5197,0.7897,0.2908,0.5468
521590,2019-01,88.7547,9.5929,0.7871,0.3065,0.5588
521590,2020-01,88.7207,9.6053,0.7849,0.3128,0.5762
521590,2021-01,88.7323,9.604,0.7834,0.3213,0.559
521590,2022-01,88.7024,9.6025,0.7797,0.344,0.5714
521590,2023-01,88.6593,9.604,0.7745,0.3583,0.6039
521590,2024-01,88.6913,9.5761,0.7799,0.3673,0.5853
521600,1985-01,77.8641,19.3749,2.1974,0.1043,0.4593
521600,1986-01,78.7964,18.4292,2.2023,0.1055,0.4666
521600,1987-01,79.3197,17.899,2.2035,0.1063,0.4715
521600,1988-01,79.6243,17.6239,2.164,0.1171,0.4707
521600,1989-01,80.2999,17.0587,2.0664,0.1218,0.4532
521600,1990-01,80.1865,17.3053,1.9349,0.1122,0.4611
521600,1991-01,80.2815,17.2947,1.848,0.1181,0.4577
521600,1992-01,80.323,17.3252,1.7524,0.1194,0.48
521600,1993-01,80.5292,17.116,1.7309,0.1326,0.4912
521600,1994-01,80.7512,16.9647,1.6558,0.1385,0.4898
521600,1995-01,80.9615,16.7933,1.6353,0.1425,0.4674
521600,1996-01,81.1929,16.5795,1.6139,0.156,0.4577
521600,1997-01,81.2444,16.5437,1.5871,0.1651,0.4597
521600,1998-01,81.1808,16.6049,1.5574,0.1682,0.4886
521600,1999-01,81.1242,16.7007,1.5352,0.1793,0.4607
521600,2000-01,81.1726,16.7841,1.5608,0.1897,0.2928
521600,2001-01,81.1865,16.7806,1.5472,0.2044,0.2812
521600,2002-01,81.3571,16.6224,1.5346,0.2039,0.282
521600,2003-01,81.2916,16.7371,1.4878,0.1985,0.285
521600,2004-01,81.536,16.4878,1.4726,0.1993,0.3042
521600,2005-01,81.7087,16.3154,1.4665,0.198,0.3113
521600,2006-01,81.8459,16.1876,1.4508,0.1966,0.3192
521600,2007-01,81.9413,16.0967,1.435,0.2001,0.3269
521600,2008-01,81.9466,16.0914,1.4183,0.2143,0.3294
521600,2009-01,81.9177,16.1323,1.399,0.2279,0.3231
521600,2010-01,81.8803,16.1746,1.3855,0.2324,0.3273
521600,2011-01,81.8396,16.2232,1.3754,0.2373,0.3245
521600,2012-01,81.8075,16.2602,1.3711,0.2361,0.3251
521600,2013-01,81.8065,16.2444,1.3715,0.2574,0.3202
521600,2014-01,81.9079,16.1301,1.3709,0.2723,0.3188
521600,2015-01,81.9236,16.1065,1.3691,0.2759,0.3249
521600,2016-01,81.9561,16.0663,1.3672,0.2906,0.3198
521600,2017-01,81.9945,16.0328,1.3599,0.2938,0.319
521600,2018-01,82.0079,16.0287,1.3575,0.2847,0.3212
521600,2019-01,82.0889,15.9441,1.3546,0.2912,0.3212
521600,2020-01,82.1306,15.9075,1.3497,0.293,0.3192
521600,2021-01,82.1515,15.8945,1.3406,0.2924,0.321
521600,2022-01,82.1458,15.8705,1.3243,0.2845,0.3749
521600,2023-01,82.1401,15.8622,1.3166,0.2885,0.3926
521600,2024-01,82.1887,15.8372,1.3095,0.2778,0.3867
521630,1985-01,73.2022,17.9876,0.5586,0.1475,8.1042
521630,1986-01,74.9879,16.2277,0.559,0.1508,8.0747
521630,1987-01,77.1288,14.0989,0.5581,0.1372,8.0769
521630,1988-01,78.1315,13.0364,0.556,0.1408,8.1354
521630,1989-01,78.9938,12.216,0.5487,0.1452,8.0962
521630,1990-01,79.6487,11.5657,0.5274,0.1571,8.1011
521630,1991-01,79.7082,11.5127,0.5088,0.1566,8.1136
521630,1992-01,79.9915,11.2453,0.4978,0.1559,8.1095
521630,1993-01,80.3238,10.9373,0.4939,0.158,8.0871
521630,1994-01,80.5392,10.7373,0.482,0.1631,8.0785
521630,1995-01,80.5934,10.713,0.4638,0.1683,8.0615
521630,1996-01,80.8988,10.5038,0.4634,0.1684,7.9656
521630,1997-01,81.0216,10.4004,0.4583,0.1748,7.9449
521630,1998-01,80.9383,10.501,0.4569,0.1788,7.9251
521630,1999-01,81.037,10.4346,0.4528,0.18,7.8956
521630,2000-01,81.051,10.4674,0.4614,0.1822,7.8379
521630,2001-01,81.09,10.4999,0.4574,0.1828,7.7699
521630,2002-01,81.0551,10.5064,0.4519,0.1826,7.8039
521630,2003-01,81.1319,10.422,0.4445,0.1836,7.8179
521630,2004-01,81.0369,10.4522,0.443,0.185,7.883
521630,2005-01,80.9891,10.5215,0.4425,0.1855,7.8614
521630,2006-01,80.9848,10.5033,0.4403,0.1861,7.8855
521630,2007-01,80.9609,10.4861,0.4388,0.1879,7.9263
521630,2008-01,80.9757,10.4811,0.4355,0.2045,7.9032
521630,2009-01,81.0105,10.5124,0.4364,0.2062,7.8346
521630,2010-01,80.963,10.5533,0.4344,0.2103,7.8389
521630,2011-01,80.8786,10.6186,0.4341,0.2072,7.8616
521630,2012-01,80.9366,10.6599,0.43,0.2085,7.765
521630,2013-01,81.0823,10.6658,0.4272,0.2122,7.6125
521630,2014-01,81.0813,10.7583,0.4255,0.2854,7.4494
521630,2015-01,80.9647,10.854,0.4241,0.3014,7.4557
521630,2016-01,80.6663,10.8931,0.4247,0.2532,7.7627
521630,2017-01,80.7433,10.9162,0.4253,0.2578,7.6573
521630,2018-01,80.6604,11.0002,0.4261,0.2602,7.6531
521630,2019-01,80.601,11.049,0.4244,0.2623,7.6633
521630,2020-01,80.5081,11.123,0.4213,0.2714,7.6762
521630,2021-01,80.6651,11.1686,0.4192,0.308,7.4391
521630,2022-01,80.6648,11.1578,0.4114,0.3224,7.4435
521630,2023-01,80.3011,11.2187,0.4072,0.314,7.759
521630,2024-01,80.5534,11.2223,0.4034,0.3196,7.5012
521640,1985-01,64.0226,25.7584,8.8262,1.0577,0.335
521640,1986-01,66.1059,23.8373,8.7347,0.9866,0.3355
521640,1987-01,67.4355,22.666,8.6577,0.8921,0.3487
521640,1988-01,68.8314,21.6491,8.3915,0.7803,0.3478
521640,1989-01,70.0672,20.8399,8.0696,0.6806,0.3427
521640,1990-01,71.0455,20.2025,7.8437,0.5665,0.3418
521640,1991-01,71.6894,19.821,7.5543,0.5889,0.3465
521640,1992-01,72.4795,19.2276,7.3093,0.6285,0.3551
521640,1993-01,73.1578,18.7514,7.1533,0.5858,0.3517
521640,1994-01,73.7442,18.2922,7.0042,0.6011,0.3583
521640,1995-01,74.2304,17.9659,6.8854,0.5805,0.3379
521640,1996-01,74.4637,17.8192,6.7974,0.5723,0.3473
521640,1997-01,74.7583,17.6551,6.6805,0.5471,0.3589
521640,1998-01,74.9269,17.6362,6.552,0.543,0.3419
521640,1999-01,74.8061,17.8152,6.4644,0.5858,0.3285
521640,2000-01,74.8339,17.8059,6.4897,0.6569,0.2137
521640,2001-01,75.1087,17.6847,6.3768,0.6233,0.2065
521640,2002-01,75.2005,17.6772,6.2946,0.6043,0.2234
521640,2003-01,75.3766,17.5919,6.2346,0.571,0.2258
521640,2004-01,75.5231,17.5169,6.1846,0.5465,0.229
521640,2005-01,75.5045,17.5861,6.15,0.5255,0.2339
521640,2006-01,75.4122,17.7112,6.1148,0.5181,0.2438
521640,2007-01,75.4289,17.7378,6.0746,0.5107,0.248
521640,2008-01,75.471,17.7589,6.0337,0.49,0.2465
521640,2009-01,75.4109,17.8626,6.0085,0.4634,0.2547
521640,2010-01,75.4253,17.9058,5.97,0.4377,0.2613
521640,2011-01,75.3532,18.062,5.9425,0.3873,0.255
521640,2012-01,75.2294,18.259,5.9205,0.3398,0.2514
521640,2013-01,75.0004,18.5523,5.8855,0.321,0.2408
521640,2014-01,74.9821,18.6058,5.8508,0.3171,0.2442
521640,2015-01,74.8848,18.7332,5.8258,0.3138,0.2424
521640,2016-01,74.8982,18.7461,5.7954,0.3196,0.2407
521640,2017-01,74.9032,18.7624,5.7678,0.3255,0.241
521640,2018-01,74.6613,19.0216,5.7456,0.3221,0.2493
521640,2019-01,74.4364,19.2717,5.7281,0.3132,0.2506
521640,2020-01,74.4157,19.3162,5.7071,0.3067,0.2542
521640,2021-01,74.5027,19.2656,5.6819,0.29,0.2598
521640,2022-01,74.6588,19.1334,5.6398,0.2804,0.2876
521640,2023-01,74.8652,18.9499,5.6167,0.2673,0.3009
521640,2024-01,75.0728,18.7747,5.6023,0.2569,0.2933
521645,1985-01,67.6688,22.5416,9.4625,0.2181,0.1091
521645,1986-01,70.0857,20.6498,8.9198,0.2261,0.1186
521645,1987-01,70.8335,20.3941,8.4457,0.2035,0.1231
521645,1988-01,72.0138,20.4215,7.2799,0.1653,0.1195
521645,1989-01,72.7059,20.2486,6.7792,0.1449,0.1215
521645,1990-01,73.3565,20.0481,6.3668,0.1088,0.1197
521645,1991-01,74.4615,19.8847,5.4557,0.0742,0.1238
521645,1992-01,75.4225,19.4007,4.9812,0.0715,0.1241
521645,1993-01,76.1903,19.0697,4.5477,0.0713,0.121
521645,1994-01,77.1369,18.5904,4.0805,0.0744,0.1179
521645,1995-01,77.6723,18.1544,3.9797,0.08,0.1136
521645,1996-01,77.7601,18.1044,3.932,0.0897,0.1138
521645,1997-01,78.0409,17.8514,3.8906,0.0992,0.118
521645,1998-01,78.1641,17.7877,3.829,0.1028,0.1164
521645,1999-01,78.106,17.9365,3.7433,0.0963,0.1179
521645,2000-01,78.1594,17.9199,3.7327,0.1127,0.0753
521645,2001-01,78.3007,17.8503,3.6614,0.1164,0.0711
521645,2002-01,78.4019,17.7976,3.6017,0.1228,0.0759
521645,2003-01,78.5447,17.7259,3.5271,0.1232,0.0791
521645,2004-01,78.8748,17.4482,3.4732,0.1256,0.0782
521645,2005-01,78.9559,17.3906,3.4445,0.1268,0.0822
521645,2006-01,79.0707,17.2962,3.4103,0.1442,0.0787
521645,2007-01,79.1685,17.2148,3.386,0.1513,0.0794
521645,2008-01,79.3142,17.1095,3.3559,0.1401,0.0802
521645,2009-01,79.3545,17.0901,3.3407,0.1377,0.077
521645,2010-01,79.3527,17.1085,3.3212,0.1396,0.0779
521645,2011-01,79.3113,17.1707,3.3042,0.1414,0.0723
521645,2012-01,79.3103,17.1909,3.2837,0.1476,0.0675
521645,2013-01,79.2975,17.216,3.271,0.1533,0.0622
521645,2014-01,79.3336,17.1375,3.2525,0.2122,0.0642
521645,2015-01,79.3561,17.0677,3.2385,0.2722,0.0655
521645,2016-01,79.397,17.05,3.2188,0.2703,0.0639
521645,2017-01,79.5553,16.9377,3.1782,0.2631,0.0656
521645,2018-01,79.6553,16.8736,3.1379,0.2642,0.069
521645,2019-01,79.7726,16.7704,3.1219,0.2659,0.0692
521645,2020-01,79.88,16.6768,3.1128,0.2686,0.0619
521645,2021-01,79.9654,16.6082,3.0914,0.2764,0.0586
521645,2022-01,80.0006,16.5782,3.078,0.2814,0.0618
521645,2023-01,80.0662,16.5211,3.0643,0.2873,0.061
521645,2024-01,80.1496,16.4524,3.0553,0.2834,0.0593
521680,1985-01,67.0325,32.6543,0.024,0.2049,0.0844
521680,1986-01,69.4711,30.2185,0.0136,0.2118,0.0849
521680,1987-01,70.9226,28.7558,0.0097,0.2193,0.0925
521680,1988-01,71.9578,27.7191,0.0084,0.2168,0.0979
521680,1989-01,72.8442,26.8288,0.0075,0.2209,0.0987
521680,1990-01,73.732,25.9363,0.0075,0.2214,0.1029
521680,1991-01,74.0284,25.633,0.0075,0.2217,0.1094
521680,1992-01,74.4221,25.2321,0.0075,0.2269,0.1115
521680,1993-01,75.1401,24.4964,0.0075,0.2358,0.1203
521680,1994-01,75.8528,23.772,0.0075,0.2449,0.1228
521680,1995-01,76.2032,23.418,0.0071,0.2504,0.1212
521680,1996-01,76.6541,22.9564,0.0071,0.2572,0.1251
521680,1997-01,76.9172,22.6885,0.0073,0.2583,0.1287
521680,1998-01,77.0474,22.5564,0.0071,0.2579,0.1313
521680,1999-01,77.5016,22.0874,0.0071,0.2583,0.1455
521680,2000-01,77.9677,21.6338,0.0066,0.2711,0.1207
521680,2001-01,78.2241,21.3726,0.0066,0.2742,0.1224
521680,2002-01,78.4585,21.125,0.0066,0.276,0.1339
521680,2003-01,78.6972,20.8772,0.0066,0.2817,0.1373
521680,2004-01,78.7132,20.862,0.0063,0.2839,0.1345
521680,2005-01,78.4489,21.1198,0.0062,0.288,0.1371
521680,2006-01,78.55,20.9887,0.0057,0.3068,0.1488
521680,2007-01,78.4933,21.0438,0.0057,0.3086,0.1486
521680,2008-01,78.5377,21.0103,0.0058,0.307,0.1392
521680,2009-01,78.575,20.9646,0.0029,0.3191,0.1384
521680,2010-01,78.5077,21.008,0.0029,0.3376,0.1437
521680,2011-01,78.4001,21.0793,0.0029,0.3638,0.1538
521680,2012-01,78.3795,21.1058,0.0029,0.3622,0.1496
521680,2013-01,78.4465,21.0706,0.0029,0.3436,0.1365
521680,2014-01,78.4563,21.0348,0.0029,0.3619,0.1441
521680,2015-01,78.463,20.9807,0.0029,0.4047,0.1488
521680,2016-01,78.3921,20.9797,0.0029,0.4643,0.1609
521680,2017-01,78.3711,20.9841,0.0029,0.4813,0.1606
521680,2018-01,78.2847,21.0423,0.0029,0.5027,0.1674
521680,2019-01,78.2869,21.0254,0.0029,0.5142,0.1705
521680,2020-01,78.2873,21.0134,0.0029,0.5146,0.1818
521680,2021-01,78.3981,20.8985,0.0028,0.5107,0.1899
521680,2022-01,78.436,20.8483,0.0028,0.5115,0.2014
521680,2023-01,78.4291,20.8031,0.0028,0.5535,0.2117
521680,2024-01,78.5892,20.6336,0.0028,0.5611,0.2134
521690,1985-01,47.9002,51.7949,0.2318,0.0613,0.0118
521690,1986-01,48.9418,50.8268,0.1482,0.0708,0.0124
521690,1987-01,49.9642,49.8203,0.1249,0.0778,0.0128
521690,1988-01,49.6827,50.1135,0.121,0.0658,0.0169
521690,1989-01,49.3076,50.4962,0.1108,0.0632,0.0222
521690,1990-01,49.8532,49.9426,0.1081,0.0734,0.0227
521690,1991-01,48.2515,51.5426,0.1036,0.0773,0.0251
521690,1992-01,48.4492,51.3449,0.1013,0.075,0.0296
521690,1993-01,49.4037,50.3852,0.0991,0.0765,0.0355
521690,1994-01,50.4233,49.3626,0.0961,0.0818,0.0362
521690,1995-01,51.0089,48.7863,0.091,0.0779,0.0359
521690,1996-01,51.7345,48.072,0.0906,0.0682,0.0347
521690,1997-01,52.328,47.4848,0.0884,0.0632,0.0356
521690,1998-01,52.1757,47.6308,0.0881,0.0726,0.0329
521690,1999-01,52.1322,47.6674,0.0882,0.0794,0.0328
521690,2000-01,52.4284,47.3848,0.0886,0.0709,0.0272
521690,2001-01,53.1044,46.7035,0.0885,0.0717,0.0317
521690,2002-01,53.6896,46.117,0.0886,0.0664,0.0384
521690,2003-01,53.3896,46.4218,0.0881,0.0608,0.0398
521690,2004-01,53.9753,45.8326,0.0873,0.0638,0.041
521690,2005-01,54.2604,45.5428,0.0872,0.0687,0.0409
521690,2006-01,54.4784,45.3218,0.0864,0.0702,0.0432
521690,2007-01,55.0441,44.7538,0.0861,0.0715,0.0445
521690,2008-01,55.3478,44.4507,0.086,0.0722,0.0433
521690,2009-01,55.572,44.2278,0.0857,0.0738,0.0407
521690,2010-01,56.1174,43.6811,0.0858,0.0762,0.0396
521690,2011-01,56.2884,43.5094,0.0853,0.075,0.042
521690,2012-01,57.1256,42.6338,0.0853,0.0983,0.0571
521690,2013-01,58.1989,41.5151,0.0851,0.1193,0.0816
521690,2014-01,58.8725,40.8362,0.0851,0.1199,0.0864
521690,2015-01,58.974,40.7323,0.0854,0.1164,0.0919
521690,2016-01,59.2407,40.4567,0.0854,0.109,0.1082
521690,2017-01,59.6446,40.0507,0.0835,0.1066,0.1146
521690,2018-01,58.949,40.741,0.0835,0.1036,0.1229
521690,2019-01,59.5817,40.1046,0.0836,0.1045,0.1256
521690,2020-01,60.2155,39.4589,0.0834,0.1068,0.1354
521690,2021-01,60.7104,38.951,0.0835,0.1055,0.1495
521690,2022-01,61.6881,37.9655,0.0836,0.1145,0.1484
521690,2023-01,62.8095,36.8261,0.0835,0.1172,0.1638
521690,2024-01,64.0611,35.5822,0.0825,0.1129,0.1613
521710,1985-01,66.6362,31.8559,0.7072,0.3393,0.4614
521710,1986-01,68.5388,30.0523,0.6317,0.3177,0.4594
521710,1987-01,70.1431,28.5282,0.6115,0.2517,0.4654
521710,1988-01,71.3135,27.4276,0.5823,0.1991,0.4775
521710,1989-01,72.0444,26.7583,0.5639,0.1751,0.4584
521710,1990-01,72.793,26.0212,0.5502,0.1792,0.4564
521710,1991-01,73.1474,25.6838,0.5262,0.1768,0.4658
521710,1992-01,73.6179,25.2245,0.5085,0.179,0.4701
521710,1993-01,74.3881,24.4563,0.5033,0.1885,0.4638
521710,1994-01,74.9253,23.9339,0.4925,0.1921,0.4562
521710,1995-01,75.3822,23.4934,0.487,0.1979,0.4394
521710,1996-01,75.782,23.1015,0.4871,0.2034,0.426
521710,1997-01,76.3522,22.5377,0.4737,0.1959,0.4405
521710,1998-01,76.8819,22.0282,0.4655,0.1957,0.4287
521710,1999-01,77.3359,21.5817,0.4723,0.2029,0.4072
521710,2000-01,77.7564,21.2149,0.5038,0.2109,0.314
521710,2001-01,78.0433,20.9401,0.5046,0.2179,0.2941
521710,2002-01,78.339,20.6381,0.4973,0.2209,0.3047
521710,2003-01,78.5445,20.4222,0.4822,0.2308,0.3202
521710,2004-01,78.7604,20.2001,0.464,0.2373,0.3381
521710,2005-01,78.8629,20.1002,0.4553,0.2388,0.3428
521710,2006-01,78.9289,20.0419,0.4441,0.242,0.3431
521710,2007-01,78.9241,20.0588,0.4264,0.2517,0.3391
521710,2008-01,78.9162,20.0723,0.4157,0.2546,0.3411
521710,2009-01,78.9428,20.0457,0.4131,0.2744,0.3239
521710,2010-01,78.9673,20.0133,0.4081,0.2866,0.3247
521710,2011-01,78.9729,20.0012,0.4061,0.2849,0.3349
521710,2012-01,78.9602,20.0227,0.4049,0.2861,0.3262
521710,2013-01,78.9534,20.0428,0.4037,0.2905,0.3096
521710,2014-01,78.9886,20.0065,0.4001,0.2922,0.3126
521710,2015-01,78.9859,20.0173,0.3974,0.2972,0.3022
521710,2016-01,78.9741,20.0253,0.4005,0.3038,0.2963
521710,2017-01,78.9336,20.0711,0.3972,0.3118,0.2863
521710,2018-01,78.8779,20.1151,0.3939,0.3202,0.2928
521710,2019-01,78.8559,20.1329,0.3901,0.3294,0.2917
521710,2020-01,78.875,20.093,0.3859,0.3394,0.3067
521710,2021-01,78.8923,20.0763,0.384,0.3492,0.2982
521710,2022-01,78.895,20.0364,0.3559,0.3592,0.3535
521710,2023-01,78.9485,19.9547,0.3524,0.3676,0.3768
521710,2024-01,79.034,19.8776,0.357,0.3677,0.3638
521720,1985-01,58.5252,40.2577,0.7094,0.2271,0.2806
521720,1986-01,59.9816,38.8122,0.7002,0.23,0.276
521720,1987-01,60.7718,38.0343,0.692,0.2177,0.2842
521720,1988-01,61.5772,37.2554,0.6748,0.2064,0.2862
521720,1989-01,61.6252,37.2436,0.647,0.2012,0.283
521720,1990-01,62.3957,36.4912,0.6417,0.1954,0.276
521720,1991-01,63.2675,35.6253,0.6316,0.1943,0.2813
521720,1992-01,63.3212,35.583,0.618,0.1943,0.2834
521720,1993-01,64.0557,34.8382,0.6122,0.2155,0.2785
521720,1994-01,64.8557,34.0431,0.6047,0.2285,0.2681
521720,1995-01,65.3178,33.5583,0.5967,0.264,0.2632
521720,1996-01,65.2222,33.6643,0.5898,0.2548,0.2689
521720,1997-01,65.6771,33.2267,0.5859,0.2302,0.2801
521720,1998-01,65.8283,33.0933,0.5821,0.2144,0.282
521720,1999-01,65.141,33.7734,0.5793,0.2169,0.2893
521720,2000-01,65.2929,33.7207,0.5932,0.2264,0.1668
521720,2001-01,65.8649,33.1691,0.5972,0.2246,0.1442
521720,2002-01,66.1328,32.9067,0.5937,0.2211,0.1457
521720,2003-01,66.7853,32.2632,0.5877,0.2188,0.145
521720,2004-01,67.3077,31.74,0.5886,0.2203,0.1434
521720,2005-01,67.4508,31.5869,0.5878,0.2271,0.1475
521720,2006-01,67.6082,31.4119,0.5868,0.2345,0.1586
521720,2007-01,67.805,31.2137,0.5881,0.2384,0.1547
521720,2008-01,67.8109,31.2152,0.5868,0.2349,0.1522
521720,2009-01,67.9567,31.0725,0.5858,0.2348,0.1502
521720,2010-01,68.1454,30.8929,0.5849,0.2288,0.148
521720,2011-01,67.8797,31.1793,0.5845,0.2137,0.1428
521720,2012-01,67.8532,31.2168,0.5828,0.211,0.1362
521720,2013-01,67.9855,31.0942,0.5821,0.2109,0.1274
521720,2014-01,68.0952,30.9898,0.5782,0.2088,0.1282
521720,2015-01,68.2202,30.8731,0.5757,0.2038,0.1272
521720,2016-01,68.5327,30.5674,0.5756,0.2011,0.1231
521720,2017-01,68.5994,30.5026,0.575,0.2007,0.1223
521720,2018-01,68.4893,30.6101,0.5715,0.2007,0.1284
521720,2019-01,68.2318,30.8589,0.5679,0.2099,0.1316
521720,2020-01,68.1765,30.9127,0.5673,0.215,0.1284
521720,2021-01,68.2491,30.8442,0.5655,0.2154,0.1258
521720,2022-01,68.2388,30.833,0.5612,0.2141,0.1529
521720,2023-01,68.4622,30.5986,0.5591,0.2151,0.1651
521720,2024-01,68.7074,30.3471,0.5613,0.2158,0.1684
521730,1985-01,38.7001,59.3808,1.5243,0.2897,0.1051
521730,1986-01,40.2621,57.8588,1.4949,0.2939,0.0902
521730,1987-01,41.3092,56.8537,1.4802,0.2645,0.0924
521730,1988-01,41.7899,56.4004,1.4668,0.2426,0.1003
521730,1989-01,42.1966,56.0224,1.4448,0.2281,0.1079
521730,1990-01,42.6942,55.5295,1.4378,0.2292,0.1093
521730,1991-01,42.9058,55.3268,1.4282,0.229,0.1101
521730,1992-01,43.5868,54.665,1.4113,0.2263,0.1106
521730,1993-01,44.3378,53.9087,1.4077,0.2387,0.107
521730,1994-01,45.2747,52.9909,1.391,0.2426,0.1008
521730,1995-01,46.2454,52.0268,1.376,0.2611,0.0908
521730,1996-01,46.6644,51.6157,1.3681,0.2726,0.0791
521730,1997-01,46.8599,51.4306,1.3608,0.2653,0.0834
521730,1998-01,46.6237,51.6939,1.3539,0.259,0.0695
521730,1999-01,46.064,52.2602,1.3487,0.2591,0.0681
521730,2000-01,45.8401,52.4989,1.3469,0.2721,0.0419
521730,2001-01,45.658,52.6719,1.3464,0.282,0.0417
521730,2002-01,45.7877,52.5332,1.3445,0.287,0.0476
521730,2003-01,45.8152,52.4967,1.3431,0.2975,0.0475
521730,2004-01,45.882,52.4219,1.3422,0.3056,0.0482
521730,2005-01,45.8789,52.4219,1.3424,0.3077,0.0491
521730,2006-01,45.9344,52.3547,1.3418,0.3155,0.0537
521730,2007-01,45.6591,52.628,1.3394,0.321,0.0525
521730,2008-01,45.4298,52.8536,1.3374,0.3288,0.0502
521730,2009-01,45.2235,53.0511,1.3364,0.3364,0.0525
521730,2010-01,45.2425,53.0311,1.3348,0.3398,0.0517
521730,2011-01,45.2815,52.9965,1.3318,0.3416,0.0487
521730,2012-01,45.3343,52.9414,1.329,0.3488,0.0466
521730,2013-01,45.5744,52.7137,1.325,0.343,0.044
521730,2014-01,45.6783,52.6188,1.3238,0.3339,0.0452
521730,2015-01,45.6916,52.6016,1.3221,0.3408,0.0439
521730,2016-01,45.7379,52.5461,1.3214,0.3497,0.0449
521730,2017-01,45.777,52.5044,1.3206,0.3536,0.0444
521730,2018-01,45.7208,52.5563,1.3209,0.356,0.046
521730,2019-01,45.832,52.4373,1.3202,0.3645,0.046
521730,2020-01,45.7901,52.4666,1.3199,0.3692,0.0543
521730,2021-01,46.3259,51.9298,1.3191,0.3694,0.0559
521730,2022-01,46.4493,51.7872,1.3187,0.3775,0.0672
521730,2023-01,46.8433,51.3775,1.319,0.3836,0.0766
521730,2024-01,47.3484,50.8705,1.3174,0.3907,0.0729
521740,1985-01,51.9186,46.5144,0.161,0.7452,0.6608
521740,1986-01,53.124,45.3343,0.1553,0.7252,0.6613
521740,1987-01,54.0098,44.5778,0.1366,0.6149,0.6609
521740,1988-01,54.4015,44.2,0.1164,0.624,0.6581
521740,1989-01,55.2886,43.3108,0.1065,0.6416,0.6525
521740,1990-01,56.5084,42.1106,0.0998,0.6273,0.6539
521740,1991-01,57.2943,41.3438,0.0921,0.6105,0.6594
521740,1992-01,58.4735,40.1872,0.092,0.5899,0.6575
521740,1993-01,59.6418,39.0036,0.0918,0.6129,0.65
521740,1994-01,60.2577,38.3762,0.0893,0.6236,0.6533
521740,1995-01,60.8583,37.7777,0.0878,0.6283,0.6479
521740,1996-01,61.0495,37.6027,0.0894,0.6328,0.6255
521740,1997-01,62.1782,36.4595,0.0861,0.6456,0.6306
521740,1998-01,62.9776,35.6651,0.0779,0.6392,0.6402
521740,1999-01,63.5204,35.1056,0.0729,0.65,0.651
521740,2000-01,64.0124,34.6336,0.0793,0.6569,0.6177
521740,2001-01,64.5611,34.0723,0.079,0.6776,0.6101
521740,2002-01,64.9557,33.6582,0.0775,0.6947,0.6139
521740,2003-01,65.3105,33.2915,0.076,0.6998,0.6223
521740,2004-01,65.6,32.9874,0.071,0.71,0.6316
521740,2005-01,65.7167,32.8652,0.0687,0.7208,0.6286
521740,2006-01,65.7806,32.7982,0.0675,0.7239,0.6297
521740,2007-01,65.7964,32.7819,0.0677,0.7306,0.6235
521740,2008-01,65.981,32.566,0.0679,0.7683,0.6169
521740,2009-01,66.0775,32.4535,0.0675,0.7914,0.6101
521740,2010-01,66.272,32.2584,0.066,0.7934,0.6102
521740,2011-01,66.4741,32.0442,0.0659,0.8061,0.6097
521740,2012-01,66.6356,31.8815,0.0637,0.8146,0.6047
521740,2013-01,66.7198,31.7797,0.0631,0.8392,0.5982
521740,2014-01,66.8194,31.6655,0.061,0.8505,0.6036
521740,2015-01,66.9497,31.5332,0.0597,0.8593,0.5981
521740,2016-01,66.9589,31.5214,0.059,0.8633,0.5973
521740,2017-01,66.9487,31.5126,0.057,0.884,0.5978
521740,2018-01,66.9172,31.5098,0.0561,0.9127,0.6042
521740,2019-01,66.9221,31.4896,0.0556,0.9266,0.6062
521740,2020-01,66.9437,31.4479,0.0557,0.9476,0.6051
521740,2021-01,67.0668,31.3088,0.0554,0.9663,0.6027
521740,2022-01,67.1938,31.1364,0.0548,0.9928,0.6221
521740,2023-01,67.3877,30.913,0.0537,1.012,0.6336
521740,2024-01,67.5948,30.6847,0.0533,1.0288,0.6384
521760,1985-01,14.4242,82.8409,1.1139,1.3326,0.2885
521760,1986-01,15.4766,81.82,1.1077,1.3096,0.2861
521760,1987-01,16.0116,81.331,1.0917,1.2658,0.3
521760,1988-01,17.2908,80.1704,1.0548,1.1849,0.2991
521760,1989-01,18.5216,79.1179,1.0363,1.0509,0.2733
521760,1990-01,19.565,78.1492,1.0103,0.976,0.2994
521760,1991-01,20.5859,77.2188,0.9675,0.8949,0.3328
521760,1992-01,20.9523,76.8786,0.947,0.8922,0.3299
521760,1993-01,20.9734,76.8057,0.9349,0.9627,0.3233
521760,1994-01,20.7601,76.9636,0.9232,1.0272,0.3259
521760,1995-01,20.8322,76.8334,0.9166,1.1048,0.313
521760,1996-01,20.7515,76.9113,0.9076,1.1336,0.2959
521760,1997-01,21.2264,76.4836,0.8984,1.1062,0.2854
521760,1998-01,22.1979,75.5148,0.8884,1.1071,0.2918
521760,1999-01,23.5656,74.1456,0.8666,1.1135,0.3087
521760,2000-01,25.0991,72.6802,0.8556,1.089,0.276
521760,2001-01,26.0011,71.7665,0.8507,1.1115,0.2701
521760,2002-01,26.6106,71.1217,0.8476,1.1449,0.2753
521760,2003-01,27.0217,70.6791,0.8429,1.1774,0.2789
521760,2004-01,27.3944,70.314,0.8348,1.172,0.2847
521760,2005-01,27.9242,69.7911,0.8301,1.1707,0.2839
521760,2006-01,28.4671,69.2558,0.8284,1.1672,0.2814
521760,2007-01,29.0554,68.7023,0.8263,1.1388,0.2772
521760,2008-01,29.4703,68.2391,0.8223,1.1932,0.2751
521760,2009-01,29.3163,68.3715,0.8144,1.2203,0.2776
521760,2010-01,29.1228,68.5479,0.8126,1.2371,0.2795
521760,2011-01,28.6408,69.0598,0.809,1.2125,0.2779
521760,2012-01,28.6039,69.0782,0.8047,1.2357,0.2775
521760,2013-01,28.9605,68.711,0.8021,1.256,0.2705
521760,2014-01,29.6249,67.994,0.801,1.3074,0.2727
521760,2015-01,30.1688,67.396,0.7979,1.3597,0.2777
521760,2016-01,30.8582,66.6576,0.7972,1.4166,0.2704
521760,2017-01,31.4111,66.0631,0.7957,1.4495,0.2806
521760,2018-01,31.7166,65.7263,0.7918,1.4848,0.2805
521760,2019-01,32.0345,65.3474,0.7904,1.5448,0.283
521760,2020-01,32.2369,65.1277,0.7857,1.5582,0.2915
521760,2021-01,32.4378,64.8997,0.7838,1.588,0.2906
521760,2022-01,32.4017,64.9043,0.7799,1.6202,0.2939
521760,2023-01,32.5329,64.7491,0.7792,1.6289,0.3099
521760,2024-01,32.6923,64.5969,0.7779,1.6331,0.2997
521770,1985-01,72.9617,24.192,2.31,0.1465,0.3898
521770,1986-01,74.358,22.8316,2.2586,0.152,0.3997
521770,1987-01,75.1664,22.0162,2.2493,0.1609,0.4072
521770,1988-01,75.2718,21.9537,2.203,0.1717,0.3997
521770,1989-01,75.4951,21.8312,2.1022,0.1777,0.3938
521770,1990-01,75.8346,21.5475,2.0245,0.1842,0.4091
521770,1991-01,75.5367,21.9447,1.9282,0.1916,0.3989
521770,1992-01,75.9411,21.5928,1.8577,0.2047,0.4037
521770,1993-01,76.3828,21.1744,1.8186,0.2149,0.4092
521770,1994-01,76.8944,20.6686,1.7755,0.242,0.4194
521770,1995-01,77.3087,20.2799,1.7563,0.2479,0.4073
521770,1996-01,77.5575,20.0328,1.7435,0.2641,0.4021
521770,1997-01,77.7022,19.892,1.7184,0.2651,0.4223
521770,1998-01,77.7819,19.8422,1.7126,0.2651,0.3982
521770,1999-01,77.9941,19.6467,1.702,0.2651,0.3921
521770,2000-01,78.2277,19.4548,1.7205,0.2662,0.3309
521770,2001-01,78.3811,19.3185,1.7139,0.2678,0.3187
521770,2002-01,78.4449,19.2553,1.6929,0.2695,0.3375
521770,2003-01,78.6185,19.093,1.6786,0.2713,0.3386
521770,2004-01,78.8265,18.8856,1.6761,0.2728,0.339
521770,2005-01,78.9147,18.8001,1.6629,0.2774,0.3448
521770,2006-01,78.9509,18.769,1.6503,0.278,0.3518
521770,2007-01,78.9884,18.741,1.6374,0.2812,0.352
521770,2008-01,79.0027,18.7383,1.6264,0.2808,0.3519
521770,2009-01,79.0492,18.697,1.6302,0.2845,0.3391
521770,2010-01,79.1403,18.6075,1.6296,0.2862,0.3364
521770,2011-01,79.2776,18.4767,1.624,0.287,0.3347
521770,2012-01,79.4312,18.3231,1.6068,0.2949,0.3441
521770,2013-01,79.4288,18.3359,1.6067,0.3024,0.3262
521770,2014-01,79.4486,18.3123,1.5999,0.3112,0.3279
521770,2015-01,79.5381,18.2229,1.5914,0.3144,0.3332
521770,2016-01,79.5706,18.1917,1.5877,0.3218,0.3282
521770,2017-01,79.5336,18.2123,1.5779,0.3381,0.3382
521770,2018-01,79.4193,18.2815,1.5763,0.359,0.3639
521770,2019-01,79.4501,18.2356,1.5685,0.3764,0.3695
521770,2020-01,79.5149,18.1584,1.5575,0.3823,0.3869
521770,2021-01,79.5437,18.1333,1.5525,0.3904,0.38
521770,2022-01,79.5571,18.1142,1.5144,0.4007,0.4136
521770,2023-01,79.5428,18.1129,1.4665,0.4139,0.4639
521770,2024-01,79.6624,18.0044,1.4658,0.4288,0.4385
521800,1985-01,41.8134,56.9104,0.6681,0.3628,0.2453
521800,1986-01,46.8083,51.9732,0.6058,0.3479,0.2647
521800,1987-01,49.8587,48.9899,0.6114,0.3075,0.2326
521800,1988-01,50.4634,48.4344,0.5906,0.2686,0.2429
521800,1989-01,52.1164,46.8247,0.5467,0.2517,0.2605
521800,1990-01,53.1431,45.8137,0.5177,0.2409,0.2846
521800,1991-01,53.795,45.1842,0.4889,0.2362,0.2958
521800,1992-01,54.8442,44.1608,0.4623,0.2329,0.2998
521800,1993-01,55.7722,43.2295,0.4596,0.2373,0.3015
521800,1994-01,56.7646,42.2496,0.4567,0.2418,0.2874
521800,1995-01,56.5128,42.5046,0.4509,0.251,0.2807
521800,1996-01,56.6578,42.3546,0.4413,0.2606,0.2857
521800,1997-01,56.8409,42.1449,0.4286,0.2758,0.3098
521800,1998-01,56.9016,42.0835,0.4432,0.3005,0.2712
521800,1999-01,57.8214,41.1374,0.4443,0.3302,0.2667
521800,2000-01,58.7007,40.2455,0.4384,0.3403,0.2751
521800,2001-01,59.4141,39.5322,0.439,0.3437,0.2709
521800,2002-01,59.8048,39.1398,0.437,0.336,0.2824
521800,2003-01,59.7806,39.1684,0.4356,0.3265,0.2889
521800,2004-01,59.6634,39.285,0.4293,0.3184,0.3038
521800,2005-01,59.6875,39.2573,0.4273,0.3122,0.3156
521800,2006-01,59.7726,39.1713,0.4269,0.3107,0.3185
521800,2007-01,59.7735,39.1728,0.428,0.3108,0.3149
521800,2008-01,59.9541,38.9842,0.4271,0.318,0.3166
521800,2009-01,59.9861,38.9449,0.4222,0.327,0.3198
521800,2010-01,60.4451,38.4976,0.4245,0.3266,0.3062
521800,2011-01,60.6725,38.2707,0.4242,0.3276,0.305
521800,2012-01,61.0109,37.9395,0.4243,0.3234,0.302
521800,2013-01,61.6002,37.3552,0.4245,0.3245,0.2956
521800,2014-01,62.1335,36.8042,0.4222,0.3273,0.3128
521800,2015-01,62.5495,36.3918,0.4216,0.3238,0.3133
521800,2016-01,62.7669,36.1681,0.4201,0.334,0.3109
521800,2017-01,63.0111,35.9061,0.4184,0.3527,0.3117
521800,2018-01,62.7749,36.1029,0.4155,0.3745,0.3322
521800,2019-01,62.6877,36.1902,0.4144,0.3839,0.3238
521800,2020-01,62.8816,35.9965,0.412,0.3823,0.3277
521800,2021-01,63.3483,35.5346,0.4089,0.3829,0.3254
521800,2022-01,63.8077,35.0764,0.4033,0.391,0.3216
521800,2023-01,64.6244,34.2378,0.4026,0.4013,0.3339
521800,2024-01,65.6469,33.2183,0.4025,0.4077,0.3246
521805,1985-01,81.8831,8.5479,7.6193,0.1114,1.8383
521805,1986-01,82.0468,8.3725,7.6566,0.1241,1.7999
521805,1987-01,82.1487,8.2448,7.6173,0.1321,1.8571
521805,1988-01,82.1305,8.2739,7.5889,0.1398,1.8668
521805,1989-01,82.3099,8.177,7.5236,0.1531,1.8365
521805,1990-01,82.3632,8.3657,7.2867,0.1529,1.8314
521805,1991-01,82.4413,8.3847,7.1885,0.1552,1.8303
521805,1992-01,82.5946,8.4023,7.0165,0.1573,1.8293
521805,1993-01,82.7557,8.3541,6.8908,0.1608,1.8386
521805,1994-01,82.8031,8.4123,6.8082,0.1639,1.8126
521805,1995-01,82.8229,8.5019,6.7881,0.1734,1.7137
521805,1996-01,82.9901,8.4801,6.6664,0.184,1.6794
521805,1997-01,83.0346,8.5162,6.5394,0.1888,1.721
521805,1998-01,83.1259,8.5445,6.4444,0.1916,1.6936
521805,1999-01,83.2046,8.6148,6.3885,0.2142,1.5779
521805,2000-01,83.267,8.6947,6.5265,0.2301,1.2817
521805,2001-01,83.2723,8.733,6.4992,0.2335,1.2621
521805,2002-01,83.2638,8.7929,6.4086,0.2382,1.2965
521805,2003-01,83.2636,8.8165,6.3767,0.2381,1.3051
521805,2004-01,83.2607,8.8438,6.3551,0.2365,1.3039
521805,2005-01,83.2382,8.8685,6.3531,0.2408,1.2994
521805,2006-01,83.2445,8.9052,6.3146,0.2413,1.2944
521805,2007-01,83.2461,8.9102,6.2878,0.2422,1.3138
521805,2008-01,83.2333,8.941,6.2857,0.2455,1.2945
521805,2009-01,83.2156,8.9517,6.2993,0.2898,1.2436
521805,2010-01,83.2178,8.9636,6.2878,0.2957,1.2351
521805,2011-01,83.2147,8.9863,6.2865,0.3054,1.2071
521805,2012-01,83.199,9.0125,6.2896,0.3193,1.1796
521805,2013-01,83.1831,9.0492,6.3007,0.3291,1.1378
521805,2014-01,83.1792,9.0582,6.2851,0.3477,1.1298
521805,2015-01,83.1625,9.0741,6.2833,0.3594,1.1208
521805,2016-01,83.1604,9.0974,6.2658,0.356,1.1204
521805,2017-01,83.1497,9.0999,6.2502,0.3706,1.1295
521805,2018-01,83.1362,9.1093,6.245,0.3748,1.1346
521805,2019-01,83.1385,9.1036,6.2372,0.3831,1.1377
521805,2020-01,83.1215,9.1154,6.2279,0.3962,1.1391
521805,2021-01,83.1032,9.1272,6.2101,0.4225,1.1371
521805,2022-01,83.107,9.1536,6.182,0.4282,1.1293
521805,2023-01,82.9808,9.1651,6.1241,0.5631,1.1669
521805,2024-01,83.0755,9.1335,6.1107,0.561,1.1193
521810,1985-01,59.4083,35.839,3.8608,0.8319,0.0601
521810,1986-01,62.1021,33.3806,3.5903,0.859,0.0679
521810,1987-01,63.7673,31.8328,3.4775,0.8349,0.0876
521810,1988-01,64.4552,31.4732,3.3431,0.6409,0.0877
521810,1989-01,64.4091,31.7091,3.1446,0.6387,0.0985
521810,1990-01,63.124,33.1239,3.0161,0.6379,0.0981
521810,1991-01,62.8169,33.5943,2.9386,0.5598,0.0903
521810,1992-01,64.0227,32.6353,2.7991,0.4578,0.0851
521810,1993-01,64.9059,31.7782,2.7613,0.4725,0.0821
521810,1994-01,65.787,31.0131,2.6557,0.4682,0.076
521810,1995-01,65.6592,31.2045,2.5945,0.4733,0.0686
521810,1996-01,65.8808,31.0288,2.5512,0.4679,0.0713
521810,1997-01,65.8759,31.0583,2.5093,0.485,0.0715
521810,1998-01,65.4677,31.5041,2.4926,0.4819,0.0537
521810,1999-01,65.3538,31.5905,2.4681,0.5372,0.0505
521810,2000-01,65.8586,31.0736,2.4653,0.5656,0.0369
521810,2001-01,66.1299,30.8723,2.394,0.5687,0.0352
521810,2002-01,66.5917,30.4441,2.3753,0.5517,0.0372
521810,2003-01,66.8696,30.1754,2.3707,0.5506,0.0337
521810,2004-01,67.0108,30.0601,2.361,0.5393,0.0289
521810,2005-01,66.8995,30.2191,2.3427,0.5089,0.0298
521810,2006-01,66.6978,30.4104,2.3386,0.5261,0.0272
521810,2007-01,66.2463,30.8668,2.3312,0.533,0.0227
521810,2008-01,66.2496,30.8615,2.3207,0.5435,0.0247
521810,2009-01,66.341,30.7614,2.3193,0.556,0.0222
521810,2010-01,66.3324,30.7712,2.3114,0.5603,0.0247
521810,2011-01,66.5561,30.558,2.2997,0.5597,0.0265
521810,2012-01,67.0378,30.1342,2.283,0.5185,0.0265
521810,2013-01,67.1655,30.0105,2.2756,0.5237,0.0247
521810,2014-01,67.2604,29.9492,2.2487,0.5191,0.0225
521810,2015-01,67.5049,29.7031,2.2375,0.5325,0.0219
521810,2016-01,67.9453,29.2659,2.223,0.5443,0.0216
521810,2017-01,68.2282,28.9821,2.2151,0.5532,0.0215
521810,2018-01,68.3815,28.8337,2.2035,0.5595,0.0218
521810,2019-01,68.4874,28.7429,2.1987,0.5473,0.0236
521810,2020-01,68.5891,28.6645,2.1947,0.5276,0.0241
521810,2021-01,68.883,28.389,2.189,0.5159,0.0232
521810,2022-01,68.8836,28.4012,2.1842,0.5077,0.0233
521810,2023-01,69.0482,28.2447,2.172,0.5117,0.0235
521810,2024-01,69.6005,27.6911,2.1632,0.5203,0.0248
521830,1985-01,43.0977,50.5471,5.675,0.5796,0.1005
521830,1986-01,45.0361,48.8975,5.4015,0.5554,0.1096
521830,1987-01,45.7,48.3236,5.3156,0.5494,0.1114
521830,1988-01,46.1807,47.9506,5.1718,0.5822,0.1147
521830,1989-01,46.7241,47.4399,5.1133,0.6111,0.1116
521830,1990-01,47.1014,47.1303,5.0139,0.6392,0.1153
521830,1991-01,47.4704,46.8305,4.9146,0.6714,0.1132
521830,1992-01,48.4029,45.9842,4.8018,0.6905,0.1206
521830,1993-01,49.2612,45.131,4.7846,0.704,0.1191
521830,1994-01,50.4387,43.9966,4.7479,0.7024,0.1143
521830,1995-01,51.6175,42.8038,4.7195,0.75,0.1093
521830,1996-01,52.2915,42.1628,4.6686,0.7872,0.0899
521830,1997-01,52.6067,41.871,4.6388,0.7943,0.0892
521830,1998-01,52.6259,41.8983,4.6064,0.7828,0.0866
521830,1999-01,52.8477,41.6989,4.5909,0.7725,0.09
521830,2000-01,52.7923,41.781,4.5798,0.7682,0.0787
521830,2001-01,52.787,41.7787,4.5661,0.7902,0.078
521830,2002-01,53.0127,41.5209,4.5516,0.8259,0.089
521830,2003-01,53.0829,41.4441,4.5321,0.8473,0.0935
521830,2004-01,53.6107,40.9555,4.4507,0.8865,0.0966
521830,2005-01,54.5741,39.9605,4.4276,0.9458,0.092
521830,2006-01,54.9574,39.5221,4.4063,0.9652,0.1491
521830,2007-01,55.3901,38.9759,4.3896,1.0142,0.2302
521830,2008-01,55.739,38.6057,4.369,1.0566,0.2298
521830,2009-01,56.2322,37.7442,4.3168,1.4183,0.2884
521830,2010-01,56.6334,37.3366,4.281,1.4575,0.2915
521830,2011-01,57.2043,36.8401,4.2259,1.4367,0.293
521830,2012-01,57.7045,36.4372,4.1993,1.3677,0.2913
521830,2013-01,58.3424,36.0908,4.1511,1.1204,0.2953
521830,2014-01,58.5939,35.968,4.1234,1.0172,0.2973
521830,2015-01,58.6477,35.9369,4.1155,1.0026,0.2973
521830,2016-01,58.6238,36.0272,4.1029,0.9513,0.2949
521830,2017-01,58.755,35.9273,4.0929,0.928,0.2967
521830,2018-01,59.2171,35.499,4.0522,0.9355,0.2963
521830,2019-01,59.5595,35.1629,4.0279,0.9576,0.2921
521830,2020-01,59.7023,35.0285,4.0103,0.9688,0.2901
521830,2021-01,60.5174,34.253,3.9443,0.9998,0.2855
521830,2022-01,60.9548,33.8667,3.888,1.0241,0.2665
521830,2023-01,61.1962,33.5934,3.7748,1.1639,0.2717
521830,2024-01,61.4819,33.2684,3.7619,1.2184,0.2693
521839,1985-01,63.4222,34.9537,0.9831,0.2044,0.4366
521839,1986-01,65.5223,33.1475,0.7098,0.2001,0.4203
521839,1987-01,66.5738,32.084,0.6969,0.1994,0.446
521839,1988-01,66.6903,31.9603,0.6863,0.2082,0.4548
521839,1989-01,66.7807,31.9231,0.6551,0.2118,0.4292
521839,1990-01,67.4091,31.3187,0.6386,0.2006,0.433
521839,1991-01,67.1911,31.5914,0.6108,0.195,0.4117
521839,1992-01,67.4153,31.4042,0.5685,0.2082,0.4038
521839,1993-01,68.3787,30.4369,0.5582,0.2253,0.4009
521839,1994-01,69.2872,29.5509,0.5402,0.2375,0.3841
521839,1995-01,70.257,28.5783,0.5335,0.2589,0.3724
521839,1996-01,70.8177,28.0351,0.5359,0.2665,0.3448
521839,1997-01,71.0888,27.7673,0.5177,0.2651,0.3611
521839,1998-01,71.4251,27.4622,0.5169,0.2634,0.3323
521839,1999-01,71.9928,26.9216,0.5229,0.279,0.2836
521839,2000-01,72.8045,26.1528,0.5383,0.298,0.2064
521839,2001-01,73.1136,25.8492,0.5356,0.3085,0.193
521839,2002-01,73.3834,25.5554,0.5241,0.316,0.2211
521839,2003-01,73.6374,25.3055,0.5241,0.3189,0.2141
521839,2004-01,73.8167,25.1142,0.5183,0.3239,0.2268
521839,2005-01,73.7526,25.1706,0.5121,0.3347,0.23
521839,2006-01,73.9061,25.0099,0.503,0.3472,0.2338
521839,2007-01,73.9372,24.9326,0.502,0.3978,0.2304
521839,2008-01,73.9053,24.942,0.4963,0.417,0.2395
521839,2009-01,73.7939,25.0401,0.4984,0.4441,0.2235
521839,2010-01,73.7759,25.031,0.5011,0.4577,0.2343
521839,2011-01,73.7446,25.0474,0.4917,0.4644,0.2518
521839,2012-01,73.6969,25.0978,0.4869,0.4726,0.2458
521839,2013-01,73.5935,25.1964,0.49,0.4932,0.2269
521839,2014-01,73.5685,25.2065,0.4929,0.5038,0.2283
521839,2015-01,73.4795,25.3037,0.503,0.5117,0.2022
521839,2016-01,73.3425,25.4346,0.4987,0.5283,0.1959
521839,2017-01,73.1996,25.5574,0.5008,0.5515,0.1907
521839,2018-01,73.0895,25.6433,0.4965,0.5712,0.1995
521839,2019-01,72.9052,25.8112,0.4929,0.5839,0.2067
521839,2020-01,72.8263,25.8681,0.4919,0.5878,0.2259
521839,2021-01,72.9405,25.7558,0.5032,0.5981,0.2024
521839,2022-01,73.0698,25.5926,0.4986,0.6026,0.2362
521839,2023-01,73.217,25.4229,0.4759,0.6015,0.2827
521839,2024-01,73.5502,25.126,0.4864,0.5727,0.2648
521850,1985-01,79.9512,14.6523,2.7795,0.1627,2.4543
521850,1986-01,80.6058,14.0371,2.7848,0.1607,2.4116
521850,1987-01,81.2377,13.4101,2.7805,0.1547,2.417
521850,1988-01,81.6731,12.9819,2.7566,0.1521,2.4363
521850,1989-01,82.1453,12.5397,2.7256,0.1611,2.4283
521850,1990-01,82.6324,12.0952,2.6818,0.164,2.4265
521850,1991-01,82.7455,12.0419,2.6244,0.1623,2.4258
521850,1992-01,82.9523,11.8648,2.5833,0.1748,2.4247
521850,1993-01,83.1457,11.6862,2.5622,0.1868,2.4191
521850,1994-01,83.276,11.6046,2.5219,0.1926,2.4049
521850,1995-01,83.3443,11.5826,2.4989,0.1948,2.3794
521850,1996-01,83.6512,11.3379,2.487,0.1983,2.3256
521850,1997-01,83.7899,11.2243,2.4509,0.1997,2.3351
521850,1998-01,83.8144,11.2131,2.4423,0.2024,2.3278
521850,1999-01,83.8744,11.2202,2.4087,0.2166,2.2802
521850,2000-01,83.8777,11.2898,2.4157,0.2347,2.1821
521850,2001-01,83.9466,11.2583,2.4028,0.2444,2.1479
521850,2002-01,83.9072,11.2984,2.3677,0.2494,2.1773
521850,2003-01,83.8158,11.4234,2.3195,0.2582,2.1832
521850,2004-01,83.7845,11.4461,2.2945,0.2685,2.2065
521850,2005-01,83.7865,11.4485,2.2923,0.2724,2.2003
521850,2006-01,83.7392,11.4519,2.2745,0.3087,2.2257
521850,2007-01,83.6995,11.4473,2.258,0.3315,2.2637
521850,2008-01,83.6763,11.4863,2.251,0.34,2.2464
521850,2009-01,83.6895,11.4907,2.2529,0.3628,2.2042
521850,2010-01,83.6252,11.5224,2.2434,0.3932,2.2158
521850,2011-01,83.5617,11.5653,2.232,0.4068,2.2342
521850,2012-01,83.5997,11.5812,2.227,0.4194,2.1727
521850,2013-01,83.6295,11.6085,2.2305,0.4478,2.0838
521850,2014-01,83.6165,11.657,2.228,0.4851,2.0135
521850,2015-01,83.6117,11.6618,2.2255,0.4861,2.015
521850,2016-01,83.4679,11.7033,2.217,0.4773,2.1346
521850,2017-01,83.5054,11.7256,2.2116,0.4839,2.0736
521850,2018-01,83.454,11.7694,2.2057,0.4913,2.0797
521850,2019-01,83.4035,11.7878,2.2009,0.4977,2.1101
521850,2020-01,83.3579,11.8192,2.2024,0.5082,2.1123
521850,2021-01,83.4099,11.8612,2.1964,0.5327,1.9998
521850,2022-01,83.4655,11.8173,2.173,0.5472,1.9969
521850,2023-01,83.3196,11.8551,2.1512,0.5705,2.1035
521850,2024-01,83.4632,11.8242,2.1336,0.5912,1.9879
521860,1985-01,76.9574,20.5296,0.1823,0.624,1.7067
521860,1986-01,78.5992,18.9074,0.1807,0.6391,1.6736
521860,1987-01,78.9227,18.5826,0.1736,0.6394,1.6816
521860,1988-01,78.7799,18.683,0.165,0.6549,1.7173
521860,1989-01,78.8528,18.5853,0.1624,0.6581,1.7415
521860,1990-01,78.9704,18.5368,0.145,0.623,1.7247
521860,1991-01,78.6637,18.8535,0.1453,0.6063,1.7312
521860,1992-01,79.1409,18.3397,0.1405,0.6514,1.7276
521860,1993-01,79.5431,17.8837,0.1402,0.697,1.736
521860,1994-01,79.6504,17.7539,0.137,0.7205,1.7382
521860,1995-01,79.7285,17.6536,0.1318,0.7675,1.7186
521860,1996-01,80.0401,17.3471,0.1338,0.7848,1.6942
521860,1997-01,80.1617,17.2105,0.1331,0.7951,1.6996
521860,1998-01,80.2729,17.0873,0.1322,0.8041,1.7035
521860,1999-01,80.3839,16.9439,0.1306,0.8061,1.7356
521860,2000-01,80.4148,17.0474,0.1309,0.8006,1.6063
521860,2001-01,80.4402,17.0432,0.1277,0.8064,1.5825
521860,2002-01,80.6541,16.7795,0.1254,0.8382,1.6028
521860,2003-01,80.8389,16.6027,0.1251,0.8385,1.5947
521860,2004-01,80.8473,16.6027,0.11,0.8505,1.5896
521860,2005-01,80.8228,16.6217,0.1097,0.8643,1.5816
521860,2006-01,80.7839,16.6459,0.1074,0.8759,1.587
521860,2007-01,80.6887,16.7372,0.1074,0.8817,1.5851
521860,2008-01,80.6797,16.7529,0.1068,0.9135,1.5471
521860,2009-01,80.6893,16.7333,0.1068,0.9437,1.5269
521860,2010-01,80.6256,16.7517,0.1074,0.9936,1.5217
521860,2011-01,80.4063,16.9527,0.1071,1.0196,1.5143
521860,2012-01,80.3776,16.964,0.1077,1.0499,1.5008
521860,2013-01,80.3563,17.028,0.1074,1.0598,1.4484
521860,2014-01,80.3464,17.0422,0.1074,1.0598,1.4442
521860,2015-01,80.3197,17.0651,0.1058,1.0515,1.458
521860,2016-01,80.2068,17.1194,0.1032,1.1145,1.4561
521860,2017-01,80.0215,17.2507,0.1026,1.1686,1.4567
521860,2018-01,79.9064,17.2642,0.1064,1.2487,1.4744
521860,2019-01,79.686,17.4356,0.1071,1.3072,1.4641
521860,2020-01,79.5695,17.5093,0.1071,1.34,1.4741
521860,2021-01,79.574,17.4874,0.1061,1.3735,1.459
521860,2022-01,79.7741,17.2685,0.1042,1.3915,1.4618
521860,2023-01,79.9625,17.0247,0.1045,1.4349,1.4734
521860,2024-01,80.2604,16.7236,0.1061,1.4622,1.4477
521870,1985-01,66.3426,31.465,0.5924,0.7546,0.8454
521870,1986-01,67.7908,29.9839,0.5803,0.8204,0.8246
521870,1987-01,68.4237,29.3444,0.577,0.8225,0.8323
521870,1988-01,68.3723,29.3548,0.5743,0.8384,0.8602
521870,1989-01,68.8912,28.7827,0.5332,0.9075,0.8854
521870,1990-01,69.3351,28.4648,0.5009,0.8368,0.8624
521870,1991-01,69.4918,28.3152,0.4965,0.8204,0.8761
521870,1992-01,70.0535,27.8565,0.4499,0.7689,0.8712
521870,1993-01,71.0278,26.9436,0.4368,0.7305,0.8613
521870,1994-01,71.5402,26.4482,0.4269,0.7174,0.8674
521870,1995-01,71.8065,26.1792,0.3891,0.7311,0.8942
521870,1996-01,72.3314,25.6888,0.3644,0.7108,0.9046
521870,1997-01,72.2152,25.8061,0.3595,0.7146,0.9046
521870,1998-01,72.1571,25.8997,0.3524,0.7042,0.8866
521870,1999-01,71.8437,26.1994,0.3485,0.6976,0.9107
521870,2000-01,71.2076,26.9019,0.3452,0.6883,0.857
521870,2001-01,70.9314,27.1802,0.3387,0.6916,0.8581
521870,2002-01,71.0059,27.0723,0.3332,0.7037,0.8849
521870,2003-01,71.2196,26.8049,0.3272,0.7426,0.9057
521870,2004-01,71.3682,26.652,0.3239,0.7431,0.9129
521870,2005-01,71.3095,26.704,0.325,0.7508,0.9107
521870,2006-01,71.2537,26.721,0.3184,0.7837,0.9233
521870,2007-01,70.6876,27.3067,0.314,0.7842,0.9074
521870,2008-01,70.172,27.7994,0.3146,0.8138,0.9003
521870,2009-01,69.9106,28.0547,0.3157,0.8308,0.8882
521870,2010-01,69.9802,27.9681,0.3167,0.8352,0.8997
521870,2011-01,69.7928,28.1473,0.3118,0.8489,0.8992
521870,2012-01,69.9945,27.9763,0.3124,0.8489,0.8679
521870,2013-01,70.0219,27.9413,0.3063,0.901,0.8296
521870,2014-01,69.9501,28.0339,0.3036,0.9037,0.8088
521870,2015-01,69.9868,28.012,0.3025,0.9152,0.7836
521870,2016-01,70.1533,27.847,0.3036,0.9097,0.7863
521870,2017-01,70.1139,27.9073,0.3036,0.9157,0.7594
521870,2018-01,70.1785,27.8498,0.2976,0.9185,0.7556
521870,2019-01,70.4739,27.5676,0.297,0.9256,0.7359
521870,2020-01,70.3275,27.6904,0.2965,0.9295,0.7562
521870,2021-01,70.3456,27.6899,0.2921,0.9295,0.743
521870,2022-01,70.7308,27.2493,0.2773,0.9251,0.8175
521870,2023-01,71.0037,26.9507,0.2767,0.9475,0.8214
521870,2024-01,71.6563,26.2915,0.2751,0.9481,0.829
521878,1985-01,35.9487,63.4543,0.0425,0.1703,0.3842
521878,1986-01,38.1572,61.218,0.0421,0.1724,0.4103
521878,1987-01,38.9529,60.4285,0.0557,0.1752,0.3877
521878,1988-01,40.0603,59.2904,0.0568,0.2111,0.3814
521878,1989-01,41.3705,57.9833,0.0481,0.2111,0.387
521878,1990-01,42.6858,56.6583,0.0484,0.2205,0.387
521878,1991-01,44.2181,55.087,0.0425,0.2344,0.418
521878,1992-01,44.5789,54.7324,0.0498,0.2428,0.396
521878,1993-01,45.3215,53.9568,0.054,0.2954,0.3723
521878,1994-01,46.0148,53.2408,0.0509,0.3341,0.3594
521878,1995-01,46.4789,52.7621,0.0495,0.3529,0.3567
521878,1996-01,46.1031,53.1783,0.0592,0.3456,0.3138
521878,1997-01,47.6883,51.5701,0.0613,0.3654,0.3149
521878,1998-01,49.0001,50.2023,0.0585,0.3922,0.3469
521878,1999-01,50.2749,48.84,0.0536,0.4591,0.3723
521878,2000-01,51.267,47.8855,0.1257,0.5288,0.193
521878,2001-01,52.2109,46.8893,0.1372,0.596,0.1665
521878,2002-01,53.1194,45.9398,0.1473,0.6416,0.1519
521878,2003-01,53.9345,45.0884,0.1466,0.6699,0.1606
521878,2004-01,54.4681,44.511,0.1292,0.6984,0.1933
521878,2005-01,54.6537,44.294,0.1264,0.7273,0.1985
521878,2006-01,54.6512,44.2707,0.1278,0.7472,0.2031
521878,2007-01,54.6588,44.2662,0.1233,0.7399,0.2118
521878,2008-01,54.8907,44.0242,0.1226,0.7517,0.2107
521878,2009-01,55.4733,43.4413,0.1257,0.7563,0.2034
521878,2010-01,56.5566,42.3291,0.1264,0.7859,0.202
521878,2011-01,57.0822,41.7889,0.133,0.8102,0.1856
521878,2012-01,57.3733,41.4873,0.1397,0.828,0.1717
521878,2013-01,57.6623,41.1972,0.1463,0.8468,0.1473
521878,2014-01,57.8615,41.0068,0.1383,0.8531,0.1404
521878,2015-01,58.0112,40.8543,0.1365,0.8611,0.1369
521878,2016-01,57.859,40.9974,0.1351,0.874,0.1344
521878,2017-01,58.1118,40.7192,0.1348,0.9029,0.1313
521878,2018-01,58.2834,40.5253,0.1348,0.9144,0.1421
521878,2019-01,58.6412,40.1623,0.1355,0.9297,0.1313
521878,2020-01,59.0626,39.7133,0.1372,0.9451,0.1418
521878,2021-01,58.9801,39.7858,0.1341,0.9423,0.1578
521878,2022-01,59.0967,39.6333,0.1243,0.9398,0.2058
521878,2023-01,59.306,39.4233,0.1247,0.943,0.2031
521878,2024-01,59.523,39.2136,0.1275,0.9398,0.1961
521880,1985-01,71.5153,19.5676,8.2644,0.4269,0.2257
521880,1986-01,72.3945,18.817,8.1033,0.4481,0.2372
521880,1987-01,72.8764,18.385,8.0382,0.4503,0.2502
521880,1988-01,73.9493,17.8544,7.5319,0.4158,0.2486
521880,1989-01,74.837,17.2454,7.2795,0.3885,0.2496
521880,1990-01,75.884,16.5938,6.906,0.3695,0.2467
521880,1991-01,76.7018,16.1688,6.5076,0.3683,0.2535
521880,1992-01,77.2737,15.7561,6.3367,0.3776,0.256
521880,1993-01,77.7434,15.4895,6.1289,0.3864,0.2518
521880,1994-01,78.2649,15.1616,5.9401,0.3847,0.2487
521880,1995-01,78.6308,14.9437,5.8271,0.3835,0.2149
521880,1996-01,78.8099,14.8483,5.7325,0.3896,0.2197
521880,1997-01,79.1107,14.6525,5.618,0.3895,0.2292
521880,1998-01,79.3841,14.43,5.5391,0.4104,0.2364
521880,1999-01,79.362,14.5191,5.4394,0.4461,0.2334
521880,2000-01,79.4237,14.513,5.4406,0.4907,0.132
521880,2001-01,79.4822,14.5547,5.333,0.5119,0.1182
521880,2002-01,79.5103,14.6025,5.2372,0.5303,0.1197
521880,2003-01,79.4517,14.7206,5.1472,0.5494,0.131
521880,2004-01,79.5622,14.6947,5.0469,0.5675,0.1287
521880,2005-01,79.565,14.7358,4.983,0.5861,0.1301
521880,2006-01,79.5899,14.8008,4.8824,0.5926,0.1342
521880,2007-01,79.5936,14.846,4.83,0.5976,0.1329
521880,2008-01,79.5697,14.9002,4.7764,0.5998,0.1539
521880,2009-01,79.5476,14.9359,4.7431,0.6224,0.151
521880,2010-01,79.5145,15.0097,4.7006,0.6242,0.1509
521880,2011-01,79.4262,15.1285,4.6677,0.63,0.1477
521880,2012-01,79.3905,15.1758,4.637,0.6519,0.1448
521880,2013-01,79.3603,15.2089,4.6183,0.6764,0.136
521880,2014-01,79.3752,15.2057,4.5954,0.6873,0.1365
521880,2015-01,79.357,15.2223,4.5743,0.7111,0.1352
521880,2016-01,79.3389,15.2377,4.5591,0.7292,0.1352
521880,2017-01,79.3176,15.2548,4.5351,0.756,0.1365
521880,2018-01,79.2817,15.2825,4.5196,0.7771,0.139
521880,2019-01,79.2841,15.283,4.5006,0.7953,0.1369
521880,2020-01,79.2667,15.3121,4.4876,0.7984,0.1351
521880,2021-01,79.3094,15.2751,4.4678,0.8152,0.1326
521880,2022-01,79.3111,15.2565,4.4442,0.8407,0.1475
521880,2023-01,79.3788,15.1712,4.4244,0.8698,0.1558
521880,2024-01,79.4944,15.0662,4.4089,0.8649,0.1656
521890,1985-01,77.8132,21.6805,0.0942,0.3793,0.0328
521890,1986-01,78.1969,21.3002,0.0768,0.3906,0.0354
521890,1987-01,78.1756,21.3218,0.0717,0.3928,0.0381
521890,1988-01,77.6986,21.7777,0.0673,0.4173,0.0391
521890,1989-01,77.3177,22.1645,0.0596,0.4189,0.0393
521890,1990-01,77.7922,21.7051,0.0457,0.4162,0.0408
521890,1991-01,77.6581,21.8369,0.0423,0.4217,0.041
521890,1992-01,78.0974,21.3651,0.0411,0.4527,0.0437
521890,1993-01,78.5694,20.8811,0.0411,0.4622,0.0462
521890,1994-01,78.6746,20.7555,0.0398,0.4801,0.05
521890,1995-01,78.7152,20.71,0.0396,0.4843,0.051
521890,1996-01,78.6819,20.7366,0.0397,0.4919,0.0499
521890,1997-01,78.8328,20.5778,0.0397,0.4946,0.0551
521890,1998-01,78.9879,20.4189,0.0384,0.4962,0.0586
521890,1999-01,78.8469,20.5517,0.0376,0.4974,0.0664
521890,2000-01,78.7693,20.6523,0.0373,0.4994,0.0416
521890,2001-01,78.87,20.5523,0.0373,0.4996,0.0408
521890,2002-01,78.7218,20.6935,0.0374,0.5023,0.045
521890,2003-01,78.4972,20.9105,0.0372,0.5075,0.0476
521890,2004-01,78.3114,21.0742,0.0375,0.5318,0.0451
521890,2005-01,78.2766,21.0888,0.0377,0.5486,0.0483
521890,2006-01,78.0459,21.2911,0.0375,0.5742,0.0513
521890,2007-01,77.9189,21.3848,0.036,0.5992,0.0611
521890,2008-01,77.9262,21.3267,0.0359,0.6336,0.0775
521890,2009-01,78.0405,21.1882,0.0355,0.645,0.0908
521890,2010-01,78.0976,21.1295,0.0361,0.6469,0.0899
521890,2011-01,78.1103,21.1164,0.038,0.6488,0.0866
521890,2012-01,78.3603,20.8553,0.038,0.6578,0.0887
521890,2013-01,78.5231,20.6821,0.0383,0.6711,0.0854
521890,2014-01,78.7146,20.4766,0.0381,0.6849,0.0858
521890,2015-01,78.8883,20.2873,0.0375,0.7025,0.0844
521890,2016-01,78.9718,20.1621,0.0376,0.74,0.0885
521890,2017-01,79.2152,19.8989,0.0383,0.7576,0.09
521890,2018-01,79.2104,19.8848,0.0388,0.7697,0.0963
521890,2019-01,79.0999,19.9651,0.0389,0.801,0.0951
521890,2020-01,79.1038,19.9469,0.0389,0.8125,0.0979
521890,2021-01,79.1214,19.9147,0.0389,0.8203,0.1047
521890,2022-01,79.2479,19.7724,0.0386,0.8295,0.1116
521890,2023-01,79.5076,19.5067,0.0384,0.8361,0.1111
521890,2024-01,79.875,19.1319,0.0383,0.8424,0.1124
521900,1985-01,84.4099,15.254,0.0103,0.2144,0.1115
521900,1986-01,85.2161,14.4547,0.0106,0.2323,0.0863
521900,1987-01,85.5491,14.1114,0.0108,0.2387,0.09
521900,1988-01,85.9033,13.7774,0.0089,0.237,0.0733
521900,1989-01,85.839,13.8514,0.0088,0.2357,0.0652
521900,1990-01,86.2566,13.4432,0.0084,0.2383,0.0534
521900,1991-01,86.615,13.0853,0.0084,0.2429,0.0484
521900,1992-01,86.6339,13.0443,0.0084,0.2517,0.0617
521900,1993-01,86.6356,13.0237,0.0084,0.2663,0.0659
521900,1994-01,86.7351,12.9223,0.0081,0.2756,0.0588
521900,1995-01,86.845,12.805,0.0061,0.2869,0.057
521900,1996-01,86.8366,12.7913,0.0061,0.2922,0.0738
521900,1997-01,86.9873,12.6336,0.0054,0.295,0.0787
521900,1998-01,87.1829,12.4308,0.0049,0.3033,0.0781
521900,1999-01,87.1436,12.455,0.0039,0.32,0.0776
521900,2000-01,87.1323,12.5012,0.0052,0.3235,0.0378
521900,2001-01,87.0811,12.5522,0.0052,0.3288,0.0327
521900,2002-01,87.1861,12.4435,0.0052,0.3347,0.0305
521900,2003-01,87.14,12.4847,0.0052,0.3411,0.029
521900,2004-01,87.167,12.4538,0.0052,0.3453,0.0287
521900,2005-01,87.1953,12.4161,0.0047,0.3527,0.0312
521900,2006-01,87.1661,12.4303,0.0047,0.3674,0.0315
521900,2007-01,87.119,12.4622,0.0047,0.3829,0.0312
521900,2008-01,86.9505,12.6225,0.0044,0.394,0.0285
521900,2009-01,86.9321,12.6285,0.0035,0.4082,0.0277
521900,2010-01,86.909,12.6453,0.0035,0.4139,0.0282
521900,2011-01,86.8239,12.7359,0.0035,0.4124,0.0243
521900,2012-01,86.7999,12.7602,0.0035,0.4097,0.0266
521900,2013-01,86.708,12.8534,0.0035,0.4094,0.0256
521900,2014-01,86.5954,12.9619,0.0035,0.4104,0.0288
521900,2015-01,86.5121,13.0307,0.0035,0.4232,0.0305
521900,2016-01,86.4018,13.1177,0.0035,0.4426,0.0344
521900,2017-01,86.3088,13.1946,0.0037,0.4578,0.0351
521900,2018-01,86.2603,13.2202,0.0035,0.4789,0.0371
521900,2019-01,86.1815,13.2737,0.0034,0.4975,0.044
521900,2020-01,86.1295,13.2997,0.0034,0.5148,0.0526
521900,2021-01,86.1612,13.2626,0.0034,0.5206,0.0523
521900,2022-01,86.2119,13.1869,0.0034,0.5356,0.0622
521900,2023-01,86.3458,13.0267,0.0034,0.545,0.0791
521900,2024-01,86.7277,12.6477,0.0035,0.5487,0.0723
521910,1985-01,73.163,24.667,1.1172,0.4248,0.628
521910,1986-01,74.9179,22.937,1.1629,0.4327,0.5495
521910,1987-01,76.1306,21.6817,1.155,0.4795,0.5532
521910,1988-01,76.7884,21.0124,1.0369,0.5246,0.6378
521910,1989-01,77.8599,19.9658,1.0089,0.53,0.6353
521910,1990-01,78.4088,19.3987,0.9822,0.5635,0.6469
521910,1991-01,79.0592,18.7707,0.9688,0.5763,0.625
521910,1992-01,79.3599,18.5018,0.9408,0.5672,0.6305
521910,1993-01,79.6489,18.2218,0.9554,0.5751,0.5988
521910,1994-01,79.7669,18.0387,0.9414,0.7053,0.5477
521910,1995-01,80.076,17.6706,0.9645,0.7729,0.516
521910,1996-01,80.3139,17.3298,0.9238,0.925,0.5075
521910,1997-01,80.4083,17.1917,0.8684,0.9676,0.5641
521910,1998-01,80.3523,17.247,0.9104,0.9743,0.516
521910,1999-01,80.3274,17.171,0.9639,1.0248,0.513
521910,2000-01,80.3754,17.0918,0.9925,1.0607,0.4795
521910,2001-01,80.4223,17.0304,0.97,1.1015,0.4759
521910,2002-01,80.4941,16.8278,0.9396,1.2219,0.5166
521910,2003-01,80.4874,16.7693,0.8921,1.2505,0.6006
521910,2004-01,80.5373,16.7006,0.8708,1.2621,0.6292
521910,2005-01,80.1339,17.0681,0.8605,1.27,0.6676
521910,2006-01,80.0675,17.0736,0.8544,1.3108,0.6937
521910,2007-01,79.9823,17.118,0.8495,1.3248,0.7254
521910,2008-01,79.8959,17.1873,0.8507,1.3278,0.7381
521910,2009-01,79.8649,17.1983,0.8167,1.3315,0.7887
521910,2010-01,79.8351,17.2166,0.8246,1.3449,0.7789
521910,2011-01,79.773,17.2738,0.8398,1.3546,0.7588
521910,2012-01,79.7572,17.2981,0.8373,1.3607,0.7467
521910,2013-01,79.7316,17.3115,0.8428,1.3893,0.7248
521910,2014-01,79.6659,17.3091,0.8197,1.4483,0.757
521910,2015-01,79.6598,17.2367,0.8014,1.514,0.7881
521910,2016-01,79.6038,17.264,0.8014,1.5548,0.7759
521910,2017-01,79.5253,17.3243,0.7978,1.5725,0.7801
521910,2018-01,79.4359,17.3705,0.7881,1.6029,0.8027
521910,2019-01,79.3604,17.4204,0.7923,1.6236,0.8033
521910,2020-01,79.285,17.4606,0.7935,1.6242,0.8367
521910,2021-01,79.2156,17.4429,0.7929,1.7015,0.8471
521910,2022-01,79.159,17.4521,0.7674,1.7441,0.8775
521910,2023-01,78.9588,17.4861,0.7698,1.8585,0.9268
521910,2024-01,78.9685,17.4338,0.7686,1.9327,0.8964
521920,1985-01,41.024,56.0789,2.0876,0.4715,0.338
521920,1986-01,41.7154,55.6152,1.8956,0.4341,0.3397
521920,1987-01,42.63,55.1169,1.5914,0.3215,0.3401
521920,1988-01,43.6304,54.4597,1.3354,0.2393,0.3352
521920,1989-01,44.7843,53.4791,1.1903,0.2185,0.3278
521920,1990-01,46.2735,52.0917,1.1066,0.1961,0.332
521920,1991-01,47.6778,50.7949,0.9965,0.1852,0.3456
521920,1992-01,48.66,49.8731,0.9663,0.1611,0.3395
521920,1993-01,49.8428,48.7452,0.9211,0.1587,0.3322
521920,1994-01,51.0316,47.6077,0.8687,0.151,0.341
521920,1995-01,51.9133,46.7541,0.8183,0.1672,0.3471
521920,1996-01,52.5799,46.1645,0.7965,0.1444,0.3147
521920,1997-01,53.9044,44.9128,0.7534,0.1123,0.317
521920,1998-01,55.0127,43.8668,0.7162,0.0774,0.3269
521920,1999-01,55.9609,42.9203,0.7049,0.0672,0.3467
521920,2000-01,56.7598,42.1972,0.7125,0.0712,0.2594
521920,2001-01,57.8355,41.1573,0.6851,0.0745,0.2477
521920,2002-01,59.0193,39.9905,0.6525,0.0836,0.2541
521920,2003-01,60.4224,38.5846,0.6077,0.1144,0.2709
521920,2004-01,61.2969,37.75,0.5614,0.1114,0.2803
521920,2005-01,61.8876,37.2144,0.5394,0.08,0.2786
521920,2006-01,62.0996,37.0066,0.5225,0.0898,0.2815
521920,2007-01,62.068,37.0466,0.4948,0.1084,0.2823
521920,2008-01,62.2424,36.9013,0.4791,0.0994,0.2779
521920,2009-01,62.3741,36.7665,0.4699,0.1191,0.2704
521920,2010-01,62.674,36.4822,0.4673,0.1197,0.2569
521920,2011-01,63.0093,36.1548,0.4654,0.1113,0.2592
521920,2012-01,63.1461,36.0313,0.4532,0.1125,0.2568
521920,2013-01,63.2191,36.0034,0.4482,0.0931,0.2362
521920,2014-01,63.3253,35.9169,0.4412,0.0886,0.228
521920,2015-01,63.382,35.8801,0.4389,0.0844,0.2146
521920,2016-01,63.4276,35.842,0.4365,0.086,0.208
521920,2017-01,63.4242,35.8565,0.4363,0.0899,0.1931
521920,2018-01,63.327,35.9484,0.4334,0.095,0.1962
521920,2019-01,63.5014,35.7742,0.4301,0.0949,0.1994
521920,2020-01,63.6003,35.6665,0.4307,0.0969,0.2056
521920,2021-01,63.5766,35.6863,0.4275,0.0956,0.2139
521920,2022-01,63.7756,35.4649,0.4209,0.0964,0.2422
521920,2023-01,64.1942,35.0418,0.4161,0.0978,0.2501
521920,2024-01,64.4353,34.8,0.412,0.0965,0.2561
521925,1985-01,58.626,39.493,0.9875,0.1629,0.7307
521925,1986-01,60.9601,37.1988,1.0077,0.1641,0.6693
521925,1987-01,63.4351,34.7614,0.999,0.1367,0.6678
521925,1988-01,65.4653,32.7855,0.9685,0.1004,0.6804
521925,1989-01,67.5168,30.7285,0.9092,0.111,0.7345
521925,1990-01,69.9115,28.3182,0.8937,0.1115,0.765
521925,1991-01,71.7916,26.4395,0.8773,0.1178,0.7738
521925,1992-01,73.3358,24.8429,0.8647,0.1553,0.8013
521925,1993-01,74.3271,23.8609,0.8542,0.1435,0.8142
521925,1994-01,74.7367,23.4496,0.8587,0.1413,0.8137
521925,1995-01,74.7819,23.3893,0.8515,0.161,0.8163
521925,1996-01,74.5254,23.6254,0.8221,0.1685,0.8586
521925,1997-01,74.4776,23.6643,0.8118,0.162,0.8844
521925,1998-01,74.5133,23.6354,0.8148,0.1562,0.8802
521925,1999-01,74.3979,23.7432,0.8002,0.14,0.9187
521925,2000-01,74.6162,23.638,0.8539,0.1357,0.7563
521925,2001-01,74.8187,23.4359,0.8442,0.1401,0.7612
521925,2002-01,74.8181,23.3944,0.8289,0.1476,0.8111
521925,2003-01,75.067,23.1394,0.8386,0.1556,0.7993
521925,2004-01,75.0553,23.1791,0.8471,0.1483,0.7702
521925,2005-01,75.2367,22.989,0.857,0.1756,0.7418
521925,2006-01,75.318,22.8981,0.8543,0.1899,0.7396
521925,2007-01,75.4589,22.7831,0.8568,0.1702,0.731
521925,2008-01,75.3781,22.8973,0.8552,0.1561,0.7133
521925,2009-01,75.234,23.0494,0.8486,0.1535,0.7146
521925,2010-01,75.1387,23.1291,0.8409,0.1587,0.7327
521925,2011-01,74.8653,23.3961,0.8148,0.1642,0.7595
521925,2012-01,74.8178,23.4223,0.8302,0.197,0.7327
521925,2013-01,74.6268,23.6224,0.8338,0.2038,0.7133
521925,2014-01,74.6772,23.5718,0.8369,0.2041,0.7101
521925,2015-01,74.6309,23.6002,0.84,0.2076,0.7213
521925,2016-01,74.5378,23.6823,0.8503,0.2044,0.7253
521925,2017-01,74.4671,23.7619,0.8483,0.1929,0.7298
521925,2018-01,74.3147,23.8905,0.8324,0.1942,0.7681
521925,2019-01,74.3881,23.8224,0.8339,0.195,0.7607
521925,2020-01,74.6775,23.5308,0.8301,0.1918,0.7697
521925,2021-01,74.786,23.4443,0.8329,0.1901,0.7466
521925,2022-01,74.8376,23.375,0.817,0.196,0.7745
521925,2023-01,74.9763,23.2232,0.8229,0.2202,0.7575
521925,2024-01,75.1991,23.0229,0.8254,0.2183,0.7344
521930,1985-01,85.7113,8.5268,4.0849,0.5547,1.1223
521930,1986-01,86.5499,7.6575,4.0853,0.5747,1.1326
521930,1987-01,86.8752,7.2966,4.0727,0.5918,1.1636
521930,1988-01,87.2134,7.0345,4.0143,0.5912,1.1467
521930,1989-01,87.4002,6.9428,3.9522,0.5883,1.1164
521930,1990-01,87.3668,7.1304,3.8308,0.5842,1.0879
521930,1991-01,87.37,7.2094,3.7447,0.5853,1.0906
521930,1992-01,87.397,7.217,3.687,0.5901,1.1088
521930,1993-01,87.4959,7.1279,3.6645,0.6021,1.1097
521930,1994-01,87.516,7.1226,3.6381,0.6255,1.0978
521930,1995-01,87.6064,7.0864,3.594,0.6386,1.0746
521930,1996-01,87.6612,7.036,3.5583,0.6529,1.0916
521930,1997-01,87.6977,7.0878,3.4784,0.6558,1.0804
521930,1998-01,87.8379,7.0004,3.4282,0.6652,1.0683
521930,1999-01,87.8673,7.0346,3.3706,0.6802,1.0474
521930,2000-01,87.9468,7.0771,3.5025,0.7008,0.7729
521930,2001-01,87.9427,7.1105,3.4849,0.7158,0.7462
521930,2002-01,87.928,7.1118,3.4592,0.7359,0.7651
521930,2003-01,87.8518,7.169,3.4283,0.7724,0.7785
521930,2004-01,87.8259,7.21,3.4097,0.7839,0.7705
521930,2005-01,87.8167,7.2351,3.3837,0.7946,0.7699
521930,2006-01,87.7915,7.2593,3.3602,0.8138,0.7752
521930,2007-01,87.7544,7.2772,3.3291,0.844,0.7953
521930,2008-01,87.7467,7.2964,3.3155,0.86,0.7815
521930,2009-01,87.7305,7.2943,3.3209,0.9013,0.753
521930,2010-01,87.6966,7.317,3.3088,0.9317,0.7459
521930,2011-01,87.6644,7.3545,3.2888,0.9401,0.7523
521930,2012-01,87.6407,7.3859,3.267,0.9624,0.7441
521930,2013-01,87.628,7.3955,3.2662,0.995,0.7153
521930,2014-01,87.5884,7.4058,3.2536,1.0331,0.7191
521930,2015-01,87.5529,7.3986,3.2406,1.0723,0.7355
521930,2016-01,87.5418,7.3676,3.2307,1.1046,0.7553
521930,2017-01,87.5414,7.3531,3.2041,1.1062,0.7953
521930,2018-01,87.4228,7.2779,3.1164,1.1746,1.0083
521930,2019-01,87.4493,7.2131,3.1063,1.2074,1.0238
521930,2020-01,87.4329,7.2258,3.0916,1.2259,1.0238
521930,2021-01,87.4167,7.2271,3.0827,1.2457,1.0279
521930,2022-01,87.3976,7.2539,3.0712,1.2496,1.0277
521930,2023-01,87.3849,7.2525,3.0557,1.2609,1.046
521930,2024-01,87.4364,7.2291,3.049,1.2591,1.0264
521935,1985-01,71.8399,26.8144,0.3065,0.1951,0.8441
521935,1986-01,74.8972,23.8844,0.1859,0.2027,0.8297
521935,1987-01,76.0059,22.8032,0.1629,0.2009,0.8271
521935,1988-01,76.4856,22.3713,0.1539,0.1547,0.8346
521935,1989-01,76.879,21.9906,0.1391,0.1288,0.8625
521935,1990-01,77.5813,21.3141,0.128,0.1146,0.8621
521935,1991-01,77.6166,21.2744,0.1235,0.1272,0.8583
521935,1992-01,78.1401,20.7697,0.113,0.1293,0.8478
521935,1993-01,78.9484,19.9531,0.1123,0.1305,0.8557
521935,1994-01,79.2637,19.6311,0.1033,0.14,0.862
521935,1995-01,79.47,19.4443,0.0885,0.1636,0.8336
521935,1996-01,79.7054,19.2158,0.0858,0.163,0.83
521935,1997-01,79.9172,18.9844,0.0819,0.1542,0.8624
521935,1998-01,80.0791,18.8157,0.0803,0.149,0.8759
521935,1999-01,79.9241,18.9321,0.0786,0.1367,0.9286
521935,2000-01,79.9294,19.0509,0.077,0.1385,0.8043
521935,2001-01,79.9905,19.0082,0.0767,0.1404,0.7843
521935,2002-01,80.1683,18.8038,0.0756,0.1495,0.8028
521935,2003-01,80.5916,18.3897,0.0726,0.1524,0.7936
521935,2004-01,80.7304,18.2648,0.069,0.146,0.7898
521935,2005-01,80.7214,18.2914,0.0682,0.1427,0.7762
521935,2006-01,80.6345,18.3746,0.0658,0.1424,0.7826
521935,2007-01,80.4294,18.5615,0.0664,0.1463,0.7964
521935,2008-01,80.2845,18.7358,0.0657,0.1445,0.7694
521935,2009-01,80.1694,18.8644,0.0661,0.1446,0.7555
521935,2010-01,80.1643,18.8792,0.0656,0.1511,0.7398
521935,2011-01,79.9977,19.0477,0.063,0.1571,0.7346
521935,2012-01,79.9685,19.084,0.064,0.1639,0.7196
521935,2013-01,79.9966,19.0888,0.0631,0.1673,0.6842
521935,2014-01,79.9455,19.1441,0.0619,0.1671,0.6814
521935,2015-01,79.8082,19.2967,0.0609,0.1675,0.6668
521935,2016-01,79.6496,19.4451,0.0612,0.1727,0.6715
521935,2017-01,79.5396,19.5625,0.0599,0.1767,0.6613
521935,2018-01,79.3355,19.7096,0.0582,0.1783,0.7184
521935,2019-01,79.1973,19.8504,0.0579,0.1851,0.7092
521935,2020-01,78.8999,20.115,0.0577,0.1961,0.7313
521935,2021-01,78.9112,20.1066,0.0563,0.1964,0.7295
521935,2022-01,79.0166,19.9902,0.0557,0.1979,0.7396
521935,2023-01,79.3763,19.6086,0.0555,0.208,0.7515
521935,2024-01,79.7487,19.2494,0.0549,0.213,0.734
521940,1985-01,36.4599,57.164,4.6392,1.2384,0.4985
521940,1986-01,41.1681,52.7305,4.6337,0.9456,0.5221
521940,1987-01,45.3226,48.7787,4.6273,0.734,0.5373
521940,1988-01,48.4054,45.8773,4.4807,0.7094,0.5272
521940,1989-01,50.5663,43.9502,4.3443,0.6242,0.515
521940,1990-01,50.562,44.0255,4.2621,0.6209,0.5296
521940,1991-01,50.3738,44.4122,4.0917,0.5946,0.5277
521940,1992-01,51.5697,43.2642,3.9751,0.6692,0.5219
521940,1993-01,52.4916,42.3674,3.9151,0.7138,0.5121
521940,1994-01,53.2802,41.568,3.9073,0.7768,0.4677
521940,1995-01,53.5092,41.4439,3.8625,0.7272,0.4573
521940,1996-01,53.7764,41.2847,3.8204,0.6437,0.4749
521940,1997-01,53.7667,41.3651,3.7928,0.5995,0.4759
521940,1998-01,54.0321,41.2444,3.8004,0.48,0.4431
521940,1999-01,54.97,40.3749,3.8001,0.4256,0.4294
521940,2000-01,56.4898,38.7938,3.8045,0.5187,0.3931
521940,2001-01,57.2894,38.0032,3.7702,0.549,0.3882
521940,2002-01,58.5731,36.8152,3.746,0.4775,0.3881
521940,2003-01,59.6016,35.839,3.7377,0.4445,0.3773
521940,2004-01,60.3422,35.2039,3.7244,0.3701,0.3594
521940,2005-01,60.6013,35.0127,3.7031,0.3272,0.3557
521940,2006-01,60.4383,35.208,3.6861,0.312,0.3556
521940,2007-01,60.1841,35.4666,3.6745,0.3278,0.347
521940,2008-01,60.2721,35.3864,3.6671,0.3349,0.3394
521940,2009-01,60.5843,35.0954,3.6641,0.3341,0.322
521940,2010-01,60.6092,35.0357,3.657,0.3829,0.3152
521940,2011-01,60.6468,35.0121,3.6576,0.3737,0.3098
521940,2012-01,60.7535,34.9764,3.6553,0.3095,0.3053
521940,2013-01,60.6609,35.1056,3.6519,0.2818,0.2998
521940,2014-01,60.6399,35.1491,3.6366,0.2813,0.2931
521940,2015-01,60.802,34.9979,3.6277,0.2795,0.293
521940,2016-01,60.8965,34.9037,3.607,0.302,0.2908
521940,2017-01,60.9511,34.8548,3.5938,0.3086,0.2917
521940,2018-01,60.7761,35.0577,3.5796,0.2975,0.2892
521940,2019-01,60.44,35.4326,3.5676,0.2726,0.2872
521940,2020-01,60.284,35.6231,3.5601,0.2478,0.285
521940,2021-01,60.4052,35.5043,3.5606,0.2454,0.2845
521940,2022-01,60.4605,35.4571,3.5603,0.2454,0.2767
521940,2023-01,60.9804,34.9375,3.5507,0.2545,0.277
521940,2024-01,61.7572,34.1497,3.5596,0.2591,0.2745
521945,1985-01,47.5333,49.5027,1.2085,0.8351,0.9203
521945,1986-01,49.6184,47.8411,0.7403,0.8851,0.9151
521945,1987-01,50.4493,47.1462,0.646,0.8473,0.9112
521945,1988-01,50.8407,46.8981,0.6163,0.7239,0.9211
521945,1989-01,51.3676,46.4363,0.5918,0.6867,0.9176
521945,1990-01,51.224,46.6916,0.5761,0.5894,0.9189
521945,1991-01,51.0531,46.9949,0.5423,0.4916,0.918
521945,1992-01,51.9898,46.1475,0.5172,0.4307,0.9149
521945,1993-01,52.6364,45.4381,0.508,0.4934,0.9242
521945,1994-01,53.8038,44.279,0.4891,0.4877,0.9404
521945,1995-01,54.7103,43.3939,0.4704,0.4836,0.9418
521945,1996-01,55.3952,42.6778,0.4524,0.5282,0.9463
521945,1997-01,55.2991,42.0564,0.4428,0.4588,1.7429
521945,1998-01,55.2762,41.494,0.4349,0.4741,2.3208
521945,1999-01,54.8795,41.8576,0.4269,0.455,2.3811
521945,2000-01,54.9557,41.8557,0.4254,0.444,2.3191
521945,2001-01,55.3409,41.5609,0.4249,0.5345,2.1389
521945,2002-01,55.5684,41.425,0.4195,0.5041,2.0831
521945,2003-01,55.6835,41.3815,0.4179,0.4472,2.07
521945,2004-01,55.8308,41.2173,0.4137,0.4444,2.0938
521945,2005-01,55.8628,41.1065,0.4121,0.3607,2.2578
521945,2006-01,55.5917,41.3246,0.4069,0.3906,2.2862
521945,2007-01,55.2,41.6343,0.3998,0.4074,2.3584
521945,2008-01,54.8278,41.8727,0.3967,0.5467,2.3561
521945,2009-01,54.5906,41.9043,0.3941,0.7055,2.4056
521945,2010-01,54.4203,41.8844,0.3914,0.7029,2.6011
521945,2011-01,54.4688,41.8435,0.3886,0.6233,2.6757
521945,2012-01,54.9734,41.4053,0.3874,0.56,2.674
521945,2013-01,55.6396,41.163,0.3833,0.4476,2.3665
521945,2014-01,56.0907,40.968,0.3806,0.4123,2.1483
521945,2015-01,56.5149,40.7667,0.3805,0.4439,1.894
521945,2016-01,56.8212,40.7634,0.3764,0.4514,1.5875
521945,2017-01,57.1088,40.6525,0.3646,0.4081,1.4659
521945,2018-01,57.0739,40.7191,0.3568,0.3876,1.4626
521945,2019-01,57.1137,40.694,0.3442,0.3783,1.4698
521945,2020-01,56.6475,40.827,0.3362,0.3417,1.8476
521945,2021-01,56.6748,40.7496,0.3353,0.3352,1.9051
521945,2022-01,56.4503,40.3451,0.3325,0.3022,2.57
521945,2023-01,56.6432,39.6984,0.3311,0.3075,3.0198
521945,2024-01,57.2937,39.1172,0.3303,0.3117,2.9471
521950,1985-01,71.1528,28.0066,0.2005,0.4758,0.1643
521950,1986-01,74.142,25.0763,0.1054,0.4877,0.1886
521950,1987-01,75.5412,23.6863,0.0987,0.4681,0.2057
521950,1988-01,76.4718,22.7408,0.0961,0.4567,0.2346
521950,1989-01,77.5771,21.5972,0.0878,0.4743,0.2635
521950,1990-01,78.5898,20.4869,0.0873,0.5508,0.2852
521950,1991-01,79.2764,19.7853,0.0873,0.5482,0.3028
521950,1992-01,79.7353,19.3884,0.0796,0.4965,0.3002
521950,1993-01,80.3285,18.8055,0.0775,0.4738,0.3147
521950,1994-01,80.5822,18.6025,0.0754,0.4138,0.3261
521950,1995-01,80.9279,18.2392,0.0749,0.4107,0.3472
521950,1996-01,81.0928,18.0883,0.078,0.3864,0.3545
521950,1997-01,81.2918,17.8821,0.078,0.3916,0.3565
521950,1998-01,81.5031,17.6764,0.076,0.3926,0.3519
521950,1999-01,81.5894,17.5906,0.0754,0.3591,0.3855
521950,2000-01,81.7046,17.5302,0.077,0.3498,0.3384
521950,2001-01,81.8296,17.4103,0.077,0.3472,0.3359
521950,2002-01,81.9371,17.293,0.077,0.3467,0.3462
521950,2003-01,81.978,17.2687,0.0708,0.3518,0.3307
521950,2004-01,81.7145,17.5296,0.0677,0.3678,0.3204
521950,2005-01,81.6086,17.6216,0.0677,0.3808,0.3214
521950,2006-01,81.6215,17.5932,0.0703,0.3849,0.3302
521950,2007-01,81.6014,17.6112,0.0703,0.3906,0.3266
521950,2008-01,81.6029,17.6314,0.0677,0.3864,0.3116
521950,2009-01,81.5698,17.6438,0.0677,0.39,0.3286
521950,2010-01,81.5616,17.6443,0.0651,0.3957,0.3333
521950,2011-01,81.4205,17.7662,0.0636,0.4097,0.34
521950,2012-01,81.2562,17.8938,0.062,0.4422,0.3457
521950,2013-01,81.2371,17.9042,0.0594,0.4629,0.3364
521950,2014-01,81.2356,17.9161,0.0594,0.4531,0.3359
521950,2015-01,81.2423,17.8985,0.0589,0.4655,0.3348
521950,2016-01,81.1865,17.9357,0.0584,0.4789,0.3405
521950,2017-01,81.1353,17.9744,0.0584,0.4846,0.3472
521950,2018-01,81.0537,18.0561,0.0584,0.482,0.3498
521950,2019-01,81.0294,18.0866,0.0584,0.4825,0.3431
521950,2020-01,81.0279,18.0835,0.0584,0.4898,0.3405
521950,2021-01,81.126,17.9724,0.0574,0.496,0.3483
521950,2022-01,81.202,17.853,0.0574,0.5187,0.3689
521950,2023-01,81.1932,17.8432,0.0574,0.544,0.3622
521950,2024-01,81.3141,17.713,0.0574,0.5497,0.3658
521960,1985-01,46.4048,52.6524,0.2792,0.3756,0.288
521960,1986-01,47.7892,51.2652,0.2741,0.3813,0.2902
521960,1987-01,46.5971,52.4863,0.3073,0.377,0.2323
521960,1988-01,46.2633,52.839,0.3015,0.3572,0.239
521960,1989-01,46.4062,52.7423,0.2842,0.3151,0.2522
521960,1990-01,46.253,52.9009,0.2464,0.2885,0.3113
521960,1991-01,46.9037,52.272,0.2331,0.2806,0.3107
521960,1992-01,48.9547,50.2655,0.2184,0.2559,0.3055
521960,1993-01,50.1293,49.1026,0.2127,0.2419,0.3136
521960,1994-01,51.52,47.7324,0.1998,0.24,0.3078
521960,1995-01,53.0491,46.2041,0.2196,0.2459,0.2813
521960,1996-01,54.0948,45.1825,0.2103,0.2226,0.2898
521960,1997-01,54.4147,44.8342,0.1863,0.233,0.3317
521960,1998-01,55.8012,43.454,0.1931,0.2551,0.2966
521960,1999-01,56.6938,42.5014,0.1913,0.3034,0.3101
521960,2000-01,57.9119,41.3043,0.1986,0.3213,0.264
521960,2001-01,58.6497,40.5748,0.1914,0.3202,0.264
521960,2002-01,59.0755,40.1507,0.1913,0.3219,0.2606
521960,2003-01,59.8895,39.332,0.1906,0.3201,0.2678
521960,2004-01,59.8692,39.3449,0.1869,0.321,0.278
521960,2005-01,59.6846,39.5388,0.1803,0.3029,0.2934
521960,2006-01,59.2379,39.9864,0.1776,0.2928,0.3053
521960,2007-01,58.8879,40.3627,0.1779,0.2743,0.2973
521960,2008-01,58.6242,40.6061,0.1781,0.2883,0.3034
521960,2009-01,58.4947,40.6929,0.1763,0.3212,0.3148
521960,2010-01,58.805,40.3787,0.178,0.3482,0.2902
521960,2011-01,59.2155,39.9906,0.1793,0.34,0.2746
521960,2012-01,59.5489,39.6959,0.1815,0.3131,0.2605
521960,2013-01,59.9917,39.2567,0.1806,0.3176,0.2535
521960,2014-01,60.3782,38.8675,0.1796,0.3116,0.2631
521960,2015-01,60.8357,38.3895,0.1791,0.3278,0.2679
521960,2016-01,61.0417,38.1903,0.1802,0.3258,0.2621
521960,2017-01,60.9641,38.2785,0.1805,0.3161,0.2607
521960,2018-01,60.6938,38.5114,0.1781,0.3302,0.2865
521960,2019-01,60.5886,38.616,0.1753,0.3356,0.2845
521960,2020-01,60.8175,38.3707,0.176,0.344,0.2918
521960,2021-01,61.0992,38.0637,0.1744,0.359,0.3037
521960,2022-01,61.3383,37.8096,0.163,0.3668,0.3223
521960,2023-01,61.9524,37.1412,0.1629,0.4075,0.336
521960,2024-01,62.5957,36.4799,0.1642,0.4272,0.333
521970,1985-01,49.4821,49.4908,0.1837,0.2527,0.5907
521970,1986-01,51.9637,47.064,0.1315,0.2619,0.5789
521970,1987-01,53.9141,45.1484,0.1244,0.2448,0.5682
521970,1988-01,54.0926,44.9982,0.1169,0.2186,0.5737
521970,1989-01,54.0286,45.0969,0.1047,0.2016,0.5682
521970,1990-01,54.3659,44.7667,0.0965,0.1968,0.5742
521970,1991-01,53.4833,45.6661,0.084,0.1978,0.5688
521970,1992-01,55.5166,43.6334,0.0724,0.2026,0.575
521970,1993-01,57.3006,41.8499,0.0679,0.2072,0.5743
521970,1994-01,59.0285,40.1076,0.0674,0.2228,0.5737
521970,1995-01,60.4689,38.6831,0.0649,0.2179,0.5652
521970,1996-01,62.3139,36.8513,0.0632,0.2103,0.5612
521970,1997-01,63.2795,35.8845,0.0607,0.2031,0.5722
521970,1998-01,63.8242,35.36,0.0603,0.2082,0.5473
521970,1999-01,64.2104,34.9593,0.0563,0.2236,0.5504
521970,2000-01,64.2717,34.9589,0.0585,0.2294,0.4815
521970,2001-01,64.8687,34.3663,0.0587,0.2331,0.4733
521970,2002-01,65.4152,33.807,0.0579,0.2347,0.4852
521970,2003-01,65.5342,33.6862,0.0575,0.2352,0.4869
521970,2004-01,66.0723,33.1515,0.0573,0.235,0.4839
521970,2005-01,66.758,32.4825,0.0576,0.2357,0.4663
521970,2006-01,66.8712,32.3602,0.0567,0.236,0.4759
521970,2007-01,67.0485,32.1864,0.057,0.2335,0.4746
521970,2008-01,67.1513,32.0846,0.0565,0.2319,0.4757
521970,2009-01,67.2842,31.9525,0.0564,0.235,0.4719
521970,2010-01,68.0652,31.174,0.0567,0.2356,0.4685
521970,2011-01,68.3924,30.8637,0.0558,0.233,0.455
521970,2012-01,69.0047,30.255,0.0558,0.237,0.4475
521970,2013-01,69.7049,29.5643,0.0555,0.2416,0.4338
521970,2014-01,70.3345,28.9443,0.0554,0.238,0.4279
521970,2015-01,70.7803,28.5198,0.0547,0.2327,0.4126
521970,2016-01,71.029,28.2664,0.053,0.2348,0.4168
521970,2017-01,71.3299,27.9512,0.0519,0.2454,0.4218
521970,2018-01,70.9531,28.289,0.0507,0.2477,0.4594
521970,2019-01,71.2614,27.9808,0.0511,0.2531,0.4537
521970,2020-01,71.8279,27.4103,0.0509,0.2625,0.4483
521970,2021-01,72.4141,26.8138,0.0514,0.2664,0.4543
521970,2022-01,73.3411,25.8485,0.0502,0.2706,0.4895
521970,2023-01,73.8083,25.3699,0.0501,0.2816,0.4902
521970,2024-01,74.3385,24.8152,0.0502,0.3009,0.4952
521971,1985-01,74.689,12.1276,12.0832,0.2287,0.8716
521971,1986-01,75.131,11.6617,12.0807,0.2427,0.8839
521971,1987-01,75.4378,11.347,12.0403,0.2408,0.934
521971,1988-01,75.6627,11.3017,11.9114,0.2115,0.9127
521971,1989-01,76.1611,11.1592,11.618,0.1918,0.8699
521971,1990-01,76.3812,11.1367,11.4453,0.1884,0.8485
521971,1991-01,76.68,11.0772,11.1782,0.1923,0.8724
521971,1992-01,76.7875,11.0705,11.053,0.1927,0.8963
521971,1993-01,76.898,11.0426,10.9861,0.2067,0.8665
521971,1994-01,77.0999,10.9418,10.8891,0.2139,0.8553
521971,1995-01,77.276,10.8883,10.8271,0.2193,0.7893
521971,1996-01,77.3429,10.8984,10.7224,0.216,0.8202
521971,1997-01,77.4669,10.9262,10.5372,0.2139,0.8557
521971,1998-01,77.6864,10.887,10.4113,0.2172,0.7981
521971,1999-01,77.9396,10.9698,10.0577,0.2261,0.8068
521971,2000-01,78.2183,11.0493,10.0034,0.239,0.49
521971,2001-01,78.523,11.0743,9.6309,0.2606,0.5112
521971,2002-01,78.4829,11.1471,9.5308,0.3049,0.5343
521971,2003-01,78.5747,11.1943,9.3583,0.3239,0.5489
521971,2004-01,78.5721,11.2276,9.3061,0.3443,0.5499
521971,2005-01,78.5351,11.3048,9.2536,0.36,0.5464
521971,2006-01,78.5198,11.3575,9.1951,0.3674,0.5603
521971,2007-01,78.5135,11.3683,9.1439,0.3799,0.5944
521971,2008-01,78.4735,11.4755,9.094,0.3731,0.5838
521971,2009-01,78.5024,11.4831,9.0669,0.379,0.5686
521971,2010-01,78.495,11.508,9.0527,0.3841,0.5603
521971,2011-01,78.4713,11.5724,9.0358,0.3775,0.543
521971,2012-01,78.4893,11.5684,9.0186,0.3979,0.5258
521971,2013-01,78.4563,11.6425,8.9913,0.4108,0.499
521971,2014-01,78.4671,11.6535,8.9706,0.4106,0.4981
521971,2015-01,78.4421,11.6973,8.957,0.4135,0.4901
521971,2016-01,78.5459,11.7024,8.8358,0.4286,0.4873
521971,2017-01,78.6236,11.7037,8.7493,0.4343,0.489
521971,2018-01,78.6284,11.7377,8.6958,0.4506,0.4875
521971,2019-01,78.6495,11.7532,8.6592,0.4574,0.4807
521971,2020-01,78.6639,11.7835,8.6194,0.4626,0.4706
521971,2021-01,78.6986,11.8144,8.5612,0.4593,0.4664
521971,2022-01,78.7668,11.7919,8.5125,0.4643,0.4646
521971,2023-01,78.8209,11.7574,8.4734,0.5018,0.4466
521971,2024-01,78.8781,11.7401,8.4499,0.5035,0.4284
521973,1985-01,61.8736,36.2121,0.5726,0.8599,0.4818
521973,1986-01,63.7945,34.2956,0.5313,0.8739,0.5047
521973,1987-01,66.1004,32.0494,0.4932,0.8561,0.5009
521973,1988-01,68.3861,29.699,0.4665,0.9031,0.5454
521973,1989-01,70.4288,27.7503,0.4582,0.8345,0.5282
521973,1990-01,71.7071,26.6767,0.4322,0.6139,0.5701
521973,1991-01,73.2898,25.1632,0.4099,0.5186,0.6185
521973,1992-01,74.0182,24.5136,0.3781,0.4188,0.6712
521973,1993-01,74.3627,24.0947,0.3775,0.4462,0.7189
521973,1994-01,74.781,23.6606,0.3572,0.4767,0.7246
521973,1995-01,75.2596,23.1037,0.3368,0.5301,0.7697
521973,1996-01,75.6767,22.6594,0.3438,0.5758,0.7443
521973,1997-01,76.0816,22.168,0.3356,0.6152,0.7996
521973,1998-01,76.1547,22.0498,0.3368,0.6495,0.8091
521973,1999-01,76.4007,21.8311,0.3197,0.6356,0.813
521973,2000-01,76.8298,21.4675,0.3661,0.6578,0.6788
521973,2001-01,76.8965,21.4097,0.3673,0.6616,0.6649
521973,2002-01,77.2829,20.9775,0.3591,0.6978,0.6827
521973,2003-01,77.3471,20.8815,0.3527,0.729,0.6896
521973,2004-01,77.1584,21.0429,0.3508,0.7557,0.6922
521973,2005-01,76.9054,21.2165,0.3534,0.7639,0.7608
521973,2006-01,77.2505,20.8529,0.3496,0.7595,0.7875
521973,2007-01,77.2543,20.8243,0.3508,0.7995,0.771
521973,2008-01,77.1717,20.8123,0.3585,0.8917,0.7659
521973,2009-01,77.077,20.7296,0.3585,1.0798,0.7551
521973,2010-01,76.9468,20.8027,0.3553,1.1326,0.7627
521973,2011-01,76.8648,20.8313,0.3559,1.2031,0.7449
521973,2012-01,76.8616,20.8192,0.3616,1.2209,0.7367
521973,2013-01,76.7593,20.9235,0.368,1.2457,0.7036
521973,2014-01,76.8749,20.8211,0.3731,1.247,0.6839
521973,2015-01,76.847,20.8351,0.3832,1.2616,0.6731
521973,2016-01,76.7402,20.8732,0.3858,1.3385,0.6623
521973,2017-01,76.6506,20.9425,0.3851,1.3588,0.6629
521973,2018-01,76.4936,20.9946,0.3839,1.4516,0.6763
521973,2019-01,76.2381,21.0569,0.3915,1.6525,0.661
521973,2020-01,75.9082,21.1681,0.3826,1.8622,0.6788
521973,2021-01,75.7341,21.1414,0.375,2.0529,0.6966
521973,2022-01,75.6547,21.1122,0.3273,2.1342,0.7716
521973,2023-01,75.5892,21.076,0.3298,2.2378,0.7672
521973,2024-01,75.6966,20.8859,0.3362,2.3242,0.757
521975,1985-01,25.1347,63.2257,7.4056,3.6573,0.5768
521975,1986-01,25.9071,62.7503,7.1076,3.6589,0.5762
521975,1987-01,24.8329,64.3153,6.6504,3.6092,0.5921
521975,1988-01,25.7419,63.7449,6.3501,3.5858,0.5773
521975,1989-01,26.091,63.872,6.0601,3.395,0.5818
521975,1990-01,27.1917,62.9126,5.8616,3.44,0.5941
521975,1991-01,28.9748,61.3674,5.6556,3.4294,0.5728
521975,1992-01,30.4248,59.8406,5.4916,3.6737,0.5694
521975,1993-01,32.2697,58.1171,5.3806,3.6967,0.5359
521975,1994-01,33.763,56.9971,5.2652,3.4494,0.5254
521975,1995-01,34.2975,56.3655,5.1466,3.6815,0.509
521975,1996-01,34.5765,56.0086,5.0674,3.9279,0.4197
521975,1997-01,34.9155,55.668,4.9918,4.0197,0.405
521975,1998-01,35.6602,55.161,4.8921,3.8878,0.3989
521975,1999-01,36.3201,54.6604,4.8115,3.7958,0.4122
521975,2000-01,36.8275,54.3759,4.7669,3.683,0.3467
521975,2001-01,37.5977,53.6423,4.6787,3.7438,0.3375
521975,2002-01,38.2769,53.0382,4.5943,3.7349,0.3556
521975,2003-01,39.043,52.4514,4.521,3.6246,0.3599
521975,2004-01,39.5639,51.6294,4.4376,3.5709,0.7982
521975,2005-01,38.5044,49.788,4.361,3.5128,3.8339
521975,2006-01,38.2985,48.9758,4.3016,3.5114,4.9127
521975,2007-01,38.5232,48.783,4.2431,3.4549,4.9958
521975,2008-01,38.8613,48.6049,4.1926,3.4248,4.9164
521975,2009-01,38.8125,48.6763,4.1575,3.4607,4.8931
521975,2010-01,38.4466,49.0351,4.1165,3.485,4.9168
521975,2011-01,38.0662,49.2798,4.0841,3.63,4.94
521975,2012-01,37.9646,49.4638,4.0432,3.6048,4.9235
521975,2013-01,38.2183,49.4095,4.0149,3.4644,4.8929
521975,2014-01,38.3135,49.2805,3.9654,3.4981,4.9425
521975,2015-01,38.2965,49.2424,3.923,3.5876,4.9505
521975,2016-01,38.2445,49.3356,3.8563,3.5821,4.9815
521975,2017-01,38.2903,49.3079,3.8224,3.5814,4.9979
521975,2018-01,38.2116,49.3621,3.7881,3.6235,5.0148
521975,2019-01,38.3289,49.2436,3.7704,3.6444,5.0127
521975,2020-01,38.5627,49.0616,3.7412,3.6098,5.0247
521975,2021-01,38.5034,49.1213,3.7087,3.6553,5.0113
521975,2022-01,38.5111,49.062,3.6823,3.7011,5.0436
521975,2023-01,38.7776,48.7343,3.6364,3.7457,5.1059
521975,2024-01,39.3286,48.2621,3.5847,3.7424,5.0823
521980,1985-01,28.7646,62.5504,8.3832,0.1353,0.1666
521980,1986-01,33.2405,58.12,8.3248,0.1323,0.1823
521980,1987-01,34.8999,56.5317,8.2502,0.1312,0.187
521980,1988-01,36.16,55.319,8.2026,0.126,0.1924
521980,1989-01,37.7591,53.7387,8.1832,0.1232,0.1958
521980,1990-01,38.6529,52.8168,8.1468,0.1224,0.2611
521980,1991-01,38.9768,52.5569,8.0849,0.1232,0.2581
521980,1992-01,40.2555,51.3478,8.0076,0.1302,0.2589
521980,1993-01,40.8474,50.7819,7.9756,0.1343,0.2607
521980,1994-01,41.5593,50.1194,7.9155,0.1453,0.2605
521980,1995-01,41.9939,49.7431,7.8529,0.1549,0.2553
521980,1996-01,43.4619,48.2918,7.8269,0.1714,0.248
521980,1997-01,44.1932,47.5712,7.8003,0.1816,0.2536
521980,1998-01,45.0257,46.7634,7.773,0.1854,0.2525
521980,1999-01,45.9877,45.8298,7.7493,0.1877,0.2455
521980,2000-01,46.8599,45.0018,7.7391,0.1967,0.2025
521980,2001-01,47.337,44.5409,7.7206,0.2084,0.1931
521980,2002-01,47.9167,43.9572,7.7058,0.2273,0.1929
521980,2003-01,48.5439,43.3316,7.6917,0.2404,0.1924
521980,2004-01,49.2532,42.655,7.668,0.2324,0.1914
521980,2005-01,49.7843,42.1428,7.6378,0.2445,0.1906
521980,2006-01,50.1142,41.8167,7.6255,0.2567,0.1868
521980,2007-01,50.2074,41.7291,7.6113,0.2693,0.183
521980,2008-01,50.2534,41.6197,7.5952,0.3497,0.182
521980,2009-01,50.1175,41.6929,7.5654,0.401,0.2232
521980,2010-01,50.0388,41.8078,7.5341,0.3974,0.2219
521980,2011-01,50.095,41.8282,7.5061,0.3482,0.2224
521980,2012-01,49.9742,42.0124,7.4936,0.2836,0.2362
521980,2013-01,50.226,41.7875,7.4773,0.2738,0.2353
521980,2014-01,50.2761,41.7657,7.4662,0.2568,0.2352
521980,2015-01,50.3343,41.7267,7.4556,0.2491,0.2343
521980,2016-01,50.4893,41.5752,7.4218,0.2812,0.2326
521980,2017-01,50.4156,41.6354,7.4065,0.3117,0.2309
521980,2018-01,50.4637,41.5728,7.3927,0.3414,0.2294
521980,2019-01,50.3202,41.705,7.3873,0.3595,0.2281
521980,2020-01,50.3727,41.6561,7.3823,0.3607,0.2282
521980,2021-01,50.555,41.4826,7.3755,0.3613,0.2257
521980,2022-01,50.842,41.201,7.3553,0.3751,0.2266
521980,2023-01,51.4488,40.6097,7.3384,0.3752,0.2279
521980,2024-01,52.1296,40.0889,7.2095,0.3439,0.2281
521990,1985-01,56.1789,43.3589,0.0426,0.2634,0.1562
521990,1986-01,61.6931,37.8488,0.0293,0.2835,0.1453
521990,1987-01,64.6071,34.9293,0.0242,0.2797,0.1597
521990,1988-01,65.7216,33.8293,0.0238,0.2562,0.1692
521990,1989-01,67.2489,32.3023,0.0229,0.2583,0.1676
521990,1990-01,68.3731,31.1525,0.0188,0.2903,0.1653
521990,1991-01,69.3018,30.2123,0.0188,0.3085,0.1587
521990,1992-01,70.0979,29.3859,0.0172,0.3304,0.1686
521990,1993-01,70.963,28.5102,0.0174,0.337,0.1725
521990,1994-01,71.8158,27.634,0.0169,0.3508,0.1824
521990,1995-01,72.2934,27.1258,0.0138,0.3866,0.1804
521990,1996-01,72.8001,26.6107,0.0138,0.4124,0.163
521990,1997-01,73.0226,26.3799,0.0103,0.4221,0.1651
521990,1998-01,73.3253,26.1032,0.011,0.3979,0.1626
521990,1999-01,73.5699,25.8597,0.0107,0.3884,0.1713
521990,2000-01,73.9601,25.5124,0.0107,0.3892,0.1275
521990,2001-01,74.1444,25.3255,0.0103,0.3983,0.1215
521990,2002-01,74.427,25.0193,0.0105,0.4107,0.1324
521990,2003-01,74.6648,24.7762,0.0107,0.4227,0.1256
521990,2004-01,74.7577,24.6683,0.0105,0.4351,0.1283
521990,2005-01,74.7187,24.6995,0.0105,0.4386,0.1326
521990,2006-01,74.7945,24.6072,0.0105,0.4458,0.1419
521990,2007-01,74.6798,24.7134,0.0105,0.4463,0.15
521990,2008-01,74.6955,24.7101,0.0103,0.445,0.139
521990,2009-01,74.7253,24.6851,0.0103,0.4452,0.1341
521990,2010-01,74.7206,24.6871,0.0103,0.4448,0.1372
521990,2011-01,74.7133,24.6631,0.0105,0.4789,0.1341
521990,2012-01,74.7958,24.5753,0.0105,0.4907,0.1277
521990,2013-01,74.8518,24.5162,0.0107,0.5014,0.1198
521990,2014-01,74.9305,24.4051,0.0103,0.5285,0.1256
521990,2015-01,74.9743,24.3367,0.0101,0.5624,0.1165
521990,2016-01,75.0297,24.2707,0.0105,0.5669,0.1221
521990,2017-01,75.0377,24.2476,0.0101,0.5818,0.1227
521990,2018-01,75.0931,24.1681,0.0099,0.5971,0.1318
521990,2019-01,75.1468,24.1086,0.0099,0.6016,0.133
521990,2020-01,75.1655,24.0724,0.0099,0.6072,0.145
521990,2021-01,75.2355,23.9553,0.0091,0.6543,0.1459
521990,2022-01,75.2313,23.9311,0.0091,0.6659,0.1626
521990,2023-01,75.2982,23.8539,0.0095,0.6638,0.1746
521990,2024-01,75.6093,23.5352,0.0097,0.6772,0.1686
522000,1985-01,10.6907,82.7975,5.5424,0.7412,0.2282
522000,1986-01,11.584,82.0008,5.4717,0.7126,0.231
522000,1987-01,12.2567,81.4863,5.367,0.662,0.228
522000,1988-01,13.3256,80.6083,5.1982,0.6204,0.2476
522000,1989-01,14.1212,79.9156,5.1465,0.5792,0.2376
522000,1990-01,14.9857,79.1646,5.0856,0.5272,0.2368
522000,1991-01,15.9964,78.327,5.0359,0.4089,0.2318
522000,1992-01,16.5472,77.8464,4.9935,0.3713,0.2416
522000,1993-01,17.1408,77.2401,4.9596,0.3717,0.2878
522000,1994-01,17.6774,76.6988,4.9082,0.3955,0.3202
522000,1995-01,18.1461,76.2223,4.8668,0.4495,0.3153
522000,1996-01,18.5928,75.7465,4.8127,0.5451,0.3029
522000,1997-01,18.9987,75.3786,4.779,0.5364,0.3072
522000,1998-01,19.9661,74.4923,4.7335,0.5118,0.2963
522000,1999-01,21.1989,73.2547,4.7052,0.534,0.3071
522000,2000-01,22.7721,71.6269,4.6948,0.4799,0.4264
522000,2001-01,23.4461,70.9667,4.6806,0.4923,0.4142
522000,2002-01,23.8811,70.3304,4.6668,0.4959,0.6258
522000,2003-01,24.0675,69.9368,4.6457,0.5818,0.7681
522000,2004-01,24.0334,69.8924,4.6338,0.6459,0.7945
522000,2005-01,24.6273,69.3415,4.6168,0.6223,0.7921
522000,2006-01,25.1951,68.7721,4.6056,0.6496,0.7776
522000,2007-01,25.6599,68.3448,4.5942,0.6504,0.7508
522000,2008-01,26.146,67.8918,4.578,0.6339,0.7504
522000,2009-01,26.3962,67.502,4.5572,0.6908,0.8537
522000,2010-01,26.7376,67.1302,4.5438,0.7042,0.8842
522000,2011-01,27.1033,66.7833,4.5307,0.6876,0.8951
522000,2012-01,28.036,65.7863,4.5127,0.7636,0.9014
522000,2013-01,29.0396,64.7596,4.501,0.8057,0.8942
522000,2014-01,29.9344,63.8429,4.4816,0.8563,0.8849
522000,2015-01,30.6918,63.0573,4.4661,0.914,0.8709
522000,2016-01,31.512,62.3397,4.4505,0.8336,0.8641
522000,2017-01,31.964,61.9782,4.4337,0.7583,0.8659
522000,2018-01,32.4277,61.4908,4.417,0.7701,0.8944
522000,2019-01,33.0208,60.9209,4.4051,0.7569,0.8963
522000,2020-01,33.1533,60.7586,4.3902,0.7626,0.9354
522000,2021-01,33.5337,60.3867,4.3679,0.7937,0.9181
522000,2022-01,33.7674,60.1768,4.3577,0.7814,0.9167
522000,2023-01,34.3781,59.6031,4.3019,0.788,0.929
522000,2024-01,34.7233,59.3098,4.2904,0.7668,0.9098
522005,1985-01,90.0382,9.0227,0.5579,0.1352,0.246
522005,1986-01,90.765,8.3487,0.5093,0.1334,0.2436
522005,1987-01,90.9641,8.1515,0.5069,0.1325,0.2451
522005,1988-01,91.2351,7.8977,0.4946,0.1328,0.2397
522005,1989-01,91.1778,7.9867,0.4827,0.1281,0.2248
522005,1990-01,91.2199,7.9397,0.4633,0.1385,0.2385
522005,1991-01,91.3904,7.7603,0.4561,0.1418,0.2514
522005,1992-01,91.4773,7.6463,0.4484,0.1573,0.2708
522005,1993-01,91.5782,7.5197,0.4254,0.1941,0.2827
522005,1994-01,91.737,7.3445,0.4128,0.2215,0.2842
522005,1995-01,91.8934,7.1567,0.4218,0.2332,0.2949
522005,1996-01,91.8659,7.1394,0.4218,0.2344,0.3385
522005,1997-01,91.6555,7.3421,0.3991,0.2338,0.3696
522005,1998-01,91.5167,7.5119,0.4048,0.2185,0.3481
522005,1999-01,91.3785,7.6668,0.4095,0.2185,0.3266
522005,2000-01,91.3026,7.786,0.4209,0.2379,0.2526
522005,2001-01,91.1426,7.894,0.4164,0.2472,0.2997
522005,2002-01,91.1068,7.8886,0.4134,0.2487,0.3424
522005,2003-01,90.6794,8.3262,0.4119,0.2541,0.3284
522005,2004-01,90.372,8.5984,0.4155,0.2574,0.3567
522005,2005-01,90.1123,8.8256,0.4128,0.2538,0.3955
522005,2006-01,89.9944,8.9327,0.4101,0.2478,0.4149
522005,2007-01,89.9693,8.948,0.403,0.2433,0.4364
522005,2008-01,89.8296,9.096,0.4048,0.2391,0.4304
522005,2009-01,89.7353,9.1928,0.4036,0.2358,0.4325
522005,2010-01,89.6798,9.2298,0.4018,0.252,0.4367
522005,2011-01,89.4293,9.4844,0.3982,0.2621,0.426
522005,2012-01,89.1377,9.785,0.4033,0.2636,0.4105
522005,2013-01,88.8282,10.1053,0.4036,0.2603,0.4027
522005,2014-01,88.732,10.1942,0.4021,0.26,0.4117
522005,2015-01,88.6741,10.2542,0.4021,0.2612,0.4084
522005,2016-01,88.6013,10.3294,0.3973,0.2699,0.4021
522005,2017-01,88.5619,10.3482,0.3994,0.286,0.4045
522005,2018-01,88.567,10.3366,0.3958,0.2878,0.4128
522005,2019-01,88.5046,10.3957,0.3967,0.286,0.417
522005,2020-01,88.6622,10.23,0.4009,0.2949,0.4119
522005,2021-01,88.7777,10.1031,0.4039,0.3003,0.4149
522005,2022-01,88.9586,9.9076,0.3994,0.2988,0.4355
522005,2023-01,89.1249,9.7219,0.4,0.2991,0.454
522005,2024-01,89.5953,9.2461,0.4087,0.3152,0.4346
522010,1985-01,86.2649,13.1364,0.0184,0.5048,0.0755
522010,1986-01,86.6354,12.7654,0.0138,0.5122,0.0731
522010,1987-01,86.7607,12.6224,0.0158,0.5248,0.0763
522010,1988-01,87.053,12.3161,0.0171,0.5444,0.0695
522010,1989-01,86.7781,12.5943,0.0129,0.5474,0.0672
522010,1990-01,87.1089,12.2655,0.0124,0.5489,0.0643
522010,1991-01,87.4136,11.9579,0.0114,0.5518,0.0654
522010,1992-01,87.5587,11.8018,0.0112,0.5613,0.0671
522010,1993-01,87.6485,11.7005,0.0103,0.5718,0.0689
522010,1994-01,87.9962,11.331,0.01,0.591,0.0717
522010,1995-01,88.1364,11.1818,0.0101,0.6101,0.0615
522010,1996-01,88.2636,11.0192,0.0095,0.6407,0.067
522010,1997-01,88.3562,10.885,0.0083,0.6661,0.0844
522010,1998-01,88.4518,10.7772,0.0073,0.6781,0.0855
522010,1999-01,88.4563,10.7587,0.0078,0.6908,0.0864
522010,2000-01,88.5119,10.738,0.0124,0.7022,0.0355
522010,2001-01,88.446,10.7868,0.0134,0.7271,0.0267
522010,2002-01,88.4782,10.7402,0.0135,0.7417,0.0263
522010,2003-01,88.3929,10.8035,0.0127,0.7641,0.0268
522010,2004-01,88.404,10.7852,0.0123,0.7716,0.0269
522010,2005-01,88.3738,10.7895,0.0118,0.7923,0.0326
522010,2006-01,88.3599,10.7526,0.0105,0.836,0.041
522010,2007-01,88.3517,10.7375,0.0103,0.854,0.0465
522010,2008-01,88.2701,10.8003,0.0107,0.8674,0.0515
522010,2009-01,88.2733,10.7833,0.0105,0.8807,0.052
522010,2010-01,88.1996,10.8124,0.0104,0.9148,0.0628
522010,2011-01,88.1387,10.8613,0.009,0.9298,0.0612
522010,2012-01,88.1307,10.8372,0.0087,0.9603,0.0631
522010,2013-01,88.0355,10.9058,0.0077,0.9859,0.0651
522010,2014-01,87.9432,10.9581,0.0071,1.0115,0.0802
522010,2015-01,87.9158,10.9305,0.0078,1.0355,0.1105
522010,2016-01,87.8887,10.9154,0.0081,1.0739,0.1139
522010,2017-01,87.8476,10.916,0.0082,1.1112,0.117
522010,2018-01,87.8249,10.8869,0.0079,1.1605,0.1199
522010,2019-01,87.7636,10.9032,0.0074,1.2011,0.1246
522010,2020-01,87.6983,10.891,0.0073,1.2643,0.1391
522010,2021-01,87.7515,10.8225,0.0073,1.286,0.1326
522010,2022-01,87.7406,10.7906,0.0057,1.3121,0.151
522010,2023-01,87.7681,10.7121,0.006,1.3387,0.1751
522010,2024-01,88.0011,10.468,0.0059,1.361,0.1641
522015,1985-01,54.2929,42.7157,1.1659,0.871,0.9545
522015,1986-01,57.2435,40.3818,0.5225,0.9133,0.9388
522015,1987-01,58.1799,39.6529,0.4114,0.8222,0.9335
522015,1988-01,58.7083,39.3435,0.3863,0.6294,0.9325
522015,1989-01,59.2568,38.8971,0.3657,0.5437,0.9368
522015,1990-01,59.3922,38.7978,0.3578,0.5129,0.9393
522015,1991-01,59.78,38.4635,0.3528,0.4664,0.9374
522015,1992-01,61.0067,37.1964,0.3484,0.5071,0.9414
522015,1993-01,62.508,35.6716,0.3411,0.5237,0.9556
522015,1994-01,63.6588,34.522,0.335,0.5394,0.9448
522015,1995-01,64.396,33.7949,0.335,0.5261,0.948
522015,1996-01,65.8642,32.3246,0.3301,0.5179,0.9631
522015,1997-01,66.395,31.8198,0.314,0.4756,0.9956
522015,1998-01,66.8196,31.4033,0.3156,0.4683,0.9931
522015,1999-01,66.7622,31.4627,0.3177,0.45,1.0074
522015,2000-01,66.9217,31.3881,0.3215,0.4318,0.9369
522015,2001-01,67.5854,30.7314,0.3205,0.4227,0.9399
522015,2002-01,68.6384,29.6853,0.3141,0.4096,0.9526
522015,2003-01,69.3288,29.0155,0.3113,0.3817,0.9627
522015,2004-01,69.8883,28.4724,0.3101,0.3622,0.967
522015,2005-01,70.3959,27.935,0.3079,0.358,1.0031
522015,2006-01,70.4222,27.8819,0.3075,0.3523,1.0362
522015,2007-01,70.2499,28.0411,0.3064,0.3573,1.0453
522015,2008-01,69.8494,28.4206,0.303,0.3588,1.0682
522015,2009-01,69.5073,28.742,0.3058,0.3629,1.0819
522015,2010-01,69.326,28.8765,0.3056,0.3808,1.1111
522015,2011-01,68.8607,29.2075,0.3014,0.4504,1.18
522015,2012-01,68.9716,29.0378,0.3005,0.4734,1.2167
522015,2013-01,69.2062,28.8185,0.3016,0.4675,1.2063
522015,2014-01,69.4813,28.5811,0.3017,0.446,1.1899
522015,2015-01,69.8044,28.2568,0.3044,0.4574,1.177
522015,2016-01,69.9925,28.0748,0.3063,0.4632,1.1632
522015,2017-01,70.0578,28.0209,0.3067,0.4619,1.1527
522015,2018-01,69.8447,28.2083,0.3024,0.4605,1.1839
522015,2019-01,69.981,28.0891,0.3011,0.4613,1.1675
522015,2020-01,69.6398,28.4105,0.3002,0.4508,1.1988
522015,2021-01,69.5307,28.5258,0.2996,0.4445,1.1994
522015,2022-01,69.7129,28.3517,0.2979,0.45,1.1875
522015,2023-01,69.8951,28.1473,0.2979,0.4659,1.1939
522015,2024-01,70.1807,27.8437,0.2987,0.4678,1.2091
522020,1985-01,38.5329,45.6508,14.3872,0.0855,1.3437
522020,1986-01,39.834,44.394,14.3616,0.0777,1.3327
522020,1987-01,39.8169,44.4511,14.37,0.0646,1.2974
522020,1988-01,40.63,43.8536,14.1791,0.0607,1.2766
522020,1989-01,40.6358,44.1052,13.8945,0.0609,1.3036
522020,1990-01,41.5095,43.3808,13.7436,0.0707,1.2954
522020,1991-01,42.3558,42.6907,13.5617,0.0768,1.315
522020,1992-01,43.8228,41.4078,13.38,0.0821,1.3073
522020,1993-01,44.711,40.583,13.2881,0.0908,1.3271
522020,1994-01,45.2325,40.2469,13.1261,0.092,1.3025
522020,1995-01,46.0029,39.6445,12.976,0.0863,1.2903
522020,1996-01,46.5767,39.3628,12.6828,0.0898,1.2879
522020,1997-01,47.4329,38.7003,12.4266,0.0915,1.3488
522020,1998-01,48.8223,37.7182,12.0562,0.0954,1.308
522020,1999-01,50.3993,36.8593,11.3354,0.1002,1.3058
522020,2000-01,52.1168,35.6708,10.8947,0.1047,1.2131
522020,2001-01,53.128,34.9614,10.6087,0.1055,1.1964
522020,2002-01,53.9501,34.4079,10.3032,0.109,1.2299
522020,2003-01,55.3236,33.3185,10.0327,0.1077,1.2175
522020,2004-01,56.668,32.2796,9.745,0.1074,1.2
522020,2005-01,57.2303,31.8687,9.6,0.1103,1.1906
522020,2006-01,57.8427,31.3562,9.5125,0.1105,1.1781
522020,2007-01,58.2663,31.1818,9.3014,0.1117,1.1387
522020,2008-01,58.4994,31.0513,9.2125,0.1124,1.1244
522020,2009-01,58.4916,31.1678,9.1098,0.117,1.1139
522020,2010-01,58.7182,31.1008,8.9526,0.1306,1.0977
522020,2011-01,58.8375,31.1422,8.7969,0.1324,1.0911
522020,2012-01,59.3283,30.7439,8.7263,0.1334,1.0681
522020,2013-01,60.2528,29.9644,8.6145,0.1358,1.0325
522020,2014-01,60.5861,29.6324,8.5758,0.1387,1.0671
522020,2015-01,60.5934,29.6583,8.5607,0.1668,1.0208
522020,2016-01,60.2596,30.024,8.5427,0.1739,0.9998
522020,2017-01,59.8761,30.4229,8.5346,0.174,0.9924
522020,2018-01,59.723,30.5724,8.5099,0.1733,1.0214
522020,2019-01,59.8158,30.5245,8.4644,0.188,1.0073
522020,2020-01,59.904,30.4473,8.4515,0.1896,1.0075
522020,2021-01,60.1798,30.2305,8.4007,0.1846,1.0044
522020,2022-01,60.3351,30.1022,8.3397,0.1809,1.0421
522020,2023-01,60.6532,29.9939,8.1323,0.179,1.0416
522020,2024-01,61.3701,29.6887,7.7335,0.1819,1.0258
522026,1985-01,49.5602,48.3655,0.8973,1.1302,0.0468
522026,1986-01,51.7009,46.4673,0.6782,1.103,0.0506
522026,1987-01,52.8606,45.544,0.5308,1.0141,0.0505
522026,1988-01,54.5387,43.9801,0.4255,1.0067,0.0491
522026,1989-01,56.2118,42.6989,0.32,0.7239,0.0454
522026,1990-01,58.2744,40.9031,0.3002,0.4766,0.0457
522026,1991-01,59.9025,39.3485,0.2548,0.4354,0.0588
522026,1992-01,61.0202,38.224,0.2255,0.4706,0.0597
522026,1993-01,62.4852,36.8579,0.2194,0.3856,0.0519
522026,1994-01,63.4733,35.8489,0.2084,0.413,0.0564
522026,1995-01,64.3771,34.9966,0.2044,0.3676,0.0543
522026,1996-01,64.8112,34.6804,0.2028,0.2567,0.0489
522026,1997-01,65.6629,33.8735,0.1923,0.2042,0.0671
522026,1998-01,66.636,32.9719,0.1845,0.1355,0.072
522026,1999-01,67.332,32.2627,0.185,0.144,0.0763
522026,2000-01,67.8636,31.7341,0.1812,0.1515,0.0696
522026,2001-01,68.283,31.3114,0.1761,0.1564,0.0731
522026,2002-01,68.8618,30.7613,0.1613,0.136,0.0797
522026,2003-01,69.2131,30.3684,0.1546,0.1846,0.0793
522026,2004-01,69.5204,30.0213,0.1466,0.2201,0.0916
522026,2005-01,69.7884,29.7869,0.1434,0.1862,0.0951
522026,2006-01,69.893,29.7065,0.1407,0.1591,0.1007
522026,2007-01,69.8962,29.7272,0.1346,0.1425,0.0994
522026,2008-01,70.0107,29.6079,0.131,0.1487,0.1016
522026,2009-01,70.0516,29.5415,0.1299,0.173,0.104
522026,2010-01,70.3967,29.1843,0.1294,0.1769,0.1126
522026,2011-01,70.5529,29.0307,0.1291,0.1787,0.1086
522026,2012-01,70.6813,28.9007,0.1268,0.1822,0.109
522026,2013-01,70.8567,28.7106,0.1259,0.1949,0.112
522026,2014-01,70.8809,28.6594,0.1265,0.214,0.1192
522026,2015-01,70.9027,28.63,0.1259,0.2196,0.1219
522026,2016-01,70.8036,28.7198,0.1257,0.2266,0.1243
522026,2017-01,70.7343,28.7789,0.1268,0.239,0.1209
522026,2018-01,70.6809,28.8242,0.1267,0.2446,0.1236
522026,2019-01,70.6859,28.8124,0.1265,0.2502,0.125
522026,2020-01,70.7267,28.7665,0.1265,0.2521,0.1282
522026,2021-01,70.7707,28.715,0.1265,0.2572,0.1306
522026,2022-01,70.8124,28.6567,0.1264,0.2651,0.1394
522026,2023-01,70.8761,28.5802,0.1265,0.2693,0.1478
522026,2024-01,70.958,28.4926,0.1254,0.2712,0.1528
522028,1985-01,84.5554,15.074,0.1044,0.0894,0.1768
522028,1986-01,85.2671,14.4198,0.0794,0.0904,0.1433
522028,1987-01,85.5627,14.1371,0.0744,0.0824,0.1433
522028,1988-01,85.6132,14.1006,0.0739,0.0719,0.1404
522028,1989-01,85.1931,14.5132,0.0699,0.0719,0.1518
522028,1990-01,85.6327,14.0726,0.0604,0.0719,0.1623
522028,1991-01,85.5697,14.1456,0.0604,0.0719,0.1523
522028,1992-01,85.7855,13.9298,0.0624,0.0714,0.1508
522028,1993-01,86.0547,13.6736,0.0569,0.0734,0.1414
522028,1994-01,86.0127,13.7161,0.0559,0.0759,0.1394
522028,1995-01,86.0971,13.6182,0.0544,0.0829,0.1473
522028,1996-01,86.138,13.5938,0.0544,0.0839,0.1299
522028,1997-01,86.4222,13.3011,0.0544,0.0884,0.1339
522028,1998-01,86.5081,13.2217,0.0564,0.0974,0.1164
522028,1999-01,86.3957,13.3246,0.0559,0.1149,0.1089
522028,2000-01,86.4291,13.2797,0.0594,0.1374,0.0944
522028,2001-01,86.3547,13.3576,0.0569,0.1393,0.0914
522028,2002-01,86.3397,13.3651,0.0534,0.1493,0.0924
522028,2003-01,86.2888,13.4185,0.0515,0.1493,0.0919
522028,2004-01,86.3497,13.3606,0.0495,0.1523,0.0879
522028,2005-01,86.3037,13.3976,0.051,0.1553,0.0924
522028,2006-01,86.1774,13.464,0.0529,0.2108,0.0949
522028,2007-01,86.2868,13.3296,0.0539,0.2318,0.0979
522028,2008-01,86.2743,13.3202,0.0539,0.2572,0.0944
522028,2009-01,86.3222,13.2787,0.0544,0.2532,0.0914
522028,2010-01,86.952,12.6754,0.0465,0.2348,0.0914
522028,2011-01,87.3251,12.3213,0.046,0.2158,0.0919
522028,2012-01,87.43,12.2318,0.0435,0.2003,0.0944
522028,2013-01,87.47,12.1999,0.0435,0.1968,0.0899
522028,2014-01,87.463,12.1909,0.0465,0.1988,0.1009
522028,2015-01,87.4365,12.1954,0.0465,0.2243,0.0974
522028,2016-01,87.3936,12.2373,0.0465,0.2283,0.0944
522028,2017-01,87.2777,12.3412,0.0475,0.2372,0.0964
522028,2018-01,87.2617,12.3207,0.048,0.2682,0.1014
522028,2019-01,87.2368,12.3272,0.049,0.2872,0.0999
522028,2020-01,87.1493,12.4061,0.049,0.2927,0.1029
522028,2021-01,87.1643,12.4011,0.0475,0.2832,0.1039
522028,2022-01,87.1469,12.4251,0.048,0.2847,0.0954
522028,2023-01,87.0634,12.505,0.047,0.2867,0.0979
522028,2024-01,87.1324,12.4346,0.048,0.2867,0.0984
522040,1985-01,81.1041,9.1057,0.0216,0.95,8.8185
522040,1986-01,81.8346,8.4255,0.0198,0.9253,8.7948
522040,1987-01,82.8296,7.4053,0.0188,0.9443,8.802
522040,1988-01,82.9693,7.2232,0.0182,0.9551,8.8342
522040,1989-01,83.0719,7.1953,0.0184,0.9462,8.7683
522040,1990-01,83.1453,7.1163,0.0184,0.9486,8.7714
522040,1991-01,83.0448,7.1912,0.0165,0.9594,8.7881
522040,1992-01,83.1114,7.1347,0.0163,0.9578,8.7797
522040,1993-01,83.0927,7.1818,0.0163,0.9598,8.7494
522040,1994-01,83.0352,7.2382,0.0159,0.9859,8.7247
522040,1995-01,82.8568,7.3889,0.0169,1.043,8.6943
522040,1996-01,82.7949,7.4982,0.0167,1.1059,8.5844
522040,1997-01,82.6866,7.5294,0.0157,1.1707,8.5976
522040,1998-01,82.3681,7.8272,0.0147,1.2131,8.5768
522040,1999-01,82.4002,7.7977,0.0137,1.2476,8.5409
522040,2000-01,82.4047,7.889,0.0145,1.2994,8.3924
522040,2001-01,82.3054,7.9801,0.0145,1.3577,8.3423
522040,2002-01,82.1499,8.1009,0.0145,1.3722,8.3625
522040,2003-01,82.1797,8.0375,0.0151,1.3747,8.3931
522040,2004-01,82.0473,8.1154,0.0153,1.4042,8.4177
522040,2005-01,81.976,8.1682,0.0153,1.4128,8.4277
522040,2006-01,81.915,8.1939,0.0153,1.4299,8.4459
522040,2007-01,81.8989,8.1419,0.0153,1.4618,8.4822
522040,2008-01,81.821,8.1451,0.0153,1.5319,8.4867
522040,2009-01,81.801,8.1898,0.0155,1.5684,8.4253
522040,2010-01,81.2852,8.0125,0.0153,1.6013,9.0858
522040,2011-01,81.1903,8.0023,0.0155,1.65,9.1418
522040,2012-01,81.0154,8.123,0.0155,1.7361,9.11
522040,2013-01,80.9122,8.2249,0.0155,1.8477,8.9996
522040,2014-01,80.5674,8.5363,0.0155,1.9547,8.926
522040,2015-01,80.3935,8.6058,0.0155,2.0498,8.9354
522040,2016-01,80.2384,8.653,0.0145,2.0588,9.0354
522040,2017-01,80.2582,8.5888,0.0145,2.1479,8.9907
522040,2018-01,79.9676,8.7435,0.0145,2.2464,9.028
522040,2019-01,79.8589,8.8068,0.0145,2.2835,9.0364
522040,2020-01,79.7408,8.8088,0.0149,2.4149,9.0207
522040,2021-01,79.5538,8.9342,0.0155,2.5642,8.9323
522040,2022-01,79.4355,8.9766,0.0155,2.6213,8.9511
522040,2023-01,79.1664,9.0044,0.0155,2.6923,9.1214
522040,2024-01,79.1573,9.0119,0.0149,2.8191,8.9968
522045,1985-01,67.5922,28.6695,0.5545,2.725,0.4587
522045,1986-01,69.2105,27.0605,0.4716,2.7997,0.4577
522045,1987-01,69.5962,26.6325,0.4591,2.8611,0.4511
522045,1988-01,69.422,26.6293,0.4476,3.0416,0.4594
522045,1989-01,69.6399,26.2851,0.4188,3.2179,0.4383
522045,1990-01,69.5347,26.3208,0.3862,3.3197,0.4386
522045,1991-01,69.6527,25.9636,0.3585,3.5696,0.4556
522045,1992-01,69.9696,25.3781,0.3311,3.8809,0.4403
522045,1993-01,69.9026,25.023,0.3311,4.3033,0.44
522045,1994-01,70.0563,24.592,0.3123,4.6184,0.4209
522045,1995-01,70.2802,23.9441,0.2932,5.0557,0.4268
522045,1996-01,70.1906,23.5588,0.295,5.5468,0.4088
522045,1997-01,70.3378,23.1815,0.2873,5.763,0.4303
522045,1998-01,70.1952,23.0197,0.2956,6.0914,0.398
522045,1999-01,70.0776,22.8923,0.3557,6.3437,0.3307
522045,2000-01,69.9194,22.8038,0.3796,6.6519,0.2453
522045,2001-01,69.8969,22.6979,0.3768,6.7952,0.2332
522045,2002-01,69.9129,22.5889,0.3588,6.8913,0.2481
522045,2003-01,69.764,22.4931,0.3633,7.1277,0.2519
522045,2004-01,69.5471,22.4445,0.363,7.3949,0.2505
522045,2005-01,69.2993,22.5028,0.3571,7.5889,0.2519
522045,2006-01,68.9262,22.5881,0.3397,7.8871,0.2589
522045,2007-01,68.229,22.7381,0.3473,8.4427,0.2429
522045,2008-01,67.7067,22.974,0.3404,8.7259,0.253
522045,2009-01,67.0869,23.093,0.3355,9.2451,0.2394
522045,2010-01,66.2196,23.218,0.3293,10.0066,0.2266
522045,2011-01,65.1947,23.4436,0.3317,10.8031,0.2269
522045,2012-01,64.1545,23.7118,0.3401,11.5833,0.2103
522045,2013-01,63.2872,23.766,0.3442,12.4027,0.1999
522045,2014-01,62.7086,23.7265,0.3394,13.0163,0.2093
522045,2015-01,62.0892,23.849,0.3411,13.5164,0.2044
522045,2016-01,61.5682,24.1391,0.3414,13.7461,0.2051
522045,2017-01,61.1161,24.1922,0.3401,14.1313,0.2204
522045,2018-01,60.3506,24.2824,0.3342,14.8039,0.229
522045,2019-01,59.4055,24.4982,0.3296,15.5337,0.2329
522045,2020-01,57.9976,24.6627,0.3307,16.7658,0.2433
522045,2021-01,57.0918,24.6444,0.3217,17.6941,0.2481
522045,2022-01,56.4286,24.5986,0.2946,18.3843,0.2939
522045,2023-01,56.0951,24.5431,0.2887,18.7573,0.3158
522045,2024-01,56.102,24.2624,0.2963,19.0454,0.2939
522050,1985-01,52.4073,41.0565,5.8831,0.0889,0.5642
522050,1986-01,53.9487,39.6368,5.756,0.0934,0.5651
522050,1987-01,55.3649,38.3038,5.6596,0.0726,0.5991
522050,1988-01,56.0394,37.9254,5.3677,0.0675,0.6
522050,1989-01,57.9682,36.1144,5.263,0.0676,0.5867
522050,1990-01,59.9083,34.3091,5.1406,0.0661,0.5759
522050,1991-01,61.305,33.0947,4.9372,0.0735,0.5896
522050,1992-01,64.6312,29.9562,4.7506,0.073,0.589
522050,1993-01,66.18,28.5063,4.6337,0.1057,0.5743
522050,1994-01,67.3104,27.4819,4.5405,0.1092,0.558
522050,1995-01,68.3802,26.4981,4.4912,0.0977,0.5329
522050,1996-01,68.2513,26.6894,4.4124,0.102,0.5448
522050,1997-01,68.4811,26.4998,4.354,0.0901,0.5749
522050,1998-01,68.3524,26.6602,4.2983,0.093,0.5961
522050,1999-01,68.251,26.7909,4.2641,0.1055,0.5886
522050,2000-01,68.9407,26.1386,4.4199,0.141,0.3598
522050,2001-01,69.3441,25.7737,4.406,0.1445,0.3317
522050,2002-01,69.6784,25.472,4.3657,0.1408,0.343
522050,2003-01,70.2995,24.8979,4.3151,0.1382,0.3493
522050,2004-01,70.6388,24.6206,4.2805,0.138,0.3219
522050,2005-01,70.7029,24.5937,4.2473,0.1347,0.3213
522050,2006-01,70.556,24.7572,4.1779,0.1364,0.3725
522050,2007-01,70.2023,25.1295,4.14,0.1327,0.3956
522050,2008-01,70.1226,25.2474,4.1405,0.1334,0.3561
522050,2009-01,69.8316,25.5597,4.1352,0.1403,0.3332
522050,2010-01,69.3793,26.036,4.1085,0.1405,0.3356
522050,2011-01,69.1936,26.2231,4.083,0.1386,0.3617
522050,2012-01,68.8908,26.5544,4.0713,0.1316,0.3519
522050,2013-01,68.6529,26.8104,4.0704,0.1327,0.3337
522050,2014-01,68.3474,27.1332,4.0609,0.1302,0.3283
522050,2015-01,68.0237,27.4632,4.0468,0.1336,0.3326
522050,2016-01,67.7155,27.7883,4.0302,0.1362,0.3298
522050,2017-01,67.5245,27.988,4.024,0.1373,0.3261
522050,2018-01,67.4587,28.0595,4.0226,0.1372,0.322
522050,2019-01,67.4211,28.1131,4.0177,0.1259,0.3223
522050,2020-01,67.2714,28.2822,4.0178,0.1212,0.3074
522050,2021-01,67.1035,28.4575,4.0152,0.1183,0.3055
522050,2022-01,67.1077,28.4537,3.9831,0.1188,0.3367
522050,2023-01,67.2078,28.3598,3.9842,0.1193,0.329
522050,2024-01,67.3586,28.2232,3.9831,0.1173,0.3179
522060,1985-01,50.4546,44.3635,3.0817,1.968,0.1322
522060,1986-01,51.5628,43.7798,2.6054,1.9235,0.1284
522060,1987-01,51.6954,44.0408,2.3245,1.8093,0.13
522060,1988-01,52.7344,43.4634,2.0122,1.6468,0.1433
522060,1989-01,53.0038,43.7004,1.7465,1.4065,0.1427
522060,1990-01,54.1177,42.8965,1.5978,1.2399,0.1481
522060,1991-01,55.4124,42.0591,1.3743,0.994,0.1602
522060,1992-01,57.2415,40.3208,1.2919,0.9699,0.176
522060,1993-01,58.7197,39.0253,1.2323,0.8522,0.1705
522060,1994-01,60.0669,37.8354,1.1751,0.744,0.1787
522060,1995-01,60.8829,37.1062,1.1244,0.7084,0.1781
522060,1996-01,61.5607,36.5505,1.0946,0.6338,0.1604
522060,1997-01,62.8624,35.3959,1.0202,0.5536,0.1679
522060,1998-01,64.3767,34.0084,0.9618,0.4841,0.169
522060,1999-01,65.4445,32.9573,0.9406,0.487,0.1707
522060,2000-01,66.3968,32.1003,0.9291,0.4686,0.1053
522060,2001-01,67.1731,31.2384,0.9047,0.5831,0.1007
522060,2002-01,68.1941,30.2245,0.8739,0.6046,0.1029
522060,2003-01,69.1778,29.3204,0.8427,0.5473,0.1118
522060,2004-01,70.1405,28.4373,0.8098,0.4755,0.137
522060,2005-01,70.3291,27.8617,0.7851,0.3786,0.6455
522060,2006-01,70.2838,27.675,0.7683,0.3703,0.9026
522060,2007-01,70.2586,27.7032,0.7458,0.376,0.9163
522060,2008-01,70.3129,27.6794,0.7352,0.3633,0.9093
522060,2009-01,70.3172,27.695,0.7191,0.3543,0.9144
522060,2010-01,70.3368,27.6771,0.7077,0.3617,0.9166
522060,2011-01,70.3031,27.7015,0.6952,0.3812,0.9189
522060,2012-01,70.3677,27.6397,0.6801,0.3906,0.9217
522060,2013-01,70.424,27.5815,0.6734,0.3994,0.9218
522060,2014-01,70.4431,27.5504,0.6675,0.3996,0.9394
522060,2015-01,70.4924,27.4986,0.6576,0.4084,0.943
522060,2016-01,70.471,27.5194,0.6513,0.4147,0.9435
522060,2017-01,70.5407,27.44,0.6436,0.4334,0.9423
522060,2018-01,70.5642,27.3975,0.6374,0.447,0.9541
522060,2019-01,70.5946,27.3521,0.629,0.4713,0.953
522060,2020-01,70.6969,27.2447,0.6215,0.4782,0.9587
522060,2021-01,70.8987,27.0419,0.613,0.4814,0.9651
522060,2022-01,71.0474,26.8642,0.6036,0.4898,0.9951
522060,2023-01,71.1968,26.6885,0.5963,0.4952,1.0232
522060,2024-01,71.3012,26.5765,0.5942,0.4988,1.0293
522068,1985-01,54.0029,41.8074,2.8294,0.4984,0.8618
522068,1986-01,55.5045,40.4638,2.6965,0.4237,0.9116
522068,1987-01,55.2457,40.8433,2.6573,0.337,0.9168
522068,1988-01,55.2884,40.9832,2.4759,0.3245,0.928
522068,1989-01,55.1977,41.1476,2.4072,0.328,0.9195
522068,1990-01,55.0335,41.4414,2.2743,0.3163,0.9345
522068,1991-01,54.2528,42.3893,2.1181,0.3128,0.927
522068,1992-01,55.2283,41.6054,1.9395,0.3033,0.9235
522068,1993-01,56.6242,40.3062,1.8613,0.295,0.9133
522068,1994-01,59.5117,37.4489,1.8153,0.3138,0.9103
522068,1995-01,61.9376,35.0995,1.7421,0.3362,0.8846
522068,1996-01,62.9154,34.1881,1.6859,0.3827,0.8279
522068,1997-01,62.9244,34.2416,1.6407,0.3952,0.7981
522068,1998-01,62.8979,34.3335,1.5932,0.4027,0.7727
522068,1999-01,62.3625,34.9249,1.5623,0.4139,0.7364
522068,2000-01,62.4477,34.8986,1.5393,0.4332,0.6812
522068,2001-01,62.5857,34.7562,1.505,0.4791,0.674
522068,2002-01,62.6176,34.6787,1.4758,0.5523,0.6755
522068,2003-01,62.8821,34.3828,1.4621,0.5918,0.6812
522068,2004-01,62.8192,34.4323,1.4423,0.6115,0.6947
522068,2005-01,63.6007,33.6999,1.4353,0.5623,0.7017
522068,2006-01,63.8301,33.5502,1.4198,0.4941,0.7057
522068,2007-01,64.2806,33.1325,1.4024,0.4874,0.6972
522068,2008-01,65.563,31.8741,1.3894,0.5021,0.6715
522068,2009-01,66.37,31.0553,1.3754,0.5446,0.6547
522068,2010-01,67.6896,29.7554,1.3551,0.5561,0.6437
522068,2011-01,68.6163,28.8485,1.3399,0.5718,0.6235
522068,2012-01,69.5085,27.9558,1.3172,0.604,0.6145
522068,2013-01,70.645,26.8545,1.3092,0.6145,0.5768
522068,2014-01,71.02,26.411,1.2847,0.715,0.5693
522068,2015-01,71.0206,26.4227,1.2734,0.717,0.5663
522068,2016-01,71.1083,26.5144,1.2615,0.5533,0.5626
522068,2017-01,70.6826,26.9948,1.2337,0.5433,0.5456
522068,2018-01,71.0546,26.631,1.2152,0.5641,0.5351
522068,2019-01,72.3856,25.321,1.1915,0.5693,0.5326
522068,2020-01,72.2037,25.5374,1.186,0.5476,0.5253
522068,2021-01,72.3736,25.3967,1.188,0.5383,0.5034
522068,2022-01,72.5855,25.2181,1.1755,0.5381,0.4829
522068,2023-01,73.8896,23.9049,1.1555,0.5526,0.4974
522068,2024-01,74.049,23.5959,1.13,0.7487,0.4764
522070,1985-01,13.8935,64.676,20.9697,0.4275,0.0333
522070,1986-01,14.5053,64.2833,20.8151,0.3484,0.0479
522070,1987-01,15.0819,64.0029,20.5715,0.2882,0.0555
522070,1988-01,16.0184,63.4469,20.1619,0.3089,0.0639
522070,1989-01,16.6719,63.028,19.9369,0.3079,0.0554
522070,1990-01,17.6728,62.5558,19.3261,0.3897,0.0556
522070,1991-01,18.1228,62.4912,18.9427,0.3828,0.0605
522070,1992-01,18.7533,62.2332,18.7303,0.2196,0.0635
522070,1993-01,19.3,61.9437,18.5422,0.1567,0.0574
522070,1994-01,19.7311,61.6967,18.3729,0.1542,0.045
522070,1995-01,19.86,61.6845,18.2435,0.1743,0.0377
522070,1996-01,20.1501,61.5571,18.044,0.2146,0.0342
522070,1997-01,20.4335,61.3678,17.9353,0.2246,0.0389
522070,1998-01,20.8402,61.0862,17.8085,0.2284,0.0368
522070,1999-01,21.1799,60.8339,17.7303,0.2233,0.0326
522070,2000-01,21.6282,60.4822,17.6438,0.2282,0.0176
522070,2001-01,21.9479,60.2614,17.5241,0.2527,0.014
522070,2002-01,22.8155,59.4294,17.4335,0.3078,0.0138
522070,2003-01,23.9904,58.2673,17.3346,0.3942,0.0135
522070,2004-01,25.2189,57.1446,17.1488,0.4727,0.015
522070,2005-01,26.2688,56.1799,17.0674,0.4652,0.0186
522070,2006-01,26.8915,55.6753,16.9863,0.4242,0.0227
522070,2007-01,27.2475,55.3631,16.9472,0.4181,0.0241
522070,2008-01,28.2456,54.3771,16.7738,0.5676,0.0359
522070,2009-01,28.6604,53.8297,16.6386,0.8346,0.0367
522070,2010-01,29.9673,52.7323,16.3642,0.9002,0.036
522070,2011-01,31.0688,51.7317,16.1127,1.0508,0.0361
522070,2012-01,32.6993,50.4642,15.8358,0.9663,0.0344
522070,2013-01,33.9434,49.564,15.6667,0.7937,0.0321
522070,2014-01,34.5582,49.2112,15.534,0.6657,0.0309
522070,2015-01,34.7927,49.1706,15.3921,0.6144,0.0301
522070,2016-01,35.4372,48.7339,15.2157,0.5842,0.029
522070,2017-01,36.3243,47.9259,15.1386,0.582,0.0292
522070,2018-01,37.0342,47.4608,14.9304,0.5453,0.0294
522070,2019-01,38.1691,46.5436,14.7061,0.5538,0.0274
522070,2020-01,38.3568,46.4542,14.5671,0.5934,0.0285
522070,2021-01,39.0453,45.8221,14.4574,0.6491,0.0261
522070,2022-01,40.4218,44.8874,13.9541,0.7111,0.0256
522070,2023-01,41.6636,43.7554,13.7565,0.7896,0.0349
522070,2024-01,42.4195,43.0801,13.5983,0.8642,0.0378
522100,1985-01,69.7518,29.9497,0.0159,0.2032,0.0794
522100,1986-01,71.2128,28.4957,0.0067,0.2107,0.074
522100,1987-01,71.9964,27.7067,0.0042,0.2158,0.0769
522100,1988-01,72.2406,27.4437,0.0042,0.2296,0.082
522100,1989-01,72.7783,26.8942,0.0042,0.2388,0.0845
522100,1990-01,73.6627,25.9861,0.0038,0.2613,0.0861
522100,1991-01,74.1457,25.4901,0.0038,0.2659,0.0945
522100,1992-01,74.6136,25.0251,0.0038,0.2622,0.0953
522100,1993-01,74.9849,24.6321,0.0038,0.2743,0.105
522100,1994-01,75.1447,24.4694,0.0038,0.2697,0.1125
522100,1995-01,75.422,24.1888,0.0038,0.2672,0.1183
522100,1996-01,75.4939,24.1277,0.0038,0.2613,0.1133
522100,1997-01,75.8577,23.7572,0.0038,0.2638,0.1175
522100,1998-01,76.0041,23.5552,0.0038,0.3207,0.1162
522100,1999-01,76.5842,22.9625,0.0033,0.327,0.1229
522100,2000-01,76.8497,22.7568,0.0038,0.2898,0.0999
522100,2001-01,77.0547,22.5502,0.0038,0.2873,0.1041
522100,2002-01,77.3445,22.2633,0.0038,0.2818,0.1066
522100,2003-01,77.7368,21.8689,0.0038,0.2868,0.1037
522100,2004-01,77.8372,21.7602,0.0038,0.2906,0.1083
522100,2005-01,77.8631,21.7242,0.0038,0.2956,0.1133
522100,2006-01,77.8439,21.7417,0.0038,0.2981,0.1125
522100,2007-01,77.843,21.7363,0.0033,0.3057,0.1116
522100,2008-01,77.7569,21.8065,0.0033,0.3303,0.1029
522100,2009-01,77.7799,21.7426,0.0033,0.3701,0.1041
522100,2010-01,77.741,21.7488,0.0033,0.3981,0.1087
522100,2011-01,77.6424,21.8316,0.0025,0.4115,0.1121
522100,2012-01,77.5386,21.9174,0.0029,0.4244,0.1167
522100,2013-01,77.5202,21.932,0.0004,0.4332,0.1142
522100,2014-01,77.4943,21.9437,0.0,0.4416,0.1204
522100,2015-01,77.5202,21.8977,0.0,0.46,0.1221
522100,2016-01,77.4613,21.9027,0.0,0.4959,0.1401
522100,2017-01,77.3588,21.9596,0.0,0.5373,0.1443
522100,2018-01,77.3421,21.9621,0.0,0.5457,0.1501
522100,2019-01,77.3843,21.9094,0.0,0.5524,0.1539
522100,2020-01,77.3572,21.9299,0.0,0.5574,0.1556
522100,2021-01,77.3831,21.8998,0.0,0.5657,0.1514
522100,2022-01,77.4496,21.8182,0.0,0.577,0.1551
522100,2023-01,77.4646,21.7672,0.0,0.585,0.1832
522100,2024-01,77.6938,21.5226,0.0,0.6,0.1836
522108,1985-01,3.4653,89.0815,6.8355,0.1869,0.4307
522108,1986-01,3.6024,88.9588,6.7901,0.1827,0.466
522108,1987-01,3.639,88.9765,6.7567,0.1751,0.4527
522108,1988-01,3.6899,88.9631,6.732,0.1604,0.4546
522108,1989-01,3.4676,89.2185,6.6993,0.1575,0.4572
522108,1990-01,3.6821,89.0524,6.6448,0.1673,0.4534
522108,1991-01,4.0373,88.7062,6.6272,0.1778,0.4515
522108,1992-01,4.1455,88.6065,6.6175,0.1831,0.4475
522108,1993-01,4.2853,88.4946,6.6019,0.1809,0.4373
522108,1994-01,4.5062,88.3211,6.5845,0.1773,0.4109
522108,1995-01,4.72,88.1459,6.5761,0.1938,0.3642
522108,1996-01,4.8395,88.062,6.5461,0.204,0.3484
522108,1997-01,5.5632,87.3468,6.5405,0.2145,0.3351
522108,1998-01,6.0787,86.8527,6.5314,0.2147,0.3225
522108,1999-01,6.4416,86.5159,6.5293,0.2062,0.3071
522108,2000-01,6.9872,85.9947,6.5446,0.2205,0.2531
522108,2001-01,7.5177,85.4728,6.5467,0.2241,0.2387
522108,2002-01,7.8255,85.1732,6.5425,0.2214,0.2375
522108,2003-01,8.0786,84.9182,6.5415,0.2252,0.2365
522108,2004-01,8.2084,84.8045,6.5348,0.2196,0.2327
522108,2005-01,8.2239,84.813,6.5218,0.2081,0.2333
522108,2006-01,8.2726,84.7726,6.5182,0.206,0.2307
522108,2007-01,8.2575,84.7958,6.5212,0.2075,0.218
522108,2008-01,8.2869,84.7745,6.5141,0.2075,0.217
522108,2009-01,8.464,84.5974,6.5107,0.2158,0.2121
522108,2010-01,8.554,84.5127,6.5082,0.2183,0.2068
522108,2011-01,9.1159,83.9528,6.5049,0.2177,0.2087
522108,2012-01,10.3288,82.753,6.5025,0.2184,0.1974
522108,2013-01,12.0862,80.9908,6.5024,0.229,0.1916
522108,2014-01,12.8846,80.1906,6.502,0.2287,0.194
522108,2015-01,13.3591,79.7166,6.5024,0.2319,0.19
522108,2016-01,12.944,80.135,6.4945,0.24,0.1865
522108,2017-01,11.9855,81.1078,6.4862,0.236,0.1845
522108,2018-01,11.5679,81.5267,6.4855,0.2342,0.1856
522108,2019-01,11.6872,81.3933,6.4785,0.2593,0.1817
522108,2020-01,12.0998,80.9892,6.4734,0.2588,0.179
522108,2021-01,12.4176,80.6894,6.4708,0.2416,0.1805
522108,2022-01,12.6897,80.4227,6.467,0.2325,0.188
522108,2023-01,12.5743,80.5435,6.4594,0.2331,0.1897
522108,2024-01,12.2694,80.8515,6.452,0.2343,0.1928
522119,1985-01,67.1648,30.2624,0.7175,1.2992,0.5562
522119,1986-01,69.2305,28.3805,0.4945,1.4294,0.4651
522119,1987-01,70.6513,27.0188,0.3939,1.4614,0.4747
522119,1988-01,72.0193,25.6692,0.3643,1.4238,0.5234
522119,1989-01,72.4579,25.2233,0.33,1.423,0.5658
522119,1990-01,73.4465,24.2963,0.3132,1.3966,0.5474
522119,1991-01,73.8484,23.8097,0.3068,1.3719,0.6632
522119,1992-01,74.0498,23.5948,0.302,1.3671,0.6864
522119,1993-01,74.3471,23.2439,0.29,1.3599,0.7591
522119,1994-01,74.4262,23.1169,0.2828,1.4102,0.7639
522119,1995-01,74.5516,22.9003,0.2756,1.4965,0.7759
522119,1996-01,74.7898,22.5839,0.262,1.5947,0.7695
522119,1997-01,74.5174,22.5863,0.2557,1.8648,0.7759
522119,1998-01,74.1674,22.7837,0.2485,2.0317,0.7687
522119,1999-01,74.1083,22.8324,0.2333,2.0469,0.7791
522119,2000-01,74.3345,22.6613,0.2349,2.2011,0.5682
522119,2001-01,74.344,22.6582,0.2221,2.2307,0.545
522119,2002-01,74.4687,22.5367,0.2133,2.2011,0.5801
522119,2003-01,74.7771,22.1676,0.2053,2.2611,0.5889
522119,2004-01,74.8019,22.0724,0.1846,2.3553,0.5857
522119,2005-01,74.3384,22.5455,0.1766,2.3466,0.5929
522119,2006-01,74.2497,22.5759,0.1782,2.4241,0.5722
522119,2007-01,74.277,22.5167,0.1846,2.4664,0.5554
522119,2008-01,74.221,22.6014,0.1814,2.4392,0.557
522119,2009-01,74.2922,22.4951,0.1814,2.5207,0.5106
522119,2010-01,74.0796,22.631,0.1798,2.5822,0.5274
522119,2011-01,73.7449,22.4704,0.1782,2.6605,0.946
522119,2012-01,73.6626,22.5727,0.1718,2.6302,0.9628
522119,2013-01,73.6171,22.6526,0.171,2.6349,0.9244
522119,2014-01,73.6323,22.5942,0.1798,2.6485,0.9452
522119,2015-01,73.5276,22.6797,0.1782,2.6741,0.9404
522119,2016-01,73.5836,22.6198,0.1806,2.6805,0.9356
522119,2017-01,73.546,22.611,0.1814,2.7076,0.954
522119,2018-01,73.4813,22.6701,0.183,2.7116,0.954
522119,2019-01,73.4877,22.6717,0.183,2.7348,0.9228
522119,2020-01,73.3814,22.7341,0.183,2.8003,0.9012
522119,2021-01,73.3263,22.7453,0.179,2.8475,0.902
522119,2022-01,73.4837,22.5175,0.179,2.8107,1.0091
522119,2023-01,73.5237,22.4152,0.1774,2.8395,1.0442
522119,2024-01,73.8338,22.0875,0.1774,2.8651,1.0362
522130,1985-01,43.2155,23.3232,1.1019,0.6231,31.7362
522130,1986-01,45.7258,22.4057,1.0789,0.6261,30.1635
522130,1987-01,45.8775,22.3704,1.0597,0.6052,30.0872
522130,1988-01,44.1103,22.3522,1.0307,0.5908,31.916
522130,1989-01,44.3481,22.2394,1.0014,0.5735,31.8376
522130,1990-01,44.5941,21.8233,0.9607,0.5597,32.0622
522130,1991-01,44.6486,21.6172,0.9287,0.6213,32.1842
522130,1992-01,44.824,21.2539,0.9158,0.6536,32.3526
522130,1993-01,45.4926,20.8949,0.9005,0.7535,31.9584
522130,1994-01,46.0523,20.6942,0.8838,0.7918,31.5779
522130,1995-01,46.7134,20.5209,0.879,0.8612,31.0255
522130,1996-01,48.9263,20.3827,0.8712,0.9509,28.8689
522130,1997-01,49.8482,20.2301,0.8545,0.9533,28.1139
522130,1998-01,49.8844,20.1628,0.8299,0.9082,28.2147
522130,1999-01,52.0788,20.3907,0.821,0.9548,25.7546
522130,2000-01,52.7664,20.4865,0.8302,0.9862,24.9306
522130,2001-01,53.0306,20.3695,0.8174,0.9844,24.7981
522130,2002-01,53.0336,20.1443,0.8093,1.0012,25.0116
522130,2003-01,50.1462,19.4799,0.8018,0.9339,28.6383
522130,2004-01,49.7646,18.6922,0.7922,0.9252,29.8257
522130,2005-01,50.5032,18.0756,0.7818,0.9821,29.6573
522130,2006-01,50.7168,17.8495,0.7716,1.006,29.6561
522130,2007-01,50.3262,17.672,0.7545,1.0165,30.2307
522130,2008-01,52.2977,17.8177,0.7357,1.0652,28.0837
522130,2009-01,53.0993,17.6885,0.7219,1.0416,27.4487
522130,2010-01,54.5087,17.6415,0.7189,1.0499,26.0809
522130,2011-01,54.6911,17.5874,0.7064,1.0347,25.9804
522130,2012-01,54.0959,17.4223,0.7028,1.0128,26.7662
522130,2013-01,57.6007,17.4585,0.6932,1.1044,23.1432
522130,2014-01,59.0223,17.4621,0.6845,1.137,21.6941
522130,2015-01,59.3301,17.5294,0.6833,1.137,21.3202
522130,2016-01,59.039,17.7576,0.6809,1.1181,21.4043
522130,2017-01,60.5282,17.7418,0.6779,1.1334,19.9187
522130,2018-01,60.7196,17.9581,0.6735,1.1304,19.5185
522130,2019-01,60.7454,17.8495,0.6723,1.1364,19.5965
522130,2020-01,60.8659,17.7827,0.6705,1.1346,19.5463
522130,2021-01,61.0122,17.6424,0.6612,1.1379,19.5463
522130,2022-01,55.7808,17.2003,0.6525,1.1035,25.2629
522130,2023-01,53.6065,16.5825,0.6468,1.0843,28.0798
522130,2024-01,54.4132,16.4398,0.6405,1.0867,27.4197
522140,1985-01,73.0722,24.2398,1.1587,1.336,0.1933
522140,1986-01,74.9686,22.2701,1.1043,1.4548,0.2021
522140,1987-01,76.0564,21.1138,1.0982,1.53,0.2016
522140,1988-01,76.4401,20.67,1.061,1.6263,0.2026
522140,1989-01,76.8169,20.1994,1.0157,1.7553,0.2128
522140,1990-01,77.1055,19.9033,0.9886,1.7763,0.2263
522140,1991-01,77.1361,19.837,0.9517,1.8497,0.2255
522140,1992-01,77.2797,19.5408,0.9146,2.0283,0.2367
522140,1993-01,77.5254,19.0942,0.9014,2.2332,0.2458
522140,1994-01,77.7416,18.7082,0.8606,2.4407,0.2489
522140,1995-01,78.2264,17.9896,0.8365,2.6973,0.2501
522140,1996-01,78.6434,17.3753,0.8156,2.9147,0.251
522140,1997-01,78.8691,16.9631,0.7976,3.0832,0.2871
522140,1998-01,78.9852,16.7185,0.7928,3.1902,0.3133
522140,1999-01,79.1087,16.5398,0.7843,3.2461,0.3211
522140,2000-01,79.2674,16.3413,0.7966,3.3373,0.2575
522140,2001-01,79.2364,16.3034,0.7919,3.4095,0.2588
522140,2002-01,79.3049,16.1552,0.7842,3.466,0.2897
522140,2003-01,79.4489,15.9364,0.7669,3.5278,0.32
522140,2004-01,79.5753,15.7258,0.7618,3.6068,0.3302
522140,2005-01,79.5562,15.6907,0.757,3.6505,0.3456
522140,2006-01,79.4852,15.6963,0.7476,3.7195,0.3513
522140,2007-01,79.4206,15.7121,0.7433,3.7612,0.3628
522140,2008-01,79.3989,15.6976,0.7402,3.8032,0.3601
522140,2009-01,79.3843,15.6681,0.7394,3.8628,0.3455
522140,2010-01,79.2772,15.6689,0.7329,3.9715,0.3496
522140,2011-01,79.0415,15.6985,0.7311,4.1747,0.3543
522140,2012-01,78.8467,15.7286,0.7312,4.3436,0.35
522140,2013-01,78.7429,15.6992,0.7333,4.4886,0.336
522140,2014-01,78.6259,15.6914,0.7305,4.5999,0.3524
522140,2015-01,78.4968,15.6751,0.7272,4.7307,0.3703
522140,2016-01,78.4206,15.6793,0.7244,4.8107,0.365
522140,2017-01,78.2927,15.7317,0.7203,4.8793,0.376
522140,2018-01,78.0364,15.7872,0.7154,5.0581,0.4029
522140,2019-01,77.8348,15.8034,0.7104,5.2485,0.4029
522140,2020-01,77.5381,15.8246,0.7052,5.5199,0.4122
522140,2021-01,77.3727,15.8157,0.7024,5.6932,0.416
522140,2022-01,77.2383,15.7825,0.6961,5.8471,0.4361
522140,2023-01,77.1634,15.7716,0.6916,5.9182,0.4552
522140,2024-01,77.2117,15.6654,0.6933,5.9781,0.4515
522145,1985-01,23.6991,75.0618,0.5488,0.4764,0.2138
522145,1986-01,25.6306,73.1479,0.5107,0.4683,0.2425
522145,1987-01,27.4793,71.4504,0.5251,0.335,0.2101
522145,1988-01,28.4159,70.6006,0.5149,0.2529,0.2157
522145,1989-01,29.3807,69.6807,0.4795,0.197,0.262
522145,1990-01,30.4917,68.5934,0.4238,0.1672,0.3238
522145,1991-01,31.5801,67.5358,0.4034,0.1392,0.3414
522145,1992-01,33.2202,65.913,0.3832,0.1378,0.3458
522145,1993-01,34.1816,64.9493,0.3832,0.1355,0.3504
522145,1994-01,35.2052,63.9303,0.3797,0.1384,0.3465
522145,1995-01,36.155,62.9856,0.3812,0.1412,0.337
522145,1996-01,36.2862,62.8593,0.3722,0.1467,0.3356
522145,1997-01,36.3468,62.7733,0.3627,0.1619,0.3554
522145,1998-01,36.8237,62.3088,0.3881,0.1649,0.3144
522145,1999-01,37.5994,61.5391,0.3857,0.171,0.3048
522145,2000-01,38.0282,61.1434,0.3811,0.1677,0.2796
522145,2001-01,38.3939,60.761,0.3864,0.195,0.2638
522145,2002-01,38.69,60.4534,0.3956,0.2123,0.2487
522145,2003-01,39.1898,59.9613,0.3931,0.2137,0.2421
522145,2004-01,39.1523,59.9943,0.3911,0.2226,0.2397
522145,2005-01,39.421,59.7388,0.3861,0.2114,0.2427
522145,2006-01,39.3013,59.8734,0.3767,0.1991,0.2496
522145,2007-01,39.3631,59.8217,0.3892,0.1895,0.2364
522145,2008-01,39.5623,59.593,0.3879,0.1987,0.258
522145,2009-01,40.2101,58.9454,0.3644,0.1955,0.2846
522145,2010-01,41.2684,57.901,0.3834,0.1885,0.2587
522145,2011-01,41.8244,57.3485,0.3846,0.1846,0.2578
522145,2012-01,42.6609,56.5148,0.391,0.1818,0.2515
522145,2013-01,43.8959,55.2956,0.3887,0.1764,0.2434
522145,2014-01,44.7788,54.4105,0.3879,0.1761,0.2468
522145,2015-01,45.4506,53.7345,0.3865,0.1805,0.2478
522145,2016-01,46.0943,53.0986,0.3878,0.1787,0.2407
522145,2017-01,46.4199,52.7759,0.388,0.1803,0.2358
522145,2018-01,46.5453,52.6339,0.3859,0.189,0.246
522145,2019-01,46.5603,52.6262,0.385,0.1858,0.2426
522145,2020-01,47.2004,51.9939,0.3843,0.1777,0.2437
522145,2021-01,47.7863,51.4254,0.3833,0.1659,0.2392
522145,2022-01,48.5608,50.6311,0.3729,0.1745,0.2609
522145,2023-01,49.8885,49.2883,0.3737,0.1786,0.2709
522145,2024-01,50.8582,48.3269,0.3699,0.1751,0.2699
522150,1985-01,84.2375,14.8744,0.6064,0.1465,0.1353
522150,1986-01,85.3999,13.7246,0.5941,0.1488,0.1327
522150,1987-01,86.179,12.9286,0.5807,0.1591,0.1526
522150,1988-01,86.5329,12.5729,0.5743,0.176,0.1439
522150,1989-01,86.7479,12.3945,0.5423,0.1768,0.1385
522150,1990-01,86.7943,12.3648,0.5251,0.1716,0.1442
522150,1991-01,86.9455,12.2367,0.5075,0.165,0.1453
522150,1992-01,87.0465,12.1478,0.4879,0.1661,0.1517
522150,1993-01,87.0623,12.1357,0.4778,0.167,0.1572
522150,1994-01,87.2099,11.9915,0.4687,0.1791,0.1508
522150,1995-01,87.3104,11.8826,0.4678,0.1867,0.1524
522150,1996-01,87.4902,11.7082,0.4504,0.1947,0.1565
522150,1997-01,87.6825,11.5076,0.4333,0.1983,0.1784
522150,1998-01,87.8408,11.366,0.4328,0.1963,0.1641
522150,1999-01,87.8893,11.2993,0.4305,0.2057,0.1751
522150,2000-01,87.9944,11.2111,0.4308,0.216,0.1476
522150,2001-01,87.9658,11.2388,0.4308,0.2196,0.1449
522150,2002-01,87.972,11.218,0.4246,0.2212,0.1641
522150,2003-01,87.9157,11.2651,0.4196,0.223,0.1766
522150,2004-01,87.8324,11.279,0.4143,0.2589,0.2153
522150,2005-01,87.7151,11.3852,0.4132,0.265,0.2216
522150,2006-01,87.6018,11.4613,0.4068,0.2838,0.2463
522150,2007-01,87.5134,11.5232,0.4081,0.2982,0.2571
522150,2008-01,87.417,11.6016,0.4051,0.3077,0.2687
522150,2009-01,87.3245,11.6803,0.4035,0.324,0.2676
522150,2010-01,87.2986,11.6992,0.3999,0.3349,0.2675
522150,2011-01,87.231,11.7447,0.3951,0.3503,0.2788
522150,2012-01,87.2746,11.7102,0.3997,0.3496,0.2659
522150,2013-01,87.2842,11.7196,0.4013,0.3388,0.2561
522150,2014-01,87.2957,11.6919,0.4017,0.3324,0.2783
522150,2015-01,87.3078,11.701,0.4017,0.3096,0.2799
522150,2016-01,87.2689,11.7545,0.401,0.2989,0.2767
522150,2017-01,87.2614,11.7691,0.3983,0.298,0.2732
522150,2018-01,87.2323,11.7764,0.3939,0.3114,0.2861
522150,2019-01,87.1848,11.8059,0.3921,0.3336,0.2837
522150,2020-01,87.1706,11.7943,0.3924,0.3421,0.3005
522150,2021-01,87.1928,11.7612,0.3958,0.346,0.3041
522150,2022-01,87.2387,11.6967,0.3955,0.3562,0.313
522150,2023-01,87.2602,11.6707,0.3937,0.3594,0.316
522150,2024-01,87.3352,11.612,0.3917,0.3558,0.3052
522155,1985-01,79.5901,9.2339,8.8725,0.0762,2.2273
522155,1986-01,81.1582,7.6542,8.8323,0.08,2.2754
522155,1987-01,81.3733,7.4385,8.801,0.0793,2.3079
522155,1988-01,81.5217,7.4021,8.7389,0.0777,2.2597
522155,1989-01,81.7917,7.2744,8.6594,0.0849,2.1897
522155,1990-01,81.8529,7.5475,8.3118,0.084,2.2038
522155,1991-01,81.8663,7.6499,8.1665,0.0759,2.2414
522155,1992-01,81.9163,7.6571,8.1209,0.0708,2.2348
522155,1993-01,82.0464,7.5574,8.0959,0.0738,2.2264
522155,1994-01,82.1281,7.5134,8.0264,0.0856,2.2465
522155,1995-01,82.1967,7.5125,7.9772,0.0939,2.2196
522155,1996-01,82.3065,7.4498,7.922,0.1006,2.2211
522155,1997-01,82.3614,7.4952,7.777,0.1019,2.2645
522155,1998-01,82.4207,7.5604,7.6868,0.1049,2.2272
522155,1999-01,82.4827,7.5861,7.6337,0.1116,2.186
522155,2000-01,82.5653,7.6663,7.8175,0.1236,1.8274
522155,2001-01,82.6336,7.6356,7.7992,0.133,1.7986
522155,2002-01,82.6711,7.6455,7.6536,0.1432,1.8866
522155,2003-01,82.7039,7.6572,7.578,0.1449,1.916
522155,2004-01,82.7203,7.6528,7.5325,0.1452,1.9492
522155,2005-01,82.7109,7.679,7.5099,0.1488,1.9514
522155,2006-01,82.7156,7.6947,7.4613,0.1499,1.9785
522155,2007-01,82.7305,7.6622,7.4244,0.1542,2.0287
522155,2008-01,82.7396,7.6764,7.4174,0.1553,2.0112
522155,2009-01,82.8306,7.6068,7.4299,0.169,1.9637
522155,2010-01,82.8131,7.6204,7.4197,0.1953,1.9516
522155,2011-01,82.7944,7.6666,7.4231,0.21,1.906
522155,2012-01,82.8176,7.6831,7.4429,0.2141,1.8423
522155,2013-01,82.8311,7.7413,7.4377,0.216,1.774
522155,2014-01,82.8441,7.7523,7.3977,0.2342,1.7717
522155,2015-01,82.8792,7.7409,7.3743,0.2416,1.7641
522155,2016-01,82.9207,7.7394,7.3108,0.2488,1.7804
522155,2017-01,82.9231,7.7121,7.2748,0.2595,1.8306
522155,2018-01,82.8016,7.6649,7.2092,0.271,2.0533
522155,2019-01,82.8253,7.6542,7.1847,0.2805,2.0553
522155,2020-01,82.8365,7.6545,7.1661,0.2851,2.0578
522155,2021-01,82.8267,7.6903,7.1338,0.2917,2.0575
522155,2022-01,82.8555,7.7583,7.1261,0.2886,1.9715
522155,2023-01,82.8976,7.746,7.0212,0.3113,2.0238
522155,2024-01,82.9993,7.7462,7.0183,0.3072,1.929
522157,1985-01,24.6403,74.6055,0.0806,0.0975,0.5762
522157,1986-01,26.6732,72.5754,0.066,0.0945,0.5909
522157,1987-01,28.5602,70.7063,0.0582,0.0866,0.5887
522157,1988-01,29.8616,69.422,0.0524,0.0811,0.5829
522157,1989-01,31.543,67.7494,0.0448,0.0806,0.5822
522157,1990-01,33.5712,65.7155,0.0424,0.0813,0.5896
522157,1991-01,34.1589,65.1479,0.0404,0.0804,0.5724
522157,1992-01,39.3725,59.9346,0.0394,0.0872,0.5664
522157,1993-01,42.2871,57.0302,0.0332,0.0911,0.5584
522157,1994-01,43.3046,56.0205,0.028,0.0926,0.5544
522157,1995-01,44.0516,55.2964,0.0289,0.0938,0.5293
522157,1996-01,45.7918,53.567,0.0267,0.0902,0.5243
522157,1997-01,47.656,51.7013,0.0241,0.0875,0.5312
522157,1998-01,50.3302,49.0259,0.0262,0.0926,0.5251
522157,1999-01,52.6873,46.6459,0.0241,0.0928,0.55
522157,2000-01,55.5893,43.8253,0.0238,0.0914,0.4702
522157,2001-01,57.1457,42.268,0.0249,0.0906,0.4707
522157,2002-01,58.0459,41.3534,0.0247,0.0884,0.4876
522157,2003-01,59.0093,40.3851,0.0236,0.0868,0.4952
522157,2004-01,59.642,39.7523,0.0223,0.0836,0.4997
522157,2005-01,60.2164,39.1812,0.0225,0.0827,0.4973
522157,2006-01,60.8041,38.5935,0.0225,0.0835,0.4964
522157,2007-01,61.2529,38.1489,0.0217,0.0817,0.4947
522157,2008-01,61.3197,38.0806,0.0211,0.0808,0.4979
522157,2009-01,61.3679,38.0357,0.022,0.0803,0.494
522157,2010-01,61.8258,37.5819,0.0221,0.084,0.4862
522157,2011-01,62.1177,37.293,0.0219,0.0857,0.4816
522157,2012-01,62.8246,36.5826,0.0252,0.0861,0.4815
522157,2013-01,63.4179,35.9942,0.0256,0.086,0.4762
522157,2014-01,63.8122,35.6011,0.0257,0.0856,0.4754
522157,2015-01,64.0231,35.4044,0.0257,0.0849,0.4619
522157,2016-01,64.1216,35.3127,0.024,0.0831,0.4586
522157,2017-01,64.041,35.3936,0.0259,0.0823,0.4573
522157,2018-01,63.5533,35.8583,0.0247,0.0822,0.4815
522157,2019-01,63.4983,35.913,0.0252,0.0859,0.4776
522157,2020-01,63.5647,35.8416,0.0245,0.0886,0.4806
522157,2021-01,63.7705,35.6396,0.0246,0.0916,0.4737
522157,2022-01,64.3153,35.0973,0.021,0.0969,0.4696
522157,2023-01,64.7975,34.6121,0.0235,0.0995,0.4674
522157,2024-01,65.0948,34.3068,0.0234,0.1009,0.4741
522160,1985-01,41.2739,56.7676,0.3933,0.7209,0.8443
522160,1986-01,43.5658,54.4621,0.3763,0.7711,0.8247
522160,1987-01,44.5138,53.5117,0.38,0.7763,0.8182
522160,1988-01,44.6853,53.3565,0.3683,0.7598,0.8302
522160,1989-01,45.6476,52.4208,0.3559,0.7447,0.831
522160,1990-01,46.2811,51.8427,0.3359,0.7068,0.8335
522160,1991-01,46.37,51.8202,0.3172,0.656,0.8365
522160,1992-01,47.4689,50.7351,0.3005,0.6439,0.8517
522160,1993-01,48.4904,49.719,0.2997,0.6375,0.8534
522160,1994-01,49.6247,48.5766,0.29,0.6502,0.8584
522160,1995-01,50.3238,47.8661,0.283,0.6634,0.8637
522160,1996-01,51.2697,46.8989,0.2737,0.6968,0.8608
522160,1997-01,50.6646,43.9595,0.263,0.7184,4.3945
522160,1998-01,50.4791,41.8587,0.2607,0.7183,6.6831
522160,1999-01,50.7536,41.4254,0.2589,0.7184,6.8437
522160,2000-01,50.86,41.3419,0.2583,0.7528,6.787
522160,2001-01,51.5688,41.01,0.2564,1.0208,6.1439
522160,2002-01,51.8385,40.9359,0.2556,1.0154,5.9546
522160,2003-01,51.6909,41.1458,0.2548,0.9778,5.9308
522160,2004-01,51.7609,40.9829,0.2534,0.9306,6.0721
522160,2005-01,51.5418,40.8129,0.2517,0.759,6.6345
522160,2006-01,51.3512,40.9093,0.2494,0.756,6.7341
522160,2007-01,51.3341,40.6846,0.249,0.7446,6.9877
522160,2008-01,51.0884,40.9714,0.2479,0.7557,6.9365
522160,2009-01,50.8845,41.0566,0.2469,0.7511,7.0609
522160,2010-01,50.5718,40.766,0.2471,0.7648,7.6502
522160,2011-01,50.5586,40.4407,0.2467,0.7848,7.9692
522160,2012-01,50.9916,39.92,0.2456,0.8053,8.0375
522160,2013-01,51.886,39.7455,0.2446,0.9769,7.147
522160,2014-01,52.9874,39.244,0.2433,1.0421,6.4832
522160,2015-01,53.6985,39.1323,0.2412,1.3424,5.5855
522160,2016-01,54.4607,39.2001,0.2384,1.4554,4.6454
522160,2017-01,54.9556,39.1128,0.2359,1.3399,4.3559
522160,2018-01,54.557,39.5596,0.2355,1.2905,4.3574
522160,2019-01,54.4993,39.5838,0.2356,1.2892,4.3922
522160,2020-01,53.3967,39.733,0.2354,1.0946,5.5403
522160,2021-01,53.3718,39.6229,0.2343,1.0976,5.6734
522160,2022-01,52.4186,38.6478,0.2337,0.9349,7.7651
522160,2023-01,52.7236,37.1945,0.2336,0.9608,8.8875
522160,2024-01,53.6895,36.351,0.2343,0.9815,8.7437
522170,1985-01,79.9785,18.5358,0.3511,0.5073,0.6273
522170,1986-01,80.4295,18.0842,0.3483,0.54,0.5981
522170,1987-01,80.9882,17.5083,0.3475,0.5424,0.6136
522170,1988-01,81.0549,17.4147,0.3339,0.55,0.6464
522170,1989-01,80.9963,17.4933,0.3211,0.522,0.6673
522170,1990-01,81.0548,17.4944,0.3112,0.4971,0.6424
522170,1991-01,81.3825,17.1677,0.3104,0.4902,0.6492
522170,1992-01,81.6207,16.9267,0.2993,0.4961,0.6571
522170,1993-01,81.9673,16.5567,0.2936,0.521,0.6614
522170,1994-01,82.3452,16.1662,0.2718,0.5449,0.6719
522170,1995-01,82.6835,15.8307,0.2448,0.5685,0.6726
522170,1996-01,82.9093,15.5855,0.2405,0.5728,0.6919
522170,1997-01,83.0066,15.4974,0.2367,0.5652,0.6942
522170,1998-01,83.057,15.474,0.2184,0.5708,0.6798
522170,1999-01,82.9932,15.5342,0.2103,0.5664,0.696
522170,2000-01,82.8116,15.7899,0.2098,0.5716,0.617
522170,2001-01,82.7567,15.8473,0.2075,0.5713,0.6172
522170,2002-01,82.7888,15.7911,0.2009,0.5741,0.645
522170,2003-01,82.9838,15.5879,0.198,0.5738,0.6566
522170,2004-01,82.9546,15.6327,0.1919,0.5733,0.6475
522170,2005-01,82.8475,15.7375,0.1897,0.5748,0.6506
522170,2006-01,82.5293,16.0289,0.1884,0.5818,0.6716
522170,2007-01,82.1649,16.3945,0.1887,0.5866,0.6653
522170,2008-01,81.8962,16.6685,0.1892,0.5876,0.6585
522170,2009-01,81.7606,16.8096,0.19,0.5904,0.6493
522170,2010-01,81.7377,16.8324,0.1886,0.5911,0.6503
522170,2011-01,81.6159,16.9319,0.1854,0.6064,0.6603
522170,2012-01,81.6446,16.9111,0.1848,0.611,0.6485
522170,2013-01,81.7922,16.8026,0.1811,0.6213,0.6028
522170,2014-01,81.8613,16.734,0.178,0.6257,0.601
522170,2015-01,81.889,16.7284,0.176,0.6277,0.5789
522170,2016-01,81.7613,16.8563,0.1727,0.6433,0.5663
522170,2017-01,81.6076,16.9969,0.1732,0.6541,0.5681
522170,2018-01,81.4493,17.0903,0.1729,0.6574,0.6301
522170,2019-01,81.156,17.3693,0.1719,0.6648,0.638
522170,2020-01,80.9109,17.5282,0.1716,0.6824,0.7069
522170,2021-01,80.9277,17.5074,0.1703,0.6887,0.7059
522170,2022-01,80.9935,17.4083,0.1689,0.693,0.7363
522170,2023-01,81.1633,17.2182,0.1671,0.7062,0.7452
522170,2024-01,81.6434,16.7375,0.1704,0.7128,0.7359
522180,1985-01,54.3947,44.2932,0.3035,0.2645,0.7441
522180,1986-01,55.8254,42.9308,0.2523,0.2477,0.7439
522180,1987-01,55.9761,42.8739,0.2172,0.1907,0.7421
522180,1988-01,56.0963,42.7936,0.2042,0.1675,0.7384
522180,1989-01,56.563,42.3609,0.1825,0.1585,0.7352
522180,1990-01,56.8904,42.0316,0.1693,0.1696,0.7391
522180,1991-01,57.2896,41.6289,0.1369,0.2022,0.7425
522180,1992-01,58.4524,40.5062,0.1162,0.1786,0.7466
522180,1993-01,59.8929,39.1247,0.1074,0.1299,0.7451
522180,1994-01,60.8772,38.143,0.0995,0.1281,0.7522
522180,1995-01,61.5009,37.4753,0.0939,0.174,0.7559
522180,1996-01,61.8293,37.1531,0.0921,0.1865,0.7389
522180,1997-01,62.9301,36.0571,0.0887,0.1863,0.7378
522180,1998-01,63.7591,35.2559,0.0848,0.1527,0.7474
522180,1999-01,64.3768,34.6563,0.0853,0.1322,0.7495
522180,2000-01,65.0129,34.0462,0.0859,0.1302,0.7248
522180,2001-01,65.8109,33.2594,0.0864,0.131,0.7124
522180,2002-01,66.3004,32.7667,0.0859,0.1341,0.7128
522180,2003-01,66.96,32.0899,0.084,0.1525,0.7136
522180,2004-01,67.5651,31.4787,0.0824,0.1532,0.7207
522180,2005-01,67.8623,31.1924,0.0817,0.147,0.7166
522180,2006-01,68.2254,30.8348,0.0805,0.144,0.7154
522180,2007-01,68.2424,30.8237,0.0788,0.148,0.7072
522180,2008-01,68.4507,30.6211,0.079,0.1536,0.6957
522180,2009-01,68.5881,30.48,0.0776,0.1682,0.6861
522180,2010-01,68.7308,30.3217,0.077,0.1836,0.6869
522180,2011-01,68.8553,30.1771,0.0755,0.1997,0.6924
522180,2012-01,69.0667,29.9616,0.0754,0.2124,0.6839
522180,2013-01,69.3959,29.6212,0.075,0.229,0.679
522180,2014-01,69.6195,29.3956,0.0743,0.2309,0.6796
522180,2015-01,69.8778,29.1419,0.0744,0.2284,0.6773
522180,2016-01,69.9674,29.0452,0.0743,0.2315,0.6817
522180,2017-01,70.0251,28.9755,0.0747,0.2419,0.6828
522180,2018-01,70.0794,28.8929,0.0738,0.2706,0.6833
522180,2019-01,70.028,28.9256,0.0744,0.2894,0.6825
522180,2020-01,70.1299,28.8271,0.0733,0.2858,0.6839
522180,2021-01,70.2311,28.7383,0.0733,0.277,0.6802
522180,2022-01,70.2052,28.7456,0.0725,0.2816,0.6951
522180,2023-01,70.5584,28.3845,0.0695,0.2848,0.7028
522180,2024-01,70.7334,28.1985,0.0698,0.2924,0.7059
522185,1985-01,10.2031,64.4262,3.0677,22.2792,0.0238
522185,1986-01,9.2344,65.6521,2.7924,22.2973,0.0238
522185,1987-01,9.2596,65.8254,2.5743,22.3141,0.0266
522185,1988-01,9.63,65.0384,2.531,22.7768,0.0238
522185,1989-01,9.9333,63.7385,2.3773,23.9271,0.0238
522185,1990-01,10.8544,60.9402,2.327,25.8547,0.0238
522185,1991-01,11.4358,58.4396,2.299,27.8018,0.0238
522185,1992-01,12.0621,57.5617,2.211,28.1415,0.0238
522185,1993-01,12.3682,56.308,2.1564,29.1437,0.0238
522185,1994-01,12.3444,55.0234,2.1159,30.4925,0.0238
522185,1995-01,12.2032,52.7742,2.0936,32.9066,0.0224
522185,1996-01,11.9194,50.5881,2.046,35.4254,0.021
522185,1997-01,11.9124,47.5144,1.9873,38.5649,0.021
522185,1998-01,11.9907,45.9698,1.8769,40.1458,0.0168
522185,1999-01,12.5833,43.8256,1.6994,41.8749,0.0168
522185,2000-01,12.7062,43.3098,1.6729,42.2887,0.0224
522185,2001-01,13.0123,42.9394,1.5932,42.4327,0.0224
522185,2002-01,13.3002,43.0567,1.5233,42.0987,0.021
522185,2003-01,13.4191,43.033,1.5192,42.0093,0.0196
522185,2004-01,13.5183,42.7967,1.4018,42.265,0.0182
522185,2005-01,13.7112,42.7129,1.3389,42.2175,0.0196
522185,2006-01,13.9376,42.6766,1.2033,42.1643,0.0182
522185,2007-01,13.9669,42.3285,1.1251,42.5613,0.0182
522185,2008-01,13.563,42.1454,1.0915,43.1805,0.0196
522185,2009-01,13.1394,41.8421,1.0789,43.9228,0.0168
522185,2010-01,12.7746,41.0859,1.0761,45.0466,0.0168
522185,2011-01,12.8221,40.1732,1.0664,45.9216,0.0168
522185,2012-01,12.8682,39.4478,1.0636,46.6037,0.0168
522185,2013-01,13.0192,38.4638,1.0636,47.4339,0.0196
522185,2014-01,12.885,38.0459,1.065,47.9846,0.0196
522185,2015-01,12.4531,37.5721,1.0636,48.8918,0.0196
522185,2016-01,12.4083,36.964,1.0636,49.5459,0.0182
522185,2017-01,12.4488,36.1548,1.037,50.344,0.0154
522185,2018-01,12.4991,35.8976,1.0188,50.5662,0.0182
522185,2019-01,12.193,35.9829,1.0132,50.7996,0.0112
522185,2020-01,11.4928,35.66,0.9909,51.8451,0.0112
522185,2021-01,10.9561,35.7942,0.9504,52.2896,0.0098
522185,2022-01,10.9211,35.4574,0.9112,52.7019,0.0084
522185,2023-01,10.8037,35.1624,0.907,53.1198,0.007
522185,2024-01,11.0777,34.7375,0.8889,53.2875,0.0084
522190,1985-01,51.6998,43.8984,4.0821,0.0972,0.2224
522190,1986-01,54.6787,41.3263,3.6784,0.0924,0.2242
522190,1987-01,56.0392,40.052,3.5975,0.0824,0.229
522190,1988-01,56.6097,39.5528,3.5266,0.0885,0.2224
522190,1989-01,57.6369,38.6328,3.421,0.0941,0.2153
522190,1990-01,58.9555,37.4496,3.2781,0.0939,0.2229
522190,1991-01,59.5815,37.0139,3.0951,0.0919,0.2176
522190,1992-01,60.0875,36.6572,2.9468,0.0919,0.2166
522190,1993-01,60.8795,35.9075,2.8994,0.0921,0.2215
522190,1994-01,61.2845,35.5876,2.8038,0.0959,0.2282
522190,1995-01,61.9306,34.9612,2.783,0.0986,0.2267
522190,1996-01,62.2551,34.6567,2.7577,0.1073,0.2232
522190,1997-01,62.2056,34.7363,2.7177,0.1085,0.232
522190,1998-01,62.3512,34.6117,2.7059,0.1138,0.2174
522190,1999-01,62.911,34.1123,2.6358,0.1194,0.2215
522190,2000-01,63.5674,33.5112,2.6286,0.1227,0.1701
522190,2001-01,64.2005,32.8994,2.6117,0.1244,0.164
522190,2002-01,64.922,32.2086,2.5722,0.1219,0.1753
522190,2003-01,65.5761,31.5874,2.5395,0.1285,0.1686
522190,2004-01,66.0936,31.1172,2.4887,0.1262,0.1743
522190,2005-01,66.4799,30.7447,2.4755,0.1283,0.1716
522190,2006-01,66.8261,30.4165,2.454,0.1283,0.1751
522190,2007-01,67.14,30.1158,2.431,0.1242,0.189
522190,2008-01,67.3379,29.9192,2.4299,0.1308,0.1822
522190,2009-01,67.4992,29.7677,2.4318,0.1354,0.1658
522190,2010-01,67.7187,29.5603,2.4156,0.1377,0.1677
522190,2011-01,67.9473,29.3572,2.3983,0.1335,0.1639
522190,2012-01,68.3023,29.0043,2.3927,0.1465,0.1543
522190,2013-01,68.4508,28.8417,2.4017,0.175,0.1308
522190,2014-01,68.4771,28.8059,2.3908,0.1917,0.1344
522190,2015-01,68.5491,28.7442,2.389,0.189,0.1286
522190,2016-01,68.4546,28.8465,2.4065,0.1869,0.1055
522190,2017-01,68.408,28.9093,2.3902,0.1875,0.105
522190,2018-01,68.1644,29.1698,2.3647,0.1932,0.108
522190,2019-01,68.0566,29.2913,2.3554,0.1932,0.1035
522190,2020-01,68.4542,28.9051,2.3411,0.1877,0.1119
522190,2021-01,68.7549,28.6121,2.3409,0.1872,0.1048
522190,2022-01,69.296,28.0753,2.2903,0.1846,0.1538
522190,2023-01,69.8508,27.5273,2.2662,0.1827,0.1729
522190,2024-01,70.585,26.8156,2.266,0.1816,0.1518
522200,1985-01,50.6585,46.3785,1.2006,1.6145,0.1478
522200,1986-01,52.4563,44.8385,0.9572,1.5959,0.1522
522200,1987-01,53.9601,43.6852,0.7382,1.4677,0.1488
522200,1988-01,55.6358,41.9301,0.5863,1.6949,0.1529
522200,1989-01,57.9159,39.6013,0.431,1.9051,0.1467
522200,1990-01,60.7097,36.9831,0.3731,1.7832,0.151
522200,1991-01,63.1777,34.99,0.3269,1.344,0.1614
522200,1992-01,64.8835,33.4886,0.3169,1.1407,0.1703
522200,1993-01,66.8522,31.8314,0.3096,0.8484,0.1585
522200,1994-01,67.9371,30.856,0.2975,0.7447,0.1646
522200,1995-01,68.6775,30.1902,0.2881,0.6843,0.1599
522200,1996-01,69.213,29.8417,0.2933,0.5147,0.1373
522200,1997-01,70.4537,28.6527,0.2733,0.4805,0.1398
522200,1998-01,71.3479,27.7932,0.2434,0.4808,0.1348
522200,1999-01,72.2636,26.8794,0.2374,0.4921,0.1276
522200,2000-01,72.808,26.366,0.256,0.5003,0.0698
522200,2001-01,73.1809,25.8875,0.257,0.6101,0.0645
522200,2002-01,73.8134,25.235,0.2515,0.6327,0.0674
522200,2003-01,74.4726,24.6769,0.2452,0.5274,0.0779
522200,2004-01,74.9414,24.2189,0.2341,0.5202,0.0853
522200,2005-01,75.2278,23.939,0.2222,0.5261,0.085
522200,2006-01,75.3294,23.8728,0.2117,0.4952,0.0908
522200,2007-01,75.439,23.7822,0.2001,0.4847,0.0939
522200,2008-01,75.6262,23.5661,0.1979,0.5157,0.0941
522200,2009-01,75.8389,23.3435,0.1928,0.5366,0.0883
522200,2010-01,75.9591,23.1979,0.1863,0.5697,0.087
522200,2011-01,76.0528,23.1048,0.1826,0.5713,0.0885
522200,2012-01,76.17,22.9867,0.1806,0.5707,0.092
522200,2013-01,76.2456,22.8914,0.1793,0.5939,0.0898
522200,2014-01,76.2817,22.8374,0.1787,0.6055,0.0967
522200,2015-01,76.3471,22.7651,0.1784,0.6105,0.099
522200,2016-01,76.3523,22.76,0.1764,0.6078,0.1035
522200,2017-01,76.3484,22.7548,0.1759,0.6163,0.1046
522200,2018-01,76.2714,22.808,0.1761,0.634,0.1104
522200,2019-01,76.266,22.7848,0.1752,0.6643,0.1097
522200,2020-01,76.266,22.7497,0.1751,0.6968,0.1125
522200,2021-01,76.2461,22.7541,0.1745,0.7113,0.114
522200,2022-01,76.2605,22.7102,0.1716,0.7255,0.1321
522200,2023-01,76.3523,22.568,0.169,0.7527,0.158
522200,2024-01,76.4047,22.5156,0.1679,0.7556,0.1562
522205,1985-01,82.8387,9.2143,6.8752,0.1062,0.9657
522205,1986-01,83.27,8.7689,6.8788,0.1166,0.9657
522205,1987-01,83.3437,8.6771,6.8225,0.1218,1.0349
522205,1988-01,83.4122,8.6922,6.7343,0.1272,1.034
522205,1989-01,83.7068,8.6172,6.5778,0.1336,0.9646
522205,1990-01,83.7107,8.7867,6.3607,0.1525,0.9892
522205,1991-01,83.6982,8.8692,6.1967,0.1643,1.0716
522205,1992-01,83.8066,8.8637,6.0734,0.1666,1.0897
522205,1993-01,84.038,8.6452,6.0335,0.1804,1.1029
522205,1994-01,84.1121,8.6132,5.9723,0.1966,1.1058
522205,1995-01,84.1166,8.6608,5.9746,0.2089,1.0392
522205,1996-01,84.2539,8.5922,5.9112,0.2261,1.0167
522205,1997-01,84.2798,8.6217,5.8182,0.2295,1.0508
522205,1998-01,84.3017,8.7401,5.7452,0.2304,0.9825
522205,1999-01,84.3078,8.8241,5.6718,0.2395,0.9568
522205,2000-01,84.3884,8.837,5.7989,0.2514,0.7242
522205,2001-01,84.384,8.9012,5.7723,0.2514,0.6911
522205,2002-01,84.3551,8.9431,5.6986,0.2578,0.7454
522205,2003-01,84.3477,8.9624,5.6703,0.2686,0.7509
522205,2004-01,84.3733,8.9552,5.6555,0.282,0.734
522205,2005-01,84.3849,8.9496,5.635,0.2934,0.7371
522205,2006-01,84.3993,8.9711,5.5418,0.2986,0.7891
522205,2007-01,84.3983,8.9765,5.505,0.3123,0.8079
522205,2008-01,84.3387,8.967,5.4889,0.3566,0.8489
522205,2009-01,84.3261,8.9803,5.498,0.3807,0.8148
522205,2010-01,84.3048,8.9758,5.4855,0.4111,0.8228
522205,2011-01,84.2704,9.0134,5.5094,0.4313,0.7754
522205,2012-01,84.2653,8.9937,5.518,0.4653,0.7576
522205,2013-01,84.2453,8.9807,5.5028,0.4818,0.7894
522205,2014-01,84.2363,8.9866,5.4712,0.4937,0.8123
522205,2015-01,84.2483,8.9794,5.4614,0.5067,0.8042
522205,2016-01,84.2404,8.9722,5.4418,0.5534,0.7923
522205,2017-01,84.2357,8.9869,5.4155,0.5629,0.799
522205,2018-01,84.2171,9.003,5.3971,0.5697,0.8131
522205,2019-01,84.2091,9.0152,5.3654,0.5989,0.8113
522205,2020-01,84.2222,9.0187,5.3419,0.6048,0.8124
522205,2021-01,84.2332,9.0243,5.3301,0.6164,0.7961
522205,2022-01,84.2505,9.0273,5.2589,0.6261,0.8372
522205,2023-01,84.3051,9.0469,5.1223,0.6503,0.8754
522205,2024-01,84.376,9.0398,5.0975,0.6458,0.8408
522220,1985-01,29.467,66.2174,3.6624,0.302,0.3511
522220,1986-01,31.1453,64.6315,3.6052,0.265,0.353
522220,1987-01,31.6808,64.1459,3.57,0.2437,0.3597
522220,1988-01,32.1518,63.7369,3.4854,0.2416,0.3843
522220,1989-01,33.1458,62.796,3.4605,0.2367,0.361
522220,1990-01,34.3834,61.6031,3.4147,0.2253,0.3735
522220,1991-01,34.9636,61.0674,3.3625,0.2261,0.3804
522220,1992-01,35.5233,60.5262,3.3435,0.2275,0.3794
522220,1993-01,36.2306,59.8392,3.3369,0.2251,0.3682
522220,1994-01,36.942,59.1621,3.3199,0.2199,0.3561
522220,1995-01,38.1229,58.0502,3.2802,0.211,0.3357
522220,1996-01,39.7824,56.4232,3.2243,0.2473,0.3228
522220,1997-01,40.9275,55.3233,3.1943,0.2293,0.3257
522220,1998-01,42.3325,53.9941,3.148,0.2201,0.3052
522220,1999-01,43.7519,52.6075,3.1229,0.2138,0.3039
522220,2000-01,44.9828,51.4103,3.1189,0.2144,0.2736
522220,2001-01,45.4965,50.9197,3.1113,0.225,0.2475
522220,2002-01,46.3087,50.1115,3.0954,0.2413,0.2432
522220,2003-01,46.8944,49.5031,3.0793,0.2647,0.2586
522220,2004-01,47.1408,49.2238,3.0657,0.2863,0.2834
522220,2005-01,47.4536,48.9079,3.0557,0.3067,0.2761
522220,2006-01,47.5382,48.8235,3.0512,0.3017,0.2854
522220,2007-01,47.3988,48.9614,3.0456,0.3128,0.2813
522220,2008-01,47.2489,49.0772,3.0301,0.3591,0.2848
522220,2009-01,47.2167,49.0866,3.0319,0.3844,0.2804
522220,2010-01,47.4339,48.8942,3.0234,0.3788,0.2697
522220,2011-01,47.7964,48.5141,3.0086,0.4081,0.2728
522220,2012-01,48.7329,47.6063,2.9921,0.3958,0.2729
522220,2013-01,50.0202,46.3881,2.9729,0.3456,0.2733
522220,2014-01,50.695,45.7653,2.9591,0.3105,0.2701
522220,2015-01,51.4672,45.0393,2.9478,0.2833,0.2624
522220,2016-01,52.0122,44.508,2.9447,0.2774,0.2577
522220,2017-01,51.9317,44.5948,2.9324,0.2878,0.2533
522220,2018-01,51.8084,44.725,2.9049,0.298,0.2637
522220,2019-01,51.9389,44.6148,2.8617,0.3088,0.2758
522220,2020-01,51.3117,45.2422,2.8528,0.3079,0.2854
522220,2021-01,51.1495,45.4362,2.8157,0.3128,0.2858
522220,2022-01,51.119,45.4606,2.7817,0.3357,0.3031
522220,2023-01,51.1652,45.4325,2.7226,0.3609,0.3188
522220,2024-01,51.4501,45.1287,2.7016,0.3708,0.3487
522230,1985-01,40.8959,56.0328,2.0944,0.5201,0.4568
522230,1986-01,43.4079,53.9797,1.636,0.5349,0.4415
522230,1987-01,44.712,52.8602,1.4786,0.5153,0.434
522230,1988-01,45.2036,52.4016,1.4142,0.5303,0.4503
522230,1989-01,46.445,51.3312,1.3354,0.4387,0.4498
522230,1990-01,46.9931,50.9679,1.2846,0.287,0.4674
522230,1991-01,47.2353,50.8123,1.2551,0.2252,0.4721
522230,1992-01,48.1967,49.927,1.2006,0.205,0.4707
522230,1993-01,49.1912,48.9405,1.1787,0.2149,0.4747
522230,1994-01,50.4401,47.7529,1.1216,0.2172,0.4682
522230,1995-01,51.2718,46.9744,1.0996,0.1968,0.4574
522230,1996-01,51.614,46.6724,1.0814,0.1821,0.4501
522230,1997-01,51.5781,46.7186,1.0694,0.1742,0.4596
522230,1998-01,51.5469,46.7912,1.0482,0.1715,0.4423
522230,1999-01,51.8028,46.5532,1.0371,0.1606,0.4463
522230,2000-01,51.9623,46.4738,1.0364,0.1736,0.3539
522230,2001-01,52.3473,46.0827,1.0317,0.1917,0.3466
522230,2002-01,53.1191,45.2972,1.023,0.2077,0.353
522230,2003-01,53.8496,44.5346,1.016,0.2474,0.3524
522230,2004-01,54.0977,44.2894,1.0094,0.2422,0.3613
522230,2005-01,54.2889,44.0901,1.0023,0.2539,0.3648
522230,2006-01,54.2201,44.1392,0.9938,0.2831,0.3637
522230,2007-01,53.9791,44.3785,0.9888,0.2867,0.3669
522230,2008-01,53.7786,44.5578,0.9864,0.2954,0.3818
522230,2009-01,53.772,44.551,0.9831,0.3126,0.3813
522230,2010-01,53.8428,44.497,0.9784,0.3014,0.3804
522230,2011-01,54.0695,44.2844,0.9734,0.2896,0.383
522230,2012-01,54.3891,43.9887,0.9708,0.2722,0.3792
522230,2013-01,54.6776,43.7238,0.9674,0.2598,0.3715
522230,2014-01,54.859,43.5595,0.9636,0.2492,0.3688
522230,2015-01,55.0144,43.4252,0.9604,0.2414,0.3586
522230,2016-01,55.1905,43.2665,0.9591,0.2296,0.3543
522230,2017-01,55.3018,43.1701,0.955,0.2225,0.3506
522230,2018-01,55.2671,43.1947,0.9514,0.2257,0.3611
522230,2019-01,55.3409,43.119,0.9492,0.2382,0.3527
522230,2020-01,55.3067,43.1306,0.9451,0.2474,0.3702
522230,2021-01,55.3331,43.1124,0.9353,0.2478,0.3715
522230,2022-01,55.5911,42.8095,0.9268,0.2573,0.4152
522230,2023-01,56.0349,42.3463,0.9244,0.271,0.4234
522230,2024-01,56.6981,41.6951,0.9164,0.273,0.4175
