cod_mun;Município;jul/09;ago/09;set/09;out/09;nov/09;dez/09;jan/10;fev/10;mar/10;abr/10;mai/10;jun/10;jul/10;ago/10;set/10;out/10;nov/10;dez/10;jan/11;fev/11;mar/11;abr/11;mai/11;jun/11;jul/11;ago/11;set/11;out/11;nov/11;dez/11;jan/12;fev/12;mar/12;abr/12;mai/12;jun/12;jul/12;ago/12;set/12;out/12;nov/12;dez/12;jan/13;fev/13;mar/13;abr/13;mai/13;jun/13;jul/13;ago/13;set/13;out/13;nov/13;dez/13;jan/14;fev/14;mar/14;abr/14;mai/14;jun/14;jul/14;ago/14;set/14;out/14;nov/14;dez/14;jan/15;fev/15;mar/15;abr/15;mai/15;jun/15;jul/15;ago/15;set/15;out/15;nov/15;dez/15;jan/16;fev/16;mar/16;abr/16;mai/16;jun/16;jul/16;ago/16;set/16;out/16;nov/16;dez/16;jan/17;fev/17;mar/17;abr/17;mai/17;jun/17;jul/17;ago/17;set/17;out/17;nov/17;dez/17;jan/18;fev/18;mar/18;abr/18;mai/18;jun/18;jul/18;ago/18;set/18;out/18;nov/18;dez/18;jan/19;fev/19;mar/19;abr/19;mai/19;jun/19;jul/19;ago/19;set/19;out/19;nov/19;dez/19;jan/20;fev/20;mar/20;abr/20;mai/20;jun/20;jul/20;ago/20;set/20;out/20;nov/20;dez/20;jan/21;fev/21;mar/21;abr/21;mai/21;jun/21;jul/21;ago/21;set/21;out/21;nov/21;dez/21;jan/22;fev/22;mar/22;abr/22;mai/22;jun/22;jul/22;ago/22;set/22;out/22;nov/22;dez/22;jan/23;fev/23;mar/23;abr/23;mai/23;jun/23;jul/23;ago/23;set/23;out/23;nov/23;dez/23;jan/24;fev/24;mar/24;abr/24;mai/24;jun/24;jul/24;ago/24;set/24;out/24;nov/24;dez/24;jan/25;fev/25;mar/25;abr/25;mai/25;jun/25;jul/25;ago/25;set/25;out/25;nov/25;dez/25;jan/26;fev/26;mar/26;abr/26;mai/26;jun/26;jul/26
520005;ABADIA DE GOIAS;8,00%;8,00%;8,10%;8,10%;8,10%;8,10%;8,10%;8,20%;8,20%;8,20%;8,20%;8,20%;8,30%;8,30%;8,30%;8,30%;8,30%;8,30%;8,30%;8,40%;8,40%;8,40%;8,40%;8,40%;8,40%;8,50%;8,50%;8,50%;8,50%;8,50%;8,50%;8,50%;8,50%;8,50%;8,50%;8,50%;8,50%;8,60%;8,60%;8,60%;8,60%;8,60%;8,60%;8,60%;8,60%;8,60%;8,60%;8,60%;8,70%;8,70%;8,70%;8,70%;8,70%;8,70%;8,70%;8,70%;8,70%;8,70%;8,70%;8,70%;8,70%;8,80%;8,80%;8,80%;8,80%;8,80%;8,80%;8,80%;8,80%;8,80%;8,90%;8,90%;8,80%;8,80%;8,80%;8,80%;8,80%;8,80%;8,80%;8,80%;8,80%;8,80%;8,90%;8,90%;8,90%;8,90%;8,90%;8,90%;8,90%;8,90%;8,90%;8,90%;8,90%;9,00%;9,00%;9,00%;9,00%;9,00%;9,00%;9,00%;9,00%;9,00%;9,00%;9,00%;9,00%;9,10%;9,10%;9,10%;9,10%;9,10%;9,10%;9,10%;9,10%;9,10%;9,10%;9,20%;9,20%;9,20%;9,20%;9,20%;9,20%;9,20%;9,20%;9,20%;9,20%;9,20%;9,20%;9,20%;9,30%;9,30%;9,30%;9,30%;9,30%;9,30%;9,30%;9,30%;9,30%;9,30%;9,30%;9,30%;9,30%;9,30%;9,30%;9,30%;9,30%;9,30%;9,30%;9,40%;9,40%;9,40%;9,40%;9,40%;9,40%;9,40%;9,40%;9,40%;9,40%;9,40%;9,50%;9,50%;9,50%;9,50%;9,50%;9,50%;9,60%;9,60%;9,60%;9,60%;9,60%;9,60%;9,70%;9,70%;9,70%;9,70%;9,70%;9,80%;9,80%;9,80%;9,80%;9,80%;9,80%;9,80%;9,90%;9,90%;9,90%;9,90%;9,90%;9,90%;9,90%;9,90%;9,90%;9,90%;9,90%;9,90%;9,90%;9,90%;9,90%;9,90%;9,90%;9,90%;9,90%;9,90%;9,90%;9,90%;9,90%
520010;ABADIANIA;10,20%;10,20%;10,20%;10,20%;10,30%;10,30%;10,30%;10,30%;10,30%;10,40%;10,40%;10,40%;10,40%;10,40%;10,50%;10,50%;10,50%;10,60%;10,60%;10,60%;10,70%;10,70%;10,70%;10,70%;10,80%;10,80%;10,80%;10,90%;10,90%;10,90%;11,00%;11,00%;11,00%;11,00%;11,10%;11,10%;11,10%;11,20%;11,20%;11,20%;11,30%;11,30%;11,30%;11,40%;11,40%;11,40%;11,50%;11,50%;11,50%;11,60%;11,60%;11,60%;11,70%;11,70%;11,70%;11,80%;11,80%;11,80%;11,90%;11,90%;11,90%;12,40%;12,50%;12,50%;12,50%;12,60%;12,60%;12,70%;12,70%;12,70%;12,80%;12,80%;12,40%;12,40%;12,50%;12,50%;12,50%;12,60%;12,60%;12,70%;12,70%;12,70%;12,80%;12,80%;12,80%;12,90%;12,90%;13,00%;13,00%;13,10%;13,10%;13,20%;13,20%;13,30%;13,30%;13,30%;13,40%;13,40%;13,50%;13,50%;13,60%;13,60%;13,60%;13,70%;13,70%;13,80%;13,80%;13,90%;13,90%;14,00%;14,00%;14,00%;14,10%;14,10%;14,20%;14,20%;14,30%;14,30%;14,40%;14,40%;14,40%;14,50%;14,50%;14,60%;14,60%;14,70%;14,70%;14,70%;14,80%;14,80%;14,90%;14,90%;15,00%;15,00%;15,00%;15,10%;15,10%;15,20%;15,20%;15,20%;15,30%;15,30%;15,40%;15,40%;15,40%;15,50%;15,50%;15,60%;15,60%;15,70%;15,70%;15,80%;15,80%;15,90%;15,90%;16,00%;16,00%;16,10%;16,10%;16,20%;16,20%;16,30%;16,30%;16,40%;16,40%;16,50%;16,60%;16,60%;16,70%;16,70%;16,80%;16,80%;16,90%;16,90%;17,00%;17,10%;17,10%;17,20%;17,20%;17,30%;17,30%;17,40%;17,50%;17,50%;17,60%;17,70%;17,70%;17,80%;17,80%;17,90%;18,00%;18,00%;18,10%;18,20%;18,20%;18,30%;18,30%;18,40%;18,50%;18,50%;18,60%;18,70%;18,70%;18,80%;18,80%
520013;ACREUNA;8,80%;8,80%;8,80%;8,90%;8,90%;8,90%;8,90%;9,00%;9,00%;9,00%;9,00%;9,10%;9,10%;9,10%;9,10%;9,20%;9,20%;9,20%;9,30%;9,30%;9,30%;9,30%;9,40%;9,40%;9,40%;9,40%;9,50%;9,50%;9,50%;9,60%;9,60%;9,60%;9,70%;9,70%;9,70%;9,70%;9,80%;9,80%;9,80%;9,90%;9,90%;9,90%;10,00%;10,00%;10,00%;10,00%;10,10%;10,10%;10,10%;10,20%;10,20%;10,20%;10,30%;10,30%;10,30%;10,40%;10,40%;10,40%;10,50%;10,50%;10,50%;10,90%;11,00%;11,00%;11,00%;11,10%;11,10%;11,20%;11,20%;11,20%;11,30%;11,30%;10,90%;10,90%;11,00%;11,00%;11,10%;11,10%;11,10%;11,20%;11,20%;11,20%;11,30%;11,30%;11,30%;11,40%;11,40%;11,50%;11,50%;11,50%;11,60%;11,60%;11,70%;11,70%;11,70%;11,80%;11,80%;11,90%;11,90%;11,90%;12,00%;12,00%;12,10%;12,10%;12,20%;12,20%;12,20%;12,30%;12,30%;12,40%;12,40%;12,50%;12,50%;12,50%;12,60%;12,60%;12,70%;12,70%;12,80%;12,80%;12,80%;12,90%;12,90%;13,00%;13,00%;13,10%;13,10%;13,10%;13,20%;13,20%;13,30%;13,30%;13,30%;13,40%;13,40%;13,50%;13,50%;13,60%;13,60%;13,60%;13,70%;13,70%;13,80%;13,80%;13,80%;13,90%;13,90%;14,00%;14,00%;14,10%;14,10%;14,20%;14,20%;14,20%;14,30%;14,30%;14,40%;14,40%;14,50%;14,50%;14,60%;14,60%;14,70%;14,70%;14,80%;14,80%;14,90%;14,90%;15,00%;15,00%;15,10%;15,20%;15,20%;15,30%;15,30%;15,40%;15,40%;15,50%;15,60%;15,60%;15,70%;15,70%;15,80%;15,80%;15,90%;15,90%;16,00%;16,10%;16,10%;16,20%;16,20%;16,30%;16,30%;16,40%;16,40%;16,50%;16,50%;16,60%;16,70%;16,70%;16,80%;16,80%;16,90%;16,90%;17,00%
520015;ADELANDIA;12,90%;12,90%;13,00%;13,00%;13,10%;13,10%;13,10%;13,20%;13,20%;13,20%;13,30%;13,30%;13,40%;13,40%;13,40%;13,40%;13,40%;13,50%;13,50%;13,50%;13,50%;13,60%;13,60%;13,60%;13,60%;13,70%;13,70%;13,80%;13,80%;13,90%;13,90%;14,00%;14,00%;14,10%;14,10%;14,20%;14,20%;14,30%;14,30%;14,40%;14,40%;14,50%;14,50%;14,60%;14,60%;14,70%;14,70%;14,80%;14,80%;14,90%;15,00%;15,00%;15,10%;15,10%;15,20%;15,30%;15,30%;15,40%;15,50%;15,50%;15,60%;16,40%;16,50%;16,50%;16,60%;16,70%;16,80%;16,80%;16,90%;17,00%;17,00%;17,10%;16,30%;16,40%;16,50%;16,60%;16,60%;16,70%;16,80%;16,80%;16,90%;17,00%;17,00%;17,10%;17,20%;17,20%;17,30%;17,40%;17,50%;17,50%;17,60%;17,70%;17,80%;17,80%;17,90%;18,00%;18,10%;18,10%;18,20%;18,30%;18,40%;18,50%;18,60%;18,60%;18,70%;18,80%;18,90%;19,00%;19,10%;19,20%;19,20%;19,30%;19,40%;19,50%;19,60%;19,60%;19,70%;19,80%;19,90%;20,00%;20,00%;20,10%;20,30%;20,40%;20,50%;20,60%;20,70%;20,80%;20,90%;21,00%;21,20%;21,30%;21,40%;21,50%;21,60%;21,70%;21,70%;21,80%;21,90%;22,00%;22,10%;22,20%;22,30%;22,40%;22,50%;22,60%;22,60%;22,70%;22,80%;22,90%;23,00%;23,00%;23,10%;23,20%;23,30%;23,40%;23,50%;23,60%;23,70%;23,80%;23,90%;24,00%;24,10%;24,30%;24,40%;24,50%;24,60%;24,70%;24,80%;24,90%;25,00%;25,00%;25,10%;25,20%;25,30%;25,30%;25,40%;25,50%;25,50%;25,60%;25,70%;25,80%;25,90%;26,00%;26,10%;26,20%;26,30%;26,40%;26,60%;26,70%;26,80%;26,90%;27,00%;27,10%;27,20%;27,30%;27,40%;27,50%;27,70%;27,80%;27,90%;28,00%;28,10%;28,20%;28,30%
520017;AGUA FRIA DE GOIAS;9,10%;9,10%;9,10%;9,20%;9,20%;9,20%;9,20%;9,30%;9,30%;9,30%;9,30%;9,30%;9,40%;9,40%;9,40%;9,50%;9,50%;9,50%;9,50%;9,60%;9,60%;9,60%;9,70%;9,70%;9,70%;9,80%;9,80%;9,80%;9,90%;9,90%;9,90%;10,00%;10,00%;10,10%;10,10%;10,10%;10,20%;10,20%;10,20%;10,30%;10,30%;10,40%;10,40%;10,40%;10,50%;10,50%;10,50%;10,60%;10,60%;10,70%;10,70%;10,70%;10,70%;10,80%;10,80%;10,80%;10,90%;10,90%;10,90%;10,90%;11,00%;11,40%;11,50%;11,50%;11,60%;11,60%;11,60%;11,70%;11,70%;11,80%;11,80%;11,80%;11,40%;11,40%;11,50%;11,50%;11,60%;11,60%;11,60%;11,70%;11,70%;11,80%;11,80%;11,80%;11,90%;11,90%;12,00%;12,00%;12,00%;12,10%;12,10%;12,20%;12,20%;12,30%;12,30%;12,40%;12,40%;12,40%;12,50%;12,50%;12,60%;12,60%;12,70%;12,70%;12,80%;12,80%;12,80%;12,90%;12,90%;13,00%;13,00%;13,10%;13,10%;13,20%;13,20%;13,30%;13,30%;13,40%;13,40%;13,40%;13,50%;13,50%;13,60%;13,60%;13,70%;13,70%;13,80%;13,80%;13,90%;13,90%;14,00%;14,00%;14,10%;14,10%;14,20%;14,20%;14,30%;14,30%;14,30%;14,40%;14,40%;14,50%;14,50%;14,60%;14,60%;14,60%;14,70%;14,70%;14,80%;14,80%;14,90%;15,00%;15,00%;15,10%;15,10%;15,20%;15,20%;15,30%;15,30%;15,40%;15,40%;15,50%;15,50%;15,60%;15,60%;15,70%;15,70%;15,80%;15,80%;15,90%;15,90%;16,00%;16,00%;16,10%;16,10%;16,20%;16,30%;16,30%;16,40%;16,40%;16,50%;16,50%;16,60%;16,70%;16,70%;16,80%;16,90%;16,90%;17,00%;17,00%;17,10%;17,20%;17,20%;17,30%;17,40%;17,40%;17,50%;17,60%;17,60%;17,70%;17,70%;17,80%;17,90%;17,90%;18,00%
520020;AGUA LIMPA;15,10%;15,20%;15,20%;15,30%;15,30%;15,40%;15,40%;15,50%;15,50%;15,60%;15,60%;15,70%;15,70%;15,80%;15,80%;15,90%;15,90%;15,90%;16,00%;16,00%;16,10%;16,10%;16,20%;16,20%;16,20%;16,30%;16,30%;16,40%;16,40%;16,50%;16,50%;16,60%;16,60%;16,70%;16,70%;16,70%;16,80%;16,80%;16,80%;16,90%;16,90%;16,90%;17,00%;17,00%;17,00%;17,10%;17,10%;17,10%;17,10%;17,20%;17,30%;17,30%;17,40%;17,40%;17,50%;17,50%;17,60%;17,70%;17,70%;17,80%;17,80%;18,60%;18,60%;18,70%;18,70%;18,80%;18,90%;18,90%;19,00%;19,00%;19,10%;19,20%;18,50%;18,60%;18,60%;18,70%;18,70%;18,80%;18,90%;18,90%;19,00%;19,10%;19,10%;19,20%;19,20%;19,30%;19,30%;19,40%;19,40%;19,40%;19,50%;19,50%;19,60%;19,60%;19,60%;19,70%;19,70%;19,80%;19,90%;19,90%;20,00%;20,10%;20,20%;20,20%;20,30%;20,40%;20,40%;20,50%;20,60%;20,70%;20,70%;20,80%;20,90%;20,90%;21,00%;21,10%;21,20%;21,20%;21,30%;21,40%;21,50%;21,50%;21,60%;21,60%;21,70%;21,70%;21,80%;21,90%;21,90%;22,00%;22,00%;22,10%;22,10%;22,20%;22,20%;22,20%;22,30%;22,30%;22,30%;22,40%;22,40%;22,40%;22,50%;22,50%;22,50%;22,60%;22,70%;22,80%;22,90%;22,90%;23,00%;23,10%;23,20%;23,20%;23,30%;23,40%;23,50%;23,50%;23,60%;23,60%;23,60%;23,70%;23,70%;23,80%;23,80%;23,90%;23,90%;24,00%;24,00%;24,10%;24,10%;24,20%;24,20%;24,30%;24,30%;24,40%;24,50%;24,50%;24,60%;24,60%;24,70%;24,70%;24,80%;24,90%;25,00%;25,00%;25,10%;25,20%;25,30%;25,30%;25,40%;25,50%;25,60%;25,60%;25,70%;25,80%;25,90%;25,90%;26,00%;26,10%;26,10%;26,20%;26,30%;26,40%;26,40%
520025;AGUAS LINDAS DE GOIAS;3,60%;3,60%;3,60%;3,60%;3,60%;3,70%;3,70%;3,70%;3,70%;3,70%;3,70%;3,70%;3,70%;3,80%;3,80%;3,80%;3,80%;3,80%;3,80%;3,80%;3,80%;3,90%;3,90%;3,90%;3,90%;3,90%;3,90%;3,90%;3,90%;4,00%;4,00%;4,00%;4,00%;4,00%;4,00%;4,00%;4,10%;4,10%;4,10%;4,10%;4,10%;4,10%;4,10%;4,20%;4,20%;4,20%;4,20%;4,20%;4,20%;4,20%;4,20%;4,30%;4,30%;4,30%;4,30%;4,30%;4,30%;4,40%;4,40%;4,40%;4,40%;4,60%;4,60%;4,60%;4,60%;4,70%;4,70%;4,70%;4,70%;4,70%;4,80%;4,80%;4,60%;4,60%;4,60%;4,60%;4,70%;4,70%;4,70%;4,70%;4,70%;4,70%;4,80%;4,80%;4,80%;4,80%;4,80%;4,90%;4,90%;4,90%;4,90%;4,90%;4,90%;5,00%;5,00%;5,00%;5,00%;5,00%;5,10%;5,10%;5,10%;5,10%;5,20%;5,20%;5,20%;5,20%;5,20%;5,30%;5,30%;5,30%;5,30%;5,40%;5,40%;5,40%;5,40%;5,40%;5,50%;5,50%;5,50%;5,50%;5,60%;5,60%;5,60%;5,60%;5,70%;5,70%;5,70%;5,70%;5,70%;5,80%;5,80%;5,80%;5,80%;5,90%;5,90%;5,90%;5,90%;6,00%;6,00%;6,00%;6,00%;6,00%;6,10%;6,10%;6,10%;6,10%;6,20%;6,20%;6,20%;6,20%;6,30%;6,30%;6,30%;6,30%;6,40%;6,40%;6,40%;6,50%;6,50%;6,50%;6,50%;6,60%;6,60%;6,60%;6,70%;6,70%;6,70%;6,80%;6,80%;6,80%;6,80%;6,90%;6,90%;6,90%;7,00%;7,00%;7,00%;7,10%;7,10%;7,10%;7,20%;7,20%;7,20%;7,30%;7,30%;7,30%;7,40%;7,40%;7,40%;7,50%;7,50%;7,50%;7,60%;7,60%;7,60%;7,70%;7,70%;7,70%;7,80%;7,80%;7,80%;7,90%;7,90%;7,90%;8,00%
520030;ALEXANIA;10,10%;10,10%;10,10%;10,10%;10,20%;10,20%;10,20%;10,20%;10,20%;10,30%;10,30%;10,30%;10,30%;10,30%;10,40%;10,40%;10,40%;10,40%;10,50%;10,50%;10,50%;10,50%;10,50%;10,60%;10,60%;10,60%;10,60%;10,70%;10,70%;10,70%;10,70%;10,70%;10,80%;10,80%;10,80%;10,80%;10,90%;10,90%;10,90%;10,90%;10,90%;11,00%;11,00%;11,00%;11,00%;11,10%;11,10%;11,10%;11,10%;11,10%;11,20%;11,20%;11,20%;11,20%;11,30%;11,30%;11,30%;11,30%;11,30%;11,40%;11,40%;11,70%;11,70%;11,80%;11,80%;11,80%;11,90%;11,90%;11,90%;11,90%;12,00%;12,00%;11,70%;11,70%;11,70%;11,80%;11,80%;11,80%;11,90%;11,90%;11,90%;11,90%;12,00%;12,00%;12,00%;12,00%;12,10%;12,10%;12,10%;12,20%;12,20%;12,20%;12,30%;12,30%;12,30%;12,40%;12,40%;12,40%;12,40%;12,50%;12,50%;12,50%;12,60%;12,60%;12,60%;12,70%;12,70%;12,70%;12,80%;12,80%;12,80%;12,90%;12,90%;12,90%;13,00%;13,00%;13,00%;13,10%;13,10%;13,10%;13,20%;13,20%;13,20%;13,30%;13,30%;13,30%;13,40%;13,40%;13,40%;13,50%;13,50%;13,50%;13,60%;13,60%;13,60%;13,60%;13,70%;13,70%;13,70%;13,80%;13,80%;13,80%;13,80%;13,90%;13,90%;13,90%;14,00%;14,00%;14,00%;14,10%;14,10%;14,10%;14,20%;14,20%;14,20%;14,30%;14,30%;14,40%;14,40%;14,40%;14,50%;14,50%;14,60%;14,60%;14,60%;14,70%;14,70%;14,80%;14,80%;14,80%;14,90%;14,90%;15,00%;15,00%;15,00%;15,10%;15,10%;15,20%;15,20%;15,30%;15,30%;15,30%;15,40%;15,40%;15,50%;15,50%;15,60%;15,60%;15,70%;15,70%;15,70%;15,80%;15,80%;15,90%;15,90%;16,00%;16,00%;16,10%;16,10%;16,10%;16,20%;16,20%;16,30%;16,30%;16,40%
520050;ALOANDIA;17,80%;17,80%;17,80%;17,90%;17,90%;17,90%;18,00%;18,00%;18,00%;18,10%;18,10%;18,10%;18,10%;18,20%;18,20%;18,20%;18,30%;18,30%;18,30%;18,40%;18,40%;18,40%;18,50%;18,50%;18,50%;18,60%;18,60%;18,60%;18,70%;18,70%;18,70%;18,80%;18,80%;18,90%;18,90%;18,90%;19,00%;19,00%;19,10%;19,10%;19,20%;19,20%;19,30%;19,40%;19,40%;19,50%;19,50%;19,60%;19,70%;19,70%;19,70%;19,80%;19,80%;19,80%;19,90%;19,90%;20,00%;20,00%;20,00%;20,10%;20,10%;20,80%;20,90%;21,00%;21,00%;21,10%;21,10%;21,20%;21,30%;21,30%;21,40%;21,40%;20,80%;20,80%;20,90%;21,00%;21,00%;21,10%;21,10%;21,20%;21,30%;21,30%;21,40%;21,50%;21,50%;21,60%;21,60%;21,70%;21,70%;21,80%;21,80%;21,90%;21,90%;22,00%;22,00%;22,10%;22,10%;22,20%;22,30%;22,30%;22,40%;22,50%;22,50%;22,60%;22,70%;22,70%;22,80%;22,90%;23,00%;23,00%;23,10%;23,10%;23,20%;23,20%;23,30%;23,40%;23,40%;23,50%;23,50%;23,60%;23,60%;23,70%;23,70%;23,80%;23,80%;23,90%;23,90%;24,00%;24,00%;24,10%;24,10%;24,20%;24,20%;24,30%;24,30%;24,40%;24,40%;24,40%;24,50%;24,50%;24,60%;24,60%;24,70%;24,70%;24,70%;24,80%;24,90%;24,90%;25,00%;25,00%;25,10%;25,10%;25,20%;25,20%;25,30%;25,30%;25,40%;25,40%;25,40%;25,50%;25,50%;25,50%;25,60%;25,60%;25,60%;25,60%;25,70%;25,70%;25,70%;25,80%;25,80%;25,90%;25,90%;26,00%;26,10%;26,10%;26,20%;26,20%;26,30%;26,30%;26,40%;26,40%;26,40%;26,40%;26,50%;26,50%;26,50%;26,60%;26,60%;26,60%;26,60%;26,70%;26,70%;26,70%;26,80%;26,80%;26,80%;26,90%;26,90%;26,90%;26,90%;27,00%;27,00%;27,00%;27,10%
520055;ALTO HORIZONTE;7,80%;7,80%;7,80%;7,80%;7,90%;7,90%;7,90%;7,90%;7,90%;7,90%;7,90%;7,90%;7,90%;7,90%;8,00%;8,00%;8,00%;8,00%;8,00%;8,00%;8,00%;8,10%;8,10%;8,10%;8,10%;8,10%;8,10%;8,10%;8,20%;8,20%;8,20%;8,20%;8,20%;8,20%;8,20%;8,20%;8,30%;8,30%;8,30%;8,30%;8,30%;8,30%;8,40%;8,40%;8,40%;8,40%;8,40%;8,40%;8,50%;8,50%;8,50%;8,50%;8,50%;8,50%;8,60%;8,60%;8,60%;8,60%;8,60%;8,60%;8,70%;8,90%;9,00%;9,00%;9,00%;9,00%;9,00%;9,10%;9,10%;9,10%;9,10%;9,10%;8,90%;8,90%;9,00%;9,00%;9,00%;9,00%;9,00%;9,10%;9,10%;9,10%;9,10%;9,10%;9,20%;9,20%;9,20%;9,20%;9,20%;9,20%;9,30%;9,30%;9,30%;9,30%;9,30%;9,30%;9,40%;9,40%;9,40%;9,40%;9,40%;9,40%;9,50%;9,50%;9,50%;9,50%;9,50%;9,50%;9,60%;9,60%;9,60%;9,60%;9,60%;9,70%;9,70%;9,70%;9,70%;9,80%;9,80%;9,80%;9,80%;9,90%;9,90%;9,90%;9,90%;10,00%;10,00%;10,00%;10,00%;10,10%;10,10%;10,10%;10,10%;10,20%;10,20%;10,20%;10,20%;10,20%;10,20%;10,20%;10,20%;10,30%;10,30%;10,30%;10,30%;10,30%;10,30%;10,40%;10,40%;10,40%;10,40%;10,40%;10,50%;10,50%;10,50%;10,50%;10,50%;10,50%;10,60%;10,60%;10,60%;10,60%;10,60%;10,70%;10,70%;10,70%;10,70%;10,70%;10,80%;10,80%;10,80%;10,80%;10,90%;10,90%;10,90%;11,00%;11,00%;11,00%;11,10%;11,10%;11,10%;11,20%;11,20%;11,20%;11,20%;11,30%;11,30%;11,30%;11,40%;11,40%;11,40%;11,40%;11,50%;11,50%;11,50%;11,60%;11,60%;11,60%;11,60%;11,70%;11,70%;11,70%;11,70%;11,80%;11,80%
520060;ALTO PARAISO DE GOIAS;7,60%;7,60%;7,60%;7,60%;7,70%;7,70%;7,70%;7,70%;7,80%;7,80%;7,80%;7,80%;7,90%;7,90%;7,90%;7,90%;7,90%;8,00%;8,00%;8,00%;8,00%;8,00%;8,10%;8,10%;8,10%;8,10%;8,10%;8,10%;8,10%;8,20%;8,20%;8,20%;8,20%;8,20%;8,20%;8,20%;8,20%;8,20%;8,30%;8,30%;8,30%;8,30%;8,30%;8,30%;8,40%;8,40%;8,40%;8,40%;8,40%;8,40%;8,40%;8,50%;8,50%;8,50%;8,50%;8,50%;8,50%;8,50%;8,60%;8,60%;8,60%;8,80%;8,80%;8,90%;8,90%;8,90%;8,90%;8,90%;8,90%;9,00%;9,00%;9,00%;8,80%;8,80%;8,80%;8,90%;8,90%;8,90%;8,90%;8,90%;8,90%;9,00%;9,00%;9,00%;9,00%;9,00%;9,00%;9,10%;9,10%;9,10%;9,10%;9,10%;9,20%;9,20%;9,20%;9,20%;9,20%;9,20%;9,30%;9,30%;9,30%;9,30%;9,30%;9,40%;9,40%;9,40%;9,40%;9,50%;9,50%;9,50%;9,50%;9,50%;9,60%;9,60%;9,60%;9,60%;9,60%;9,70%;9,70%;9,70%;9,70%;9,70%;9,80%;9,80%;9,80%;9,80%;9,90%;9,90%;9,90%;9,90%;10,00%;10,00%;10,00%;10,00%;10,00%;10,00%;10,10%;10,10%;10,10%;10,10%;10,10%;10,10%;10,10%;10,20%;10,20%;10,20%;10,20%;10,20%;10,20%;10,30%;10,30%;10,30%;10,30%;10,30%;10,30%;10,40%;10,40%;10,40%;10,40%;10,50%;10,50%;10,50%;10,50%;10,50%;10,60%;10,60%;10,60%;10,60%;10,70%;10,70%;10,70%;10,70%;10,70%;10,80%;10,80%;10,80%;10,80%;10,80%;10,90%;10,90%;10,90%;10,90%;11,00%;11,00%;11,00%;11,00%;11,00%;11,10%;11,10%;11,10%;11,10%;11,10%;11,20%;11,20%;11,20%;11,20%;11,20%;11,20%;11,30%;11,30%;11,30%;11,30%;11,30%;11,40%;11,40%
520080;ALVORADA DO NORTE;9,30%;9,30%;9,30%;9,30%;9,30%;9,30%;9,40%;9,40%;9,40%;9,40%;9,40%;9,40%;9,50%;9,50%;9,50%;9,50%;9,50%;9,60%;9,60%;9,60%;9,60%;9,60%;9,70%;9,70%;9,70%;9,70%;9,70%;9,70%;9,80%;9,80%;9,80%;9,80%;9,80%;9,80%;9,90%;9,90%;9,90%;9,90%;9,90%;9,90%;10,00%;10,00%;10,00%;10,00%;10,00%;10,00%;10,00%;10,10%;10,10%;10,10%;10,10%;10,10%;10,10%;10,20%;10,20%;10,20%;10,20%;10,20%;10,20%;10,30%;10,30%;10,40%;10,50%;10,50%;10,50%;10,50%;10,50%;10,60%;10,60%;10,60%;10,60%;10,60%;10,40%;10,40%;10,50%;10,50%;10,50%;10,50%;10,50%;10,60%;10,60%;10,60%;10,60%;10,60%;10,70%;10,70%;10,70%;10,70%;10,80%;10,80%;10,80%;10,80%;10,90%;10,90%;10,90%;10,90%;11,00%;11,00%;11,00%;11,10%;11,10%;11,10%;11,20%;11,20%;11,20%;11,30%;11,30%;11,30%;11,40%;11,40%;11,40%;11,50%;11,50%;11,50%;11,60%;11,60%;11,60%;11,70%;11,70%;11,70%;11,80%;11,80%;11,80%;11,90%;11,90%;11,90%;12,00%;12,00%;12,00%;12,10%;12,10%;12,10%;12,20%;12,20%;12,20%;12,30%;12,30%;12,30%;12,40%;12,40%;12,50%;12,50%;12,50%;12,60%;12,60%;12,60%;12,60%;12,70%;12,70%;12,70%;12,80%;12,80%;12,80%;12,80%;12,90%;12,90%;12,90%;13,00%;13,00%;13,00%;13,10%;13,10%;13,20%;13,20%;13,20%;13,30%;13,30%;13,40%;13,40%;13,40%;13,50%;13,50%;13,50%;13,60%;13,60%;13,60%;13,70%;13,70%;13,70%;13,80%;13,80%;13,80%;13,90%;13,90%;14,00%;14,00%;14,00%;14,10%;14,10%;14,20%;14,20%;14,20%;14,30%;14,30%;14,40%;14,40%;14,40%;14,50%;14,50%;14,60%;14,60%;14,60%;14,70%;14,70%;14,80%
520082;AMARALINA;10,10%;10,20%;10,20%;10,30%;10,30%;10,40%;10,40%;10,50%;10,50%;10,60%;10,60%;10,70%;10,70%;10,80%;10,80%;10,80%;10,90%;10,90%;11,00%;11,00%;11,10%;11,10%;11,20%;11,20%;11,30%;11,30%;11,30%;11,40%;11,40%;11,50%;11,50%;11,60%;11,60%;11,70%;11,70%;11,80%;11,80%;11,80%;11,90%;11,90%;12,00%;12,00%;12,10%;12,10%;12,20%;12,20%;12,30%;12,30%;12,40%;12,40%;12,50%;12,50%;12,60%;12,60%;12,70%;12,70%;12,80%;12,80%;12,90%;12,90%;13,00%;13,80%;13,80%;13,90%;14,00%;14,00%;14,10%;14,20%;14,20%;14,30%;14,30%;14,40%;13,70%;13,80%;13,80%;13,90%;14,00%;14,00%;14,10%;14,20%;14,20%;14,30%;14,30%;14,40%;14,50%;14,50%;14,60%;14,60%;14,70%;14,70%;14,80%;14,80%;14,90%;15,00%;15,00%;15,10%;15,10%;15,20%;15,30%;15,30%;15,40%;15,50%;15,50%;15,60%;15,70%;15,70%;15,80%;15,90%;16,00%;16,00%;16,10%;16,10%;16,20%;16,20%;16,30%;16,30%;16,40%;16,40%;16,50%;16,50%;16,60%;16,70%;16,70%;16,80%;16,90%;16,90%;17,00%;17,10%;17,10%;17,20%;17,30%;17,30%;17,40%;17,50%;17,50%;17,60%;17,70%;17,70%;17,80%;17,80%;17,90%;18,00%;18,00%;18,10%;18,20%;18,20%;18,30%;18,40%;18,50%;18,60%;18,60%;18,70%;18,80%;18,90%;19,00%;19,10%;19,10%;19,20%;19,30%;19,40%;19,50%;19,60%;19,70%;19,80%;19,90%;20,00%;20,10%;20,20%;20,30%;20,40%;20,50%;20,60%;20,70%;20,80%;20,90%;20,90%;21,00%;21,10%;21,20%;21,30%;21,40%;21,50%;21,60%;21,70%;21,90%;22,00%;22,10%;22,20%;22,30%;22,50%;22,60%;22,70%;22,80%;22,90%;23,00%;23,20%;23,30%;23,40%;23,50%;23,60%;23,70%;23,90%;24,00%;24,10%;24,20%
520085;AMERICANO DO BRASIL;11,70%;11,70%;11,80%;11,80%;11,80%;11,80%;11,90%;11,90%;11,90%;11,90%;12,00%;12,00%;12,00%;12,10%;12,10%;12,10%;12,20%;12,20%;12,30%;12,30%;12,40%;12,40%;12,40%;12,50%;12,50%;12,60%;12,60%;12,70%;12,70%;12,80%;12,80%;12,80%;12,90%;12,90%;13,00%;13,00%;13,10%;13,10%;13,20%;13,20%;13,30%;13,30%;13,40%;13,40%;13,50%;13,50%;13,60%;13,60%;13,70%;13,70%;13,80%;13,80%;13,90%;13,90%;13,90%;14,00%;14,00%;14,10%;14,10%;14,20%;14,20%;14,90%;15,00%;15,00%;15,10%;15,20%;15,20%;15,30%;15,30%;15,40%;15,50%;15,50%;14,90%;14,90%;15,00%;15,00%;15,10%;15,20%;15,20%;15,30%;15,40%;15,40%;15,50%;15,50%;15,60%;15,70%;15,70%;15,80%;15,80%;15,90%;15,90%;16,00%;16,00%;16,10%;16,10%;16,20%;16,20%;16,30%;16,30%;16,40%;16,40%;16,50%;16,60%;16,60%;16,70%;16,70%;16,80%;16,80%;16,90%;16,90%;17,00%;17,10%;17,10%;17,20%;17,20%;17,30%;17,30%;17,40%;17,40%;17,50%;17,50%;17,60%;17,60%;17,70%;17,70%;17,80%;17,80%;17,90%;18,00%;18,00%;18,10%;18,10%;18,20%;18,20%;18,30%;18,30%;18,40%;18,40%;18,50%;18,50%;18,60%;18,60%;18,70%;18,70%;18,80%;18,80%;18,90%;18,90%;19,00%;19,10%;19,10%;19,20%;19,20%;19,30%;19,40%;19,40%;19,50%;19,60%;19,60%;19,70%;19,80%;19,90%;19,90%;20,00%;20,10%;20,20%;20,20%;20,30%;20,40%;20,50%;20,50%;20,60%;20,70%;20,80%;20,80%;20,90%;21,00%;21,10%;21,10%;21,20%;21,30%;21,40%;21,50%;21,50%;21,60%;21,70%;21,80%;21,90%;22,00%;22,10%;22,20%;22,30%;22,30%;22,40%;22,50%;22,60%;22,70%;22,80%;22,90%;23,00%;23,00%;23,10%;23,20%;23,30%;23,40%
520090;AMORINOPOLIS;15,40%;15,50%;15,50%;15,60%;15,60%;15,70%;15,70%;15,80%;15,80%;15,90%;15,90%;16,00%;16,00%;16,10%;16,20%;16,20%;16,30%;16,30%;16,40%;16,40%;16,50%;16,60%;16,60%;16,70%;16,70%;16,80%;16,90%;16,90%;17,00%;17,00%;17,10%;17,10%;17,20%;17,30%;17,30%;17,40%;17,40%;17,50%;17,60%;17,60%;17,70%;17,80%;17,80%;17,90%;18,00%;18,10%;18,10%;18,20%;18,30%;18,30%;18,40%;18,50%;18,50%;18,60%;18,70%;18,70%;18,80%;18,80%;18,90%;19,00%;19,00%;20,10%;20,10%;20,20%;20,30%;20,40%;20,50%;20,50%;20,60%;20,70%;20,80%;20,90%;20,00%;20,10%;20,10%;20,20%;20,30%;20,40%;20,50%;20,50%;20,60%;20,70%;20,80%;20,90%;20,90%;21,00%;21,10%;21,20%;21,20%;21,30%;21,40%;21,40%;21,50%;21,60%;21,70%;21,70%;21,80%;21,90%;22,00%;22,10%;22,20%;22,30%;22,40%;22,50%;22,60%;22,70%;22,80%;22,80%;22,90%;23,00%;23,10%;23,20%;23,30%;23,40%;23,50%;23,50%;23,60%;23,70%;23,80%;23,90%;24,00%;24,00%;24,10%;24,20%;24,30%;24,40%;24,40%;24,50%;24,60%;24,70%;24,80%;24,80%;24,90%;25,00%;25,10%;25,10%;25,20%;25,30%;25,40%;25,40%;25,50%;25,60%;25,70%;25,70%;25,80%;25,90%;26,00%;26,10%;26,20%;26,30%;26,30%;26,40%;26,50%;26,60%;26,70%;26,80%;26,90%;27,00%;27,10%;27,20%;27,30%;27,50%;27,60%;27,70%;27,80%;27,90%;28,00%;28,20%;28,30%;28,40%;28,40%;28,50%;28,60%;28,70%;28,80%;28,90%;29,00%;29,00%;29,10%;29,20%;29,30%;29,40%;29,50%;29,60%;29,70%;29,80%;29,90%;29,90%;30,00%;30,10%;30,20%;30,30%;30,40%;30,50%;30,60%;30,70%;30,80%;30,90%;31,00%;31,10%;31,20%;31,30%;31,40%;31,50%;31,60%
520110;ANAPOLIS;9,50%;9,50%;9,50%;9,50%;9,60%;9,60%;9,60%;9,60%;9,70%;9,70%;9,70%;9,70%;9,80%;9,80%;9,80%;9,80%;9,80%;9,90%;9,90%;9,90%;9,90%;10,00%;10,00%;10,00%;10,00%;10,10%;10,10%;10,10%;10,10%;10,20%;10,20%;10,20%;10,20%;10,30%;10,30%;10,30%;10,30%;10,40%;10,40%;10,40%;10,40%;10,50%;10,50%;10,50%;10,50%;10,50%;10,60%;10,60%;10,60%;10,60%;10,70%;10,70%;10,70%;10,70%;10,80%;10,80%;10,80%;10,90%;10,90%;10,90%;10,90%;11,30%;11,30%;11,30%;11,40%;11,40%;11,40%;11,40%;11,50%;11,50%;11,50%;11,60%;11,20%;11,30%;11,30%;11,30%;11,40%;11,40%;11,40%;11,50%;11,50%;11,50%;11,50%;11,60%;11,60%;11,60%;11,70%;11,70%;11,70%;11,80%;11,80%;11,80%;11,90%;11,90%;11,90%;11,90%;12,00%;12,00%;12,00%;12,10%;12,10%;12,10%;12,20%;12,20%;12,20%;12,30%;12,30%;12,30%;12,40%;12,40%;12,40%;12,50%;12,50%;12,50%;12,60%;12,60%;12,60%;12,70%;12,70%;12,70%;12,80%;12,80%;12,80%;12,90%;12,90%;12,90%;13,00%;13,00%;13,00%;13,00%;13,10%;13,10%;13,10%;13,20%;13,20%;13,20%;13,20%;13,30%;13,30%;13,30%;13,40%;13,40%;13,40%;13,40%;13,50%;13,50%;13,50%;13,60%;13,60%;13,60%;13,70%;13,70%;13,70%;13,70%;13,80%;13,80%;13,80%;13,90%;13,90%;13,90%;14,00%;14,00%;14,00%;14,10%;14,10%;14,20%;14,20%;14,20%;14,30%;14,30%;14,30%;14,40%;14,40%;14,40%;14,50%;14,50%;14,60%;14,60%;14,60%;14,70%;14,70%;14,70%;14,80%;14,80%;14,80%;14,90%;14,90%;15,00%;15,00%;15,00%;15,10%;15,10%;15,10%;15,20%;15,20%;15,30%;15,30%;15,30%;15,40%;15,40%;15,40%;15,50%;15,50%;15,50%;15,60%
520120;ANHANGUERA;13,70%;13,80%;13,80%;13,80%;13,80%;13,80%;13,80%;13,90%;13,90%;13,90%;13,90%;13,90%;13,90%;14,00%;14,00%;14,10%;14,10%;14,20%;14,20%;14,30%;14,30%;14,30%;14,40%;14,40%;14,50%;14,50%;14,60%;14,60%;14,70%;14,70%;14,80%;14,80%;14,90%;14,90%;15,00%;15,00%;15,10%;15,10%;15,20%;15,30%;15,30%;15,40%;15,50%;15,50%;15,60%;15,70%;15,70%;15,80%;15,90%;15,90%;16,00%;16,00%;16,10%;16,20%;16,20%;16,30%;16,40%;16,40%;16,50%;16,60%;16,60%;17,90%;18,00%;18,10%;18,10%;18,20%;18,20%;18,30%;18,40%;18,40%;18,50%;18,60%;17,80%;17,90%;18,00%;18,00%;18,10%;18,10%;18,20%;18,30%;18,30%;18,40%;18,50%;18,50%;18,60%;18,70%;18,70%;18,80%;18,90%;18,90%;19,00%;19,10%;19,20%;19,20%;19,30%;19,40%;19,50%;19,50%;19,50%;19,60%;19,60%;19,60%;19,70%;19,70%;19,70%;19,80%;19,80%;19,80%;19,90%;19,90%;20,00%;20,10%;20,20%;20,30%;20,40%;20,50%;20,50%;20,60%;20,70%;20,80%;20,90%;20,90%;21,00%;21,00%;21,10%;21,10%;21,20%;21,20%;21,30%;21,40%;21,40%;21,50%;21,50%;21,60%;21,60%;21,70%;21,80%;21,80%;21,90%;22,00%;22,00%;22,10%;22,20%;22,20%;22,30%;22,40%;22,50%;22,50%;22,60%;22,70%;22,80%;22,80%;22,90%;23,00%;23,10%;23,10%;23,20%;23,30%;23,30%;23,40%;23,50%;23,50%;23,60%;23,70%;23,70%;23,80%;23,90%;24,00%;24,00%;24,10%;24,20%;24,20%;24,30%;24,30%;24,40%;24,50%;24,50%;24,60%;24,60%;24,70%;24,80%;24,90%;25,00%;25,10%;25,20%;25,30%;25,40%;25,50%;25,60%;25,70%;25,80%;26,00%;26,10%;26,20%;26,30%;26,40%;26,50%;26,60%;26,70%;26,80%;27,00%;27,10%;27,20%;27,30%;27,40%
520130;ANICUNS;10,80%;10,80%;10,80%;10,80%;10,90%;10,90%;10,90%;11,00%;11,00%;11,00%;11,00%;11,10%;11,10%;11,10%;11,20%;11,20%;11,20%;11,30%;11,30%;11,30%;11,40%;11,40%;11,40%;11,50%;11,50%;11,50%;11,60%;11,60%;11,70%;11,70%;11,80%;11,80%;11,80%;11,90%;11,90%;12,00%;12,00%;12,00%;12,10%;12,10%;12,20%;12,20%;12,30%;12,30%;12,40%;12,40%;12,50%;12,50%;12,60%;12,60%;12,60%;12,70%;12,70%;12,80%;12,80%;12,90%;12,90%;13,00%;13,00%;13,10%;13,10%;13,80%;13,80%;13,90%;13,90%;14,00%;14,00%;14,10%;14,20%;14,20%;14,30%;14,30%;13,70%;13,80%;13,80%;13,90%;13,90%;14,00%;14,00%;14,10%;14,20%;14,20%;14,30%;14,30%;14,40%;14,40%;14,50%;14,60%;14,60%;14,70%;14,70%;14,80%;14,80%;14,90%;15,00%;15,00%;15,10%;15,10%;15,20%;15,30%;15,30%;15,40%;15,40%;15,50%;15,60%;15,60%;15,70%;15,80%;15,80%;15,90%;15,90%;16,00%;16,10%;16,10%;16,20%;16,30%;16,30%;16,40%;16,50%;16,50%;16,60%;16,60%;16,70%;16,80%;16,80%;16,90%;17,00%;17,00%;17,10%;17,10%;17,20%;17,30%;17,30%;17,40%;17,40%;17,50%;17,60%;17,60%;17,70%;17,70%;17,80%;17,90%;17,90%;18,00%;18,00%;18,10%;18,20%;18,20%;18,30%;18,40%;18,40%;18,50%;18,60%;18,60%;18,70%;18,80%;18,80%;18,90%;19,00%;19,10%;19,10%;19,20%;19,30%;19,40%;19,40%;19,50%;19,60%;19,70%;19,80%;19,80%;19,90%;20,00%;20,10%;20,20%;20,20%;20,30%;20,40%;20,50%;20,60%;20,60%;20,70%;20,80%;20,90%;21,00%;21,10%;21,10%;21,20%;21,30%;21,40%;21,50%;21,60%;21,60%;21,70%;21,80%;21,90%;22,00%;22,10%;22,10%;22,20%;22,30%;22,40%;22,50%;22,60%;22,70%;22,70%
520140;APARECIDA DE GOIANIA;5,70%;5,80%;5,80%;5,80%;5,80%;5,80%;5,80%;5,90%;5,90%;5,90%;5,90%;5,90%;6,00%;6,00%;6,00%;6,00%;6,10%;6,10%;6,10%;6,10%;6,10%;6,20%;6,20%;6,20%;6,20%;6,20%;6,30%;6,30%;6,30%;6,30%;6,40%;6,40%;6,40%;6,40%;6,50%;6,50%;6,50%;6,50%;6,50%;6,60%;6,60%;6,60%;6,60%;6,70%;6,70%;6,70%;6,70%;6,80%;6,80%;6,80%;6,80%;6,90%;6,90%;6,90%;6,90%;7,00%;7,00%;7,00%;7,00%;7,10%;7,10%;7,50%;7,50%;7,50%;7,50%;7,60%;7,60%;7,60%;7,70%;7,70%;7,70%;7,70%;7,40%;7,50%;7,50%;7,50%;7,50%;7,60%;7,60%;7,60%;7,70%;7,70%;7,70%;7,80%;7,80%;7,80%;7,80%;7,90%;7,90%;7,90%;8,00%;8,00%;8,00%;8,10%;8,10%;8,10%;8,20%;8,20%;8,20%;8,30%;8,30%;8,30%;8,40%;8,40%;8,40%;8,50%;8,50%;8,50%;8,60%;8,60%;8,60%;8,70%;8,70%;8,80%;8,80%;8,80%;8,90%;8,90%;8,90%;9,00%;9,00%;9,00%;9,10%;9,10%;9,10%;9,20%;9,20%;9,20%;9,30%;9,30%;9,40%;9,40%;9,40%;9,50%;9,50%;9,50%;9,60%;9,60%;9,60%;9,70%;9,70%;9,70%;9,80%;9,80%;9,80%;9,90%;9,90%;9,90%;10,00%;10,00%;10,00%;10,10%;10,10%;10,10%;10,20%;10,20%;10,20%;10,30%;10,30%;10,40%;10,40%;10,40%;10,50%;10,50%;10,60%;10,60%;10,60%;10,70%;10,70%;10,80%;10,80%;10,80%;10,90%;10,90%;11,00%;11,00%;11,00%;11,10%;11,10%;11,20%;11,20%;11,20%;11,30%;11,30%;11,40%;11,40%;11,40%;11,50%;11,50%;11,60%;11,60%;11,70%;11,70%;11,70%;11,80%;11,80%;11,90%;11,90%;11,90%;12,00%;12,00%;12,10%;12,10%;12,10%;12,20%
520145;APARECIDA DO RIO DOCE;11,20%;11,20%;11,20%;11,20%;11,30%;11,30%;11,30%;11,30%;11,40%;11,40%;11,40%;11,40%;11,50%;11,50%;11,50%;11,50%;11,50%;11,50%;11,60%;11,60%;11,60%;11,60%;11,60%;11,60%;11,70%;11,70%;11,70%;11,70%;11,70%;11,70%;11,70%;11,70%;11,70%;11,70%;11,70%;11,70%;11,70%;11,70%;11,70%;11,80%;11,80%;11,90%;11,90%;11,90%;12,00%;12,00%;12,00%;12,10%;12,10%;12,10%;12,20%;12,20%;12,20%;12,30%;12,30%;12,30%;12,40%;12,40%;12,40%;12,40%;12,50%;12,60%;12,60%;12,60%;12,70%;12,70%;12,70%;12,70%;12,80%;12,80%;12,80%;12,90%;12,60%;12,60%;12,60%;12,60%;12,70%;12,70%;12,70%;12,80%;12,80%;12,80%;12,90%;12,90%;12,90%;13,00%;13,00%;13,00%;13,00%;13,00%;13,10%;13,10%;13,10%;13,10%;13,20%;13,20%;13,20%;13,20%;13,30%;13,30%;13,30%;13,40%;13,40%;13,40%;13,50%;13,50%;13,60%;13,60%;13,60%;13,60%;13,70%;13,70%;13,70%;13,70%;13,80%;13,80%;13,80%;13,80%;13,80%;13,90%;13,90%;13,90%;14,00%;14,00%;14,00%;14,00%;14,10%;14,10%;14,10%;14,20%;14,20%;14,20%;14,30%;14,30%;14,30%;14,30%;14,30%;14,30%;14,30%;14,30%;14,30%;14,30%;14,40%;14,40%;14,40%;14,40%;14,40%;14,50%;14,50%;14,50%;14,60%;14,60%;14,60%;14,70%;14,70%;14,70%;14,70%;14,80%;14,80%;14,90%;14,90%;14,90%;15,00%;15,00%;15,10%;15,10%;15,10%;15,20%;15,20%;15,30%;15,30%;15,40%;15,40%;15,50%;15,60%;15,60%;15,70%;15,70%;15,80%;15,80%;15,90%;15,90%;16,00%;16,00%;16,00%;16,10%;16,10%;16,20%;16,20%;16,20%;16,30%;16,30%;16,40%;16,40%;16,40%;16,50%;16,50%;16,60%;16,60%;16,60%;16,70%;16,70%;16,80%;16,80%;16,80%
520150;APORE;9,80%;9,80%;9,80%;9,80%;9,90%;9,90%;9,90%;9,90%;9,90%;10,00%;10,00%;10,00%;10,00%;10,00%;10,10%;10,10%;10,10%;10,20%;10,20%;10,20%;10,30%;10,30%;10,30%;10,40%;10,40%;10,40%;10,40%;10,40%;10,50%;10,50%;10,50%;10,50%;10,50%;10,50%;10,50%;10,50%;10,60%;10,60%;10,60%;10,60%;10,60%;10,60%;10,70%;10,70%;10,70%;10,70%;10,70%;10,70%;10,80%;10,80%;10,80%;10,80%;10,90%;10,90%;10,90%;10,90%;11,00%;11,00%;11,00%;11,00%;11,10%;11,30%;11,30%;11,30%;11,40%;11,40%;11,40%;11,40%;11,50%;11,50%;11,50%;11,50%;11,30%;11,30%;11,30%;11,30%;11,40%;11,40%;11,40%;11,40%;11,50%;11,50%;11,50%;11,50%;11,60%;11,60%;11,60%;11,60%;11,70%;11,70%;11,70%;11,70%;11,80%;11,80%;11,80%;11,80%;11,90%;11,90%;11,90%;11,90%;11,90%;12,00%;12,00%;12,00%;12,00%;12,00%;12,10%;12,10%;12,10%;12,10%;12,10%;12,20%;12,20%;12,20%;12,20%;12,20%;12,30%;12,30%;12,30%;12,30%;12,30%;12,40%;12,40%;12,40%;12,50%;12,50%;12,50%;12,50%;12,60%;12,60%;12,60%;12,70%;12,70%;12,70%;12,70%;12,80%;12,80%;12,80%;12,80%;12,90%;12,90%;12,90%;12,90%;13,00%;13,00%;13,00%;13,00%;13,10%;13,10%;13,10%;13,10%;13,20%;13,20%;13,20%;13,30%;13,30%;13,30%;13,30%;13,40%;13,40%;13,40%;13,50%;13,50%;13,60%;13,60%;13,60%;13,70%;13,70%;13,70%;13,80%;13,80%;13,80%;13,90%;13,90%;13,90%;14,00%;14,00%;14,00%;14,10%;14,10%;14,20%;14,20%;14,30%;14,30%;14,40%;14,40%;14,50%;14,60%;14,60%;14,70%;14,70%;14,80%;14,90%;14,90%;15,00%;15,00%;15,10%;15,20%;15,20%;15,30%;15,30%;15,40%;15,40%;15,50%;15,60%
520160;ARACU;14,90%;14,90%;15,00%;15,00%;15,10%;15,10%;15,20%;15,20%;15,30%;15,30%;15,40%;15,40%;15,50%;15,50%;15,50%;15,60%;15,60%;15,70%;15,70%;15,70%;15,80%;15,80%;15,80%;15,90%;15,90%;15,90%;16,00%;16,00%;16,00%;16,00%;16,10%;16,10%;16,10%;16,20%;16,20%;16,20%;16,20%;16,30%;16,30%;16,40%;16,40%;16,40%;16,50%;16,50%;16,60%;16,60%;16,60%;16,70%;16,70%;16,80%;16,80%;16,80%;16,90%;16,90%;16,90%;17,00%;17,00%;17,00%;17,00%;17,10%;17,10%;17,60%;17,60%;17,60%;17,70%;17,70%;17,80%;17,80%;17,90%;17,90%;18,00%;18,00%;17,50%;17,60%;17,60%;17,70%;17,70%;17,70%;17,80%;17,80%;17,90%;17,90%;18,00%;18,00%;18,00%;18,10%;18,10%;18,20%;18,20%;18,20%;18,30%;18,30%;18,30%;18,40%;18,40%;18,40%;18,50%;18,50%;18,50%;18,60%;18,60%;18,70%;18,70%;18,70%;18,80%;18,80%;18,90%;18,90%;18,90%;19,00%;19,00%;19,10%;19,10%;19,20%;19,20%;19,20%;19,30%;19,30%;19,40%;19,40%;19,40%;19,50%;19,50%;19,50%;19,60%;19,60%;19,60%;19,70%;19,70%;19,70%;19,70%;19,80%;19,80%;19,80%;19,80%;19,90%;19,90%;19,90%;19,90%;20,00%;20,00%;20,00%;20,00%;20,10%;20,10%;20,10%;20,20%;20,20%;20,30%;20,30%;20,30%;20,40%;20,40%;20,50%;20,50%;20,60%;20,60%;20,70%;20,70%;20,80%;20,90%;20,90%;21,00%;21,10%;21,10%;21,20%;21,30%;21,30%;21,40%;21,50%;21,50%;21,60%;21,70%;21,70%;21,80%;21,90%;21,90%;22,00%;22,10%;22,10%;22,20%;22,30%;22,40%;22,40%;22,50%;22,60%;22,70%;22,70%;22,80%;22,90%;23,00%;23,00%;23,10%;23,20%;23,30%;23,40%;23,40%;23,50%;23,60%;23,70%;23,70%;23,80%;23,90%;24,00%;24,00%
520170;ARAGARCAS;9,60%;9,70%;9,70%;9,70%;9,80%;9,80%;9,80%;9,80%;9,90%;9,90%;9,90%;10,00%;10,00%;10,00%;10,10%;10,10%;10,10%;10,20%;10,20%;10,20%;10,30%;10,30%;10,30%;10,40%;10,40%;10,40%;10,50%;10,50%;10,50%;10,60%;10,60%;10,70%;10,70%;10,70%;10,80%;10,80%;10,80%;10,90%;10,90%;10,90%;11,00%;11,00%;11,10%;11,10%;11,10%;11,20%;11,20%;11,30%;11,30%;11,30%;11,40%;11,40%;11,50%;11,50%;11,50%;11,60%;11,60%;11,60%;11,70%;11,70%;11,70%;12,30%;12,30%;12,40%;12,40%;12,50%;12,50%;12,50%;12,60%;12,60%;12,70%;12,70%;12,20%;12,30%;12,30%;12,40%;12,40%;12,50%;12,50%;12,60%;12,60%;12,60%;12,70%;12,70%;12,80%;12,80%;12,90%;12,90%;12,90%;13,00%;13,00%;13,10%;13,10%;13,20%;13,20%;13,30%;13,30%;13,30%;13,40%;13,40%;13,50%;13,50%;13,60%;13,60%;13,70%;13,70%;13,70%;13,80%;13,80%;13,90%;13,90%;14,00%;14,00%;14,00%;14,10%;14,10%;14,20%;14,20%;14,30%;14,30%;14,30%;14,40%;14,40%;14,50%;14,50%;14,60%;14,60%;14,60%;14,70%;14,70%;14,80%;14,80%;14,80%;14,90%;14,90%;15,00%;15,00%;15,00%;15,10%;15,10%;15,10%;15,20%;15,20%;15,30%;15,30%;15,30%;15,40%;15,40%;15,50%;15,50%;15,60%;15,60%;15,60%;15,70%;15,70%;15,80%;15,80%;15,90%;15,90%;16,00%;16,00%;16,10%;16,10%;16,20%;16,30%;16,30%;16,40%;16,40%;16,50%;16,50%;16,60%;16,60%;16,70%;16,80%;16,80%;16,90%;16,90%;17,00%;17,00%;17,10%;17,10%;17,20%;17,30%;17,30%;17,40%;17,50%;17,50%;17,60%;17,60%;17,70%;17,80%;17,80%;17,90%;18,00%;18,00%;18,10%;18,10%;18,20%;18,30%;18,30%;18,40%;18,50%;18,50%;18,60%;18,60%
520180;ARAGOIANIA;11,10%;11,10%;11,10%;11,10%;11,20%;11,20%;11,20%;11,20%;11,30%;11,30%;11,30%;11,30%;11,40%;11,40%;11,40%;11,40%;11,40%;11,50%;11,50%;11,50%;11,50%;11,60%;11,60%;11,60%;11,60%;11,60%;11,70%;11,70%;11,70%;11,70%;11,70%;11,70%;11,80%;11,80%;11,80%;11,80%;11,80%;11,90%;11,90%;11,90%;11,90%;12,00%;12,00%;12,00%;12,00%;12,10%;12,10%;12,10%;12,10%;12,20%;12,20%;12,20%;12,20%;12,30%;12,30%;12,30%;12,30%;12,30%;12,40%;12,40%;12,40%;12,80%;12,80%;12,90%;12,90%;12,90%;13,00%;13,00%;13,00%;13,00%;13,10%;13,10%;12,80%;12,80%;12,80%;12,90%;12,90%;12,90%;13,00%;13,00%;13,00%;13,00%;13,10%;13,10%;13,10%;13,20%;13,20%;13,20%;13,30%;13,30%;13,30%;13,40%;13,40%;13,40%;13,50%;13,50%;13,50%;13,60%;13,60%;13,70%;13,70%;13,70%;13,80%;13,80%;13,90%;13,90%;13,90%;14,00%;14,00%;14,00%;14,10%;14,10%;14,20%;14,20%;14,20%;14,30%;14,30%;14,30%;14,40%;14,40%;14,50%;14,50%;14,50%;14,60%;14,60%;14,70%;14,70%;14,70%;14,80%;14,80%;14,80%;14,90%;14,90%;15,00%;15,00%;15,00%;15,10%;15,10%;15,10%;15,20%;15,20%;15,20%;15,30%;15,30%;15,30%;15,40%;15,40%;15,50%;15,50%;15,50%;15,60%;15,60%;15,60%;15,70%;15,70%;15,70%;15,80%;15,80%;15,90%;15,90%;16,00%;16,00%;16,00%;16,10%;16,10%;16,20%;16,20%;16,30%;16,30%;16,30%;16,40%;16,40%;16,40%;16,50%;16,50%;16,50%;16,60%;16,60%;16,70%;16,70%;16,70%;16,80%;16,80%;16,80%;16,90%;16,90%;17,00%;17,00%;17,10%;17,10%;17,10%;17,20%;17,20%;17,30%;17,30%;17,30%;17,40%;17,40%;17,50%;17,50%;17,50%;17,60%;17,60%;17,70%;17,70%
520215;ARAGUAPAZ;10,50%;10,60%;10,60%;10,70%;10,70%;10,70%;10,80%;10,80%;10,90%;10,90%;10,90%;11,00%;11,00%;11,10%;11,10%;11,10%;11,20%;11,20%;11,20%;11,30%;11,30%;11,40%;11,40%;11,40%;11,50%;11,50%;11,50%;11,60%;11,60%;11,70%;11,70%;11,70%;11,80%;11,80%;11,90%;11,90%;11,90%;12,00%;12,00%;12,10%;12,10%;12,10%;12,20%;12,20%;12,30%;12,30%;12,30%;12,40%;12,40%;12,40%;12,50%;12,50%;12,50%;12,60%;12,60%;12,60%;12,70%;12,70%;12,80%;12,80%;12,80%;13,30%;13,40%;13,40%;13,50%;13,50%;13,60%;13,60%;13,70%;13,70%;13,70%;13,80%;13,30%;13,30%;13,40%;13,40%;13,50%;13,50%;13,60%;13,60%;13,70%;13,70%;13,70%;13,80%;13,80%;13,90%;13,90%;14,00%;14,00%;14,00%;14,10%;14,10%;14,20%;14,20%;14,30%;14,30%;14,40%;14,40%;14,50%;14,50%;14,60%;14,60%;14,70%;14,70%;14,80%;14,80%;14,90%;14,90%;15,00%;15,00%;15,10%;15,10%;15,20%;15,20%;15,30%;15,30%;15,40%;15,40%;15,50%;15,50%;15,60%;15,60%;15,70%;15,70%;15,80%;15,80%;15,90%;15,90%;16,00%;16,00%;16,10%;16,10%;16,20%;16,20%;16,20%;16,30%;16,30%;16,40%;16,40%;16,50%;16,50%;16,50%;16,60%;16,60%;16,70%;16,70%;16,80%;16,80%;16,90%;16,90%;17,00%;17,00%;17,10%;17,10%;17,20%;17,20%;17,30%;17,30%;17,40%;17,40%;17,50%;17,60%;17,60%;17,70%;17,80%;17,80%;17,90%;17,90%;18,00%;18,10%;18,10%;18,20%;18,20%;18,30%;18,30%;18,40%;18,50%;18,50%;18,60%;18,60%;18,70%;18,70%;18,80%;18,90%;18,90%;19,00%;19,00%;19,10%;19,10%;19,20%;19,30%;19,30%;19,40%;19,40%;19,50%;19,60%;19,60%;19,70%;19,70%;19,80%;19,80%;19,90%;20,00%;20,00%;20,10%
520235;ARENOPOLIS;14,70%;14,80%;14,90%;14,90%;15,00%;15,00%;15,10%;15,20%;15,20%;15,30%;15,30%;15,40%;15,50%;15,50%;15,60%;15,60%;15,70%;15,70%;15,80%;15,80%;15,90%;15,90%;16,00%;16,00%;16,10%;16,10%;16,20%;16,20%;16,30%;16,30%;16,40%;16,40%;16,50%;16,50%;16,60%;16,60%;16,70%;16,70%;16,80%;16,80%;16,80%;16,90%;16,90%;17,00%;17,00%;17,10%;17,10%;17,20%;17,20%;17,30%;17,30%;17,30%;17,40%;17,40%;17,50%;17,50%;17,60%;17,60%;17,70%;17,70%;17,80%;18,60%;18,60%;18,70%;18,70%;18,80%;18,80%;18,80%;18,90%;18,90%;19,00%;19,00%;18,50%;18,60%;18,60%;18,60%;18,70%;18,70%;18,80%;18,80%;18,90%;18,90%;19,00%;19,00%;19,10%;19,10%;19,20%;19,20%;19,30%;19,40%;19,40%;19,50%;19,60%;19,60%;19,70%;19,80%;19,80%;19,90%;19,90%;20,00%;20,00%;20,10%;20,20%;20,20%;20,30%;20,30%;20,40%;20,40%;20,50%;20,60%;20,60%;20,70%;20,80%;20,80%;20,90%;21,00%;21,00%;21,10%;21,20%;21,20%;21,30%;21,40%;21,40%;21,50%;21,50%;21,60%;21,60%;21,70%;21,70%;21,80%;21,80%;21,90%;21,90%;22,00%;22,00%;22,10%;22,10%;22,10%;22,20%;22,20%;22,30%;22,30%;22,40%;22,40%;22,50%;22,60%;22,60%;22,70%;22,80%;22,80%;22,90%;23,00%;23,00%;23,10%;23,20%;23,20%;23,30%;23,40%;23,50%;23,50%;23,60%;23,70%;23,80%;23,90%;24,00%;24,00%;24,10%;24,20%;24,30%;24,40%;24,40%;24,50%;24,50%;24,60%;24,70%;24,70%;24,80%;24,80%;24,90%;25,00%;25,00%;25,10%;25,20%;25,30%;25,40%;25,50%;25,60%;25,70%;25,90%;26,00%;26,10%;26,20%;26,30%;26,40%;26,50%;26,60%;26,70%;26,80%;26,90%;27,00%;27,10%;27,20%;27,30%;27,40%;27,60%
520250;ARUANA;7,70%;7,70%;7,80%;7,80%;7,80%;7,90%;7,90%;7,90%;8,00%;8,00%;8,00%;8,00%;8,10%;8,10%;8,10%;8,10%;8,20%;8,20%;8,20%;8,30%;8,30%;8,30%;8,30%;8,40%;8,40%;8,40%;8,50%;8,50%;8,50%;8,60%;8,60%;8,60%;8,70%;8,70%;8,80%;8,80%;8,80%;8,90%;8,90%;8,90%;9,00%;9,00%;9,00%;9,10%;9,10%;9,10%;9,20%;9,20%;9,30%;9,30%;9,30%;9,40%;9,40%;9,50%;9,50%;9,60%;9,60%;9,60%;9,70%;9,70%;9,80%;10,30%;10,30%;10,40%;10,40%;10,50%;10,50%;10,50%;10,60%;10,60%;10,70%;10,70%;10,20%;10,30%;10,30%;10,40%;10,40%;10,50%;10,50%;10,50%;10,60%;10,60%;10,70%;10,70%;10,70%;10,80%;10,80%;10,90%;10,90%;11,00%;11,00%;11,00%;11,10%;11,10%;11,20%;11,20%;11,20%;11,30%;11,30%;11,40%;11,40%;11,50%;11,50%;11,50%;11,60%;11,60%;11,70%;11,70%;11,80%;11,80%;11,90%;11,90%;12,00%;12,00%;12,10%;12,10%;12,20%;12,20%;12,20%;12,30%;12,30%;12,40%;12,40%;12,50%;12,50%;12,60%;12,60%;12,60%;12,70%;12,70%;12,80%;12,80%;12,90%;12,90%;12,90%;13,00%;13,00%;13,10%;13,10%;13,10%;13,20%;13,20%;13,30%;13,30%;13,40%;13,40%;13,50%;13,50%;13,50%;13,60%;13,60%;13,70%;13,70%;13,80%;13,80%;13,90%;13,90%;14,00%;14,00%;14,10%;14,10%;14,20%;14,30%;14,30%;14,40%;14,40%;14,50%;14,50%;14,60%;14,60%;14,70%;14,80%;14,80%;14,90%;14,90%;15,00%;15,10%;15,10%;15,20%;15,20%;15,30%;15,30%;15,40%;15,50%;15,50%;15,60%;15,60%;15,70%;15,70%;15,80%;15,90%;15,90%;16,00%;16,00%;16,10%;16,10%;16,20%;16,20%;16,30%;16,40%;16,40%;16,50%;16,50%;16,60%;16,60%
520260;AURILANDIA;17,80%;17,80%;17,90%;18,00%;18,10%;18,10%;18,20%;18,30%;18,30%;18,40%;18,50%;18,50%;18,60%;18,70%;18,70%;18,70%;18,80%;18,80%;18,90%;18,90%;19,00%;19,00%;19,10%;19,10%;19,10%;19,20%;19,30%;19,30%;19,40%;19,40%;19,50%;19,50%;19,60%;19,60%;19,70%;19,70%;19,80%;19,90%;19,90%;20,00%;20,00%;20,10%;20,10%;20,20%;20,30%;20,30%;20,40%;20,40%;20,50%;20,50%;20,60%;20,60%;20,70%;20,80%;20,80%;20,90%;20,90%;21,00%;21,00%;21,10%;21,10%;21,80%;21,90%;22,00%;22,00%;22,10%;22,10%;22,20%;22,20%;22,30%;22,40%;22,40%;21,80%;21,80%;21,90%;22,00%;22,00%;22,10%;22,10%;22,20%;22,20%;22,30%;22,40%;22,40%;22,50%;22,50%;22,60%;22,70%;22,70%;22,80%;22,90%;22,90%;23,00%;23,10%;23,10%;23,20%;23,30%;23,30%;23,40%;23,50%;23,50%;23,60%;23,70%;23,70%;23,80%;23,90%;24,00%;24,00%;24,10%;24,20%;24,20%;24,30%;24,40%;24,40%;24,50%;24,60%;24,70%;24,70%;24,80%;24,90%;24,90%;25,00%;25,10%;25,20%;25,20%;25,30%;25,40%;25,50%;25,50%;25,60%;25,70%;25,80%;25,80%;25,90%;25,90%;26,00%;26,10%;26,10%;26,20%;26,20%;26,30%;26,30%;26,40%;26,40%;26,50%;26,60%;26,60%;26,70%;26,80%;26,80%;26,90%;27,00%;27,10%;27,10%;27,20%;27,30%;27,40%;27,50%;27,60%;27,70%;27,80%;27,80%;27,90%;28,00%;28,10%;28,20%;28,30%;28,40%;28,50%;28,60%;28,70%;28,70%;28,80%;28,90%;28,90%;29,00%;29,10%;29,10%;29,20%;29,30%;29,30%;29,40%;29,50%;29,60%;29,60%;29,70%;29,80%;29,90%;29,90%;30,00%;30,10%;30,20%;30,20%;30,30%;30,40%;30,50%;30,60%;30,60%;30,70%;30,80%;30,90%;30,90%;31,00%;31,10%;31,20%
520280;AVELINOPOLIS;12,80%;12,80%;12,90%;12,90%;13,00%;13,00%;13,00%;13,10%;13,10%;13,10%;13,20%;13,20%;13,20%;13,30%;13,30%;13,30%;13,40%;13,40%;13,40%;13,50%;13,50%;13,50%;13,60%;13,60%;13,60%;13,70%;13,70%;13,80%;13,80%;13,90%;13,90%;14,00%;14,10%;14,10%;14,20%;14,20%;14,30%;14,30%;14,40%;14,40%;14,50%;14,60%;14,60%;14,70%;14,70%;14,80%;14,80%;14,90%;15,00%;15,00%;15,10%;15,10%;15,20%;15,20%;15,30%;15,30%;15,40%;15,50%;15,50%;15,60%;15,60%;16,60%;16,60%;16,70%;16,80%;16,80%;16,90%;16,90%;17,00%;17,00%;17,10%;17,20%;16,50%;16,60%;16,60%;16,70%;16,70%;16,80%;16,90%;16,90%;17,00%;17,00%;17,10%;17,10%;17,20%;17,30%;17,40%;17,50%;17,60%;17,60%;17,70%;17,80%;17,90%;18,00%;18,10%;18,20%;18,20%;18,30%;18,40%;18,40%;18,50%;18,60%;18,60%;18,70%;18,70%;18,80%;18,90%;18,90%;19,00%;19,10%;19,10%;19,20%;19,30%;19,40%;19,50%;19,50%;19,60%;19,70%;19,80%;19,80%;19,90%;20,00%;20,10%;20,20%;20,20%;20,30%;20,40%;20,50%;20,60%;20,60%;20,70%;20,80%;20,90%;20,90%;21,00%;21,10%;21,20%;21,20%;21,30%;21,40%;21,40%;21,50%;21,60%;21,60%;21,70%;21,80%;21,80%;21,90%;22,00%;22,00%;22,10%;22,10%;22,20%;22,30%;22,30%;22,40%;22,40%;22,50%;22,60%;22,70%;22,70%;22,80%;22,90%;23,00%;23,00%;23,10%;23,20%;23,30%;23,30%;23,40%;23,40%;23,40%;23,50%;23,50%;23,60%;23,60%;23,60%;23,70%;23,70%;23,80%;23,80%;23,90%;23,90%;24,00%;24,00%;24,10%;24,20%;24,20%;24,30%;24,40%;24,40%;24,50%;24,60%;24,60%;24,70%;24,70%;24,80%;24,90%;24,90%;25,00%;25,10%;25,10%;25,20%;25,20%;25,30%
520310;BALIZA;11,30%;11,30%;11,30%;11,30%;11,40%;11,40%;11,40%;11,40%;11,50%;11,50%;11,50%;11,50%;11,50%;11,60%;11,60%;11,70%;11,70%;11,70%;11,80%;11,80%;11,80%;11,90%;11,90%;12,00%;12,00%;12,10%;12,10%;12,10%;12,20%;12,20%;12,30%;12,30%;12,40%;12,40%;12,50%;12,50%;12,60%;12,60%;12,70%;12,70%;12,80%;12,80%;12,90%;12,90%;13,00%;13,00%;13,10%;13,20%;13,20%;13,30%;13,30%;13,40%;13,40%;13,50%;13,60%;13,60%;13,70%;13,70%;13,80%;13,80%;13,90%;14,50%;14,60%;14,60%;14,70%;14,80%;14,80%;14,90%;15,00%;15,00%;15,10%;15,20%;14,40%;14,50%;14,60%;14,60%;14,70%;14,80%;14,80%;14,90%;15,00%;15,10%;15,10%;15,20%;15,30%;15,30%;15,40%;15,40%;15,50%;15,50%;15,60%;15,60%;15,70%;15,70%;15,80%;15,80%;15,90%;15,90%;16,00%;16,10%;16,10%;16,20%;16,30%;16,40%;16,40%;16,50%;16,60%;16,60%;16,70%;16,80%;16,80%;16,90%;17,00%;17,00%;17,10%;17,20%;17,20%;17,30%;17,40%;17,40%;17,50%;17,50%;17,60%;17,70%;17,70%;17,80%;17,80%;17,90%;17,90%;18,00%;18,00%;18,10%;18,20%;18,20%;18,30%;18,30%;18,40%;18,40%;18,50%;18,50%;18,60%;18,60%;18,70%;18,70%;18,80%;18,90%;18,90%;19,00%;19,10%;19,20%;19,20%;19,30%;19,40%;19,40%;19,50%;19,60%;19,70%;19,70%;19,80%;19,90%;20,00%;20,10%;20,10%;20,20%;20,30%;20,40%;20,50%;20,50%;20,60%;20,70%;20,80%;20,90%;21,00%;21,10%;21,20%;21,20%;21,30%;21,40%;21,50%;21,60%;21,70%;21,80%;21,90%;22,00%;22,10%;22,20%;22,30%;22,40%;22,40%;22,50%;22,60%;22,70%;22,80%;22,90%;23,00%;23,10%;23,20%;23,30%;23,40%;23,50%;23,60%;23,70%;23,80%;23,90%;24,00%
520320;BARRO ALTO;8,90%;8,90%;8,90%;8,90%;8,90%;8,90%;8,90%;8,90%;8,90%;8,90%;9,00%;9,00%;9,00%;9,00%;9,00%;9,00%;9,10%;9,10%;9,10%;9,10%;9,10%;9,20%;9,20%;9,20%;9,20%;9,20%;9,20%;9,30%;9,30%;9,30%;9,30%;9,30%;9,30%;9,40%;9,40%;9,40%;9,40%;9,40%;9,40%;9,40%;9,50%;9,50%;9,50%;9,50%;9,50%;9,50%;9,60%;9,60%;9,60%;9,60%;9,60%;9,70%;9,70%;9,70%;9,70%;9,80%;9,80%;9,80%;9,80%;9,90%;9,90%;10,20%;10,20%;10,20%;10,30%;10,30%;10,30%;10,30%;10,40%;10,40%;10,40%;10,40%;10,20%;10,20%;10,20%;10,20%;10,30%;10,30%;10,30%;10,30%;10,40%;10,40%;10,40%;10,50%;10,50%;10,50%;10,50%;10,60%;10,60%;10,60%;10,60%;10,70%;10,70%;10,70%;10,80%;10,80%;10,80%;10,80%;10,90%;10,90%;10,90%;11,00%;11,00%;11,00%;11,10%;11,10%;11,10%;11,10%;11,20%;11,20%;11,20%;11,30%;11,30%;11,30%;11,30%;11,40%;11,40%;11,40%;11,40%;11,50%;11,50%;11,50%;11,60%;11,60%;11,60%;11,60%;11,70%;11,70%;11,70%;11,80%;11,80%;11,80%;11,80%;11,90%;11,90%;11,90%;11,90%;12,00%;12,00%;12,00%;12,10%;12,10%;12,10%;12,10%;12,20%;12,20%;12,20%;12,20%;12,30%;12,30%;12,30%;12,40%;12,40%;12,40%;12,50%;12,50%;12,50%;12,60%;12,60%;12,60%;12,70%;12,70%;12,70%;12,80%;12,80%;12,90%;12,90%;12,90%;13,00%;13,00%;13,00%;13,10%;13,10%;13,20%;13,20%;13,20%;13,30%;13,30%;13,40%;13,40%;13,40%;13,50%;13,50%;13,60%;13,60%;13,70%;13,70%;13,80%;13,80%;13,90%;13,90%;14,00%;14,00%;14,10%;14,10%;14,10%;14,20%;14,20%;14,30%;14,30%;14,40%;14,40%;14,50%;14,50%;14,60%
520330;BELA VISTA DE GOIAS;11,00%;11,00%;11,00%;11,00%;11,10%;11,10%;11,10%;11,10%;11,10%;11,20%;11,20%;11,20%;11,20%;11,20%;11,30%;11,30%;11,30%;11,30%;11,40%;11,40%;11,40%;11,40%;11,40%;11,50%;11,50%;11,50%;11,50%;11,60%;11,60%;11,60%;11,70%;11,70%;11,70%;11,70%;11,80%;11,80%;11,80%;11,80%;11,90%;11,90%;11,90%;12,00%;12,00%;12,00%;12,10%;12,10%;12,10%;12,10%;12,20%;12,20%;12,20%;12,30%;12,30%;12,30%;12,40%;12,40%;12,40%;12,50%;12,50%;12,50%;12,50%;13,00%;13,00%;13,10%;13,10%;13,10%;13,20%;13,20%;13,20%;13,30%;13,30%;13,40%;12,90%;13,00%;13,00%;13,10%;13,10%;13,10%;13,20%;13,20%;13,30%;13,30%;13,30%;13,40%;13,40%;13,40%;13,50%;13,50%;13,60%;13,60%;13,70%;13,70%;13,70%;13,80%;13,80%;13,90%;13,90%;13,90%;14,00%;14,00%;14,10%;14,10%;14,20%;14,20%;14,30%;14,30%;14,30%;14,40%;14,40%;14,50%;14,50%;14,60%;14,60%;14,70%;14,70%;14,80%;14,80%;14,90%;14,90%;15,00%;15,00%;15,00%;15,10%;15,10%;15,20%;15,20%;15,30%;15,30%;15,40%;15,40%;15,40%;15,50%;15,50%;15,60%;15,60%;15,70%;15,70%;15,70%;15,80%;15,80%;15,90%;15,90%;15,90%;16,00%;16,00%;16,10%;16,10%;16,20%;16,20%;16,20%;16,30%;16,30%;16,40%;16,40%;16,50%;16,50%;16,60%;16,60%;16,70%;16,70%;16,80%;16,80%;16,80%;16,90%;16,90%;17,00%;17,00%;17,10%;17,10%;17,20%;17,20%;17,30%;17,30%;17,40%;17,40%;17,50%;17,50%;17,60%;17,60%;17,60%;17,70%;17,70%;17,80%;17,80%;17,90%;17,90%;18,00%;18,00%;18,10%;18,10%;18,20%;18,20%;18,30%;18,30%;18,40%;18,40%;18,50%;18,50%;18,60%;18,60%;18,70%;18,70%;18,80%;18,80%;18,90%
520340;BOM JARDIM DE GOIAS;13,10%;13,20%;13,20%;13,30%;13,30%;13,30%;13,40%;13,40%;13,50%;13,50%;13,60%;13,60%;13,60%;13,70%;13,70%;13,80%;13,80%;13,90%;13,90%;14,00%;14,00%;14,10%;14,10%;14,20%;14,20%;14,30%;14,30%;14,40%;14,40%;14,50%;14,50%;14,50%;14,60%;14,60%;14,70%;14,70%;14,80%;14,80%;14,90%;14,90%;15,00%;15,00%;15,10%;15,20%;15,20%;15,30%;15,30%;15,40%;15,40%;15,50%;15,50%;15,60%;15,60%;15,70%;15,70%;15,80%;15,80%;15,90%;15,90%;16,00%;16,10%;16,80%;16,80%;16,90%;16,90%;17,00%;17,10%;17,10%;17,20%;17,20%;17,30%;17,30%;16,70%;16,80%;16,80%;16,90%;16,90%;17,00%;17,10%;17,10%;17,20%;17,20%;17,30%;17,30%;17,40%;17,50%;17,50%;17,60%;17,60%;17,70%;17,80%;17,80%;17,90%;17,90%;18,00%;18,10%;18,10%;18,20%;18,20%;18,30%;18,40%;18,40%;18,50%;18,60%;18,60%;18,70%;18,70%;18,80%;18,90%;18,90%;19,00%;19,00%;19,10%;19,10%;19,20%;19,20%;19,30%;19,30%;19,40%;19,40%;19,50%;19,60%;19,60%;19,70%;19,70%;19,80%;19,80%;19,90%;19,90%;20,00%;20,10%;20,10%;20,20%;20,20%;20,30%;20,30%;20,40%;20,40%;20,50%;20,50%;20,60%;20,60%;20,70%;20,70%;20,80%;20,80%;20,90%;20,90%;21,00%;21,10%;21,10%;21,20%;21,20%;21,30%;21,30%;21,40%;21,50%;21,50%;21,60%;21,70%;21,70%;21,80%;21,90%;21,90%;22,00%;22,10%;22,20%;22,20%;22,30%;22,40%;22,40%;22,50%;22,60%;22,60%;22,70%;22,80%;22,80%;22,90%;23,00%;23,00%;23,10%;23,20%;23,20%;23,30%;23,40%;23,40%;23,50%;23,60%;23,60%;23,70%;23,80%;23,80%;23,90%;24,00%;24,00%;24,10%;24,20%;24,20%;24,30%;24,40%;24,40%;24,50%;24,60%;24,70%;24,70%
520350;BOM JESUS DE GOIAS;8,50%;8,50%;8,50%;8,50%;8,50%;8,50%;8,60%;8,60%;8,60%;8,60%;8,60%;8,60%;8,60%;8,60%;8,70%;8,70%;8,70%;8,70%;8,70%;8,80%;8,80%;8,80%;8,80%;8,80%;8,80%;8,90%;8,90%;8,90%;8,90%;9,00%;9,00%;9,00%;9,00%;9,00%;9,10%;9,10%;9,10%;9,10%;9,20%;9,20%;9,20%;9,20%;9,20%;9,30%;9,30%;9,30%;9,30%;9,40%;9,40%;9,40%;9,40%;9,40%;9,50%;9,50%;9,50%;9,50%;9,50%;9,60%;9,60%;9,60%;9,60%;9,90%;10,00%;10,00%;10,00%;10,00%;10,10%;10,10%;10,10%;10,10%;10,20%;10,20%;9,90%;9,90%;10,00%;10,00%;10,00%;10,00%;10,10%;10,10%;10,10%;10,20%;10,20%;10,20%;10,20%;10,30%;10,30%;10,30%;10,30%;10,40%;10,40%;10,40%;10,50%;10,50%;10,50%;10,50%;10,60%;10,60%;10,60%;10,70%;10,70%;10,70%;10,80%;10,80%;10,80%;10,90%;10,90%;10,90%;11,00%;11,00%;11,00%;11,10%;11,10%;11,10%;11,10%;11,20%;11,20%;11,20%;11,30%;11,30%;11,30%;11,40%;11,40%;11,40%;11,50%;11,50%;11,50%;11,60%;11,60%;11,60%;11,70%;11,70%;11,70%;11,80%;11,80%;11,80%;11,80%;11,90%;11,90%;11,90%;11,90%;12,00%;12,00%;12,00%;12,10%;12,10%;12,10%;12,20%;12,20%;12,20%;12,30%;12,30%;12,30%;12,40%;12,40%;12,40%;12,50%;12,50%;12,50%;12,60%;12,60%;12,70%;12,70%;12,70%;12,80%;12,80%;12,90%;12,90%;12,90%;13,00%;13,00%;13,10%;13,10%;13,10%;13,20%;13,20%;13,30%;13,30%;13,40%;13,40%;13,40%;13,50%;13,50%;13,60%;13,60%;13,60%;13,70%;13,70%;13,80%;13,80%;13,80%;13,90%;13,90%;14,00%;14,00%;14,10%;14,10%;14,10%;14,20%;14,20%;14,30%;14,30%;14,30%;14,40%;14,40%
520355;BONFINOPOLIS;9,70%;9,70%;9,70%;9,70%;9,80%;9,80%;9,80%;9,80%;9,80%;9,90%;9,90%;9,90%;9,90%;10,00%;10,00%;10,00%;10,00%;10,10%;10,10%;10,10%;10,10%;10,20%;10,20%;10,20%;10,20%;10,20%;10,30%;10,30%;10,30%;10,30%;10,30%;10,30%;10,30%;10,40%;10,40%;10,40%;10,40%;10,40%;10,50%;10,50%;10,50%;10,50%;10,60%;10,60%;10,60%;10,60%;10,70%;10,70%;10,70%;10,70%;10,80%;10,80%;10,80%;10,80%;10,90%;10,90%;10,90%;10,90%;11,00%;11,00%;11,00%;11,40%;11,40%;11,40%;11,50%;11,50%;11,50%;11,50%;11,60%;11,60%;11,60%;11,60%;11,40%;11,40%;11,40%;11,40%;11,50%;11,50%;11,50%;11,50%;11,60%;11,60%;11,60%;11,60%;11,70%;11,70%;11,70%;11,80%;11,80%;11,90%;11,90%;11,90%;12,00%;12,00%;12,00%;12,10%;12,10%;12,10%;12,20%;12,20%;12,30%;12,30%;12,30%;12,40%;12,40%;12,40%;12,50%;12,50%;12,50%;12,60%;12,60%;12,70%;12,70%;12,80%;12,80%;12,80%;12,90%;12,90%;13,00%;13,00%;13,10%;13,10%;13,10%;13,20%;13,20%;13,30%;13,30%;13,30%;13,40%;13,40%;13,50%;13,50%;13,60%;13,60%;13,60%;13,70%;13,70%;13,70%;13,80%;13,80%;13,80%;13,90%;13,90%;13,90%;14,00%;14,00%;14,10%;14,10%;14,10%;14,20%;14,20%;14,20%;14,30%;14,30%;14,40%;14,40%;14,40%;14,50%;14,50%;14,60%;14,60%;14,70%;14,70%;14,80%;14,80%;14,80%;14,90%;14,90%;15,00%;15,00%;15,10%;15,10%;15,10%;15,20%;15,20%;15,20%;15,30%;15,30%;15,40%;15,40%;15,40%;15,50%;15,50%;15,60%;15,60%;15,70%;15,70%;15,70%;15,80%;15,80%;15,90%;15,90%;16,00%;16,00%;16,00%;16,10%;16,10%;16,20%;16,20%;16,30%;16,30%;16,30%;16,40%;16,40%;16,50%
520357;BONOPOLIS;9,30%;9,30%;9,40%;9,40%;9,40%;9,50%;9,50%;9,50%;9,60%;9,60%;9,70%;9,70%;9,70%;9,70%;9,80%;9,80%;9,80%;9,90%;9,90%;9,90%;9,90%;10,00%;10,00%;10,00%;10,00%;10,10%;10,10%;10,20%;10,20%;10,30%;10,30%;10,30%;10,40%;10,40%;10,50%;10,50%;10,60%;10,60%;10,60%;10,70%;10,70%;10,80%;10,80%;10,80%;10,90%;10,90%;10,90%;11,00%;11,00%;11,00%;11,10%;11,10%;11,20%;11,20%;11,30%;11,30%;11,40%;11,40%;11,50%;11,50%;11,60%;12,10%;12,20%;12,20%;12,20%;12,30%;12,30%;12,40%;12,40%;12,50%;12,50%;12,60%;12,10%;12,10%;12,20%;12,20%;12,20%;12,30%;12,30%;12,40%;12,40%;12,50%;12,50%;12,60%;12,60%;12,70%;12,70%;12,80%;12,80%;12,90%;13,00%;13,00%;13,10%;13,10%;13,20%;13,30%;13,30%;13,40%;13,40%;13,40%;13,50%;13,50%;13,50%;13,60%;13,60%;13,70%;13,70%;13,70%;13,80%;13,80%;13,90%;13,90%;14,00%;14,00%;14,10%;14,10%;14,20%;14,20%;14,30%;14,30%;14,40%;14,40%;14,50%;14,50%;14,60%;14,60%;14,60%;14,70%;14,70%;14,80%;14,80%;14,90%;14,90%;14,90%;15,00%;15,00%;15,10%;15,10%;15,10%;15,20%;15,20%;15,20%;15,30%;15,30%;15,30%;15,40%;15,40%;15,50%;15,50%;15,50%;15,60%;15,60%;15,60%;15,70%;15,70%;15,70%;15,80%;15,80%;15,80%;15,90%;15,90%;16,00%;16,00%;16,00%;16,10%;16,10%;16,10%;16,20%;16,20%;16,20%;16,30%;16,30%;16,40%;16,40%;16,50%;16,50%;16,60%;16,60%;16,60%;16,70%;16,70%;16,80%;16,90%;16,90%;17,00%;17,00%;17,10%;17,20%;17,20%;17,30%;17,40%;17,40%;17,50%;17,50%;17,60%;17,70%;17,70%;17,80%;17,90%;17,90%;18,00%;18,10%;18,10%;18,20%;18,20%
520360;BRAZABRANTES;12,30%;12,30%;12,30%;12,40%;12,40%;12,40%;12,50%;12,50%;12,50%;12,60%;12,60%;12,60%;12,70%;12,70%;12,70%;12,80%;12,80%;12,80%;12,80%;12,90%;12,90%;12,90%;12,90%;13,00%;13,00%;13,00%;13,00%;13,00%;13,10%;13,10%;13,10%;13,10%;13,20%;13,20%;13,20%;13,20%;13,20%;13,30%;13,30%;13,40%;13,40%;13,40%;13,50%;13,50%;13,50%;13,60%;13,60%;13,60%;13,70%;13,70%;13,70%;13,70%;13,80%;13,80%;13,80%;13,90%;13,90%;13,90%;13,90%;14,00%;14,00%;14,40%;14,40%;14,50%;14,50%;14,50%;14,60%;14,60%;14,60%;14,60%;14,70%;14,70%;14,40%;14,40%;14,40%;14,50%;14,50%;14,50%;14,60%;14,60%;14,60%;14,60%;14,70%;14,70%;14,70%;14,80%;14,80%;14,80%;14,90%;14,90%;14,90%;15,00%;15,00%;15,00%;15,10%;15,10%;15,10%;15,20%;15,20%;15,30%;15,30%;15,40%;15,40%;15,40%;15,50%;15,50%;15,60%;15,60%;15,70%;15,70%;15,70%;15,80%;15,80%;15,90%;15,90%;15,90%;16,00%;16,00%;16,00%;16,10%;16,10%;16,20%;16,20%;16,20%;16,30%;16,30%;16,40%;16,40%;16,40%;16,50%;16,50%;16,60%;16,60%;16,60%;16,70%;16,70%;16,80%;16,80%;16,90%;16,90%;16,90%;17,00%;17,00%;17,10%;17,10%;17,20%;17,20%;17,20%;17,30%;17,30%;17,40%;17,40%;17,50%;17,50%;17,60%;17,60%;17,70%;17,70%;17,80%;17,80%;17,90%;17,90%;18,00%;18,00%;18,10%;18,10%;18,20%;18,20%;18,30%;18,40%;18,40%;18,50%;18,50%;18,60%;18,60%;18,70%;18,70%;18,80%;18,90%;18,90%;19,00%;19,00%;19,00%;19,10%;19,10%;19,20%;19,20%;19,20%;19,30%;19,30%;19,40%;19,40%;19,40%;19,50%;19,50%;19,60%;19,60%;19,60%;19,70%;19,70%;19,80%;19,80%;19,80%;19,90%;19,90%
520380;BRITANIA;11,00%;11,00%;11,00%;11,10%;11,10%;11,10%;11,10%;11,20%;11,20%;11,20%;11,30%;11,30%;11,30%;11,30%;11,40%;11,40%;11,50%;11,50%;11,50%;11,60%;11,60%;11,70%;11,70%;11,70%;11,80%;11,80%;11,80%;11,90%;11,90%;11,90%;12,00%;12,00%;12,00%;12,10%;12,10%;12,10%;12,20%;12,20%;12,30%;12,30%;12,30%;12,40%;12,40%;12,40%;12,50%;12,50%;12,50%;12,60%;12,60%;12,70%;12,70%;12,70%;12,80%;12,80%;12,90%;12,90%;12,90%;13,00%;13,00%;13,10%;13,10%;13,60%;13,60%;13,70%;13,70%;13,80%;13,80%;13,80%;13,90%;13,90%;14,00%;14,00%;13,60%;13,60%;13,60%;13,70%;13,70%;13,80%;13,80%;13,80%;13,90%;13,90%;14,00%;14,00%;14,00%;14,10%;14,10%;14,20%;14,20%;14,30%;14,30%;14,30%;14,40%;14,40%;14,50%;14,50%;14,60%;14,60%;14,60%;14,70%;14,70%;14,70%;14,80%;14,80%;14,90%;14,90%;14,90%;15,00%;15,00%;15,00%;15,10%;15,10%;15,20%;15,20%;15,30%;15,30%;15,30%;15,40%;15,40%;15,50%;15,50%;15,60%;15,60%;15,60%;15,70%;15,70%;15,80%;15,80%;15,90%;15,90%;15,90%;16,00%;16,00%;16,10%;16,10%;16,10%;16,20%;16,20%;16,20%;16,20%;16,30%;16,30%;16,30%;16,40%;16,40%;16,40%;16,50%;16,50%;16,60%;16,60%;16,60%;16,70%;16,70%;16,70%;16,80%;16,80%;16,90%;16,90%;17,00%;17,00%;17,10%;17,10%;17,20%;17,20%;17,30%;17,40%;17,40%;17,50%;17,50%;17,60%;17,60%;17,70%;17,70%;17,70%;17,80%;17,80%;17,90%;17,90%;18,00%;18,00%;18,00%;18,10%;18,10%;18,20%;18,30%;18,30%;18,40%;18,40%;18,50%;18,50%;18,60%;18,60%;18,70%;18,70%;18,80%;18,80%;18,90%;18,90%;19,00%;19,10%;19,10%;19,20%;19,20%;19,30%;19,30%
520390;BURITI ALEGRE;16,00%;16,00%;16,00%;16,00%;16,00%;16,10%;16,10%;16,10%;16,10%;16,10%;16,20%;16,20%;16,20%;16,20%;16,20%;16,30%;16,30%;16,30%;16,30%;16,30%;16,40%;16,40%;16,40%;16,40%;16,40%;16,50%;16,50%;16,50%;16,50%;16,50%;16,50%;16,50%;16,50%;16,50%;16,50%;16,60%;16,60%;16,60%;16,60%;16,60%;16,60%;16,60%;16,60%;16,60%;16,70%;16,70%;16,70%;16,70%;16,70%;16,70%;16,70%;16,70%;16,70%;16,70%;16,70%;16,70%;16,80%;16,80%;16,80%;16,80%;16,80%;17,00%;17,00%;17,00%;17,00%;17,10%;17,10%;17,10%;17,10%;17,10%;17,20%;17,20%;17,00%;17,00%;17,00%;17,00%;17,00%;17,10%;17,10%;17,10%;17,10%;17,10%;17,20%;17,20%;17,20%;17,20%;17,20%;17,30%;17,30%;17,30%;17,30%;17,30%;17,30%;17,40%;17,40%;17,40%;17,40%;17,40%;17,40%;17,50%;17,50%;17,50%;17,50%;17,50%;17,60%;17,60%;17,60%;17,60%;17,60%;17,60%;17,70%;17,70%;17,70%;17,70%;17,70%;17,80%;17,80%;17,80%;17,80%;17,80%;17,90%;17,90%;17,90%;17,90%;17,90%;17,90%;18,00%;18,00%;18,00%;18,00%;18,00%;18,00%;18,00%;18,00%;18,10%;18,10%;18,10%;18,10%;18,10%;18,10%;18,10%;18,10%;18,20%;18,20%;18,20%;18,20%;18,20%;18,20%;18,30%;18,30%;18,30%;18,30%;18,30%;18,40%;18,40%;18,40%;18,40%;18,40%;18,50%;18,50%;18,50%;18,60%;18,60%;18,60%;18,70%;18,70%;18,70%;18,80%;18,80%;18,80%;18,90%;18,90%;18,90%;19,00%;19,00%;19,00%;19,10%;19,10%;19,10%;19,20%;19,20%;19,20%;19,30%;19,30%;19,30%;19,30%;19,40%;19,40%;19,40%;19,50%;19,50%;19,50%;19,60%;19,60%;19,60%;19,70%;19,70%;19,70%;19,80%;19,80%;19,80%;19,90%;19,90%;19,90%;19,90%
520393;BURITI DE GOIAS;12,60%;12,60%;12,70%;12,70%;12,80%;12,80%;12,90%;12,90%;13,00%;13,00%;13,10%;13,10%;13,20%;13,20%;13,30%;13,30%;13,40%;13,40%;13,40%;13,50%;13,50%;13,60%;13,60%;13,70%;13,70%;13,70%;13,80%;13,80%;13,80%;13,80%;13,90%;13,90%;13,90%;14,00%;14,00%;14,00%;14,10%;14,10%;14,10%;14,20%;14,20%;14,30%;14,30%;14,40%;14,40%;14,50%;14,50%;14,50%;14,60%;14,60%;14,70%;14,70%;14,80%;14,80%;14,90%;14,90%;15,00%;15,00%;15,10%;15,10%;15,20%;15,70%;15,80%;15,90%;15,90%;16,00%;16,00%;16,10%;16,20%;16,20%;16,30%;16,40%;15,70%;15,70%;15,80%;15,90%;15,90%;16,00%;16,10%;16,10%;16,20%;16,30%;16,30%;16,40%;16,50%;16,50%;16,60%;16,60%;16,70%;16,80%;16,80%;16,90%;17,00%;17,00%;17,10%;17,10%;17,20%;17,30%;17,30%;17,40%;17,50%;17,50%;17,60%;17,70%;17,80%;17,80%;17,90%;18,00%;18,00%;18,10%;18,20%;18,20%;18,30%;18,30%;18,40%;18,50%;18,50%;18,60%;18,70%;18,70%;18,80%;18,90%;18,90%;19,00%;19,10%;19,10%;19,20%;19,30%;19,40%;19,40%;19,50%;19,60%;19,70%;19,70%;19,80%;19,80%;19,90%;19,90%;20,00%;20,10%;20,10%;20,20%;20,20%;20,30%;20,30%;20,40%;20,50%;20,60%;20,60%;20,70%;20,80%;20,80%;20,90%;21,00%;21,00%;21,10%;21,20%;21,30%;21,30%;21,40%;21,50%;21,60%;21,70%;21,70%;21,80%;21,90%;22,00%;22,10%;22,10%;22,20%;22,30%;22,40%;22,50%;22,50%;22,60%;22,70%;22,80%;22,80%;22,90%;23,00%;23,10%;23,10%;23,20%;23,30%;23,40%;23,50%;23,60%;23,60%;23,70%;23,80%;23,90%;24,00%;24,10%;24,20%;24,20%;24,30%;24,40%;24,50%;24,60%;24,70%;24,70%;24,80%;24,90%;25,00%;25,10%
520396;BURITINOPOLIS;9,60%;9,60%;9,60%;9,60%;9,60%;9,60%;9,60%;9,60%;9,60%;9,70%;9,70%;9,70%;9,70%;9,70%;9,70%;9,80%;9,80%;9,80%;9,90%;9,90%;9,90%;9,90%;10,00%;10,00%;10,00%;10,10%;10,10%;10,10%;10,20%;10,20%;10,20%;10,30%;10,30%;10,40%;10,40%;10,40%;10,50%;10,50%;10,50%;10,60%;10,60%;10,60%;10,60%;10,70%;10,70%;10,70%;10,80%;10,80%;10,80%;10,90%;10,90%;10,90%;11,00%;11,00%;11,10%;11,10%;11,10%;11,20%;11,20%;11,20%;11,30%;11,70%;11,80%;11,80%;11,90%;11,90%;12,00%;12,00%;12,10%;12,10%;12,20%;12,20%;11,70%;11,80%;11,80%;11,90%;11,90%;12,00%;12,00%;12,10%;12,10%;12,20%;12,20%;12,30%;12,30%;12,40%;12,40%;12,50%;12,50%;12,60%;12,60%;12,70%;12,70%;12,80%;12,80%;12,90%;12,90%;13,00%;13,00%;13,10%;13,10%;13,20%;13,20%;13,30%;13,30%;13,40%;13,40%;13,50%;13,50%;13,60%;13,60%;13,70%;13,70%;13,70%;13,80%;13,80%;13,90%;13,90%;14,00%;14,00%;14,10%;14,10%;14,10%;14,20%;14,20%;14,30%;14,30%;14,40%;14,40%;14,40%;14,50%;14,50%;14,60%;14,60%;14,70%;14,70%;14,80%;14,80%;14,90%;14,90%;15,00%;15,00%;15,10%;15,10%;15,10%;15,20%;15,20%;15,30%;15,30%;15,40%;15,40%;15,50%;15,50%;15,50%;15,60%;15,60%;15,70%;15,70%;15,80%;15,80%;15,90%;15,90%;15,90%;16,00%;16,00%;16,10%;16,10%;16,20%;16,20%;16,30%;16,30%;16,40%;16,40%;16,50%;16,50%;16,60%;16,60%;16,70%;16,80%;16,80%;16,90%;16,90%;17,00%;17,00%;17,10%;17,10%;17,20%;17,20%;17,30%;17,30%;17,40%;17,40%;17,50%;17,50%;17,60%;17,60%;17,70%;17,70%;17,80%;17,80%;17,90%;18,00%;18,00%;18,10%;18,10%
520400;CABECEIRAS;8,40%;8,50%;8,50%;8,50%;8,60%;8,60%;8,60%;8,60%;8,70%;8,70%;8,70%;8,70%;8,80%;8,80%;8,80%;8,80%;8,90%;8,90%;8,90%;8,90%;9,00%;9,00%;9,00%;9,00%;9,10%;9,10%;9,10%;9,20%;9,20%;9,20%;9,20%;9,30%;9,30%;9,30%;9,30%;9,40%;9,40%;9,40%;9,40%;9,50%;9,50%;9,50%;9,60%;9,60%;9,60%;9,70%;9,70%;9,70%;9,80%;9,80%;9,80%;9,90%;9,90%;9,90%;9,90%;10,00%;10,00%;10,00%;10,10%;10,10%;10,10%;10,50%;10,50%;10,50%;10,60%;10,60%;10,60%;10,70%;10,70%;10,70%;10,80%;10,80%;10,40%;10,50%;10,50%;10,50%;10,60%;10,60%;10,60%;10,70%;10,70%;10,70%;10,80%;10,80%;10,90%;10,90%;10,90%;11,00%;11,00%;11,00%;11,10%;11,10%;11,10%;11,20%;11,20%;11,30%;11,30%;11,30%;11,40%;11,40%;11,40%;11,50%;11,50%;11,50%;11,60%;11,60%;11,60%;11,70%;11,70%;11,70%;11,80%;11,80%;11,90%;11,90%;11,90%;12,00%;12,00%;12,00%;12,10%;12,10%;12,10%;12,20%;12,20%;12,20%;12,30%;12,30%;12,40%;12,40%;12,40%;12,50%;12,50%;12,60%;12,60%;12,60%;12,70%;12,70%;12,70%;12,80%;12,80%;12,80%;12,90%;12,90%;12,90%;13,00%;13,00%;13,00%;13,10%;13,10%;13,10%;13,20%;13,20%;13,30%;13,30%;13,30%;13,40%;13,40%;13,50%;13,50%;13,60%;13,60%;13,70%;13,70%;13,80%;13,80%;13,90%;13,90%;14,00%;14,00%;14,10%;14,10%;14,10%;14,20%;14,20%;14,30%;14,30%;14,40%;14,40%;14,50%;14,50%;14,50%;14,60%;14,60%;14,70%;14,70%;14,80%;14,80%;14,90%;14,90%;15,00%;15,00%;15,10%;15,20%;15,20%;15,30%;15,30%;15,40%;15,40%;15,50%;15,50%;15,60%;15,60%;15,70%;15,70%;15,80%;15,80%
520410;CACHOEIRA ALTA;11,50%;11,50%;11,60%;11,60%;11,60%;11,60%;11,60%;11,60%;11,60%;11,60%;11,60%;11,60%;11,70%;11,70%;11,70%;11,70%;11,70%;11,70%;11,70%;11,80%;11,80%;11,80%;11,80%;11,80%;11,80%;11,90%;11,90%;11,90%;11,90%;11,90%;12,00%;12,00%;12,00%;12,00%;12,00%;12,10%;12,10%;12,10%;12,10%;12,10%;12,20%;12,20%;12,20%;12,20%;12,30%;12,30%;12,30%;12,30%;12,30%;12,40%;12,40%;12,40%;12,40%;12,40%;12,50%;12,50%;12,50%;12,50%;12,60%;12,60%;12,60%;12,90%;13,00%;13,00%;13,00%;13,10%;13,10%;13,10%;13,20%;13,20%;13,20%;13,20%;12,90%;12,90%;13,00%;13,00%;13,00%;13,10%;13,10%;13,10%;13,20%;13,20%;13,20%;13,20%;13,30%;13,30%;13,30%;13,40%;13,40%;13,40%;13,50%;13,50%;13,50%;13,50%;13,60%;13,60%;13,60%;13,70%;13,70%;13,70%;13,80%;13,80%;13,80%;13,90%;13,90%;13,90%;14,00%;14,00%;14,00%;14,10%;14,10%;14,10%;14,10%;14,20%;14,20%;14,20%;14,30%;14,30%;14,30%;14,40%;14,40%;14,40%;14,50%;14,50%;14,50%;14,60%;14,60%;14,60%;14,70%;14,70%;14,70%;14,80%;14,80%;14,80%;14,80%;14,90%;14,90%;14,90%;14,90%;15,00%;15,00%;15,00%;15,00%;15,10%;15,10%;15,10%;15,20%;15,20%;15,20%;15,30%;15,30%;15,30%;15,40%;15,40%;15,40%;15,50%;15,50%;15,50%;15,60%;15,60%;15,70%;15,70%;15,80%;15,80%;15,80%;15,90%;15,90%;16,00%;16,00%;16,00%;16,10%;16,10%;16,20%;16,20%;16,30%;16,30%;16,40%;16,40%;16,40%;16,50%;16,50%;16,60%;16,60%;16,60%;16,70%;16,70%;16,80%;16,80%;16,80%;16,90%;16,90%;17,00%;17,00%;17,00%;17,10%;17,10%;17,20%;17,20%;17,20%;17,30%;17,30%;17,30%;17,40%;17,40%;17,50%
520420;CACHOEIRA DE GOIAS;13,40%;13,40%;13,40%;13,50%;13,50%;13,60%;13,60%;13,60%;13,70%;13,70%;13,80%;13,80%;13,80%;13,90%;13,90%;14,00%;14,00%;14,10%;14,10%;14,20%;14,20%;14,30%;14,40%;14,40%;14,50%;14,50%;14,50%;14,50%;14,60%;14,60%;14,60%;14,70%;14,70%;14,70%;14,80%;14,80%;14,80%;14,90%;14,90%;15,00%;15,00%;15,00%;15,10%;15,10%;15,20%;15,20%;15,30%;15,30%;15,30%;15,40%;15,40%;15,50%;15,50%;15,60%;15,60%;15,70%;15,70%;15,80%;15,80%;15,90%;16,00%;16,20%;16,20%;16,30%;16,30%;16,40%;16,40%;16,50%;16,50%;16,60%;16,60%;16,70%;16,20%;16,20%;16,30%;16,30%;16,40%;16,40%;16,50%;16,50%;16,60%;16,60%;16,70%;16,70%;16,70%;16,80%;16,80%;16,90%;16,90%;17,00%;17,00%;17,10%;17,10%;17,10%;17,20%;17,20%;17,30%;17,30%;17,40%;17,40%;17,50%;17,50%;17,60%;17,60%;17,70%;17,70%;17,80%;17,80%;17,90%;18,00%;18,00%;18,10%;18,20%;18,20%;18,30%;18,40%;18,40%;18,50%;18,60%;18,60%;18,70%;18,80%;18,90%;18,90%;19,00%;19,10%;19,20%;19,20%;19,30%;19,40%;19,40%;19,50%;19,60%;19,70%;19,80%;19,80%;19,90%;20,00%;20,10%;20,20%;20,20%;20,30%;20,40%;20,50%;20,60%;20,60%;20,70%;20,70%;20,80%;20,90%;20,90%;21,00%;21,00%;21,10%;21,20%;21,20%;21,30%;21,30%;21,40%;21,50%;21,60%;21,60%;21,70%;21,80%;21,80%;21,90%;22,00%;22,00%;22,10%;22,20%;22,30%;22,40%;22,50%;22,60%;22,70%;22,70%;22,80%;22,90%;23,00%;23,10%;23,20%;23,30%;23,40%;23,50%;23,60%;23,70%;23,80%;23,90%;24,00%;24,10%;24,20%;24,30%;24,30%;24,40%;24,50%;24,60%;24,70%;24,80%;24,90%;25,00%;25,10%;25,20%;25,30%;25,40%;25,50%
520425;CACHOEIRA DOURADA;13,00%;13,00%;13,10%;13,10%;13,10%;13,20%;13,20%;13,20%;13,30%;13,30%;13,40%;13,40%;13,40%;13,50%;13,50%;13,50%;13,60%;13,60%;13,70%;13,70%;13,70%;13,80%;13,80%;13,80%;13,90%;13,90%;14,00%;14,00%;14,00%;14,10%;14,10%;14,10%;14,20%;14,20%;14,20%;14,30%;14,30%;14,30%;14,40%;14,40%;14,50%;14,50%;14,50%;14,60%;14,60%;14,70%;14,70%;14,70%;14,80%;14,80%;14,90%;14,90%;14,90%;15,00%;15,00%;15,10%;15,10%;15,20%;15,20%;15,20%;15,30%;15,80%;15,80%;15,90%;15,90%;16,00%;16,00%;16,10%;16,10%;16,20%;16,20%;16,20%;15,80%;15,80%;15,90%;15,90%;15,90%;16,00%;16,00%;16,10%;16,10%;16,20%;16,20%;16,20%;16,30%;16,30%;16,40%;16,50%;16,50%;16,60%;16,60%;16,70%;16,70%;16,80%;16,90%;16,90%;17,00%;17,00%;17,10%;17,10%;17,20%;17,20%;17,30%;17,30%;17,40%;17,40%;17,50%;17,50%;17,60%;17,60%;17,70%;17,70%;17,80%;17,80%;17,90%;17,90%;18,00%;18,00%;18,10%;18,20%;18,20%;18,30%;18,30%;18,40%;18,40%;18,50%;18,50%;18,60%;18,60%;18,70%;18,70%;18,80%;18,80%;18,90%;18,90%;19,00%;19,00%;19,10%;19,10%;19,20%;19,20%;19,30%;19,30%;19,40%;19,40%;19,50%;19,50%;19,60%;19,60%;19,70%;19,80%;19,80%;19,90%;19,90%;20,00%;20,10%;20,10%;20,20%;20,30%;20,30%;20,40%;20,50%;20,60%;20,60%;20,70%;20,80%;20,90%;20,90%;21,00%;21,10%;21,10%;21,20%;21,30%;21,30%;21,40%;21,50%;21,50%;21,60%;21,60%;21,70%;21,80%;21,80%;21,90%;22,00%;22,10%;22,20%;22,20%;22,30%;22,40%;22,50%;22,60%;22,60%;22,70%;22,80%;22,90%;23,00%;23,00%;23,10%;23,20%;23,30%;23,40%;23,50%;23,50%;23,60%;23,70%
520430;CACU;12,60%;12,60%;12,60%;12,60%;12,70%;12,70%;12,70%;12,70%;12,80%;12,80%;12,80%;12,80%;12,90%;12,90%;12,90%;13,00%;13,00%;13,00%;13,00%;13,10%;13,10%;13,10%;13,20%;13,20%;13,20%;13,20%;13,30%;13,30%;13,30%;13,40%;13,40%;13,40%;13,50%;13,50%;13,50%;13,50%;13,60%;13,60%;13,60%;13,70%;13,70%;13,70%;13,80%;13,80%;13,90%;13,90%;13,90%;14,00%;14,00%;14,00%;14,10%;14,10%;14,10%;14,20%;14,20%;14,20%;14,30%;14,30%;14,40%;14,40%;14,40%;14,90%;15,00%;15,00%;15,00%;15,10%;15,10%;15,20%;15,20%;15,20%;15,30%;15,30%;14,90%;14,90%;15,00%;15,00%;15,00%;15,10%;15,10%;15,20%;15,20%;15,20%;15,30%;15,30%;15,40%;15,40%;15,40%;15,50%;15,50%;15,60%;15,60%;15,70%;15,70%;15,70%;15,80%;15,80%;15,90%;15,90%;16,00%;16,00%;16,00%;16,10%;16,10%;16,20%;16,20%;16,20%;16,30%;16,30%;16,40%;16,40%;16,40%;16,50%;16,50%;16,50%;16,60%;16,60%;16,70%;16,70%;16,70%;16,80%;16,80%;16,80%;16,90%;16,90%;16,90%;17,00%;17,00%;17,00%;17,10%;17,10%;17,10%;17,20%;17,20%;17,20%;17,30%;17,30%;17,30%;17,40%;17,40%;17,40%;17,50%;17,50%;17,50%;17,60%;17,60%;17,60%;17,70%;17,70%;17,70%;17,80%;17,80%;17,90%;17,90%;17,90%;18,00%;18,00%;18,00%;18,10%;18,10%;18,20%;18,20%;18,30%;18,30%;18,40%;18,40%;18,50%;18,50%;18,60%;18,60%;18,70%;18,80%;18,80%;18,90%;18,90%;19,00%;19,00%;19,10%;19,10%;19,20%;19,20%;19,30%;19,30%;19,40%;19,40%;19,50%;19,50%;19,60%;19,60%;19,60%;19,70%;19,70%;19,80%;19,80%;19,90%;19,90%;20,00%;20,00%;20,10%;20,10%;20,10%;20,20%;20,20%;20,30%;20,30%;20,40%
520440;CAIAPONIA;12,30%;12,30%;12,40%;12,40%;12,40%;12,50%;12,50%;12,60%;12,60%;12,60%;12,70%;12,70%;12,70%;12,80%;12,80%;12,90%;12,90%;13,00%;13,00%;13,00%;13,10%;13,10%;13,20%;13,20%;13,20%;13,30%;13,30%;13,40%;13,40%;13,40%;13,50%;13,50%;13,50%;13,60%;13,60%;13,70%;13,70%;13,70%;13,80%;13,80%;13,80%;13,90%;13,90%;14,00%;14,00%;14,00%;14,10%;14,10%;14,10%;14,20%;14,20%;14,30%;14,30%;14,30%;14,40%;14,40%;14,50%;14,50%;14,50%;14,60%;14,60%;15,10%;15,20%;15,20%;15,30%;15,30%;15,40%;15,40%;15,50%;15,50%;15,50%;15,60%;15,10%;15,10%;15,20%;15,20%;15,30%;15,30%;15,40%;15,40%;15,50%;15,50%;15,50%;15,60%;15,60%;15,70%;15,70%;15,80%;15,80%;15,90%;15,90%;16,00%;16,00%;16,10%;16,10%;16,20%;16,20%;16,30%;16,30%;16,40%;16,40%;16,40%;16,50%;16,50%;16,60%;16,60%;16,70%;16,70%;16,80%;16,80%;16,90%;16,90%;17,00%;17,00%;17,10%;17,10%;17,20%;17,20%;17,30%;17,30%;17,40%;17,40%;17,40%;17,50%;17,50%;17,60%;17,60%;17,70%;17,70%;17,80%;17,80%;17,80%;17,90%;17,90%;18,00%;18,00%;18,10%;18,10%;18,10%;18,20%;18,20%;18,30%;18,30%;18,30%;18,40%;18,40%;18,50%;18,50%;18,60%;18,60%;18,70%;18,70%;18,80%;18,80%;18,80%;18,90%;18,90%;19,00%;19,10%;19,10%;19,20%;19,20%;19,30%;19,30%;19,40%;19,50%;19,50%;19,60%;19,60%;19,70%;19,80%;19,80%;19,90%;19,90%;20,00%;20,10%;20,10%;20,20%;20,30%;20,30%;20,40%;20,40%;20,50%;20,60%;20,60%;20,70%;20,80%;20,80%;20,90%;21,00%;21,00%;21,10%;21,20%;21,20%;21,30%;21,30%;21,40%;21,50%;21,50%;21,60%;21,70%;21,70%;21,80%;21,90%;21,90%
520450;CALDAS NOVAS;8,70%;8,70%;8,80%;8,80%;8,80%;8,80%;8,90%;8,90%;8,90%;9,00%;9,00%;9,00%;9,00%;9,10%;9,10%;9,10%;9,20%;9,20%;9,20%;9,20%;9,30%;9,30%;9,30%;9,30%;9,40%;9,40%;9,40%;9,40%;9,50%;9,50%;9,50%;9,50%;9,60%;9,60%;9,60%;9,60%;9,60%;9,70%;9,70%;9,70%;9,70%;9,80%;9,80%;9,80%;9,80%;9,90%;9,90%;9,90%;9,90%;10,00%;10,00%;10,00%;10,00%;10,10%;10,10%;10,10%;10,10%;10,10%;10,20%;10,20%;10,20%;10,50%;10,60%;10,60%;10,60%;10,70%;10,70%;10,70%;10,70%;10,80%;10,80%;10,80%;10,50%;10,60%;10,60%;10,60%;10,60%;10,70%;10,70%;10,70%;10,70%;10,80%;10,80%;10,80%;10,80%;10,90%;10,90%;10,90%;11,00%;11,00%;11,00%;11,10%;11,10%;11,10%;11,20%;11,20%;11,20%;11,20%;11,30%;11,30%;11,30%;11,40%;11,40%;11,40%;11,50%;11,50%;11,50%;11,60%;11,60%;11,60%;11,70%;11,70%;11,70%;11,80%;11,80%;11,80%;11,80%;11,90%;11,90%;11,90%;12,00%;12,00%;12,00%;12,10%;12,10%;12,10%;12,20%;12,20%;12,20%;12,30%;12,30%;12,30%;12,30%;12,40%;12,40%;12,40%;12,40%;12,50%;12,50%;12,50%;12,60%;12,60%;12,60%;12,60%;12,70%;12,70%;12,70%;12,80%;12,80%;12,80%;12,80%;12,90%;12,90%;12,90%;13,00%;13,00%;13,00%;13,10%;13,10%;13,10%;13,20%;13,20%;13,20%;13,30%;13,30%;13,30%;13,40%;13,40%;13,40%;13,50%;13,50%;13,60%;13,60%;13,60%;13,70%;13,70%;13,70%;13,80%;13,80%;13,80%;13,90%;13,90%;14,00%;14,00%;14,00%;14,10%;14,10%;14,10%;14,20%;14,20%;14,20%;14,30%;14,30%;14,40%;14,40%;14,40%;14,50%;14,50%;14,50%;14,60%;14,60%;14,60%;14,70%;14,70%;14,70%
520455;CALDAZINHA;11,30%;11,40%;11,40%;11,40%;11,50%;11,50%;11,60%;11,60%;11,60%;11,70%;11,70%;11,80%;11,80%;11,80%;11,90%;11,90%;11,90%;11,90%;12,00%;12,00%;12,00%;12,10%;12,10%;12,10%;12,10%;12,20%;12,20%;12,30%;12,30%;12,30%;12,40%;12,40%;12,40%;12,50%;12,50%;12,50%;12,60%;12,60%;12,60%;12,60%;12,70%;12,70%;12,70%;12,70%;12,80%;12,80%;12,80%;12,80%;12,80%;12,90%;12,90%;13,00%;13,00%;13,10%;13,10%;13,20%;13,20%;13,20%;13,30%;13,30%;13,40%;13,80%;13,80%;13,80%;13,90%;13,90%;14,00%;14,00%;14,00%;14,10%;14,10%;14,10%;13,70%;13,80%;13,80%;13,80%;13,90%;13,90%;14,00%;14,00%;14,00%;14,10%;14,10%;14,20%;14,20%;14,20%;14,30%;14,30%;14,40%;14,40%;14,50%;14,50%;14,50%;14,60%;14,60%;14,70%;14,70%;14,80%;14,80%;14,90%;14,90%;15,00%;15,00%;15,10%;15,10%;15,20%;15,20%;15,30%;15,30%;15,40%;15,40%;15,50%;15,50%;15,60%;15,60%;15,70%;15,70%;15,80%;15,90%;15,90%;16,00%;16,00%;16,10%;16,10%;16,20%;16,20%;16,30%;16,30%;16,40%;16,40%;16,50%;16,50%;16,60%;16,60%;16,70%;16,70%;16,80%;16,80%;16,90%;16,90%;16,90%;17,00%;17,00%;17,10%;17,10%;17,20%;17,20%;17,30%;17,30%;17,30%;17,40%;17,40%;17,50%;17,50%;17,60%;17,60%;17,70%;17,70%;17,80%;17,80%;17,90%;17,90%;18,00%;18,00%;18,10%;18,20%;18,20%;18,30%;18,30%;18,40%;18,40%;18,50%;18,50%;18,60%;18,60%;18,70%;18,70%;18,80%;18,80%;18,90%;18,90%;19,00%;19,00%;19,10%;19,10%;19,20%;19,20%;19,30%;19,30%;19,40%;19,40%;19,50%;19,50%;19,60%;19,60%;19,70%;19,70%;19,80%;19,80%;19,90%;19,90%;20,00%;20,00%;20,10%;20,10%
520460;CAMPESTRE DE GOIAS;11,20%;11,30%;11,30%;11,30%;11,30%;11,40%;11,40%;11,40%;11,40%;11,50%;11,50%;11,50%;11,50%;11,50%;11,60%;11,60%;11,60%;11,60%;11,70%;11,70%;11,70%;11,70%;11,80%;11,80%;11,80%;11,80%;11,90%;11,90%;11,90%;11,90%;12,00%;12,00%;12,00%;12,00%;12,10%;12,10%;12,10%;12,10%;12,20%;12,20%;12,30%;12,30%;12,30%;12,40%;12,40%;12,40%;12,50%;12,50%;12,60%;12,60%;12,60%;12,60%;12,60%;12,70%;12,70%;12,70%;12,70%;12,70%;12,80%;12,80%;12,80%;13,20%;13,20%;13,20%;13,30%;13,30%;13,40%;13,40%;13,40%;13,50%;13,50%;13,50%;13,10%;13,20%;13,20%;13,30%;13,30%;13,30%;13,40%;13,40%;13,40%;13,50%;13,50%;13,60%;13,60%;13,60%;13,70%;13,70%;13,80%;13,80%;13,90%;13,90%;13,90%;14,00%;14,00%;14,10%;14,10%;14,10%;14,20%;14,20%;14,30%;14,30%;14,30%;14,40%;14,40%;14,50%;14,50%;14,50%;14,60%;14,60%;14,70%;14,70%;14,80%;14,80%;14,80%;14,90%;14,90%;15,00%;15,00%;15,10%;15,10%;15,10%;15,20%;15,20%;15,30%;15,30%;15,40%;15,40%;15,40%;15,50%;15,50%;15,60%;15,60%;15,60%;15,70%;15,70%;15,70%;15,70%;15,70%;15,80%;15,80%;15,80%;15,80%;15,80%;15,80%;15,90%;15,90%;16,00%;16,00%;16,10%;16,10%;16,10%;16,20%;16,20%;16,30%;16,30%;16,30%;16,40%;16,40%;16,50%;16,50%;16,60%;16,60%;16,70%;16,70%;16,80%;16,80%;16,90%;16,90%;17,00%;17,10%;17,10%;17,20%;17,20%;17,30%;17,40%;17,40%;17,50%;17,50%;17,60%;17,70%;17,70%;17,80%;17,80%;17,80%;17,90%;17,90%;18,00%;18,00%;18,10%;18,10%;18,20%;18,20%;18,20%;18,30%;18,30%;18,40%;18,40%;18,50%;18,50%;18,60%;18,60%;18,60%;18,70%;18,70%
520465;CAMPINACU;11,70%;11,80%;11,80%;11,90%;11,90%;11,90%;12,00%;12,00%;12,10%;12,10%;12,10%;12,20%;12,20%;12,30%;12,30%;12,30%;12,40%;12,40%;12,50%;12,50%;12,60%;12,60%;12,60%;12,70%;12,70%;12,80%;12,80%;12,80%;12,90%;12,90%;13,00%;13,00%;13,00%;13,10%;13,10%;13,10%;13,20%;13,20%;13,20%;13,30%;13,30%;13,40%;13,40%;13,40%;13,50%;13,50%;13,50%;13,60%;13,60%;13,60%;13,70%;13,70%;13,70%;13,80%;13,80%;13,80%;13,90%;13,90%;13,90%;13,90%;14,00%;14,50%;14,50%;14,50%;14,60%;14,60%;14,60%;14,60%;14,70%;14,70%;14,70%;14,80%;14,40%;14,50%;14,50%;14,50%;14,50%;14,60%;14,60%;14,60%;14,70%;14,70%;14,70%;14,80%;14,80%;14,80%;14,90%;14,90%;15,00%;15,00%;15,10%;15,10%;15,20%;15,20%;15,30%;15,30%;15,30%;15,40%;15,40%;15,50%;15,50%;15,50%;15,60%;15,60%;15,60%;15,70%;15,70%;15,80%;15,80%;15,80%;15,90%;15,90%;15,90%;15,90%;16,00%;16,00%;16,00%;16,10%;16,10%;16,10%;16,20%;16,20%;16,20%;16,20%;16,30%;16,30%;16,30%;16,40%;16,40%;16,40%;16,50%;16,50%;16,50%;16,60%;16,60%;16,60%;16,70%;16,70%;16,70%;16,70%;16,80%;16,80%;16,80%;16,90%;16,90%;16,90%;17,00%;17,00%;17,00%;17,10%;17,10%;17,20%;17,20%;17,20%;17,30%;17,30%;17,40%;17,40%;17,50%;17,60%;17,60%;17,70%;17,80%;17,80%;17,90%;18,00%;18,00%;18,10%;18,20%;18,20%;18,30%;18,40%;18,40%;18,50%;18,60%;18,70%;18,70%;18,80%;18,90%;18,90%;19,00%;19,10%;19,10%;19,20%;19,20%;19,30%;19,30%;19,40%;19,50%;19,50%;19,60%;19,60%;19,70%;19,70%;19,80%;19,90%;19,90%;20,00%;20,00%;20,10%;20,10%;20,20%;20,20%;20,30%;20,40%
520470;CAMPINORTE;9,60%;9,60%;9,60%;9,60%;9,60%;9,70%;9,70%;9,70%;9,70%;9,80%;9,80%;9,80%;9,80%;9,80%;9,90%;9,90%;9,90%;9,90%;10,00%;10,00%;10,00%;10,00%;10,00%;10,10%;10,10%;10,10%;10,10%;10,20%;10,20%;10,20%;10,20%;10,30%;10,30%;10,30%;10,40%;10,40%;10,40%;10,40%;10,50%;10,50%;10,50%;10,60%;10,60%;10,60%;10,60%;10,70%;10,70%;10,70%;10,80%;10,80%;10,80%;10,80%;10,90%;10,90%;10,90%;11,00%;11,00%;11,00%;11,00%;11,10%;11,10%;11,50%;11,50%;11,60%;11,60%;11,60%;11,70%;11,70%;11,70%;11,80%;11,80%;11,80%;11,50%;11,50%;11,50%;11,60%;11,60%;11,70%;11,70%;11,70%;11,70%;11,80%;11,80%;11,80%;11,90%;11,90%;11,90%;12,00%;12,00%;12,00%;12,10%;12,10%;12,10%;12,20%;12,20%;12,20%;12,30%;12,30%;12,40%;12,40%;12,40%;12,50%;12,50%;12,50%;12,60%;12,60%;12,60%;12,70%;12,70%;12,80%;12,80%;12,80%;12,90%;12,90%;12,90%;13,00%;13,00%;13,10%;13,10%;13,10%;13,20%;13,20%;13,20%;13,30%;13,30%;13,30%;13,40%;13,40%;13,40%;13,50%;13,50%;13,50%;13,50%;13,60%;13,60%;13,60%;13,70%;13,70%;13,70%;13,70%;13,80%;13,80%;13,80%;13,90%;13,90%;13,90%;13,90%;14,00%;14,00%;14,00%;14,10%;14,10%;14,10%;14,10%;14,20%;14,20%;14,20%;14,30%;14,30%;14,40%;14,40%;14,40%;14,50%;14,50%;14,50%;14,60%;14,60%;14,70%;14,70%;14,70%;14,80%;14,80%;14,90%;14,90%;14,90%;15,00%;15,00%;15,10%;15,10%;15,10%;15,20%;15,20%;15,20%;15,30%;15,30%;15,40%;15,40%;15,40%;15,50%;15,50%;15,60%;15,60%;15,60%;15,70%;15,70%;15,70%;15,80%;15,80%;15,90%;15,90%;15,90%;16,00%;16,00%;16,00%;16,10%
520480;CAMPO ALEGRE DE GOIAS;9,10%;9,20%;9,20%;9,20%;9,20%;9,20%;9,20%;9,20%;9,20%;9,30%;9,30%;9,30%;9,30%;9,30%;9,30%;9,30%;9,40%;9,40%;9,40%;9,40%;9,40%;9,40%;9,50%;9,50%;9,50%;9,50%;9,50%;9,60%;9,60%;9,60%;9,60%;9,70%;9,70%;9,70%;9,70%;9,80%;9,80%;9,80%;9,80%;9,90%;9,90%;9,90%;10,00%;10,00%;10,00%;10,00%;10,10%;10,10%;10,10%;10,10%;10,20%;10,20%;10,20%;10,30%;10,30%;10,30%;10,40%;10,40%;10,40%;10,50%;10,50%;10,90%;10,90%;11,00%;11,00%;11,00%;11,10%;11,10%;11,10%;11,10%;11,20%;11,20%;10,90%;10,90%;10,90%;11,00%;11,00%;11,00%;11,00%;11,10%;11,10%;11,10%;11,20%;11,20%;11,20%;11,20%;11,30%;11,30%;11,40%;11,40%;11,40%;11,50%;11,50%;11,50%;11,60%;11,60%;11,60%;11,70%;11,70%;11,70%;11,80%;11,80%;11,80%;11,90%;11,90%;11,90%;12,00%;12,00%;12,00%;12,10%;12,10%;12,10%;12,20%;12,20%;12,20%;12,30%;12,30%;12,30%;12,40%;12,40%;12,40%;12,50%;12,50%;12,50%;12,60%;12,60%;12,60%;12,70%;12,70%;12,70%;12,80%;12,80%;12,90%;12,90%;12,90%;12,90%;13,00%;13,00%;13,00%;13,00%;13,10%;13,10%;13,10%;13,10%;13,20%;13,20%;13,20%;13,30%;13,30%;13,30%;13,40%;13,40%;13,40%;13,50%;13,50%;13,50%;13,60%;13,60%;13,60%;13,70%;13,70%;13,70%;13,80%;13,80%;13,80%;13,90%;13,90%;13,90%;14,00%;14,00%;14,00%;14,10%;14,10%;14,10%;14,20%;14,20%;14,20%;14,30%;14,30%;14,30%;14,40%;14,40%;14,50%;14,50%;14,60%;14,60%;14,70%;14,70%;14,70%;14,80%;14,80%;14,90%;14,90%;15,00%;15,00%;15,10%;15,10%;15,10%;15,20%;15,20%;15,30%;15,30%;15,40%;15,40%;15,40%
520485;CAMPO LIMPO DE GOIAS;8,50%;8,50%;8,50%;8,50%;8,50%;8,60%;8,60%;8,60%;8,60%;8,60%;8,60%;8,70%;8,70%;8,70%;8,70%;8,70%;8,80%;8,80%;8,80%;8,80%;8,90%;8,90%;8,90%;8,90%;8,90%;9,00%;9,00%;9,00%;9,00%;9,00%;9,10%;9,10%;9,10%;9,10%;9,10%;9,10%;9,20%;9,20%;9,20%;9,20%;9,20%;9,20%;9,20%;9,30%;9,30%;9,30%;9,30%;9,30%;9,30%;9,40%;9,40%;9,40%;9,50%;9,50%;9,50%;9,50%;9,60%;9,60%;9,60%;9,60%;9,70%;9,90%;10,00%;10,00%;10,00%;10,00%;10,00%;10,10%;10,10%;10,10%;10,10%;10,20%;9,90%;9,90%;10,00%;10,00%;10,00%;10,00%;10,10%;10,10%;10,10%;10,10%;10,10%;10,20%;10,20%;10,20%;10,20%;10,30%;10,30%;10,30%;10,30%;10,40%;10,40%;10,40%;10,40%;10,40%;10,50%;10,50%;10,50%;10,50%;10,60%;10,60%;10,60%;10,60%;10,70%;10,70%;10,70%;10,70%;10,80%;10,80%;10,80%;10,90%;10,90%;10,90%;11,00%;11,00%;11,00%;11,00%;11,10%;11,10%;11,10%;11,20%;11,20%;11,20%;11,20%;11,30%;11,30%;11,30%;11,30%;11,40%;11,40%;11,40%;11,40%;11,50%;11,50%;11,50%;11,50%;11,60%;11,60%;11,60%;11,60%;11,70%;11,70%;11,70%;11,70%;11,80%;11,80%;11,80%;11,80%;11,90%;11,90%;11,90%;11,90%;11,90%;12,00%;12,00%;12,00%;12,00%;12,10%;12,10%;12,10%;12,20%;12,20%;12,20%;12,30%;12,30%;12,30%;12,40%;12,40%;12,40%;12,50%;12,50%;12,50%;12,60%;12,60%;12,60%;12,70%;12,70%;12,70%;12,80%;12,80%;12,80%;12,80%;12,90%;12,90%;12,90%;12,90%;13,00%;13,00%;13,00%;13,00%;13,10%;13,10%;13,10%;13,10%;13,20%;13,20%;13,20%;13,20%;13,30%;13,30%;13,30%;13,30%;13,40%;13,40%
520490;CAMPOS BELOS;8,20%;8,20%;8,20%;8,30%;8,30%;8,30%;8,30%;8,30%;8,40%;8,40%;8,40%;8,40%;8,40%;8,50%;8,50%;8,50%;8,50%;8,50%;8,60%;8,60%;8,60%;8,60%;8,60%;8,70%;8,70%;8,70%;8,70%;8,80%;8,80%;8,80%;8,80%;8,90%;8,90%;8,90%;8,90%;9,00%;9,00%;9,00%;9,00%;9,00%;9,10%;9,10%;9,10%;9,10%;9,20%;9,20%;9,20%;9,20%;9,30%;9,30%;9,30%;9,40%;9,40%;9,40%;9,40%;9,50%;9,50%;9,50%;9,50%;9,60%;9,60%;10,00%;10,00%;10,00%;10,10%;10,10%;10,10%;10,10%;10,20%;10,20%;10,20%;10,30%;9,90%;10,00%;10,00%;10,00%;10,10%;10,10%;10,10%;10,10%;10,20%;10,20%;10,20%;10,30%;10,30%;10,30%;10,40%;10,40%;10,40%;10,50%;10,50%;10,50%;10,50%;10,60%;10,60%;10,60%;10,70%;10,70%;10,70%;10,80%;10,80%;10,80%;10,90%;10,90%;10,90%;11,00%;11,00%;11,10%;11,10%;11,10%;11,20%;11,20%;11,20%;11,30%;11,30%;11,30%;11,40%;11,40%;11,40%;11,50%;11,50%;11,50%;11,60%;11,60%;11,70%;11,70%;11,70%;11,80%;11,80%;11,80%;11,90%;11,90%;11,90%;12,00%;12,00%;12,00%;12,10%;12,10%;12,10%;12,10%;12,20%;12,20%;12,20%;12,30%;12,30%;12,30%;12,40%;12,40%;12,40%;12,50%;12,50%;12,50%;12,60%;12,60%;12,60%;12,70%;12,70%;12,70%;12,80%;12,80%;12,90%;12,90%;13,00%;13,00%;13,00%;13,10%;13,10%;13,20%;13,20%;13,20%;13,30%;13,30%;13,40%;13,40%;13,50%;13,50%;13,60%;13,60%;13,70%;13,70%;13,70%;13,80%;13,80%;13,90%;13,90%;14,00%;14,00%;14,10%;14,10%;14,10%;14,20%;14,20%;14,30%;14,30%;14,40%;14,40%;14,50%;14,50%;14,50%;14,60%;14,60%;14,70%;14,70%;14,80%;14,80%
520495;CAMPOS VERDES;10,90%;10,90%;11,00%;11,00%;11,10%;11,20%;11,20%;11,30%;11,30%;11,40%;11,40%;11,50%;11,60%;11,60%;11,70%;11,70%;11,80%;11,90%;11,90%;12,00%;12,10%;12,10%;12,20%;12,20%;12,30%;12,40%;12,40%;12,40%;12,50%;12,50%;12,60%;12,60%;12,70%;12,70%;12,80%;12,80%;12,90%;13,00%;13,00%;13,10%;13,10%;13,20%;13,20%;13,30%;13,30%;13,40%;13,50%;13,50%;13,60%;13,60%;13,70%;13,70%;13,80%;13,80%;13,90%;14,00%;14,00%;14,10%;14,10%;14,20%;14,20%;15,00%;15,00%;15,10%;15,20%;15,20%;15,30%;15,30%;15,40%;15,50%;15,50%;15,60%;14,90%;15,00%;15,00%;15,10%;15,20%;15,20%;15,30%;15,30%;15,40%;15,50%;15,50%;15,60%;15,60%;15,70%;15,70%;15,80%;15,90%;15,90%;16,00%;16,00%;16,10%;16,20%;16,20%;16,30%;16,40%;16,40%;16,50%;16,60%;16,60%;16,70%;16,80%;16,80%;16,90%;17,00%;17,00%;17,10%;17,20%;17,20%;17,30%;17,40%;17,40%;17,50%;17,50%;17,60%;17,70%;17,70%;17,80%;17,90%;17,90%;18,00%;18,10%;18,10%;18,20%;18,30%;18,40%;18,40%;18,50%;18,60%;18,60%;18,70%;18,80%;18,80%;18,90%;19,00%;19,00%;19,10%;19,10%;19,20%;19,30%;19,30%;19,40%;19,40%;19,50%;19,60%;19,60%;19,70%;19,80%;19,80%;19,90%;19,90%;20,00%;20,10%;20,10%;20,20%;20,30%;20,40%;20,40%;20,50%;20,60%;20,70%;20,80%;20,90%;20,90%;21,00%;21,10%;21,20%;21,30%;21,40%;21,40%;21,50%;21,60%;21,70%;21,70%;21,80%;21,90%;22,00%;22,10%;22,10%;22,20%;22,30%;22,40%;22,50%;22,60%;22,60%;22,70%;22,80%;22,90%;23,00%;23,10%;23,20%;23,30%;23,30%;23,40%;23,50%;23,60%;23,70%;23,80%;23,90%;24,00%;24,10%;24,20%;24,30%;24,40%
520500;CARMO DO RIO VERDE;11,80%;11,90%;11,90%;11,90%;11,90%;12,00%;12,00%;12,00%;12,00%;12,10%;12,10%;12,10%;12,10%;12,20%;12,20%;12,20%;12,30%;12,30%;12,30%;12,40%;12,40%;12,40%;12,40%;12,50%;12,50%;12,50%;12,60%;12,60%;12,70%;12,70%;12,70%;12,80%;12,80%;12,90%;12,90%;12,90%;13,00%;13,00%;13,00%;13,10%;13,10%;13,10%;13,20%;13,20%;13,20%;13,30%;13,30%;13,30%;13,40%;13,40%;13,40%;13,50%;13,50%;13,60%;13,60%;13,70%;13,70%;13,70%;13,80%;13,80%;13,90%;14,40%;14,40%;14,50%;14,50%;14,60%;14,60%;14,60%;14,70%;14,70%;14,80%;14,80%;14,30%;14,40%;14,40%;14,50%;14,50%;14,60%;14,60%;14,60%;14,70%;14,70%;14,80%;14,80%;14,90%;14,90%;15,00%;15,00%;15,00%;15,10%;15,10%;15,20%;15,20%;15,30%;15,30%;15,40%;15,40%;15,50%;15,50%;15,50%;15,60%;15,60%;15,70%;15,70%;15,80%;15,80%;15,90%;15,90%;16,00%;16,00%;16,10%;16,10%;16,20%;16,20%;16,20%;16,30%;16,30%;16,40%;16,40%;16,50%;16,50%;16,60%;16,60%;16,60%;16,70%;16,70%;16,80%;16,80%;16,90%;16,90%;17,00%;17,00%;17,00%;17,10%;17,10%;17,20%;17,20%;17,20%;17,30%;17,30%;17,40%;17,40%;17,50%;17,50%;17,50%;17,60%;17,60%;17,70%;17,70%;17,70%;17,80%;17,80%;17,80%;17,90%;17,90%;18,00%;18,00%;18,00%;18,10%;18,10%;18,20%;18,20%;18,30%;18,30%;18,40%;18,40%;18,50%;18,50%;18,60%;18,60%;18,70%;18,70%;18,80%;18,80%;18,90%;18,90%;19,00%;19,00%;19,00%;19,10%;19,10%;19,20%;19,20%;19,30%;19,30%;19,40%;19,40%;19,50%;19,50%;19,60%;19,60%;19,60%;19,70%;19,70%;19,80%;19,80%;19,90%;19,90%;20,00%;20,00%;20,10%;20,10%;20,20%;20,20%;20,20%
520505;CASTELANDIA;11,80%;11,80%;11,80%;11,90%;11,90%;11,90%;12,00%;12,00%;12,00%;12,10%;12,10%;12,10%;12,20%;12,20%;12,20%;12,30%;12,30%;12,30%;12,40%;12,40%;12,40%;12,50%;12,50%;12,50%;12,60%;12,60%;12,60%;12,70%;12,70%;12,80%;12,80%;12,80%;12,90%;12,90%;12,90%;13,00%;13,00%;13,00%;13,10%;13,10%;13,20%;13,20%;13,30%;13,30%;13,30%;13,40%;13,40%;13,50%;13,50%;13,50%;13,60%;13,60%;13,60%;13,60%;13,70%;13,70%;13,70%;13,70%;13,80%;13,80%;13,80%;14,40%;14,40%;14,40%;14,50%;14,50%;14,60%;14,60%;14,70%;14,70%;14,80%;14,80%;14,30%;14,40%;14,40%;14,50%;14,50%;14,50%;14,60%;14,60%;14,70%;14,70%;14,80%;14,80%;14,90%;14,90%;14,90%;15,00%;15,00%;15,10%;15,10%;15,20%;15,20%;15,20%;15,30%;15,30%;15,40%;15,40%;15,40%;15,50%;15,50%;15,60%;15,60%;15,60%;15,70%;15,70%;15,80%;15,80%;15,90%;15,90%;15,90%;16,00%;16,00%;16,10%;16,10%;16,10%;16,20%;16,20%;16,30%;16,30%;16,40%;16,40%;16,40%;16,50%;16,50%;16,60%;16,60%;16,60%;16,70%;16,70%;16,80%;16,80%;16,90%;16,90%;16,90%;17,00%;17,00%;17,00%;17,10%;17,10%;17,20%;17,20%;17,20%;17,30%;17,30%;17,40%;17,40%;17,50%;17,50%;17,60%;17,60%;17,70%;17,70%;17,70%;17,80%;17,80%;17,90%;18,00%;18,00%;18,10%;18,10%;18,20%;18,30%;18,30%;18,40%;18,50%;18,50%;18,60%;18,70%;18,80%;18,80%;18,90%;19,00%;19,10%;19,10%;19,20%;19,30%;19,40%;19,40%;19,50%;19,60%;19,70%;19,70%;19,80%;19,90%;20,00%;20,00%;20,10%;20,20%;20,30%;20,40%;20,40%;20,50%;20,60%;20,70%;20,80%;20,80%;20,90%;21,00%;21,10%;21,20%;21,20%;21,30%;21,40%;21,50%
520510;CATALAO;9,20%;9,20%;9,30%;9,30%;9,30%;9,30%;9,30%;9,30%;9,40%;9,40%;9,40%;9,40%;9,40%;9,50%;9,50%;9,50%;9,50%;9,50%;9,60%;9,60%;9,60%;9,60%;9,70%;9,70%;9,70%;9,70%;9,80%;9,80%;9,80%;9,80%;9,90%;9,90%;9,90%;9,90%;9,90%;10,00%;10,00%;10,00%;10,00%;10,10%;10,10%;10,10%;10,10%;10,20%;10,20%;10,20%;10,20%;10,30%;10,30%;10,30%;10,30%;10,40%;10,40%;10,40%;10,40%;10,50%;10,50%;10,50%;10,50%;10,60%;10,60%;10,90%;11,00%;11,00%;11,00%;11,00%;11,10%;11,10%;11,10%;11,20%;11,20%;11,20%;10,90%;10,90%;11,00%;11,00%;11,00%;11,00%;11,10%;11,10%;11,10%;11,20%;11,20%;11,20%;11,20%;11,30%;11,30%;11,30%;11,40%;11,40%;11,40%;11,50%;11,50%;11,50%;11,50%;11,60%;11,60%;11,60%;11,70%;11,70%;11,70%;11,80%;11,80%;11,80%;11,90%;11,90%;11,90%;11,90%;12,00%;12,00%;12,00%;12,10%;12,10%;12,10%;12,20%;12,20%;12,20%;12,30%;12,30%;12,30%;12,30%;12,40%;12,40%;12,40%;12,50%;12,50%;12,50%;12,50%;12,60%;12,60%;12,60%;12,70%;12,70%;12,70%;12,70%;12,80%;12,80%;12,80%;12,80%;12,80%;12,90%;12,90%;12,90%;12,90%;13,00%;13,00%;13,00%;13,00%;13,10%;13,10%;13,10%;13,20%;13,20%;13,20%;13,20%;13,30%;13,30%;13,30%;13,40%;13,40%;13,40%;13,50%;13,50%;13,50%;13,50%;13,60%;13,60%;13,60%;13,70%;13,70%;13,70%;13,80%;13,80%;13,80%;13,90%;13,90%;13,90%;14,00%;14,00%;14,00%;14,10%;14,10%;14,10%;14,20%;14,20%;14,20%;14,30%;14,30%;14,30%;14,40%;14,40%;14,40%;14,50%;14,50%;14,50%;14,50%;14,60%;14,60%;14,60%;14,70%;14,70%;14,70%;14,80%;14,80%;14,80%
520520;CATURAI;10,40%;10,40%;10,50%;10,50%;10,50%;10,60%;10,60%;10,60%;10,70%;10,70%;10,70%;10,80%;10,80%;10,80%;10,90%;10,90%;10,90%;11,00%;11,00%;11,10%;11,10%;11,10%;11,20%;11,20%;11,20%;11,30%;11,30%;11,30%;11,40%;11,40%;11,40%;11,50%;11,50%;11,60%;11,60%;11,60%;11,70%;11,70%;11,70%;11,70%;11,80%;11,80%;11,80%;11,90%;11,90%;11,90%;11,90%;12,00%;12,00%;12,10%;12,10%;12,20%;12,20%;12,30%;12,30%;12,40%;12,40%;12,50%;12,50%;12,60%;12,60%;13,10%;13,20%;13,20%;13,20%;13,30%;13,30%;13,40%;13,40%;13,50%;13,50%;13,60%;13,10%;13,10%;13,20%;13,20%;13,30%;13,30%;13,30%;13,40%;13,40%;13,50%;13,50%;13,60%;13,60%;13,70%;13,70%;13,80%;13,80%;13,90%;13,90%;14,00%;14,00%;14,10%;14,20%;14,20%;14,30%;14,30%;14,40%;14,40%;14,50%;14,50%;14,60%;14,60%;14,70%;14,70%;14,80%;14,80%;14,90%;14,90%;15,00%;15,00%;15,10%;15,10%;15,20%;15,20%;15,30%;15,30%;15,40%;15,40%;15,50%;15,50%;15,60%;15,60%;15,70%;15,70%;15,80%;15,80%;15,90%;15,90%;16,00%;16,00%;16,10%;16,10%;16,10%;16,20%;16,20%;16,30%;16,30%;16,30%;16,40%;16,40%;16,50%;16,50%;16,50%;16,60%;16,70%;16,70%;16,80%;16,90%;16,90%;17,00%;17,00%;17,10%;17,20%;17,20%;17,30%;17,40%;17,40%;17,50%;17,60%;17,60%;17,70%;17,80%;17,80%;17,90%;18,00%;18,10%;18,10%;18,20%;18,20%;18,30%;18,40%;18,40%;18,50%;18,60%;18,60%;18,70%;18,70%;18,80%;18,90%;18,90%;19,00%;19,10%;19,10%;19,20%;19,30%;19,30%;19,40%;19,50%;19,60%;19,60%;19,70%;19,80%;19,80%;19,90%;20,00%;20,00%;20,10%;20,20%;20,20%;20,30%;20,40%;20,40%;20,50%
520530;CAVALCANTE;9,40%;9,40%;9,40%;9,40%;9,40%;9,40%;9,50%;9,50%;9,50%;9,50%;9,50%;9,50%;9,60%;9,60%;9,60%;9,60%;9,70%;9,70%;9,70%;9,70%;9,80%;9,80%;9,80%;9,90%;9,90%;9,90%;9,90%;10,00%;10,00%;10,00%;10,00%;10,10%;10,10%;10,10%;10,10%;10,20%;10,20%;10,20%;10,20%;10,30%;10,30%;10,30%;10,40%;10,40%;10,40%;10,40%;10,50%;10,50%;10,50%;10,60%;10,60%;10,60%;10,60%;10,70%;10,70%;10,70%;10,80%;10,80%;10,80%;10,80%;10,90%;11,30%;11,30%;11,30%;11,40%;11,40%;11,40%;11,50%;11,50%;11,50%;11,60%;11,60%;11,20%;11,30%;11,30%;11,30%;11,40%;11,40%;11,40%;11,50%;11,50%;11,50%;11,60%;11,60%;11,60%;11,70%;11,70%;11,80%;11,80%;11,80%;11,90%;11,90%;11,90%;12,00%;12,00%;12,00%;12,10%;12,10%;12,20%;12,20%;12,20%;12,30%;12,30%;12,40%;12,40%;12,40%;12,50%;12,50%;12,50%;12,60%;12,60%;12,70%;12,70%;12,70%;12,80%;12,80%;12,80%;12,90%;12,90%;12,90%;13,00%;13,00%;13,00%;13,10%;13,10%;13,10%;13,20%;13,20%;13,20%;13,30%;13,30%;13,40%;13,40%;13,40%;13,50%;13,50%;13,50%;13,50%;13,60%;13,60%;13,60%;13,70%;13,70%;13,70%;13,80%;13,80%;13,80%;13,90%;13,90%;14,00%;14,00%;14,00%;14,10%;14,10%;14,10%;14,20%;14,20%;14,30%;14,30%;14,40%;14,40%;14,40%;14,50%;14,50%;14,60%;14,60%;14,70%;14,70%;14,80%;14,80%;14,90%;14,90%;14,90%;15,00%;15,00%;15,00%;15,10%;15,10%;15,20%;15,20%;15,20%;15,30%;15,30%;15,40%;15,40%;15,50%;15,60%;15,60%;15,70%;15,70%;15,80%;15,80%;15,90%;15,90%;16,00%;16,00%;16,10%;16,10%;16,20%;16,30%;16,30%;16,40%;16,40%;16,50%;16,50%
520540;CERES;11,60%;11,60%;11,60%;11,60%;11,70%;11,70%;11,70%;11,80%;11,80%;11,80%;11,90%;11,90%;11,90%;11,90%;12,00%;12,00%;12,00%;12,10%;12,10%;12,10%;12,20%;12,20%;12,30%;12,30%;12,30%;12,40%;12,40%;12,40%;12,50%;12,50%;12,50%;12,60%;12,60%;12,70%;12,70%;12,70%;12,80%;12,80%;12,80%;12,90%;12,90%;13,00%;13,00%;13,00%;13,10%;13,10%;13,10%;13,20%;13,20%;13,30%;13,30%;13,30%;13,40%;13,40%;13,50%;13,50%;13,50%;13,60%;13,60%;13,70%;13,70%;14,30%;14,30%;14,40%;14,40%;14,40%;14,50%;14,50%;14,60%;14,60%;14,70%;14,70%;14,20%;14,30%;14,30%;14,40%;14,40%;14,40%;14,50%;14,50%;14,60%;14,60%;14,70%;14,70%;14,70%;14,80%;14,80%;14,90%;14,90%;15,00%;15,00%;15,10%;15,10%;15,20%;15,20%;15,30%;15,30%;15,40%;15,40%;15,50%;15,50%;15,60%;15,60%;15,70%;15,70%;15,80%;15,80%;15,90%;15,90%;16,00%;16,00%;16,10%;16,10%;16,10%;16,20%;16,20%;16,30%;16,30%;16,40%;16,40%;16,50%;16,50%;16,60%;16,60%;16,70%;16,70%;16,80%;16,80%;16,80%;16,90%;16,90%;17,00%;17,00%;17,10%;17,10%;17,20%;17,20%;17,20%;17,30%;17,30%;17,40%;17,40%;17,50%;17,50%;17,50%;17,60%;17,60%;17,70%;17,70%;17,80%;17,80%;17,90%;17,90%;17,90%;18,00%;18,00%;18,10%;18,10%;18,20%;18,20%;18,30%;18,30%;18,40%;18,40%;18,50%;18,50%;18,60%;18,60%;18,70%;18,80%;18,80%;18,90%;18,90%;19,00%;19,00%;19,10%;19,10%;19,20%;19,30%;19,30%;19,40%;19,40%;19,50%;19,50%;19,60%;19,70%;19,70%;19,80%;19,80%;19,90%;19,90%;20,00%;20,00%;20,10%;20,20%;20,20%;20,30%;20,30%;20,40%;20,40%;20,50%;20,60%;20,60%;20,70%;20,70%
520545;CEZARINA;10,10%;10,10%;10,10%;10,10%;10,20%;10,20%;10,20%;10,20%;10,30%;10,30%;10,30%;10,40%;10,40%;10,40%;10,40%;10,50%;10,50%;10,50%;10,60%;10,60%;10,60%;10,60%;10,70%;10,70%;10,70%;10,80%;10,80%;10,90%;10,90%;10,90%;11,00%;11,00%;11,10%;11,10%;11,20%;11,20%;11,30%;11,30%;11,30%;11,40%;11,40%;11,50%;11,50%;11,60%;11,60%;11,60%;11,70%;11,70%;11,80%;11,80%;11,90%;11,90%;11,90%;12,00%;12,00%;12,10%;12,10%;12,20%;12,20%;12,20%;12,30%;12,90%;13,00%;13,00%;13,10%;13,20%;13,20%;13,30%;13,30%;13,40%;13,40%;13,50%;12,90%;12,90%;13,00%;13,10%;13,10%;13,20%;13,20%;13,30%;13,30%;13,40%;13,40%;13,50%;13,50%;13,60%;13,60%;13,70%;13,80%;13,80%;13,90%;13,90%;14,00%;14,00%;14,10%;14,20%;14,20%;14,30%;14,30%;14,40%;14,50%;14,50%;14,60%;14,70%;14,70%;14,80%;14,90%;14,90%;15,00%;15,10%;15,10%;15,20%;15,20%;15,30%;15,30%;15,40%;15,50%;15,50%;15,60%;15,60%;15,70%;15,80%;15,80%;15,90%;16,00%;16,00%;16,10%;16,10%;16,20%;16,30%;16,30%;16,40%;16,50%;16,50%;16,60%;16,60%;16,70%;16,80%;16,80%;16,90%;17,00%;17,00%;17,10%;17,10%;17,20%;17,30%;17,30%;17,40%;17,50%;17,50%;17,60%;17,60%;17,70%;17,80%;17,80%;17,90%;18,00%;18,00%;18,10%;18,20%;18,30%;18,40%;18,40%;18,50%;18,60%;18,70%;18,80%;18,80%;18,90%;19,00%;19,10%;19,10%;19,20%;19,30%;19,30%;19,40%;19,50%;19,60%;19,60%;19,70%;19,80%;19,80%;19,90%;20,00%;20,10%;20,10%;20,20%;20,30%;20,40%;20,40%;20,50%;20,60%;20,70%;20,70%;20,80%;20,90%;21,00%;21,00%;21,10%;21,20%;21,30%;21,30%;21,40%;21,50%;21,60%
520547;CHAPADAO DO CEU;3,40%;3,40%;3,40%;3,40%;3,40%;3,40%;3,40%;3,40%;3,40%;3,40%;3,40%;3,40%;3,40%;3,50%;3,50%;3,50%;3,50%;3,50%;3,50%;3,50%;3,50%;3,50%;3,50%;3,50%;3,60%;3,60%;3,60%;3,60%;3,60%;3,60%;3,60%;3,60%;3,70%;3,70%;3,70%;3,70%;3,70%;3,70%;3,70%;3,80%;3,80%;3,80%;3,80%;3,80%;3,80%;3,80%;3,80%;3,90%;3,90%;3,90%;3,90%;3,90%;3,90%;3,90%;4,00%;4,00%;4,00%;4,00%;4,00%;4,00%;4,00%;4,20%;4,20%;4,20%;4,20%;4,20%;4,30%;4,30%;4,30%;4,30%;4,30%;4,30%;4,20%;4,20%;4,20%;4,20%;4,20%;4,30%;4,30%;4,30%;4,30%;4,30%;4,30%;4,40%;4,40%;4,40%;4,40%;4,40%;4,40%;4,50%;4,50%;4,50%;4,50%;4,50%;4,50%;4,60%;4,60%;4,60%;4,60%;4,60%;4,70%;4,70%;4,70%;4,70%;4,70%;4,80%;4,80%;4,80%;4,80%;4,80%;4,90%;4,90%;4,90%;4,90%;5,00%;5,00%;5,00%;5,00%;5,10%;5,10%;5,10%;5,10%;5,10%;5,20%;5,20%;5,20%;5,20%;5,30%;5,30%;5,30%;5,30%;5,30%;5,40%;5,40%;5,40%;5,40%;5,40%;5,50%;5,50%;5,50%;5,50%;5,60%;5,60%;5,60%;5,60%;5,60%;5,70%;5,70%;5,70%;5,70%;5,80%;5,80%;5,80%;5,80%;5,90%;5,90%;5,90%;5,90%;5,90%;6,00%;6,00%;6,00%;6,00%;6,10%;6,10%;6,10%;6,10%;6,10%;6,20%;6,20%;6,20%;6,20%;6,30%;6,30%;6,30%;6,30%;6,40%;6,40%;6,40%;6,40%;6,50%;6,50%;6,50%;6,50%;6,50%;6,60%;6,60%;6,60%;6,60%;6,60%;6,70%;6,70%;6,70%;6,70%;6,80%;6,80%;6,80%;6,80%;6,80%;6,80%;6,90%;6,90%;6,90%;6,90%;6,90%
520549;CIDADE OCIDENTAL;5,10%;5,10%;5,10%;5,10%;5,10%;5,10%;5,10%;5,20%;5,20%;5,20%;5,20%;5,20%;5,20%;5,20%;5,30%;5,30%;5,30%;5,30%;5,30%;5,30%;5,30%;5,40%;5,40%;5,40%;5,40%;5,40%;5,40%;5,50%;5,50%;5,50%;5,50%;5,50%;5,50%;5,50%;5,60%;5,60%;5,60%;5,60%;5,60%;5,60%;5,70%;5,70%;5,70%;5,70%;5,70%;5,70%;5,70%;5,80%;5,80%;5,80%;5,80%;5,80%;5,80%;5,90%;5,90%;5,90%;5,90%;5,90%;5,90%;6,00%;6,00%;6,20%;6,20%;6,20%;6,30%;6,30%;6,30%;6,30%;6,30%;6,40%;6,40%;6,40%;6,20%;6,20%;6,20%;6,20%;6,30%;6,30%;6,30%;6,30%;6,30%;6,40%;6,40%;6,40%;6,40%;6,40%;6,50%;6,50%;6,50%;6,50%;6,60%;6,60%;6,60%;6,60%;6,60%;6,70%;6,70%;6,70%;6,70%;6,70%;6,80%;6,80%;6,80%;6,80%;6,90%;6,90%;6,90%;6,90%;7,00%;7,00%;7,00%;7,00%;7,10%;7,10%;7,10%;7,10%;7,20%;7,20%;7,20%;7,20%;7,20%;7,30%;7,30%;7,30%;7,30%;7,40%;7,40%;7,40%;7,40%;7,50%;7,50%;7,50%;7,50%;7,50%;7,60%;7,60%;7,60%;7,60%;7,70%;7,70%;7,70%;7,70%;7,70%;7,80%;7,80%;7,80%;7,80%;7,80%;7,90%;7,90%;7,90%;7,90%;8,00%;8,00%;8,00%;8,00%;8,00%;8,10%;8,10%;8,10%;8,10%;8,20%;8,20%;8,20%;8,20%;8,30%;8,30%;8,30%;8,30%;8,40%;8,40%;8,40%;8,40%;8,50%;8,50%;8,50%;8,50%;8,60%;8,60%;8,60%;8,60%;8,70%;8,70%;8,70%;8,70%;8,70%;8,80%;8,80%;8,80%;8,80%;8,90%;8,90%;8,90%;8,90%;8,90%;9,00%;9,00%;9,00%;9,00%;9,00%;9,10%;9,10%;9,10%;9,10%;9,20%
520551;COCALZINHO DE GOIAS;8,50%;8,50%;8,50%;8,50%;8,60%;8,60%;8,60%;8,60%;8,60%;8,70%;8,70%;8,70%;8,70%;8,70%;8,80%;8,80%;8,80%;8,80%;8,80%;8,90%;8,90%;8,90%;8,90%;8,90%;9,00%;9,00%;9,00%;9,00%;9,10%;9,10%;9,10%;9,20%;9,20%;9,20%;9,20%;9,30%;9,30%;9,30%;9,30%;9,40%;9,40%;9,40%;9,40%;9,50%;9,50%;9,50%;9,50%;9,60%;9,60%;9,60%;9,60%;9,70%;9,70%;9,70%;9,70%;9,80%;9,80%;9,80%;9,80%;9,90%;9,90%;10,30%;10,30%;10,30%;10,40%;10,40%;10,40%;10,50%;10,50%;10,50%;10,50%;10,60%;10,20%;10,30%;10,30%;10,30%;10,40%;10,40%;10,40%;10,50%;10,50%;10,50%;10,60%;10,60%;10,60%;10,60%;10,70%;10,70%;10,80%;10,80%;10,80%;10,90%;10,90%;10,90%;11,00%;11,00%;11,10%;11,10%;11,10%;11,20%;11,20%;11,20%;11,30%;11,30%;11,40%;11,40%;11,40%;11,50%;11,50%;11,60%;11,60%;11,70%;11,70%;11,70%;11,80%;11,80%;11,90%;11,90%;12,00%;12,00%;12,10%;12,10%;12,10%;12,20%;12,20%;12,30%;12,30%;12,40%;12,40%;12,40%;12,50%;12,50%;12,60%;12,60%;12,60%;12,70%;12,70%;12,70%;12,80%;12,80%;12,90%;12,90%;12,90%;13,00%;13,00%;13,00%;13,10%;13,10%;13,20%;13,20%;13,20%;13,30%;13,30%;13,40%;13,40%;13,40%;13,50%;13,50%;13,50%;13,60%;13,60%;13,70%;13,70%;13,80%;13,80%;13,80%;13,90%;13,90%;13,90%;14,00%;14,00%;14,10%;14,10%;14,10%;14,20%;14,20%;14,20%;14,30%;14,30%;14,40%;14,40%;14,40%;14,50%;14,50%;14,50%;14,60%;14,60%;14,60%;14,70%;14,70%;14,80%;14,80%;14,80%;14,90%;14,90%;14,90%;15,00%;15,00%;15,00%;15,10%;15,10%;15,10%;15,20%;15,20%;15,30%
520552;COLINAS DO SUL;10,50%;10,50%;10,50%;10,50%;10,50%;10,60%;10,60%;10,60%;10,60%;10,60%;10,60%;10,60%;10,70%;10,70%;10,70%;10,80%;10,80%;10,90%;10,90%;11,00%;11,00%;11,00%;11,10%;11,10%;11,20%;11,20%;11,20%;11,30%;11,30%;11,30%;11,30%;11,40%;11,40%;11,40%;11,40%;11,50%;11,50%;11,50%;11,50%;11,60%;11,60%;11,60%;11,70%;11,70%;11,70%;11,70%;11,80%;11,80%;11,80%;11,90%;11,90%;11,90%;11,90%;12,00%;12,00%;12,00%;12,00%;12,10%;12,10%;12,10%;12,10%;12,40%;12,50%;12,50%;12,50%;12,60%;12,60%;12,60%;12,70%;12,70%;12,70%;12,80%;12,40%;12,50%;12,50%;12,50%;12,50%;12,60%;12,60%;12,60%;12,70%;12,70%;12,70%;12,80%;12,80%;12,80%;12,90%;12,90%;13,00%;13,00%;13,10%;13,10%;13,10%;13,20%;13,20%;13,30%;13,30%;13,30%;13,40%;13,40%;13,40%;13,50%;13,50%;13,50%;13,60%;13,60%;13,60%;13,60%;13,70%;13,70%;13,70%;13,80%;13,80%;13,80%;13,90%;13,90%;13,90%;14,00%;14,00%;14,00%;14,10%;14,10%;14,10%;14,20%;14,20%;14,20%;14,30%;14,30%;14,30%;14,40%;14,40%;14,50%;14,50%;14,50%;14,60%;14,60%;14,60%;14,70%;14,70%;14,80%;14,80%;14,80%;14,90%;14,90%;14,90%;15,00%;15,00%;15,00%;15,00%;15,00%;15,10%;15,10%;15,10%;15,10%;15,10%;15,20%;15,20%;15,20%;15,30%;15,30%;15,40%;15,40%;15,40%;15,50%;15,50%;15,60%;15,60%;15,70%;15,70%;15,70%;15,80%;15,80%;15,80%;15,90%;15,90%;15,90%;16,00%;16,00%;16,00%;16,10%;16,10%;16,10%;16,20%;16,20%;16,30%;16,30%;16,40%;16,40%;16,40%;16,50%;16,50%;16,60%;16,60%;16,70%;16,70%;16,80%;16,80%;16,80%;16,90%;16,90%;17,00%;17,00%;17,10%;17,10%;17,10%
520570;CORREGO DO OURO;13,90%;13,90%;14,00%;14,00%;14,10%;14,10%;14,20%;14,20%;14,20%;14,30%;14,30%;14,40%;14,40%;14,50%;14,50%;14,60%;14,60%;14,70%;14,70%;14,80%;14,90%;14,90%;15,00%;15,00%;15,10%;15,20%;15,20%;15,30%;15,40%;15,40%;15,50%;15,60%;15,60%;15,70%;15,80%;15,80%;15,90%;16,00%;16,00%;16,10%;16,20%;16,20%;16,30%;16,40%;16,40%;16,50%;16,60%;16,70%;16,70%;16,80%;16,90%;17,00%;17,10%;17,10%;17,20%;17,30%;17,40%;17,50%;17,60%;17,60%;17,70%;18,60%;18,70%;18,80%;18,90%;18,90%;19,00%;19,10%;19,20%;19,30%;19,30%;19,40%;18,60%;18,60%;18,70%;18,80%;18,90%;19,00%;19,00%;19,10%;19,20%;19,30%;19,40%;19,40%;19,50%;19,60%;19,70%;19,80%;19,80%;19,90%;20,00%;20,10%;20,20%;20,30%;20,30%;20,40%;20,50%;20,60%;20,70%;20,70%;20,80%;20,90%;21,00%;21,00%;21,10%;21,20%;21,30%;21,30%;21,40%;21,50%;21,60%;21,70%;21,70%;21,80%;21,90%;22,00%;22,00%;22,10%;22,20%;22,30%;22,30%;22,40%;22,50%;22,50%;22,60%;22,60%;22,70%;22,80%;22,80%;22,90%;23,00%;23,00%;23,10%;23,20%;23,20%;23,30%;23,40%;23,40%;23,50%;23,60%;23,60%;23,70%;23,80%;23,80%;23,90%;24,00%;24,00%;24,10%;24,10%;24,20%;24,30%;24,30%;24,40%;24,40%;24,50%;24,50%;24,60%;24,70%;24,80%;24,90%;25,00%;25,10%;25,20%;25,30%;25,40%;25,40%;25,50%;25,60%;25,70%;25,80%;25,90%;26,00%;26,00%;26,10%;26,20%;26,30%;26,30%;26,40%;26,50%;26,60%;26,60%;26,70%;26,80%;27,00%;27,10%;27,20%;27,30%;27,40%;27,50%;27,60%;27,70%;27,80%;27,90%;28,00%;28,20%;28,30%;28,40%;28,50%;28,60%;28,70%;28,80%;28,90%;29,00%;29,20%;29,30%
520580;CORUMBA DE GOIAS;12,00%;12,00%;12,10%;12,10%;12,10%;12,20%;12,20%;12,20%;12,30%;12,30%;12,30%;12,40%;12,40%;12,40%;12,50%;12,50%;12,50%;12,60%;12,60%;12,70%;12,70%;12,70%;12,80%;12,80%;12,80%;12,90%;12,90%;12,90%;13,00%;13,00%;13,00%;13,00%;13,10%;13,10%;13,10%;13,20%;13,20%;13,20%;13,30%;13,30%;13,30%;13,40%;13,40%;13,50%;13,50%;13,50%;13,60%;13,60%;13,60%;13,70%;13,70%;13,70%;13,80%;13,80%;13,90%;13,90%;13,90%;14,00%;14,00%;14,00%;14,10%;14,50%;14,60%;14,60%;14,60%;14,70%;14,70%;14,70%;14,80%;14,80%;14,90%;14,90%;14,50%;14,50%;14,60%;14,60%;14,60%;14,70%;14,70%;14,80%;14,80%;14,80%;14,90%;14,90%;14,90%;15,00%;15,00%;15,00%;15,10%;15,10%;15,20%;15,20%;15,20%;15,30%;15,30%;15,30%;15,40%;15,40%;15,50%;15,50%;15,50%;15,60%;15,60%;15,70%;15,70%;15,80%;15,80%;15,80%;15,90%;15,90%;16,00%;16,00%;16,00%;16,10%;16,10%;16,20%;16,20%;16,20%;16,30%;16,30%;16,30%;16,40%;16,40%;16,50%;16,50%;16,50%;16,60%;16,60%;16,70%;16,70%;16,70%;16,80%;16,80%;16,80%;16,90%;16,90%;17,00%;17,00%;17,00%;17,10%;17,10%;17,10%;17,20%;17,20%;17,20%;17,30%;17,30%;17,40%;17,40%;17,40%;17,50%;17,50%;17,60%;17,60%;17,60%;17,70%;17,70%;17,80%;17,80%;17,90%;17,90%;18,00%;18,00%;18,00%;18,10%;18,10%;18,20%;18,20%;18,30%;18,30%;18,40%;18,40%;18,50%;18,50%;18,60%;18,60%;18,70%;18,80%;18,80%;18,90%;18,90%;19,00%;19,00%;19,10%;19,10%;19,20%;19,20%;19,30%;19,30%;19,40%;19,40%;19,50%;19,50%;19,60%;19,60%;19,70%;19,70%;19,80%;19,80%;19,90%;19,90%;20,00%;20,00%;20,10%;20,10%
520590;CORUMBAIBA;12,30%;12,30%;12,30%;12,30%;12,40%;12,40%;12,40%;12,40%;12,50%;12,50%;12,50%;12,50%;12,60%;12,60%;12,60%;12,60%;12,70%;12,70%;12,70%;12,70%;12,80%;12,80%;12,80%;12,80%;12,90%;12,90%;12,90%;12,90%;13,00%;13,00%;13,00%;13,10%;13,10%;13,10%;13,10%;13,20%;13,20%;13,20%;13,20%;13,30%;13,30%;13,30%;13,30%;13,40%;13,40%;13,40%;13,40%;13,50%;13,50%;13,50%;13,60%;13,60%;13,60%;13,60%;13,70%;13,70%;13,70%;13,80%;13,80%;13,80%;13,90%;14,20%;14,30%;14,30%;14,30%;14,40%;14,40%;14,40%;14,40%;14,50%;14,50%;14,50%;14,20%;14,20%;14,30%;14,30%;14,30%;14,40%;14,40%;14,40%;14,40%;14,50%;14,50%;14,50%;14,60%;14,60%;14,60%;14,70%;14,70%;14,70%;14,80%;14,80%;14,80%;14,90%;14,90%;14,90%;15,00%;15,00%;15,00%;15,10%;15,10%;15,10%;15,10%;15,20%;15,20%;15,20%;15,30%;15,30%;15,30%;15,40%;15,40%;15,40%;15,50%;15,50%;15,60%;15,60%;15,60%;15,70%;15,70%;15,70%;15,80%;15,80%;15,80%;15,90%;15,90%;15,90%;16,00%;16,00%;16,00%;16,00%;16,10%;16,10%;16,10%;16,10%;16,20%;16,20%;16,20%;16,20%;16,30%;16,30%;16,30%;16,30%;16,40%;16,40%;16,40%;16,40%;16,50%;16,50%;16,50%;16,60%;16,60%;16,60%;16,70%;16,70%;16,70%;16,80%;16,80%;16,80%;16,90%;16,90%;17,00%;17,00%;17,10%;17,10%;17,10%;17,20%;17,20%;17,30%;17,30%;17,40%;17,40%;17,40%;17,50%;17,50%;17,60%;17,60%;17,70%;17,70%;17,70%;17,80%;17,80%;17,90%;17,90%;18,00%;18,00%;18,10%;18,20%;18,20%;18,30%;18,30%;18,40%;18,40%;18,50%;18,60%;18,60%;18,70%;18,70%;18,80%;18,80%;18,90%;18,90%;19,00%;19,00%;19,10%;19,20%
520620;CRISTALINA;6,70%;6,70%;6,70%;6,70%;6,70%;6,70%;6,80%;6,80%;6,80%;6,80%;6,80%;6,80%;6,90%;6,90%;6,90%;6,90%;6,90%;6,90%;7,00%;7,00%;7,00%;7,00%;7,00%;7,00%;7,10%;7,10%;7,10%;7,10%;7,10%;7,20%;7,20%;7,20%;7,20%;7,20%;7,30%;7,30%;7,30%;7,30%;7,30%;7,30%;7,40%;7,40%;7,40%;7,40%;7,40%;7,50%;7,50%;7,50%;7,50%;7,50%;7,60%;7,60%;7,60%;7,60%;7,60%;7,70%;7,70%;7,70%;7,70%;7,70%;7,80%;8,00%;8,00%;8,10%;8,10%;8,10%;8,10%;8,20%;8,20%;8,20%;8,20%;8,30%;8,00%;8,00%;8,10%;8,10%;8,10%;8,10%;8,10%;8,20%;8,20%;8,20%;8,20%;8,30%;8,30%;8,30%;8,30%;8,40%;8,40%;8,40%;8,40%;8,50%;8,50%;8,50%;8,50%;8,50%;8,60%;8,60%;8,60%;8,60%;8,70%;8,70%;8,70%;8,70%;8,80%;8,80%;8,80%;8,80%;8,90%;8,90%;8,90%;8,90%;9,00%;9,00%;9,00%;9,00%;9,10%;9,10%;9,10%;9,10%;9,20%;9,20%;9,20%;9,20%;9,30%;9,30%;9,30%;9,30%;9,40%;9,40%;9,40%;9,40%;9,40%;9,50%;9,50%;9,50%;9,50%;9,60%;9,60%;9,60%;9,60%;9,60%;9,70%;9,70%;9,70%;9,70%;9,70%;9,80%;9,80%;9,80%;9,80%;9,90%;9,90%;9,90%;9,90%;10,00%;10,00%;10,00%;10,00%;10,10%;10,10%;10,10%;10,10%;10,20%;10,20%;10,20%;10,20%;10,30%;10,30%;10,30%;10,30%;10,40%;10,40%;10,40%;10,50%;10,50%;10,50%;10,50%;10,60%;10,60%;10,60%;10,70%;10,70%;10,70%;10,70%;10,80%;10,80%;10,80%;10,90%;10,90%;10,90%;10,90%;11,00%;11,00%;11,00%;11,00%;11,10%;11,10%;11,10%;11,10%;11,20%;11,20%;11,20%;11,30%;11,30%
520630;CRISTIANOPOLIS;14,50%;14,50%;14,60%;14,60%;14,60%;14,60%;14,70%;14,70%;14,70%;14,80%;14,80%;14,80%;14,90%;14,90%;14,90%;14,90%;14,90%;15,00%;15,00%;15,00%;15,00%;15,10%;15,10%;15,10%;15,10%;15,20%;15,20%;15,20%;15,30%;15,30%;15,30%;15,40%;15,40%;15,40%;15,40%;15,50%;15,50%;15,60%;15,60%;15,60%;15,70%;15,70%;15,80%;15,80%;15,80%;15,90%;15,90%;16,00%;16,00%;16,00%;16,10%;16,10%;16,10%;16,10%;16,20%;16,20%;16,20%;16,20%;16,30%;16,30%;16,30%;16,90%;16,90%;16,90%;17,00%;17,00%;17,00%;17,00%;17,10%;17,10%;17,10%;17,10%;16,80%;16,90%;16,90%;16,90%;16,90%;17,00%;17,00%;17,00%;17,00%;17,10%;17,10%;17,10%;17,20%;17,20%;17,30%;17,30%;17,30%;17,40%;17,40%;17,50%;17,50%;17,60%;17,60%;17,70%;17,70%;17,80%;17,80%;17,80%;17,90%;17,90%;18,00%;18,00%;18,00%;18,10%;18,10%;18,10%;18,20%;18,20%;18,20%;18,30%;18,30%;18,40%;18,40%;18,40%;18,50%;18,50%;18,60%;18,60%;18,60%;18,70%;18,70%;18,80%;18,80%;18,90%;18,90%;18,90%;19,00%;19,00%;19,10%;19,10%;19,20%;19,20%;19,20%;19,20%;19,30%;19,30%;19,30%;19,30%;19,40%;19,40%;19,40%;19,40%;19,40%;19,50%;19,50%;19,50%;19,50%;19,60%;19,60%;19,60%;19,60%;19,70%;19,70%;19,70%;19,70%;19,80%;19,80%;19,90%;19,90%;20,00%;20,00%;20,10%;20,10%;20,10%;20,20%;20,20%;20,30%;20,30%;20,40%;20,40%;20,40%;20,50%;20,50%;20,60%;20,60%;20,60%;20,70%;20,70%;20,70%;20,80%;20,80%;20,90%;20,90%;20,90%;21,00%;21,00%;21,10%;21,10%;21,10%;21,20%;21,20%;21,30%;21,30%;21,30%;21,40%;21,40%;21,50%;21,50%;21,50%;21,60%;21,60%;21,70%;21,70%
520640;CRIXAS;10,00%;10,00%;10,10%;10,10%;10,10%;10,20%;10,20%;10,20%;10,20%;10,30%;10,30%;10,30%;10,30%;10,40%;10,40%;10,40%;10,40%;10,50%;10,50%;10,50%;10,50%;10,60%;10,60%;10,60%;10,70%;10,70%;10,70%;10,70%;10,80%;10,80%;10,80%;10,80%;10,90%;10,90%;10,90%;11,00%;11,00%;11,00%;11,00%;11,00%;11,10%;11,10%;11,10%;11,10%;11,20%;11,20%;11,20%;11,20%;11,30%;11,30%;11,30%;11,30%;11,40%;11,40%;11,40%;11,40%;11,50%;11,50%;11,50%;11,60%;11,60%;12,00%;12,00%;12,00%;12,00%;12,10%;12,10%;12,10%;12,20%;12,20%;12,20%;12,20%;11,90%;12,00%;12,00%;12,00%;12,00%;12,10%;12,10%;12,10%;12,20%;12,20%;12,20%;12,30%;12,30%;12,30%;12,30%;12,40%;12,40%;12,40%;12,50%;12,50%;12,50%;12,50%;12,60%;12,60%;12,60%;12,70%;12,70%;12,70%;12,70%;12,80%;12,80%;12,80%;12,90%;12,90%;12,90%;12,90%;13,00%;13,00%;13,00%;13,10%;13,10%;13,10%;13,20%;13,20%;13,20%;13,20%;13,30%;13,30%;13,30%;13,40%;13,40%;13,40%;13,40%;13,50%;13,50%;13,50%;13,60%;13,60%;13,60%;13,60%;13,70%;13,70%;13,70%;13,70%;13,80%;13,80%;13,80%;13,80%;13,90%;13,90%;13,90%;13,90%;14,00%;14,00%;14,00%;14,10%;14,10%;14,10%;14,20%;14,20%;14,20%;14,30%;14,30%;14,30%;14,40%;14,40%;14,50%;14,50%;14,60%;14,60%;14,60%;14,70%;14,70%;14,80%;14,80%;14,90%;14,90%;15,00%;15,00%;15,10%;15,10%;15,10%;15,20%;15,20%;15,30%;15,30%;15,40%;15,40%;15,50%;15,50%;15,60%;15,60%;15,70%;15,70%;15,80%;15,80%;15,90%;15,90%;16,00%;16,00%;16,10%;16,10%;16,20%;16,20%;16,30%;16,30%;16,40%;16,40%;16,50%;16,50%;16,60%;16,70%;16,70%
520650;CROMINIA;15,70%;15,70%;15,70%;15,80%;15,80%;15,80%;15,90%;15,90%;15,90%;15,90%;16,00%;16,00%;16,00%;16,10%;16,10%;16,20%;16,20%;16,20%;16,30%;16,30%;16,40%;16,40%;16,40%;16,50%;16,50%;16,60%;16,60%;16,70%;16,70%;16,80%;16,80%;16,90%;16,90%;17,00%;17,00%;17,00%;17,10%;17,10%;17,20%;17,20%;17,30%;17,30%;17,30%;17,40%;17,40%;17,50%;17,50%;17,60%;17,60%;17,60%;17,70%;17,70%;17,70%;17,80%;17,80%;17,80%;17,90%;17,90%;17,90%;18,00%;18,00%;18,60%;18,70%;18,70%;18,80%;18,80%;18,90%;18,90%;19,00%;19,00%;19,10%;19,10%;18,60%;18,60%;18,70%;18,70%;18,80%;18,80%;18,90%;18,90%;19,00%;19,00%;19,10%;19,10%;19,20%;19,20%;19,30%;19,40%;19,40%;19,50%;19,50%;19,60%;19,60%;19,70%;19,80%;19,80%;19,90%;19,90%;20,00%;20,00%;20,00%;20,10%;20,10%;20,20%;20,20%;20,30%;20,30%;20,40%;20,40%;20,50%;20,50%;20,50%;20,60%;20,60%;20,70%;20,70%;20,80%;20,80%;20,90%;20,90%;20,90%;21,00%;21,10%;21,10%;21,20%;21,20%;21,30%;21,30%;21,40%;21,50%;21,50%;21,60%;21,60%;21,70%;21,70%;21,70%;21,80%;21,80%;21,80%;21,90%;21,90%;21,90%;22,00%;22,00%;22,00%;22,10%;22,10%;22,20%;22,20%;22,30%;22,30%;22,40%;22,40%;22,50%;22,50%;22,60%;22,60%;22,70%;22,80%;22,80%;22,90%;23,00%;23,00%;23,10%;23,20%;23,30%;23,30%;23,40%;23,50%;23,50%;23,60%;23,70%;23,70%;23,80%;23,80%;23,90%;24,00%;24,00%;24,10%;24,20%;24,20%;24,30%;24,30%;24,40%;24,40%;24,50%;24,50%;24,60%;24,60%;24,70%;24,70%;24,80%;24,90%;24,90%;25,00%;25,00%;25,10%;25,10%;25,20%;25,20%;25,30%;25,30%;25,40%;25,40%;25,50%
520660;CUMARI;16,90%;17,00%;17,00%;17,00%;17,10%;17,10%;17,10%;17,20%;17,20%;17,20%;17,30%;17,30%;17,30%;17,40%;17,40%;17,50%;17,50%;17,50%;17,60%;17,60%;17,70%;17,70%;17,80%;17,80%;17,90%;17,90%;17,90%;18,00%;18,00%;18,10%;18,10%;18,20%;18,20%;18,30%;18,30%;18,30%;18,40%;18,40%;18,50%;18,50%;18,50%;18,60%;18,60%;18,60%;18,70%;18,70%;18,70%;18,80%;18,80%;18,80%;18,90%;18,90%;18,90%;19,00%;19,00%;19,00%;19,10%;19,10%;19,20%;19,20%;19,20%;19,80%;19,90%;19,90%;19,90%;20,00%;20,00%;20,10%;20,10%;20,20%;20,20%;20,30%;19,80%;19,80%;19,90%;19,90%;20,00%;20,00%;20,00%;20,10%;20,10%;20,20%;20,20%;20,30%;20,30%;20,40%;20,40%;20,50%;20,50%;20,60%;20,60%;20,70%;20,70%;20,80%;20,80%;20,80%;20,90%;21,00%;21,00%;21,10%;21,10%;21,20%;21,30%;21,30%;21,40%;21,50%;21,50%;21,60%;21,60%;21,70%;21,80%;21,80%;21,90%;21,90%;22,00%;22,00%;22,10%;22,10%;22,20%;22,20%;22,30%;22,40%;22,40%;22,50%;22,60%;22,60%;22,70%;22,80%;22,90%;22,90%;23,00%;23,10%;23,10%;23,20%;23,30%;23,30%;23,40%;23,50%;23,50%;23,60%;23,70%;23,70%;23,80%;23,90%;23,90%;24,00%;24,00%;24,10%;24,10%;24,10%;24,20%;24,20%;24,30%;24,30%;24,40%;24,40%;24,40%;24,50%;24,60%;24,60%;24,70%;24,80%;24,80%;24,90%;25,00%;25,00%;25,10%;25,20%;25,20%;25,30%;25,30%;25,30%;25,30%;25,40%;25,40%;25,40%;25,40%;25,50%;25,50%;25,50%;25,50%;25,60%;25,70%;25,70%;25,80%;25,80%;25,90%;25,90%;26,00%;26,10%;26,10%;26,20%;26,20%;26,30%;26,30%;26,40%;26,50%;26,50%;26,60%;26,60%;26,70%;26,70%;26,80%;26,90%;26,90%
520670;DAMIANOPOLIS;11,80%;11,80%;11,90%;11,90%;11,90%;12,00%;12,00%;12,10%;12,10%;12,10%;12,20%;12,20%;12,20%;12,30%;12,30%;12,40%;12,40%;12,40%;12,50%;12,50%;12,50%;12,60%;12,60%;12,70%;12,70%;12,70%;12,70%;12,80%;12,80%;12,80%;12,80%;12,90%;12,90%;12,90%;13,00%;13,00%;13,00%;13,00%;13,10%;13,10%;13,10%;13,20%;13,20%;13,20%;13,30%;13,30%;13,30%;13,30%;13,40%;13,40%;13,40%;13,40%;13,50%;13,50%;13,50%;13,50%;13,60%;13,60%;13,60%;13,60%;13,70%;14,00%;14,00%;14,00%;14,10%;14,10%;14,10%;14,10%;14,20%;14,20%;14,20%;14,20%;14,00%;14,00%;14,00%;14,00%;14,10%;14,10%;14,10%;14,10%;14,20%;14,20%;14,20%;14,20%;14,30%;14,30%;14,30%;14,30%;14,40%;14,40%;14,40%;14,40%;14,40%;14,50%;14,50%;14,50%;14,50%;14,60%;14,60%;14,60%;14,70%;14,70%;14,70%;14,80%;14,80%;14,80%;14,90%;14,90%;14,90%;14,90%;14,90%;15,00%;15,00%;15,00%;15,00%;15,00%;15,00%;15,10%;15,10%;15,10%;15,10%;15,10%;15,10%;15,20%;15,20%;15,20%;15,20%;15,20%;15,20%;15,30%;15,30%;15,30%;15,30%;15,30%;15,30%;15,30%;15,30%;15,40%;15,40%;15,40%;15,40%;15,40%;15,40%;15,40%;15,40%;15,40%;15,50%;15,50%;15,50%;15,50%;15,50%;15,60%;15,60%;15,60%;15,60%;15,70%;15,70%;15,70%;15,70%;15,70%;15,80%;15,80%;15,80%;15,80%;15,90%;15,90%;15,90%;15,90%;16,00%;16,00%;16,00%;16,10%;16,10%;16,10%;16,20%;16,20%;16,30%;16,30%;16,30%;16,40%;16,40%;16,40%;16,50%;16,50%;16,50%;16,60%;16,60%;16,60%;16,70%;16,70%;16,80%;16,80%;16,80%;16,90%;16,90%;16,90%;17,00%;17,00%;17,00%;17,10%;17,10%;17,10%;17,20%;17,20%;17,20%
520680;DAMOLANDIA;11,30%;11,40%;11,40%;11,50%;11,50%;11,50%;11,60%;11,60%;11,60%;11,70%;11,70%;11,80%;11,80%;11,80%;11,90%;12,00%;12,00%;12,10%;12,10%;12,20%;12,20%;12,30%;12,30%;12,40%;12,40%;12,50%;12,50%;12,60%;12,70%;12,70%;12,80%;12,80%;12,90%;12,90%;13,00%;13,00%;13,10%;13,10%;13,20%;13,20%;13,30%;13,40%;13,40%;13,50%;13,50%;13,60%;13,60%;13,70%;13,70%;13,80%;13,80%;13,90%;13,90%;14,00%;14,00%;14,10%;14,20%;14,20%;14,30%;14,30%;14,40%;15,00%;15,10%;15,20%;15,30%;15,40%;15,40%;15,50%;15,60%;15,70%;15,70%;15,80%;15,00%;15,10%;15,10%;15,20%;15,30%;15,40%;15,50%;15,50%;15,60%;15,70%;15,80%;15,80%;15,90%;16,00%;16,10%;16,20%;16,20%;16,30%;16,40%;16,50%;16,60%;16,70%;16,70%;16,80%;16,90%;17,00%;17,00%;17,10%;17,20%;17,20%;17,30%;17,30%;17,40%;17,50%;17,50%;17,60%;17,70%;17,70%;17,80%;17,90%;18,00%;18,10%;18,10%;18,20%;18,30%;18,40%;18,40%;18,50%;18,60%;18,70%;18,80%;18,80%;18,90%;19,00%;19,10%;19,10%;19,20%;19,30%;19,40%;19,40%;19,50%;19,60%;19,70%;19,70%;19,80%;19,90%;20,00%;20,00%;20,10%;20,20%;20,20%;20,30%;20,40%;20,50%;20,60%;20,70%;20,80%;20,90%;21,00%;21,10%;21,20%;21,30%;21,40%;21,50%;21,60%;21,60%;21,70%;21,80%;21,90%;22,00%;22,10%;22,10%;22,20%;22,30%;22,40%;22,50%;22,60%;22,70%;22,80%;22,90%;23,00%;23,10%;23,20%;23,30%;23,40%;23,50%;23,50%;23,60%;23,70%;23,90%;24,00%;24,10%;24,20%;24,30%;24,50%;24,60%;24,70%;24,80%;24,90%;25,10%;25,20%;25,30%;25,40%;25,50%;25,70%;25,80%;25,90%;26,00%;26,10%;26,20%;26,40%;26,50%;26,60%
520690;DAVINOPOLIS;13,90%;14,00%;14,00%;14,10%;14,10%;14,20%;14,30%;14,30%;14,40%;14,40%;14,50%;14,50%;14,60%;14,60%;14,70%;14,70%;14,80%;14,80%;14,90%;15,00%;15,00%;15,10%;15,10%;15,20%;15,20%;15,30%;15,30%;15,40%;15,40%;15,40%;15,50%;15,50%;15,60%;15,60%;15,70%;15,70%;15,80%;15,80%;15,90%;15,90%;16,00%;16,00%;16,10%;16,20%;16,20%;16,30%;16,30%;16,40%;16,50%;16,50%;16,50%;16,60%;16,60%;16,70%;16,70%;16,80%;16,80%;16,90%;16,90%;17,00%;17,00%;17,70%;17,80%;17,90%;17,90%;18,00%;18,10%;18,10%;18,20%;18,20%;18,30%;18,40%;17,70%;17,70%;17,80%;17,90%;17,90%;18,00%;18,10%;18,10%;18,20%;18,30%;18,30%;18,40%;18,40%;18,50%;18,60%;18,60%;18,70%;18,70%;18,80%;18,80%;18,90%;19,00%;19,00%;19,10%;19,10%;19,20%;19,30%;19,30%;19,40%;19,40%;19,50%;19,60%;19,60%;19,70%;19,80%;19,80%;19,90%;19,90%;20,00%;20,00%;20,00%;20,10%;20,10%;20,10%;20,20%;20,20%;20,30%;20,30%;20,30%;20,40%;20,40%;20,50%;20,50%;20,60%;20,60%;20,70%;20,70%;20,70%;20,80%;20,80%;20,90%;20,90%;20,90%;21,00%;21,00%;21,00%;21,10%;21,10%;21,10%;21,10%;21,20%;21,20%;21,20%;21,30%;21,40%;21,40%;21,50%;21,50%;21,60%;21,60%;21,70%;21,80%;21,80%;21,90%;21,90%;22,00%;22,00%;22,10%;22,10%;22,10%;22,20%;22,20%;22,30%;22,30%;22,40%;22,40%;22,40%;22,50%;22,60%;22,70%;22,70%;22,80%;22,90%;23,00%;23,10%;23,10%;23,20%;23,30%;23,40%;23,40%;23,40%;23,40%;23,50%;23,50%;23,50%;23,60%;23,60%;23,60%;23,70%;23,70%;23,70%;23,70%;23,80%;23,80%;23,80%;23,90%;23,90%;23,90%;24,00%;24,00%;24,00%;24,10%;24,10%
520710;DIORAMA;14,50%;14,60%;14,70%;14,70%;14,80%;14,80%;14,90%;14,90%;15,00%;15,00%;15,10%;15,20%;15,20%;15,30%;15,30%;15,30%;15,40%;15,40%;15,40%;15,50%;15,50%;15,60%;15,60%;15,70%;15,70%;15,80%;15,80%;15,90%;15,90%;16,00%;16,00%;16,10%;16,20%;16,20%;16,30%;16,30%;16,40%;16,50%;16,50%;16,60%;16,60%;16,70%;16,80%;16,80%;16,90%;16,90%;17,00%;17,10%;17,10%;17,20%;17,30%;17,30%;17,40%;17,40%;17,50%;17,60%;17,60%;17,70%;17,80%;17,80%;17,90%;18,70%;18,70%;18,80%;18,90%;18,90%;19,00%;19,10%;19,10%;19,20%;19,20%;19,30%;18,60%;18,70%;18,70%;18,80%;18,90%;18,90%;19,00%;19,10%;19,10%;19,20%;19,20%;19,30%;19,40%;19,40%;19,50%;19,60%;19,70%;19,80%;19,80%;19,90%;20,00%;20,10%;20,20%;20,20%;20,30%;20,40%;20,40%;20,50%;20,60%;20,60%;20,70%;20,80%;20,80%;20,90%;21,00%;21,00%;21,10%;21,20%;21,20%;21,30%;21,40%;21,40%;21,50%;21,60%;21,70%;21,70%;21,80%;21,90%;22,00%;22,00%;22,10%;22,20%;22,20%;22,30%;22,30%;22,40%;22,50%;22,50%;22,60%;22,70%;22,70%;22,80%;22,80%;22,90%;23,00%;23,00%;23,10%;23,10%;23,20%;23,20%;23,30%;23,40%;23,40%;23,50%;23,60%;23,60%;23,70%;23,80%;23,80%;23,90%;24,00%;24,10%;24,10%;24,20%;24,30%;24,30%;24,40%;24,50%;24,50%;24,60%;24,70%;24,70%;24,80%;24,90%;25,00%;25,00%;25,10%;25,20%;25,30%;25,40%;25,50%;25,60%;25,60%;25,70%;25,80%;25,90%;26,00%;26,10%;26,20%;26,30%;26,40%;26,50%;26,50%;26,60%;26,70%;26,80%;26,90%;27,00%;27,00%;27,10%;27,20%;27,30%;27,40%;27,50%;27,60%;27,70%;27,70%;27,80%;27,90%;28,00%;28,10%;28,20%;28,30%
520725;DOVERLANDIA;10,90%;11,00%;11,00%;11,10%;11,10%;11,10%;11,20%;11,20%;11,30%;11,30%;11,40%;11,40%;11,50%;11,50%;11,60%;11,60%;11,70%;11,70%;11,80%;11,80%;11,80%;11,90%;11,90%;12,00%;12,00%;12,10%;12,10%;12,10%;12,20%;12,20%;12,30%;12,30%;12,30%;12,40%;12,40%;12,50%;12,50%;12,50%;12,60%;12,60%;12,70%;12,70%;12,80%;12,80%;12,90%;12,90%;13,00%;13,00%;13,00%;13,10%;13,10%;13,20%;13,20%;13,30%;13,30%;13,30%;13,40%;13,40%;13,50%;13,50%;13,50%;14,10%;14,20%;14,20%;14,20%;14,30%;14,30%;14,40%;14,40%;14,50%;14,50%;14,60%;14,10%;14,10%;14,20%;14,20%;14,30%;14,30%;14,30%;14,40%;14,40%;14,50%;14,50%;14,60%;14,60%;14,70%;14,70%;14,80%;14,80%;14,90%;14,90%;15,00%;15,00%;15,10%;15,10%;15,20%;15,20%;15,30%;15,30%;15,40%;15,40%;15,50%;15,50%;15,60%;15,60%;15,60%;15,70%;15,70%;15,80%;15,80%;15,90%;15,90%;16,00%;16,00%;16,10%;16,10%;16,20%;16,20%;16,20%;16,30%;16,30%;16,40%;16,40%;16,50%;16,50%;16,50%;16,60%;16,60%;16,70%;16,70%;16,70%;16,80%;16,80%;16,90%;16,90%;16,90%;17,00%;17,00%;17,10%;17,10%;17,10%;17,20%;17,20%;17,30%;17,30%;17,30%;17,40%;17,40%;17,50%;17,50%;17,60%;17,60%;17,70%;17,70%;17,80%;17,80%;17,80%;17,90%;18,00%;18,00%;18,10%;18,20%;18,20%;18,30%;18,40%;18,40%;18,50%;18,50%;18,60%;18,70%;18,70%;18,80%;18,80%;18,90%;19,00%;19,00%;19,10%;19,10%;19,20%;19,30%;19,30%;19,40%;19,40%;19,50%;19,60%;19,60%;19,70%;19,80%;19,80%;19,90%;20,00%;20,00%;20,10%;20,20%;20,20%;20,30%;20,40%;20,40%;20,50%;20,60%;20,60%;20,70%;20,80%;20,80%;20,90%
520735;EDEALINA;14,50%;14,50%;14,50%;14,60%;14,60%;14,60%;14,70%;14,70%;14,70%;14,70%;14,80%;14,80%;14,80%;14,80%;14,90%;14,90%;15,00%;15,00%;15,00%;15,10%;15,10%;15,20%;15,20%;15,20%;15,30%;15,30%;15,30%;15,40%;15,40%;15,40%;15,50%;15,50%;15,50%;15,50%;15,60%;15,60%;15,60%;15,70%;15,70%;15,70%;15,80%;15,80%;15,80%;15,90%;15,90%;16,00%;16,00%;16,00%;16,10%;16,10%;16,10%;16,20%;16,20%;16,30%;16,30%;16,40%;16,40%;16,40%;16,50%;16,50%;16,60%;17,00%;17,10%;17,10%;17,10%;17,20%;17,20%;17,20%;17,30%;17,30%;17,30%;17,40%;17,00%;17,00%;17,10%;17,10%;17,10%;17,20%;17,20%;17,20%;17,30%;17,30%;17,30%;17,40%;17,40%;17,50%;17,50%;17,60%;17,60%;17,70%;17,70%;17,80%;17,80%;17,90%;17,90%;18,00%;18,00%;18,00%;18,00%;18,10%;18,10%;18,10%;18,10%;18,10%;18,20%;18,20%;18,20%;18,20%;18,20%;18,30%;18,30%;18,40%;18,40%;18,50%;18,50%;18,50%;18,60%;18,60%;18,70%;18,70%;18,80%;18,80%;18,90%;18,90%;19,00%;19,00%;19,00%;19,10%;19,10%;19,20%;19,20%;19,30%;19,30%;19,30%;19,40%;19,40%;19,40%;19,40%;19,40%;19,40%;19,40%;19,50%;19,50%;19,50%;19,50%;19,50%;19,60%;19,60%;19,70%;19,70%;19,80%;19,80%;19,90%;19,90%;19,90%;20,00%;20,00%;20,10%;20,10%;20,20%;20,20%;20,30%;20,30%;20,40%;20,40%;20,50%;20,50%;20,60%;20,60%;20,70%;20,70%;20,70%;20,80%;20,80%;20,90%;20,90%;21,00%;21,00%;21,10%;21,10%;21,10%;21,20%;21,30%;21,30%;21,40%;21,40%;21,50%;21,50%;21,60%;21,70%;21,70%;21,80%;21,80%;21,90%;21,90%;22,00%;22,10%;22,10%;22,20%;22,20%;22,30%;22,30%;22,40%;22,50%;22,50%
520740;EDEIA;10,50%;10,50%;10,60%;10,60%;10,60%;10,70%;10,70%;10,70%;10,70%;10,80%;10,80%;10,80%;10,90%;10,90%;10,90%;10,90%;11,00%;11,00%;11,00%;11,10%;11,10%;11,10%;11,10%;11,20%;11,20%;11,20%;11,30%;11,30%;11,30%;11,40%;11,40%;11,40%;11,50%;11,50%;11,50%;11,60%;11,60%;11,60%;11,70%;11,70%;11,70%;11,80%;11,80%;11,80%;11,90%;11,90%;11,90%;12,00%;12,00%;12,00%;12,10%;12,10%;12,10%;12,20%;12,20%;12,30%;12,30%;12,30%;12,40%;12,40%;12,40%;12,90%;12,90%;13,00%;13,00%;13,00%;13,10%;13,10%;13,10%;13,20%;13,20%;13,30%;12,80%;12,90%;12,90%;13,00%;13,00%;13,00%;13,10%;13,10%;13,10%;13,20%;13,20%;13,30%;13,30%;13,30%;13,40%;13,40%;13,50%;13,50%;13,50%;13,60%;13,60%;13,70%;13,70%;13,80%;13,80%;13,80%;13,90%;13,90%;14,00%;14,00%;14,00%;14,10%;14,10%;14,20%;14,20%;14,30%;14,30%;14,30%;14,40%;14,40%;14,50%;14,50%;14,50%;14,60%;14,60%;14,70%;14,70%;14,70%;14,80%;14,80%;14,90%;14,90%;14,90%;15,00%;15,00%;15,10%;15,10%;15,20%;15,20%;15,20%;15,30%;15,30%;15,30%;15,40%;15,40%;15,50%;15,50%;15,50%;15,60%;15,60%;15,60%;15,70%;15,70%;15,70%;15,80%;15,80%;15,90%;15,90%;15,90%;16,00%;16,00%;16,00%;16,10%;16,10%;16,20%;16,20%;16,20%;16,30%;16,30%;16,40%;16,40%;16,50%;16,50%;16,60%;16,60%;16,70%;16,70%;16,80%;16,80%;16,80%;16,90%;16,90%;17,00%;17,00%;17,10%;17,10%;17,20%;17,20%;17,30%;17,30%;17,40%;17,40%;17,50%;17,50%;17,60%;17,60%;17,70%;17,70%;17,80%;17,80%;17,90%;17,90%;18,00%;18,00%;18,10%;18,10%;18,20%;18,20%;18,30%;18,30%;18,40%;18,40%;18,50%
520750;ESTRELA DO NORTE;11,50%;11,60%;11,60%;11,60%;11,70%;11,70%;11,80%;11,80%;11,90%;11,90%;11,90%;12,00%;12,00%;12,10%;12,10%;12,10%;12,20%;12,20%;12,30%;12,30%;12,30%;12,40%;12,40%;12,40%;12,50%;12,50%;12,60%;12,60%;12,60%;12,70%;12,70%;12,80%;12,80%;12,90%;12,90%;12,90%;13,00%;13,00%;13,10%;13,10%;13,20%;13,20%;13,30%;13,30%;13,40%;13,40%;13,40%;13,50%;13,50%;13,60%;13,60%;13,60%;13,70%;13,70%;13,80%;13,80%;13,80%;13,90%;13,90%;13,90%;14,00%;14,80%;14,80%;14,90%;14,90%;14,90%;15,00%;15,00%;15,00%;15,10%;15,10%;15,20%;14,70%;14,80%;14,80%;14,80%;14,90%;14,90%;14,90%;15,00%;15,00%;15,10%;15,10%;15,10%;15,20%;15,20%;15,30%;15,30%;15,40%;15,50%;15,50%;15,60%;15,70%;15,70%;15,80%;15,90%;15,90%;16,00%;16,00%;16,00%;16,10%;16,10%;16,20%;16,20%;16,30%;16,30%;16,40%;16,40%;16,40%;16,50%;16,60%;16,60%;16,70%;16,70%;16,80%;16,90%;16,90%;17,00%;17,00%;17,10%;17,10%;17,20%;17,20%;17,30%;17,30%;17,40%;17,40%;17,50%;17,50%;17,60%;17,60%;17,70%;17,70%;17,80%;17,80%;17,90%;17,90%;18,00%;18,00%;18,00%;18,10%;18,10%;18,20%;18,20%;18,30%;18,30%;18,40%;18,40%;18,50%;18,60%;18,60%;18,70%;18,70%;18,80%;18,80%;18,90%;19,00%;19,00%;19,10%;19,10%;19,20%;19,30%;19,30%;19,40%;19,40%;19,50%;19,60%;19,60%;19,70%;19,70%;19,80%;19,90%;19,90%;20,00%;20,00%;20,10%;20,20%;20,20%;20,30%;20,30%;20,40%;20,50%;20,50%;20,60%;20,70%;20,80%;20,80%;20,90%;21,00%;21,00%;21,10%;21,20%;21,30%;21,30%;21,40%;21,50%;21,50%;21,60%;21,70%;21,70%;21,80%;21,90%;22,00%;22,00%;22,10%
520753;FAINA;12,70%;12,70%;12,80%;12,80%;12,80%;12,90%;12,90%;13,00%;13,00%;13,00%;13,10%;13,10%;13,10%;13,20%;13,20%;13,30%;13,30%;13,40%;13,40%;13,40%;13,50%;13,50%;13,60%;13,60%;13,70%;13,70%;13,80%;13,80%;13,90%;13,90%;14,00%;14,00%;14,10%;14,10%;14,20%;14,20%;14,20%;14,30%;14,30%;14,40%;14,40%;14,40%;14,50%;14,50%;14,50%;14,60%;14,60%;14,70%;14,70%;14,70%;14,80%;14,80%;14,90%;15,00%;15,00%;15,10%;15,10%;15,20%;15,20%;15,30%;15,30%;15,90%;15,90%;16,00%;16,00%;16,10%;16,10%;16,20%;16,30%;16,30%;16,40%;16,40%;15,80%;15,90%;15,90%;16,00%;16,00%;16,10%;16,20%;16,20%;16,30%;16,30%;16,40%;16,40%;16,50%;16,50%;16,60%;16,70%;16,70%;16,80%;16,80%;16,90%;16,90%;17,00%;17,00%;17,10%;17,10%;17,20%;17,20%;17,30%;17,40%;17,40%;17,50%;17,50%;17,60%;17,60%;17,70%;17,70%;17,80%;17,90%;17,90%;18,00%;18,00%;18,10%;18,20%;18,20%;18,30%;18,30%;18,40%;18,50%;18,50%;18,60%;18,60%;18,70%;18,80%;18,80%;18,90%;18,90%;19,00%;19,00%;19,10%;19,20%;19,20%;19,30%;19,30%;19,40%;19,40%;19,50%;19,50%;19,60%;19,60%;19,70%;19,70%;19,80%;19,80%;19,90%;19,90%;20,00%;20,00%;20,10%;20,10%;20,20%;20,30%;20,30%;20,40%;20,40%;20,50%;20,60%;20,60%;20,70%;20,80%;20,80%;20,90%;21,00%;21,10%;21,10%;21,20%;21,30%;21,30%;21,40%;21,50%;21,50%;21,60%;21,70%;21,70%;21,80%;21,90%;21,90%;22,00%;22,00%;22,10%;22,20%;22,30%;22,40%;22,40%;22,50%;22,60%;22,70%;22,80%;22,80%;22,90%;23,00%;23,10%;23,20%;23,20%;23,30%;23,40%;23,50%;23,60%;23,60%;23,70%;23,80%;23,90%;24,00%;24,00%
520760;FAZENDA NOVA;14,60%;14,70%;14,70%;14,80%;14,80%;14,90%;14,90%;15,00%;15,00%;15,10%;15,20%;15,20%;15,30%;15,30%;15,40%;15,40%;15,50%;15,50%;15,60%;15,60%;15,70%;15,70%;15,80%;15,80%;15,90%;15,90%;16,00%;16,00%;16,10%;16,10%;16,20%;16,20%;16,20%;16,30%;16,30%;16,40%;16,40%;16,50%;16,50%;16,60%;16,60%;16,70%;16,70%;16,80%;16,80%;16,80%;16,90%;16,90%;17,00%;17,00%;17,10%;17,10%;17,20%;17,20%;17,30%;17,30%;17,30%;17,40%;17,40%;17,50%;17,50%;18,10%;18,20%;18,20%;18,30%;18,30%;18,40%;18,40%;18,50%;18,50%;18,60%;18,60%;18,10%;18,10%;18,20%;18,20%;18,30%;18,30%;18,40%;18,40%;18,50%;18,50%;18,60%;18,60%;18,70%;18,80%;18,80%;18,90%;18,90%;19,00%;19,10%;19,10%;19,20%;19,20%;19,30%;19,30%;19,40%;19,50%;19,50%;19,60%;19,70%;19,70%;19,80%;19,90%;19,90%;20,00%;20,10%;20,10%;20,20%;20,30%;20,30%;20,40%;20,40%;20,50%;20,60%;20,60%;20,70%;20,70%;20,80%;20,90%;20,90%;21,00%;21,00%;21,10%;21,20%;21,20%;21,30%;21,40%;21,40%;21,50%;21,60%;21,60%;21,70%;21,80%;21,80%;21,90%;21,90%;22,00%;22,10%;22,10%;22,20%;22,20%;22,30%;22,40%;22,40%;22,50%;22,60%;22,60%;22,70%;22,80%;22,90%;22,90%;23,00%;23,10%;23,20%;23,20%;23,30%;23,40%;23,50%;23,60%;23,70%;23,80%;23,90%;24,00%;24,10%;24,20%;24,20%;24,30%;24,40%;24,50%;24,60%;24,70%;24,80%;24,80%;24,90%;25,00%;25,10%;25,20%;25,20%;25,30%;25,40%;25,50%;25,60%;25,70%;25,80%;25,90%;26,00%;26,10%;26,20%;26,30%;26,40%;26,50%;26,50%;26,60%;26,70%;26,80%;26,90%;27,00%;27,10%;27,20%;27,30%;27,40%;27,50%;27,60%;27,70%
520780;FIRMINOPOLIS;15,20%;15,30%;15,30%;15,40%;15,40%;15,50%;15,50%;15,50%;15,60%;15,60%;15,70%;15,70%;15,80%;15,80%;15,90%;15,90%;16,00%;16,00%;16,10%;16,10%;16,20%;16,20%;16,20%;16,30%;16,30%;16,40%;16,40%;16,50%;16,50%;16,60%;16,60%;16,60%;16,70%;16,70%;16,80%;16,80%;16,90%;16,90%;16,90%;17,00%;17,00%;17,10%;17,10%;17,10%;17,20%;17,20%;17,30%;17,30%;17,40%;17,40%;17,50%;17,50%;17,50%;17,60%;17,60%;17,70%;17,70%;17,80%;17,80%;17,90%;17,90%;18,50%;18,50%;18,60%;18,60%;18,70%;18,70%;18,80%;18,80%;18,90%;18,90%;19,00%;18,40%;18,50%;18,50%;18,60%;18,60%;18,70%;18,70%;18,80%;18,80%;18,90%;19,00%;19,00%;19,10%;19,10%;19,20%;19,20%;19,20%;19,30%;19,30%;19,40%;19,40%;19,50%;19,50%;19,60%;19,60%;19,70%;19,70%;19,80%;19,80%;19,90%;19,90%;20,00%;20,00%;20,00%;20,10%;20,10%;20,20%;20,20%;20,30%;20,30%;20,30%;20,40%;20,40%;20,50%;20,50%;20,60%;20,60%;20,60%;20,70%;20,70%;20,80%;20,80%;20,80%;20,90%;20,90%;20,90%;21,00%;21,00%;21,10%;21,10%;21,10%;21,20%;21,20%;21,20%;21,30%;21,30%;21,30%;21,30%;21,40%;21,40%;21,40%;21,50%;21,50%;21,50%;21,60%;21,60%;21,70%;21,70%;21,70%;21,80%;21,80%;21,90%;21,90%;22,00%;22,00%;22,10%;22,10%;22,20%;22,20%;22,30%;22,30%;22,40%;22,40%;22,50%;22,50%;22,60%;22,70%;22,70%;22,80%;22,90%;22,90%;23,00%;23,00%;23,10%;23,20%;23,20%;23,30%;23,40%;23,40%;23,50%;23,50%;23,60%;23,70%;23,70%;23,80%;23,80%;23,90%;24,00%;24,00%;24,10%;24,10%;24,20%;24,30%;24,30%;24,40%;24,50%;24,50%;24,60%;24,60%;24,70%;24,80%;24,80%;24,90%
520790;FLORES DE GOIAS;7,50%;7,50%;7,50%;7,60%;7,60%;7,60%;7,70%;7,70%;7,70%;7,80%;7,80%;7,80%;7,90%;7,90%;7,90%;8,00%;8,00%;8,00%;8,10%;8,10%;8,10%;8,20%;8,20%;8,20%;8,20%;8,30%;8,30%;8,30%;8,40%;8,40%;8,40%;8,40%;8,50%;8,50%;8,50%;8,60%;8,60%;8,60%;8,60%;8,70%;8,70%;8,70%;8,80%;8,80%;8,80%;8,80%;8,90%;8,90%;8,90%;8,90%;9,00%;9,00%;9,00%;9,10%;9,10%;9,10%;9,20%;9,20%;9,20%;9,30%;9,30%;9,70%;9,70%;9,80%;9,80%;9,80%;9,90%;9,90%;10,00%;10,00%;10,00%;10,10%;9,70%;9,70%;9,70%;9,80%;9,80%;9,90%;9,90%;9,90%;10,00%;10,00%;10,00%;10,10%;10,10%;10,20%;10,20%;10,20%;10,30%;10,30%;10,40%;10,40%;10,40%;10,50%;10,50%;10,60%;10,60%;10,60%;10,70%;10,70%;10,80%;10,80%;10,90%;10,90%;11,00%;11,00%;11,00%;11,10%;11,10%;11,20%;11,20%;11,30%;11,30%;11,40%;11,40%;11,50%;11,50%;11,60%;11,60%;11,60%;11,70%;11,70%;11,80%;11,80%;11,90%;11,90%;12,00%;12,00%;12,00%;12,10%;12,10%;12,20%;12,20%;12,30%;12,30%;12,30%;12,40%;12,40%;12,50%;12,50%;12,50%;12,60%;12,60%;12,60%;12,70%;12,70%;12,80%;12,80%;12,90%;12,90%;13,00%;13,00%;13,10%;13,10%;13,20%;13,20%;13,30%;13,30%;13,40%;13,40%;13,50%;13,50%;13,60%;13,60%;13,70%;13,70%;13,80%;13,80%;13,90%;14,00%;14,00%;14,10%;14,10%;14,20%;14,20%;14,30%;14,30%;14,40%;14,40%;14,50%;14,50%;14,60%;14,60%;14,70%;14,70%;14,80%;14,80%;14,90%;14,90%;15,00%;15,00%;15,10%;15,10%;15,20%;15,20%;15,30%;15,30%;15,40%;15,40%;15,50%;15,50%;15,60%;15,60%;15,70%;15,70%
520800;FORMOSA;7,40%;7,40%;7,40%;7,40%;7,40%;7,40%;7,50%;7,50%;7,50%;7,50%;7,50%;7,60%;7,60%;7,60%;7,60%;7,60%;7,60%;7,70%;7,70%;7,70%;7,70%;7,70%;7,80%;7,80%;7,80%;7,80%;7,80%;7,90%;7,90%;7,90%;7,90%;7,90%;7,90%;8,00%;8,00%;8,00%;8,00%;8,00%;8,10%;8,10%;8,10%;8,10%;8,10%;8,20%;8,20%;8,20%;8,20%;8,20%;8,30%;8,30%;8,30%;8,30%;8,30%;8,40%;8,40%;8,40%;8,40%;8,40%;8,50%;8,50%;8,50%;8,80%;8,80%;8,90%;8,90%;8,90%;8,90%;9,00%;9,00%;9,00%;9,00%;9,10%;8,80%;8,80%;8,80%;8,90%;8,90%;8,90%;8,90%;9,00%;9,00%;9,00%;9,00%;9,10%;9,10%;9,10%;9,10%;9,20%;9,20%;9,20%;9,20%;9,30%;9,30%;9,30%;9,40%;9,40%;9,40%;9,40%;9,50%;9,50%;9,50%;9,60%;9,60%;9,60%;9,70%;9,70%;9,70%;9,70%;9,80%;9,80%;9,80%;9,90%;9,90%;9,90%;10,00%;10,00%;10,00%;10,10%;10,10%;10,10%;10,20%;10,20%;10,20%;10,30%;10,30%;10,30%;10,30%;10,40%;10,40%;10,40%;10,50%;10,50%;10,50%;10,60%;10,60%;10,60%;10,60%;10,70%;10,70%;10,70%;10,80%;10,80%;10,80%;10,80%;10,90%;10,90%;10,90%;11,00%;11,00%;11,00%;11,10%;11,10%;11,10%;11,20%;11,20%;11,20%;11,20%;11,30%;11,30%;11,40%;11,40%;11,40%;11,50%;11,50%;11,50%;11,60%;11,60%;11,60%;11,70%;11,70%;11,80%;11,80%;11,80%;11,90%;11,90%;12,00%;12,00%;12,00%;12,10%;12,10%;12,10%;12,20%;12,20%;12,30%;12,30%;12,30%;12,40%;12,40%;12,40%;12,50%;12,50%;12,60%;12,60%;12,60%;12,70%;12,70%;12,70%;12,80%;12,80%;12,90%;12,90%;12,90%;13,00%;13,00%;13,00%
520810;FORMOSO;13,10%;13,10%;13,10%;13,10%;13,20%;13,20%;13,20%;13,30%;13,30%;13,30%;13,40%;13,40%;13,40%;13,50%;13,50%;13,50%;13,60%;13,60%;13,60%;13,70%;13,70%;13,70%;13,80%;13,80%;13,80%;13,90%;13,90%;14,00%;14,00%;14,10%;14,10%;14,10%;14,20%;14,20%;14,30%;14,30%;14,40%;14,40%;14,40%;14,50%;14,50%;14,50%;14,60%;14,60%;14,60%;14,70%;14,70%;14,80%;14,80%;14,80%;14,90%;14,90%;14,90%;15,00%;15,00%;15,00%;15,10%;15,10%;15,20%;15,20%;15,20%;15,90%;15,90%;16,00%;16,00%;16,10%;16,10%;16,20%;16,20%;16,30%;16,30%;16,40%;15,80%;15,90%;15,90%;16,00%;16,00%;16,10%;16,10%;16,20%;16,20%;16,30%;16,30%;16,40%;16,40%;16,50%;16,50%;16,60%;16,60%;16,70%;16,70%;16,80%;16,80%;16,90%;16,90%;17,00%;17,00%;17,10%;17,20%;17,20%;17,30%;17,40%;17,40%;17,50%;17,60%;17,60%;17,70%;17,70%;17,80%;17,90%;17,90%;18,00%;18,00%;18,10%;18,10%;18,20%;18,20%;18,30%;18,30%;18,40%;18,40%;18,50%;18,50%;18,60%;18,70%;18,70%;18,80%;18,90%;18,90%;19,00%;19,10%;19,10%;19,20%;19,20%;19,30%;19,30%;19,40%;19,40%;19,40%;19,50%;19,50%;19,60%;19,60%;19,70%;19,70%;19,80%;19,80%;19,90%;20,00%;20,00%;20,10%;20,20%;20,30%;20,30%;20,40%;20,50%;20,50%;20,60%;20,70%;20,80%;20,80%;20,90%;21,00%;21,10%;21,20%;21,20%;21,30%;21,40%;21,50%;21,60%;21,70%;21,70%;21,80%;21,90%;22,00%;22,10%;22,10%;22,20%;22,30%;22,40%;22,50%;22,50%;22,60%;22,70%;22,70%;22,80%;22,90%;22,90%;23,00%;23,10%;23,10%;23,20%;23,30%;23,30%;23,40%;23,50%;23,50%;23,60%;23,70%;23,70%;23,80%;23,90%;23,90%;24,00%;24,10%
520815;GAMELEIRA DE GOIAS;10,80%;10,80%;10,80%;10,90%;10,90%;10,90%;10,90%;11,00%;11,00%;11,00%;11,00%;11,00%;11,10%;11,10%;11,10%;11,20%;11,20%;11,20%;11,30%;11,30%;11,30%;11,30%;11,40%;11,40%;11,40%;11,50%;11,50%;11,50%;11,60%;11,60%;11,60%;11,70%;11,70%;11,70%;11,80%;11,80%;11,80%;11,90%;11,90%;12,00%;12,00%;12,10%;12,10%;12,20%;12,20%;12,30%;12,30%;12,30%;12,40%;12,40%;12,50%;12,50%;12,60%;12,60%;12,60%;12,70%;12,70%;12,70%;12,80%;12,80%;12,90%;13,40%;13,40%;13,50%;13,50%;13,60%;13,60%;13,70%;13,70%;13,80%;13,80%;13,90%;13,30%;13,40%;13,40%;13,50%;13,50%;13,60%;13,60%;13,70%;13,70%;13,80%;13,80%;13,90%;13,90%;14,00%;14,00%;14,10%;14,10%;14,20%;14,30%;14,30%;14,40%;14,40%;14,50%;14,50%;14,60%;14,60%;14,70%;14,80%;14,80%;14,90%;14,90%;15,00%;15,00%;15,10%;15,10%;15,20%;15,20%;15,30%;15,30%;15,40%;15,50%;15,50%;15,60%;15,60%;15,70%;15,80%;15,80%;15,90%;16,00%;16,00%;16,10%;16,20%;16,20%;16,30%;16,40%;16,40%;16,50%;16,50%;16,60%;16,70%;16,70%;16,80%;16,80%;16,90%;16,90%;17,00%;17,00%;17,10%;17,10%;17,20%;17,20%;17,30%;17,30%;17,40%;17,50%;17,50%;17,60%;17,60%;17,70%;17,80%;17,80%;17,90%;18,00%;18,00%;18,10%;18,10%;18,20%;18,20%;18,30%;18,30%;18,40%;18,40%;18,50%;18,50%;18,60%;18,60%;18,70%;18,70%;18,80%;18,80%;18,90%;18,90%;19,00%;19,00%;19,10%;19,20%;19,20%;19,30%;19,30%;19,40%;19,50%;19,60%;19,60%;19,70%;19,80%;19,90%;19,90%;20,00%;20,10%;20,20%;20,30%;20,30%;20,40%;20,50%;20,60%;20,70%;20,70%;20,80%;20,90%;21,00%;21,00%;21,10%;21,20%
520830;DIVINOPOLIS DE GOIAS;11,00%;11,00%;11,00%;11,10%;11,10%;11,10%;11,20%;11,20%;11,20%;11,30%;11,30%;11,30%;11,40%;11,40%;11,40%;11,50%;11,50%;11,60%;11,60%;11,60%;11,70%;11,70%;11,70%;11,80%;11,80%;11,80%;11,90%;11,90%;11,90%;12,00%;12,00%;12,00%;12,10%;12,10%;12,10%;12,20%;12,20%;12,20%;12,20%;12,30%;12,30%;12,30%;12,40%;12,40%;12,40%;12,40%;12,50%;12,50%;12,50%;12,60%;12,60%;12,60%;12,70%;12,70%;12,70%;12,80%;12,80%;12,80%;12,90%;12,90%;13,00%;13,40%;13,40%;13,50%;13,50%;13,60%;13,60%;13,60%;13,70%;13,70%;13,80%;13,80%;13,40%;13,40%;13,40%;13,50%;13,50%;13,60%;13,60%;13,70%;13,70%;13,70%;13,80%;13,80%;13,90%;13,90%;13,90%;14,00%;14,00%;14,00%;14,10%;14,10%;14,10%;14,20%;14,20%;14,30%;14,30%;14,30%;14,40%;14,40%;14,50%;14,50%;14,60%;14,60%;14,60%;14,70%;14,70%;14,80%;14,80%;14,90%;14,90%;15,00%;15,00%;15,00%;15,10%;15,10%;15,20%;15,20%;15,30%;15,30%;15,40%;15,40%;15,50%;15,50%;15,50%;15,60%;15,60%;15,70%;15,70%;15,80%;15,80%;15,90%;15,90%;15,90%;16,00%;16,00%;16,10%;16,10%;16,10%;16,20%;16,20%;16,30%;16,30%;16,30%;16,40%;16,40%;16,50%;16,50%;16,60%;16,60%;16,70%;16,70%;16,70%;16,80%;16,80%;16,90%;16,90%;17,00%;17,10%;17,10%;17,20%;17,20%;17,30%;17,30%;17,40%;17,50%;17,50%;17,60%;17,60%;17,70%;17,80%;17,80%;17,90%;17,90%;18,00%;18,10%;18,10%;18,20%;18,20%;18,30%;18,40%;18,40%;18,50%;18,50%;18,60%;18,60%;18,70%;18,70%;18,80%;18,80%;18,90%;18,90%;19,00%;19,00%;19,10%;19,10%;19,20%;19,20%;19,30%;19,30%;19,40%;19,50%;19,50%;19,60%;19,60%
520840;GOIANAPOLIS;9,10%;9,10%;9,10%;9,20%;9,20%;9,20%;9,20%;9,30%;9,30%;9,30%;9,40%;9,40%;9,40%;9,40%;9,50%;9,50%;9,50%;9,50%;9,50%;9,60%;9,60%;9,60%;9,60%;9,70%;9,70%;9,70%;9,70%;9,70%;9,80%;9,80%;9,80%;9,80%;9,80%;9,80%;9,90%;9,90%;9,90%;9,90%;9,90%;9,90%;10,00%;10,00%;10,00%;10,00%;10,00%;10,10%;10,10%;10,10%;10,10%;10,10%;10,10%;10,20%;10,20%;10,20%;10,20%;10,20%;10,30%;10,30%;10,30%;10,30%;10,30%;10,60%;10,60%;10,60%;10,60%;10,70%;10,70%;10,70%;10,70%;10,70%;10,80%;10,80%;10,60%;10,60%;10,60%;10,60%;10,60%;10,70%;10,70%;10,70%;10,70%;10,70%;10,80%;10,80%;10,80%;10,80%;10,90%;10,90%;10,90%;10,90%;11,00%;11,00%;11,00%;11,00%;11,10%;11,10%;11,10%;11,10%;11,20%;11,20%;11,20%;11,20%;11,30%;11,30%;11,30%;11,30%;11,40%;11,40%;11,40%;11,50%;11,50%;11,50%;11,50%;11,60%;11,60%;11,60%;11,70%;11,70%;11,70%;11,70%;11,80%;11,80%;11,80%;11,90%;11,90%;11,90%;11,90%;12,00%;12,00%;12,00%;12,10%;12,10%;12,10%;12,10%;12,20%;12,20%;12,20%;12,20%;12,30%;12,30%;12,30%;12,40%;12,40%;12,40%;12,40%;12,50%;12,50%;12,50%;12,60%;12,60%;12,60%;12,60%;12,70%;12,70%;12,70%;12,80%;12,80%;12,80%;12,90%;12,90%;12,90%;13,00%;13,00%;13,00%;13,10%;13,10%;13,20%;13,20%;13,20%;13,30%;13,30%;13,30%;13,40%;13,40%;13,50%;13,50%;13,50%;13,60%;13,60%;13,70%;13,70%;13,70%;13,80%;13,80%;13,80%;13,90%;13,90%;13,90%;14,00%;14,00%;14,00%;14,10%;14,10%;14,10%;14,20%;14,20%;14,20%;14,30%;14,30%;14,30%;14,40%;14,40%;14,40%;14,50%;14,50%
520850;GOIANDIRA;16,00%;16,00%;16,00%;16,10%;16,10%;16,20%;16,20%;16,20%;16,30%;16,30%;16,40%;16,40%;16,40%;16,50%;16,50%;16,60%;16,60%;16,60%;16,70%;16,70%;16,80%;16,80%;16,80%;16,90%;16,90%;17,00%;17,00%;17,00%;17,10%;17,10%;17,10%;17,20%;17,20%;17,30%;17,30%;17,30%;17,40%;17,40%;17,40%;17,50%;17,50%;17,50%;17,60%;17,60%;17,60%;17,70%;17,70%;17,80%;17,80%;17,80%;17,90%;17,90%;17,90%;18,00%;18,00%;18,10%;18,10%;18,10%;18,20%;18,20%;18,30%;18,80%;18,80%;18,90%;18,90%;18,90%;19,00%;19,00%;19,10%;19,10%;19,20%;19,20%;18,70%;18,80%;18,80%;18,90%;18,90%;18,90%;19,00%;19,00%;19,10%;19,10%;19,20%;19,20%;19,30%;19,30%;19,30%;19,40%;19,40%;19,50%;19,50%;19,60%;19,60%;19,70%;19,70%;19,80%;19,80%;19,90%;19,90%;20,00%;20,00%;20,10%;20,10%;20,20%;20,20%;20,30%;20,40%;20,40%;20,50%;20,50%;20,50%;20,60%;20,60%;20,70%;20,70%;20,70%;20,80%;20,80%;20,90%;20,90%;21,00%;21,00%;21,10%;21,10%;21,20%;21,20%;21,30%;21,30%;21,40%;21,40%;21,50%;21,50%;21,60%;21,60%;21,70%;21,70%;21,70%;21,80%;21,80%;21,90%;21,90%;21,90%;22,00%;22,00%;22,10%;22,10%;22,10%;22,20%;22,20%;22,30%;22,30%;22,40%;22,40%;22,50%;22,50%;22,60%;22,60%;22,70%;22,70%;22,80%;22,80%;22,90%;23,00%;23,00%;23,10%;23,10%;23,20%;23,30%;23,30%;23,40%;23,40%;23,50%;23,50%;23,60%;23,60%;23,70%;23,70%;23,80%;23,80%;23,90%;23,90%;24,00%;24,10%;24,10%;24,20%;24,20%;24,30%;24,40%;24,40%;24,50%;24,50%;24,60%;24,70%;24,70%;24,80%;24,80%;24,90%;25,00%;25,00%;25,10%;25,20%;25,20%;25,30%;25,30%;25,40%
520860;GOIANESIA;9,40%;9,40%;9,40%;9,40%;9,40%;9,50%;9,50%;9,50%;9,50%;9,50%;9,50%;9,60%;9,60%;9,60%;9,60%;9,60%;9,70%;9,70%;9,70%;9,70%;9,70%;9,80%;9,80%;9,80%;9,80%;9,80%;9,90%;9,90%;9,90%;9,90%;9,90%;10,00%;10,00%;10,00%;10,00%;10,00%;10,10%;10,10%;10,10%;10,10%;10,10%;10,20%;10,20%;10,20%;10,20%;10,30%;10,30%;10,30%;10,30%;10,30%;10,40%;10,40%;10,40%;10,40%;10,50%;10,50%;10,50%;10,50%;10,60%;10,60%;10,60%;10,90%;10,90%;11,00%;11,00%;11,00%;11,00%;11,10%;11,10%;11,10%;11,10%;11,20%;10,90%;10,90%;10,90%;11,00%;11,00%;11,00%;11,00%;11,10%;11,10%;11,10%;11,10%;11,20%;11,20%;11,20%;11,30%;11,30%;11,30%;11,30%;11,40%;11,40%;11,40%;11,50%;11,50%;11,50%;11,50%;11,60%;11,60%;11,60%;11,70%;11,70%;11,70%;11,80%;11,80%;11,80%;11,90%;11,90%;11,90%;11,90%;12,00%;12,00%;12,00%;12,10%;12,10%;12,10%;12,20%;12,20%;12,20%;12,30%;12,30%;12,30%;12,40%;12,40%;12,40%;12,40%;12,50%;12,50%;12,50%;12,60%;12,60%;12,60%;12,60%;12,70%;12,70%;12,70%;12,80%;12,80%;12,80%;12,80%;12,90%;12,90%;12,90%;12,90%;13,00%;13,00%;13,00%;13,00%;13,10%;13,10%;13,10%;13,20%;13,20%;13,20%;13,20%;13,30%;13,30%;13,30%;13,40%;13,40%;13,40%;13,50%;13,50%;13,50%;13,60%;13,60%;13,60%;13,70%;13,70%;13,70%;13,80%;13,80%;13,90%;13,90%;13,90%;14,00%;14,00%;14,00%;14,10%;14,10%;14,10%;14,20%;14,20%;14,30%;14,30%;14,30%;14,40%;14,40%;14,40%;14,50%;14,50%;14,50%;14,60%;14,60%;14,60%;14,70%;14,70%;14,70%;14,80%;14,80%;14,80%;14,90%;14,90%;14,90%;15,00%
520870;GOIANIA;9,10%;9,10%;9,10%;9,20%;9,20%;9,20%;9,30%;9,30%;9,30%;9,30%;9,40%;9,40%;9,40%;9,40%;9,50%;9,50%;9,50%;9,60%;9,60%;9,60%;9,70%;9,70%;9,70%;9,80%;9,80%;9,80%;9,80%;9,90%;9,90%;9,90%;10,00%;10,00%;10,00%;10,10%;10,10%;10,10%;10,20%;10,20%;10,20%;10,30%;10,30%;10,30%;10,40%;10,40%;10,40%;10,40%;10,50%;10,50%;10,50%;10,60%;10,60%;10,60%;10,70%;10,70%;10,80%;10,80%;10,80%;10,90%;10,90%;10,90%;11,00%;11,40%;11,50%;11,50%;11,50%;11,60%;11,60%;11,70%;11,70%;11,70%;11,80%;11,80%;11,40%;11,40%;11,50%;11,50%;11,50%;11,60%;11,60%;11,70%;11,70%;11,70%;11,80%;11,80%;11,90%;11,90%;11,90%;12,00%;12,00%;12,10%;12,10%;12,10%;12,20%;12,20%;12,30%;12,30%;12,30%;12,40%;12,40%;12,50%;12,50%;12,60%;12,60%;12,60%;12,70%;12,70%;12,80%;12,80%;12,80%;12,90%;12,90%;13,00%;13,00%;13,00%;13,10%;13,10%;13,20%;13,20%;13,30%;13,30%;13,30%;13,40%;13,40%;13,50%;13,50%;13,50%;13,60%;13,60%;13,60%;13,70%;13,70%;13,80%;13,80%;13,80%;13,90%;13,90%;14,00%;14,00%;14,00%;14,10%;14,10%;14,10%;14,20%;14,20%;14,20%;14,30%;14,30%;14,40%;14,40%;14,40%;14,50%;14,50%;14,50%;14,60%;14,60%;14,70%;14,70%;14,70%;14,80%;14,80%;14,90%;14,90%;15,00%;15,00%;15,00%;15,10%;15,10%;15,20%;15,20%;15,30%;15,30%;15,30%;15,40%;15,40%;15,50%;15,50%;15,60%;15,60%;15,70%;15,70%;15,80%;15,80%;15,90%;15,90%;15,90%;16,00%;16,00%;16,10%;16,10%;16,20%;16,20%;16,30%;16,30%;16,40%;16,40%;16,50%;16,50%;16,50%;16,60%;16,60%;16,70%;16,70%;16,80%;16,80%;16,90%
520880;GOIANIRA;6,70%;6,70%;6,80%;6,80%;6,80%;6,80%;6,80%;6,80%;6,80%;6,80%;6,80%;6,90%;6,90%;6,90%;6,90%;6,90%;6,90%;6,90%;6,90%;6,90%;7,00%;7,00%;7,00%;7,00%;7,00%;7,00%;7,00%;7,00%;7,00%;7,10%;7,10%;7,10%;7,10%;7,10%;7,10%;7,10%;7,10%;7,10%;7,10%;7,10%;7,20%;7,20%;7,20%;7,20%;7,20%;7,20%;7,20%;7,20%;7,20%;7,20%;7,20%;7,20%;7,30%;7,30%;7,30%;7,30%;7,30%;7,30%;7,30%;7,30%;7,30%;7,40%;7,50%;7,50%;7,50%;7,50%;7,50%;7,50%;7,50%;7,50%;7,50%;7,50%;7,40%;7,40%;7,50%;7,50%;7,50%;7,50%;7,50%;7,50%;7,50%;7,50%;7,50%;7,50%;7,60%;7,60%;7,60%;7,60%;7,60%;7,60%;7,60%;7,70%;7,70%;7,70%;7,70%;7,70%;7,70%;7,70%;7,80%;7,80%;7,80%;7,80%;7,80%;7,80%;7,90%;7,90%;7,90%;7,90%;7,90%;7,90%;8,00%;8,00%;8,00%;8,00%;8,00%;8,00%;8,10%;8,10%;8,10%;8,10%;8,10%;8,10%;8,20%;8,20%;8,20%;8,20%;8,20%;8,20%;8,30%;8,30%;8,30%;8,30%;8,30%;8,30%;8,40%;8,40%;8,40%;8,40%;8,40%;8,40%;8,50%;8,50%;8,50%;8,50%;8,50%;8,50%;8,50%;8,60%;8,60%;8,60%;8,60%;8,60%;8,60%;8,70%;8,70%;8,70%;8,70%;8,70%;8,80%;8,80%;8,80%;8,80%;8,80%;8,90%;8,90%;8,90%;8,90%;8,90%;9,00%;9,00%;9,00%;9,00%;9,10%;9,10%;9,10%;9,10%;9,10%;9,20%;9,20%;9,20%;9,20%;9,20%;9,30%;9,30%;9,30%;9,30%;9,30%;9,30%;9,40%;9,40%;9,40%;9,40%;9,40%;9,40%;9,40%;9,50%;9,50%;9,50%;9,50%;9,50%;9,50%;9,50%;9,60%;9,60%;9,60%
520890;GOIAS;12,80%;12,80%;12,80%;12,90%;12,90%;12,90%;13,00%;13,00%;13,10%;13,10%;13,10%;13,20%;13,20%;13,30%;13,30%;13,30%;13,40%;13,40%;13,50%;13,50%;13,50%;13,60%;13,60%;13,70%;13,70%;13,70%;13,80%;13,80%;13,90%;13,90%;14,00%;14,00%;14,00%;14,10%;14,10%;14,20%;14,20%;14,20%;14,30%;14,30%;14,40%;14,40%;14,50%;14,50%;14,60%;14,60%;14,70%;14,70%;14,70%;14,80%;14,80%;14,90%;14,90%;15,00%;15,00%;15,10%;15,10%;15,20%;15,20%;15,20%;15,30%;15,90%;16,00%;16,00%;16,10%;16,10%;16,20%;16,20%;16,30%;16,30%;16,40%;16,40%;15,90%;15,90%;16,00%;16,00%;16,10%;16,10%;16,20%;16,20%;16,30%;16,30%;16,40%;16,50%;16,50%;16,60%;16,60%;16,70%;16,70%;16,80%;16,80%;16,90%;16,90%;17,00%;17,10%;17,10%;17,20%;17,20%;17,30%;17,30%;17,40%;17,50%;17,50%;17,60%;17,60%;17,70%;17,80%;17,80%;17,90%;17,90%;18,00%;18,10%;18,10%;18,20%;18,20%;18,30%;18,40%;18,40%;18,50%;18,60%;18,60%;18,70%;18,70%;18,80%;18,90%;18,90%;19,00%;19,10%;19,10%;19,20%;19,20%;19,30%;19,40%;19,40%;19,50%;19,50%;19,60%;19,60%;19,70%;19,70%;19,80%;19,90%;19,90%;20,00%;20,00%;20,10%;20,10%;20,20%;20,30%;20,30%;20,40%;20,50%;20,50%;20,60%;20,70%;20,70%;20,80%;20,90%;20,90%;21,00%;21,10%;21,10%;21,20%;21,30%;21,40%;21,40%;21,50%;21,60%;21,70%;21,70%;21,80%;21,90%;22,00%;22,00%;22,10%;22,20%;22,30%;22,30%;22,40%;22,50%;22,60%;22,70%;22,70%;22,80%;22,90%;23,00%;23,10%;23,20%;23,30%;23,30%;23,40%;23,50%;23,60%;23,70%;23,80%;23,90%;23,90%;24,00%;24,10%;24,20%;24,30%;24,40%;24,50%;24,60%;24,60%
520910;GOIATUBA;12,10%;12,10%;12,10%;12,20%;12,20%;12,20%;12,20%;12,30%;12,30%;12,30%;12,30%;12,40%;12,40%;12,40%;12,40%;12,50%;12,50%;12,50%;12,50%;12,60%;12,60%;12,60%;12,60%;12,70%;12,70%;12,70%;12,70%;12,80%;12,80%;12,80%;12,80%;12,90%;12,90%;12,90%;12,90%;13,00%;13,00%;13,00%;13,00%;13,10%;13,10%;13,10%;13,10%;13,20%;13,20%;13,20%;13,20%;13,30%;13,30%;13,30%;13,30%;13,40%;13,40%;13,40%;13,50%;13,50%;13,50%;13,50%;13,60%;13,60%;13,60%;14,00%;14,00%;14,00%;14,10%;14,10%;14,10%;14,20%;14,20%;14,20%;14,20%;14,30%;13,90%;14,00%;14,00%;14,00%;14,10%;14,10%;14,10%;14,20%;14,20%;14,20%;14,20%;14,30%;14,30%;14,30%;14,40%;14,40%;14,40%;14,50%;14,50%;14,50%;14,60%;14,60%;14,60%;14,70%;14,70%;14,70%;14,80%;14,80%;14,80%;14,90%;14,90%;14,90%;15,00%;15,00%;15,00%;15,10%;15,10%;15,10%;15,20%;15,20%;15,20%;15,30%;15,30%;15,40%;15,40%;15,40%;15,50%;15,50%;15,50%;15,60%;15,60%;15,60%;15,60%;15,70%;15,70%;15,70%;15,80%;15,80%;15,80%;15,90%;15,90%;15,90%;15,90%;16,00%;16,00%;16,00%;16,10%;16,10%;16,10%;16,10%;16,20%;16,20%;16,20%;16,30%;16,30%;16,30%;16,30%;16,40%;16,40%;16,40%;16,50%;16,50%;16,50%;16,60%;16,60%;16,60%;16,70%;16,70%;16,80%;16,80%;16,80%;16,90%;16,90%;17,00%;17,00%;17,00%;17,10%;17,10%;17,20%;17,20%;17,30%;17,30%;17,30%;17,40%;17,40%;17,50%;17,50%;17,50%;17,60%;17,60%;17,70%;17,70%;17,80%;17,80%;17,90%;17,90%;17,90%;18,00%;18,00%;18,10%;18,10%;18,20%;18,20%;18,30%;18,30%;18,30%;18,40%;18,40%;18,50%;18,50%;18,60%;18,60%;18,70%
520915;GOUVELANDIA;11,00%;11,10%;11,10%;11,10%;11,20%;11,20%;11,20%;11,30%;11,30%;11,30%;11,40%;11,40%;11,40%;11,50%;11,50%;11,50%;11,60%;11,60%;11,60%;11,60%;11,70%;11,70%;11,70%;11,80%;11,80%;11,80%;11,90%;11,90%;11,90%;12,00%;12,00%;12,10%;12,10%;12,10%;12,20%;12,20%;12,20%;12,30%;12,30%;12,40%;12,40%;12,50%;12,50%;12,60%;12,60%;12,60%;12,70%;12,70%;12,80%;12,80%;12,80%;12,90%;12,90%;12,90%;13,00%;13,00%;13,00%;13,10%;13,10%;13,10%;13,20%;13,80%;13,80%;13,90%;13,90%;13,90%;14,00%;14,00%;14,10%;14,10%;14,20%;14,20%;13,70%;13,80%;13,80%;13,90%;13,90%;13,90%;14,00%;14,00%;14,10%;14,10%;14,20%;14,20%;14,30%;14,30%;14,40%;14,40%;14,50%;14,50%;14,60%;14,60%;14,60%;14,70%;14,70%;14,80%;14,80%;14,90%;14,90%;15,00%;15,00%;15,10%;15,10%;15,20%;15,20%;15,30%;15,30%;15,40%;15,40%;15,50%;15,50%;15,60%;15,60%;15,70%;15,70%;15,80%;15,90%;15,90%;16,00%;16,00%;16,10%;16,10%;16,10%;16,20%;16,20%;16,30%;16,30%;16,40%;16,40%;16,40%;16,50%;16,50%;16,60%;16,60%;16,70%;16,70%;16,80%;16,80%;16,80%;16,90%;16,90%;17,00%;17,00%;17,10%;17,10%;17,20%;17,20%;17,20%;17,30%;17,30%;17,40%;17,40%;17,50%;17,50%;17,60%;17,60%;17,60%;17,70%;17,80%;17,80%;17,90%;18,00%;18,00%;18,10%;18,10%;18,20%;18,30%;18,30%;18,40%;18,50%;18,50%;18,60%;18,60%;18,70%;18,70%;18,80%;18,80%;18,90%;18,90%;19,00%;19,10%;19,10%;19,20%;19,20%;19,30%;19,30%;19,40%;19,40%;19,50%;19,50%;19,60%;19,70%;19,70%;19,80%;19,80%;19,90%;19,90%;20,00%;20,00%;20,10%;20,20%;20,20%;20,30%;20,30%;20,40%
520920;GUAPO;10,60%;10,60%;10,70%;10,70%;10,70%;10,80%;10,80%;10,80%;10,80%;10,90%;10,90%;10,90%;11,00%;11,00%;11,00%;11,00%;11,10%;11,10%;11,10%;11,10%;11,10%;11,20%;11,20%;11,20%;11,20%;11,30%;11,30%;11,30%;11,30%;11,40%;11,40%;11,40%;11,40%;11,40%;11,50%;11,50%;11,50%;11,50%;11,50%;11,60%;11,60%;11,60%;11,60%;11,60%;11,70%;11,70%;11,70%;11,70%;11,70%;11,80%;11,80%;11,80%;11,80%;11,80%;11,80%;11,90%;11,90%;11,90%;11,90%;11,90%;12,00%;12,20%;12,20%;12,30%;12,30%;12,30%;12,30%;12,30%;12,40%;12,40%;12,40%;12,40%;12,20%;12,20%;12,20%;12,30%;12,30%;12,30%;12,30%;12,30%;12,40%;12,40%;12,40%;12,40%;12,40%;12,50%;12,50%;12,50%;12,50%;12,50%;12,60%;12,60%;12,60%;12,60%;12,70%;12,70%;12,70%;12,70%;12,70%;12,80%;12,80%;12,80%;12,80%;12,80%;12,80%;12,90%;12,90%;12,90%;12,90%;12,90%;13,00%;13,00%;13,00%;13,00%;13,00%;13,00%;13,10%;13,10%;13,10%;13,10%;13,10%;13,10%;13,20%;13,20%;13,20%;13,20%;13,20%;13,20%;13,30%;13,30%;13,30%;13,30%;13,30%;13,30%;13,30%;13,40%;13,40%;13,40%;13,40%;13,40%;13,40%;13,40%;13,40%;13,50%;13,50%;13,50%;13,50%;13,50%;13,50%;13,50%;13,50%;13,60%;13,60%;13,60%;13,60%;13,60%;13,60%;13,60%;13,70%;13,70%;13,70%;13,70%;13,70%;13,80%;13,80%;13,80%;13,80%;13,80%;13,90%;13,90%;13,90%;13,90%;14,00%;14,00%;14,00%;14,00%;14,10%;14,10%;14,10%;14,10%;14,10%;14,20%;14,20%;14,20%;14,20%;14,20%;14,30%;14,30%;14,30%;14,30%;14,30%;14,40%;14,40%;14,40%;14,40%;14,40%;14,50%;14,50%;14,50%;14,50%;14,50%;14,50%;14,60%;14,60%;14,60%
520929;GUARAITA;13,30%;13,30%;13,30%;13,40%;13,40%;13,50%;13,50%;13,60%;13,60%;13,70%;13,70%;13,80%;13,80%;13,80%;13,90%;13,90%;13,90%;14,00%;14,00%;14,10%;14,10%;14,10%;14,20%;14,20%;14,20%;14,30%;14,30%;14,30%;14,40%;14,40%;14,40%;14,50%;14,50%;14,50%;14,60%;14,60%;14,70%;14,70%;14,80%;14,90%;14,90%;15,00%;15,10%;15,10%;15,20%;15,30%;15,40%;15,40%;15,50%;15,60%;15,60%;15,70%;15,70%;15,80%;15,80%;15,90%;15,90%;16,00%;16,00%;16,10%;16,10%;16,80%;16,90%;16,90%;17,00%;17,10%;17,20%;17,20%;17,30%;17,40%;17,40%;17,50%;16,80%;16,80%;16,90%;17,00%;17,00%;17,10%;17,20%;17,20%;17,30%;17,40%;17,50%;17,50%;17,60%;17,70%;17,70%;17,80%;17,90%;17,90%;18,00%;18,00%;18,10%;18,20%;18,20%;18,30%;18,30%;18,40%;18,50%;18,60%;18,60%;18,70%;18,80%;18,90%;18,90%;19,00%;19,10%;19,20%;19,20%;19,30%;19,40%;19,50%;19,50%;19,60%;19,70%;19,80%;19,80%;19,90%;20,00%;20,10%;20,10%;20,20%;20,30%;20,40%;20,50%;20,50%;20,60%;20,70%;20,80%;20,90%;21,00%;21,00%;21,10%;21,20%;21,30%;21,40%;21,50%;21,50%;21,60%;21,70%;21,80%;21,90%;22,00%;22,10%;22,10%;22,20%;22,30%;22,40%;22,50%;22,60%;22,70%;22,80%;22,80%;22,90%;23,00%;23,10%;23,20%;23,30%;23,40%;23,50%;23,60%;23,70%;23,80%;23,90%;24,10%;24,20%;24,30%;24,40%;24,50%;24,60%;24,70%;24,80%;25,00%;25,10%;25,20%;25,30%;25,40%;25,60%;25,70%;25,80%;25,90%;26,00%;26,20%;26,30%;26,40%;26,50%;26,70%;26,80%;26,90%;27,00%;27,20%;27,30%;27,40%;27,50%;27,70%;27,80%;27,90%;28,10%;28,20%;28,30%;28,40%;28,60%;28,70%;28,80%;29,00%
520940;GUARANI DE GOIAS;11,20%;11,20%;11,30%;11,30%;11,30%;11,40%;11,40%;11,50%;11,50%;11,50%;11,60%;11,60%;11,70%;11,70%;11,70%;11,80%;11,80%;11,90%;11,90%;11,90%;12,00%;12,00%;12,00%;12,10%;12,10%;12,20%;12,20%;12,20%;12,30%;12,30%;12,30%;12,40%;12,40%;12,50%;12,50%;12,50%;12,60%;12,60%;12,70%;12,70%;12,80%;12,80%;12,90%;12,90%;13,00%;13,00%;13,10%;13,10%;13,10%;13,20%;13,20%;13,30%;13,30%;13,40%;13,40%;13,50%;13,50%;13,60%;13,60%;13,70%;13,70%;14,30%;14,30%;14,40%;14,40%;14,50%;14,50%;14,60%;14,60%;14,70%;14,80%;14,80%;14,20%;14,30%;14,30%;14,40%;14,40%;14,50%;14,60%;14,60%;14,70%;14,70%;14,80%;14,80%;14,90%;14,90%;15,00%;15,00%;15,10%;15,20%;15,20%;15,30%;15,30%;15,40%;15,40%;15,50%;15,50%;15,60%;15,70%;15,70%;15,80%;15,90%;15,90%;16,00%;16,10%;16,10%;16,20%;16,30%;16,30%;16,40%;16,40%;16,50%;16,50%;16,60%;16,60%;16,70%;16,70%;16,80%;16,80%;16,90%;16,90%;17,00%;17,10%;17,10%;17,20%;17,20%;17,30%;17,40%;17,40%;17,50%;17,60%;17,60%;17,70%;17,70%;17,80%;17,80%;17,90%;17,90%;18,00%;18,00%;18,10%;18,10%;18,20%;18,20%;18,20%;18,30%;18,40%;18,40%;18,50%;18,50%;18,60%;18,60%;18,70%;18,70%;18,80%;18,80%;18,90%;18,90%;19,00%;19,10%;19,10%;19,20%;19,30%;19,40%;19,40%;19,50%;19,60%;19,60%;19,70%;19,70%;19,80%;19,80%;19,90%;19,90%;20,00%;20,00%;20,10%;20,10%;20,10%;20,20%;20,20%;20,30%;20,40%;20,50%;20,60%;20,60%;20,70%;20,80%;20,90%;21,00%;21,00%;21,10%;21,20%;21,30%;21,40%;21,40%;21,50%;21,60%;21,70%;21,80%;21,80%;21,90%;22,00%;22,10%;22,20%
520945;GUARINOS;14,80%;14,90%;14,90%;15,00%;15,00%;15,10%;15,10%;15,20%;15,20%;15,30%;15,30%;15,40%;15,40%;15,50%;15,50%;15,60%;15,60%;15,70%;15,70%;15,80%;15,80%;15,90%;15,90%;16,00%;16,00%;16,10%;16,20%;16,20%;16,30%;16,30%;16,40%;16,40%;16,50%;16,60%;16,60%;16,70%;16,70%;16,80%;16,80%;16,80%;16,80%;16,90%;16,90%;16,90%;16,90%;17,00%;17,00%;17,00%;17,00%;17,10%;17,10%;17,20%;17,20%;17,30%;17,30%;17,30%;17,40%;17,40%;17,50%;17,50%;17,50%;18,00%;18,10%;18,10%;18,20%;18,20%;18,30%;18,30%;18,40%;18,40%;18,50%;18,60%;18,00%;18,00%;18,10%;18,10%;18,20%;18,30%;18,30%;18,40%;18,40%;18,50%;18,50%;18,60%;18,60%;18,70%;18,70%;18,70%;18,80%;18,80%;18,90%;18,90%;19,00%;19,00%;19,00%;19,10%;19,10%;19,20%;19,20%;19,20%;19,30%;19,30%;19,40%;19,40%;19,40%;19,50%;19,50%;19,60%;19,60%;19,60%;19,70%;19,70%;19,80%;19,80%;19,90%;19,90%;19,90%;20,00%;20,00%;20,10%;20,10%;20,20%;20,20%;20,30%;20,30%;20,30%;20,40%;20,40%;20,50%;20,50%;20,60%;20,60%;20,60%;20,70%;20,70%;20,80%;20,80%;20,90%;20,90%;20,90%;21,00%;21,00%;21,10%;21,10%;21,20%;21,20%;21,30%;21,40%;21,40%;21,50%;21,50%;21,60%;21,70%;21,70%;21,80%;21,90%;21,90%;22,00%;22,00%;22,10%;22,20%;22,20%;22,30%;22,40%;22,40%;22,50%;22,60%;22,60%;22,70%;22,80%;22,90%;23,00%;23,00%;23,10%;23,20%;23,30%;23,40%;23,50%;23,60%;23,70%;23,70%;23,90%;24,00%;24,10%;24,20%;24,30%;24,50%;24,60%;24,70%;24,80%;24,90%;25,00%;25,20%;25,30%;25,40%;25,50%;25,60%;25,80%;25,90%;26,00%;26,10%;26,20%;26,40%;26,50%;26,60%
520960;HEITORAI;13,30%;13,30%;13,40%;13,40%;13,40%;13,50%;13,50%;13,50%;13,60%;13,60%;13,60%;13,70%;13,70%;13,70%;13,80%;13,80%;13,80%;13,90%;13,90%;13,90%;14,00%;14,00%;14,00%;14,10%;14,10%;14,10%;14,20%;14,20%;14,30%;14,30%;14,40%;14,40%;14,40%;14,50%;14,50%;14,60%;14,60%;14,60%;14,70%;14,70%;14,80%;14,80%;14,80%;14,90%;14,90%;14,90%;15,00%;15,00%;15,10%;15,10%;15,20%;15,20%;15,20%;15,30%;15,30%;15,40%;15,40%;15,50%;15,50%;15,60%;15,60%;16,30%;16,40%;16,40%;16,50%;16,50%;16,60%;16,60%;16,70%;16,70%;16,80%;16,80%;16,30%;16,30%;16,40%;16,40%;16,50%;16,50%;16,60%;16,60%;16,70%;16,70%;16,80%;16,80%;16,90%;17,00%;17,00%;17,10%;17,10%;17,20%;17,30%;17,30%;17,40%;17,50%;17,50%;17,60%;17,60%;17,70%;17,80%;17,80%;17,90%;18,00%;18,00%;18,10%;18,10%;18,20%;18,30%;18,30%;18,40%;18,50%;18,50%;18,60%;18,70%;18,80%;18,80%;18,90%;19,00%;19,10%;19,10%;19,20%;19,30%;19,40%;19,40%;19,50%;19,60%;19,70%;19,80%;19,80%;19,90%;20,00%;20,10%;20,10%;20,20%;20,30%;20,30%;20,40%;20,40%;20,50%;20,60%;20,60%;20,70%;20,70%;20,80%;20,90%;20,90%;21,00%;21,10%;21,10%;21,20%;21,30%;21,30%;21,40%;21,50%;21,60%;21,60%;21,70%;21,80%;21,90%;21,90%;22,00%;22,10%;22,20%;22,30%;22,40%;22,50%;22,60%;22,70%;22,80%;22,80%;22,90%;23,00%;23,10%;23,20%;23,30%;23,40%;23,50%;23,60%;23,70%;23,80%;23,90%;24,00%;24,10%;24,20%;24,30%;24,30%;24,40%;24,50%;24,60%;24,70%;24,80%;24,80%;24,90%;25,00%;25,10%;25,20%;25,30%;25,30%;25,40%;25,50%;25,60%;25,70%;25,80%;25,90%;25,90%;26,00%
520970;HIDROLANDIA;10,00%;10,00%;10,10%;10,10%;10,10%;10,10%;10,10%;10,20%;10,20%;10,20%;10,20%;10,20%;10,30%;10,30%;10,30%;10,30%;10,30%;10,40%;10,40%;10,40%;10,40%;10,40%;10,50%;10,50%;10,50%;10,50%;10,50%;10,60%;10,60%;10,60%;10,60%;10,60%;10,70%;10,70%;10,70%;10,70%;10,70%;10,80%;10,80%;10,80%;10,80%;10,90%;10,90%;10,90%;10,90%;11,00%;11,00%;11,00%;11,00%;11,10%;11,10%;11,10%;11,10%;11,10%;11,20%;11,20%;11,20%;11,20%;11,30%;11,30%;11,30%;11,60%;11,60%;11,70%;11,70%;11,70%;11,80%;11,80%;11,80%;11,80%;11,90%;11,90%;11,60%;11,60%;11,70%;11,70%;11,70%;11,70%;11,80%;11,80%;11,80%;11,90%;11,90%;11,90%;11,90%;12,00%;12,00%;12,00%;12,10%;12,10%;12,10%;12,10%;12,20%;12,20%;12,20%;12,30%;12,30%;12,30%;12,40%;12,40%;12,40%;12,40%;12,50%;12,50%;12,50%;12,60%;12,60%;12,60%;12,70%;12,70%;12,70%;12,80%;12,80%;12,80%;12,90%;12,90%;12,90%;12,90%;13,00%;13,00%;13,00%;13,10%;13,10%;13,10%;13,20%;13,20%;13,20%;13,20%;13,30%;13,30%;13,30%;13,40%;13,40%;13,40%;13,40%;13,50%;13,50%;13,50%;13,60%;13,60%;13,60%;13,60%;13,70%;13,70%;13,70%;13,70%;13,80%;13,80%;13,80%;13,80%;13,90%;13,90%;13,90%;14,00%;14,00%;14,00%;14,00%;14,10%;14,10%;14,10%;14,20%;14,20%;14,20%;14,30%;14,30%;14,30%;14,40%;14,40%;14,40%;14,40%;14,50%;14,50%;14,50%;14,60%;14,60%;14,60%;14,70%;14,70%;14,70%;14,80%;14,80%;14,80%;14,90%;14,90%;14,90%;14,90%;15,00%;15,00%;15,00%;15,10%;15,10%;15,10%;15,10%;15,20%;15,20%;15,20%;15,30%;15,30%;15,30%;15,30%;15,40%;15,40%;15,40%;15,40%;15,50%
520980;HIDROLINA;14,20%;14,30%;14,30%;14,40%;14,40%;14,40%;14,50%;14,50%;14,50%;14,60%;14,60%;14,70%;14,70%;14,70%;14,80%;14,90%;14,90%;15,00%;15,00%;15,10%;15,10%;15,20%;15,20%;15,30%;15,30%;15,40%;15,40%;15,40%;15,50%;15,50%;15,60%;15,60%;15,60%;15,70%;15,70%;15,70%;15,80%;15,80%;15,90%;16,00%;16,00%;16,10%;16,10%;16,20%;16,20%;16,30%;16,30%;16,40%;16,50%;16,50%;16,60%;16,70%;16,70%;16,80%;16,90%;16,90%;17,00%;17,10%;17,10%;17,20%;17,30%;18,00%;18,10%;18,20%;18,20%;18,30%;18,30%;18,40%;18,50%;18,50%;18,60%;18,70%;18,00%;18,00%;18,10%;18,20%;18,20%;18,30%;18,30%;18,40%;18,50%;18,50%;18,60%;18,60%;18,70%;18,80%;18,80%;18,90%;19,00%;19,00%;19,10%;19,10%;19,20%;19,30%;19,30%;19,40%;19,50%;19,50%;19,60%;19,60%;19,70%;19,80%;19,80%;19,90%;20,00%;20,00%;20,10%;20,20%;20,20%;20,30%;20,40%;20,40%;20,50%;20,60%;20,70%;20,70%;20,80%;20,90%;21,00%;21,10%;21,10%;21,20%;21,30%;21,30%;21,40%;21,50%;21,50%;21,60%;21,60%;21,70%;21,80%;21,80%;21,90%;22,00%;22,00%;22,10%;22,10%;22,20%;22,20%;22,30%;22,30%;22,40%;22,40%;22,50%;22,50%;22,60%;22,70%;22,70%;22,80%;22,90%;22,90%;23,00%;23,00%;23,10%;23,20%;23,20%;23,30%;23,40%;23,40%;23,50%;23,60%;23,70%;23,70%;23,80%;23,90%;23,90%;24,00%;24,10%;24,20%;24,20%;24,30%;24,30%;24,40%;24,40%;24,50%;24,50%;24,60%;24,60%;24,70%;24,70%;24,80%;24,80%;24,90%;25,00%;25,10%;25,10%;25,20%;25,30%;25,40%;25,40%;25,50%;25,60%;25,70%;25,80%;25,80%;25,90%;26,00%;26,10%;26,20%;26,20%;26,30%;26,40%;26,50%;26,50%;26,60%
520990;IACIARA;7,90%;8,00%;8,00%;8,00%;8,00%;8,00%;8,10%;8,10%;8,10%;8,10%;8,10%;8,20%;8,20%;8,20%;8,20%;8,30%;8,30%;8,30%;8,30%;8,40%;8,40%;8,40%;8,50%;8,50%;8,50%;8,50%;8,60%;8,60%;8,60%;8,70%;8,70%;8,70%;8,80%;8,80%;8,80%;8,80%;8,90%;8,90%;8,90%;9,00%;9,00%;9,00%;9,10%;9,10%;9,10%;9,20%;9,20%;9,20%;9,30%;9,30%;9,30%;9,40%;9,40%;9,50%;9,50%;9,50%;9,60%;9,60%;9,60%;9,70%;9,70%;10,20%;10,20%;10,30%;10,30%;10,40%;10,40%;10,40%;10,50%;10,50%;10,60%;10,60%;10,20%;10,20%;10,20%;10,30%;10,30%;10,40%;10,40%;10,40%;10,50%;10,50%;10,60%;10,60%;10,60%;10,70%;10,70%;10,80%;10,80%;10,90%;10,90%;10,90%;11,00%;11,00%;11,10%;11,10%;11,20%;11,20%;11,30%;11,30%;11,30%;11,40%;11,40%;11,50%;11,50%;11,60%;11,60%;11,70%;11,70%;11,70%;11,80%;11,80%;11,90%;11,90%;12,00%;12,00%;12,10%;12,10%;12,10%;12,20%;12,20%;12,30%;12,30%;12,40%;12,40%;12,50%;12,50%;12,50%;12,60%;12,60%;12,70%;12,70%;12,80%;12,80%;12,80%;12,90%;12,90%;13,00%;13,00%;13,00%;13,10%;13,10%;13,20%;13,20%;13,20%;13,30%;13,30%;13,40%;13,40%;13,50%;13,50%;13,60%;13,60%;13,70%;13,70%;13,80%;13,80%;13,90%;13,90%;14,00%;14,00%;14,10%;14,10%;14,20%;14,20%;14,30%;14,30%;14,40%;14,40%;14,50%;14,50%;14,60%;14,60%;14,70%;14,70%;14,80%;14,90%;14,90%;15,00%;15,00%;15,10%;15,10%;15,20%;15,20%;15,30%;15,40%;15,40%;15,50%;15,50%;15,60%;15,70%;15,70%;15,80%;15,80%;15,90%;16,00%;16,00%;16,10%;16,10%;16,20%;16,30%;16,30%;16,40%;16,40%;16,50%
520993;INACIOLANDIA;10,60%;10,60%;10,60%;10,70%;10,70%;10,70%;10,70%;10,80%;10,80%;10,80%;10,80%;10,90%;10,90%;10,90%;10,90%;11,00%;11,00%;11,00%;11,00%;11,10%;11,10%;11,10%;11,10%;11,20%;11,20%;11,20%;11,20%;11,30%;11,30%;11,30%;11,40%;11,40%;11,40%;11,40%;11,50%;11,50%;11,50%;11,60%;11,60%;11,60%;11,70%;11,70%;11,70%;11,70%;11,80%;11,80%;11,80%;11,90%;11,90%;11,90%;12,00%;12,00%;12,10%;12,10%;12,10%;12,20%;12,20%;12,20%;12,30%;12,30%;12,40%;12,80%;12,80%;12,90%;12,90%;12,90%;13,00%;13,00%;13,10%;13,10%;13,10%;13,20%;12,80%;12,80%;12,80%;12,90%;12,90%;13,00%;13,00%;13,00%;13,10%;13,10%;13,10%;13,20%;13,20%;13,30%;13,30%;13,40%;13,40%;13,40%;13,50%;13,50%;13,60%;13,60%;13,70%;13,70%;13,70%;13,80%;13,80%;13,90%;13,90%;13,90%;14,00%;14,00%;14,00%;14,10%;14,10%;14,20%;14,20%;14,20%;14,30%;14,30%;14,40%;14,40%;14,40%;14,50%;14,50%;14,60%;14,60%;14,70%;14,70%;14,70%;14,80%;14,80%;14,90%;14,90%;14,90%;15,00%;15,00%;15,00%;15,10%;15,10%;15,20%;15,20%;15,20%;15,20%;15,30%;15,30%;15,30%;15,40%;15,40%;15,40%;15,50%;15,50%;15,50%;15,60%;15,60%;15,70%;15,70%;15,70%;15,80%;15,80%;15,90%;15,90%;16,00%;16,00%;16,10%;16,10%;16,20%;16,20%;16,30%;16,30%;16,40%;16,40%;16,50%;16,50%;16,60%;16,60%;16,70%;16,70%;16,80%;16,80%;16,90%;17,00%;17,00%;17,10%;17,10%;17,20%;17,20%;17,30%;17,30%;17,40%;17,40%;17,50%;17,60%;17,60%;17,70%;17,70%;17,80%;17,90%;17,90%;18,00%;18,00%;18,10%;18,20%;18,20%;18,30%;18,30%;18,40%;18,50%;18,50%;18,60%;18,60%;18,70%;18,80%
520995;INDIARA;9,20%;9,20%;9,20%;9,20%;9,30%;9,30%;9,30%;9,30%;9,30%;9,40%;9,40%;9,40%;9,40%;9,40%;9,50%;9,50%;9,50%;9,50%;9,60%;9,60%;9,60%;9,60%;9,70%;9,70%;9,70%;9,70%;9,80%;9,80%;9,80%;9,80%;9,90%;9,90%;9,90%;9,90%;10,00%;10,00%;10,00%;10,00%;10,10%;10,10%;10,10%;10,10%;10,20%;10,20%;10,20%;10,30%;10,30%;10,30%;10,30%;10,40%;10,40%;10,40%;10,40%;10,40%;10,50%;10,50%;10,50%;10,50%;10,60%;10,60%;10,60%;11,00%;11,00%;11,00%;11,10%;11,10%;11,10%;11,10%;11,20%;11,20%;11,20%;11,30%;10,90%;11,00%;11,00%;11,00%;11,10%;11,10%;11,10%;11,10%;11,20%;11,20%;11,20%;11,30%;11,30%;11,30%;11,40%;11,40%;11,40%;11,50%;11,50%;11,50%;11,60%;11,60%;11,60%;11,70%;11,70%;11,70%;11,80%;11,80%;11,80%;11,90%;11,90%;12,00%;12,00%;12,00%;12,10%;12,10%;12,20%;12,20%;12,20%;12,30%;12,30%;12,40%;12,40%;12,40%;12,50%;12,50%;12,60%;12,60%;12,70%;12,70%;12,70%;12,80%;12,80%;12,80%;12,90%;12,90%;12,90%;13,00%;13,00%;13,00%;13,10%;13,10%;13,20%;13,20%;13,20%;13,30%;13,30%;13,40%;13,40%;13,40%;13,50%;13,50%;13,60%;13,60%;13,60%;13,70%;13,70%;13,70%;13,80%;13,80%;13,90%;13,90%;13,90%;14,00%;14,00%;14,10%;14,10%;14,20%;14,20%;14,20%;14,30%;14,30%;14,40%;14,40%;14,50%;14,50%;14,60%;14,60%;14,60%;14,70%;14,70%;14,80%;14,80%;14,90%;14,90%;15,00%;15,00%;15,00%;15,10%;15,10%;15,20%;15,20%;15,30%;15,30%;15,40%;15,40%;15,40%;15,50%;15,50%;15,60%;15,60%;15,60%;15,70%;15,70%;15,80%;15,80%;15,90%;15,90%;15,90%;16,00%;16,00%;16,10%;16,10%
521000;INHUMAS;11,20%;11,20%;11,20%;11,30%;11,30%;11,30%;11,30%;11,40%;11,40%;11,40%;11,50%;11,50%;11,50%;11,50%;11,60%;11,60%;11,60%;11,70%;11,70%;11,70%;11,80%;11,80%;11,80%;11,80%;11,90%;11,90%;11,90%;12,00%;12,00%;12,00%;12,10%;12,10%;12,10%;12,20%;12,20%;12,20%;12,20%;12,30%;12,30%;12,30%;12,40%;12,40%;12,40%;12,50%;12,50%;12,50%;12,60%;12,60%;12,60%;12,70%;12,70%;12,70%;12,80%;12,80%;12,80%;12,90%;12,90%;12,90%;13,00%;13,00%;13,00%;13,50%;13,50%;13,60%;13,60%;13,60%;13,70%;13,70%;13,80%;13,80%;13,80%;13,90%;13,50%;13,50%;13,50%;13,60%;13,60%;13,60%;13,70%;13,70%;13,80%;13,80%;13,80%;13,90%;13,90%;13,90%;14,00%;14,00%;14,10%;14,10%;14,10%;14,20%;14,20%;14,30%;14,30%;14,30%;14,40%;14,40%;14,50%;14,50%;14,50%;14,60%;14,60%;14,70%;14,70%;14,70%;14,80%;14,80%;14,90%;14,90%;15,00%;15,00%;15,00%;15,10%;15,10%;15,20%;15,20%;15,20%;15,30%;15,30%;15,40%;15,40%;15,40%;15,50%;15,50%;15,60%;15,60%;15,60%;15,70%;15,70%;15,80%;15,80%;15,80%;15,90%;15,90%;15,90%;16,00%;16,00%;16,00%;16,10%;16,10%;16,20%;16,20%;16,20%;16,30%;16,30%;16,30%;16,40%;16,40%;16,50%;16,50%;16,50%;16,60%;16,60%;16,70%;16,70%;16,70%;16,80%;16,80%;16,90%;16,90%;17,00%;17,00%;17,10%;17,10%;17,20%;17,20%;17,30%;17,30%;17,40%;17,40%;17,50%;17,50%;17,60%;17,60%;17,70%;17,70%;17,80%;17,80%;17,90%;17,90%;18,00%;18,10%;18,10%;18,20%;18,20%;18,30%;18,30%;18,40%;18,40%;18,50%;18,50%;18,60%;18,60%;18,70%;18,70%;18,80%;18,90%;18,90%;19,00%;19,00%;19,10%;19,10%;19,20%;19,20%
521010;IPAMERI;12,80%;12,80%;12,80%;12,80%;12,80%;12,90%;12,90%;12,90%;12,90%;13,00%;13,00%;13,00%;13,00%;13,10%;13,10%;13,10%;13,10%;13,20%;13,20%;13,20%;13,20%;13,30%;13,30%;13,30%;13,30%;13,40%;13,40%;13,40%;13,50%;13,50%;13,50%;13,50%;13,60%;13,60%;13,60%;13,60%;13,70%;13,70%;13,70%;13,70%;13,80%;13,80%;13,80%;13,80%;13,90%;13,90%;13,90%;13,90%;14,00%;14,00%;14,00%;14,00%;14,10%;14,10%;14,10%;14,20%;14,20%;14,20%;14,20%;14,30%;14,30%;14,70%;14,70%;14,70%;14,80%;14,80%;14,80%;14,90%;14,90%;14,90%;15,00%;15,00%;14,70%;14,70%;14,70%;14,80%;14,80%;14,80%;14,80%;14,90%;14,90%;14,90%;15,00%;15,00%;15,00%;15,10%;15,10%;15,10%;15,20%;15,20%;15,30%;15,30%;15,30%;15,40%;15,40%;15,40%;15,50%;15,50%;15,50%;15,60%;15,60%;15,70%;15,70%;15,70%;15,80%;15,80%;15,90%;15,90%;15,90%;16,00%;16,00%;16,10%;16,10%;16,10%;16,20%;16,20%;16,30%;16,30%;16,30%;16,40%;16,40%;16,50%;16,50%;16,50%;16,60%;16,60%;16,70%;16,70%;16,70%;16,80%;16,80%;16,90%;16,90%;16,90%;17,00%;17,00%;17,00%;17,10%;17,10%;17,20%;17,20%;17,20%;17,30%;17,30%;17,30%;17,40%;17,40%;17,50%;17,50%;17,50%;17,60%;17,60%;17,70%;17,70%;17,70%;17,80%;17,80%;17,90%;17,90%;18,00%;18,00%;18,10%;18,10%;18,20%;18,20%;18,30%;18,30%;18,40%;18,40%;18,50%;18,50%;18,60%;18,60%;18,70%;18,70%;18,80%;18,80%;18,90%;18,90%;19,00%;19,00%;19,10%;19,10%;19,20%;19,20%;19,30%;19,30%;19,40%;19,40%;19,50%;19,50%;19,60%;19,60%;19,70%;19,70%;19,80%;19,80%;19,90%;19,90%;20,00%;20,00%;20,10%;20,10%;20,20%;20,20%
521015;IPIRANGA DE GOIAS;14,90%;15,00%;15,00%;15,00%;15,10%;15,10%;15,20%;15,20%;15,20%;15,30%;15,30%;15,40%;15,40%;15,40%;15,50%;15,50%;15,50%;15,50%;15,50%;15,60%;15,60%;15,60%;15,60%;15,70%;15,70%;15,70%;15,80%;15,80%;15,90%;15,90%;16,00%;16,00%;16,10%;16,10%;16,20%;16,20%;16,30%;16,30%;16,30%;16,30%;16,40%;16,40%;16,40%;16,50%;16,50%;16,50%;16,50%;16,60%;16,60%;16,70%;16,70%;16,80%;16,80%;16,90%;17,00%;17,00%;17,10%;17,20%;17,20%;17,30%;17,30%;17,90%;18,00%;18,00%;18,10%;18,10%;18,20%;18,20%;18,20%;18,30%;18,30%;18,40%;17,90%;17,90%;18,00%;18,00%;18,10%;18,10%;18,20%;18,20%;18,30%;18,30%;18,30%;18,40%;18,40%;18,50%;18,50%;18,60%;18,60%;18,70%;18,70%;18,80%;18,80%;18,90%;18,90%;19,00%;19,00%;19,10%;19,10%;19,20%;19,20%;19,30%;19,30%;19,40%;19,40%;19,50%;19,50%;19,50%;19,60%;19,70%;19,70%;19,80%;19,80%;19,90%;19,90%;20,00%;20,00%;20,10%;20,20%;20,20%;20,30%;20,30%;20,40%;20,40%;20,50%;20,50%;20,60%;20,60%;20,70%;20,80%;20,80%;20,90%;20,90%;21,00%;21,00%;21,10%;21,10%;21,20%;21,20%;21,30%;21,30%;21,40%;21,40%;21,50%;21,60%;21,60%;21,70%;21,70%;21,80%;21,90%;21,90%;22,00%;22,00%;22,10%;22,20%;22,20%;22,30%;22,40%;22,50%;22,60%;22,70%;22,80%;22,90%;23,00%;23,10%;23,20%;23,30%;23,40%;23,50%;23,50%;23,60%;23,70%;23,80%;23,90%;24,00%;24,10%;24,10%;24,20%;24,30%;24,40%;24,50%;24,60%;24,70%;24,80%;24,90%;25,00%;25,10%;25,20%;25,30%;25,50%;25,60%;25,70%;25,80%;25,90%;26,00%;26,10%;26,20%;26,30%;26,40%;26,50%;26,60%;26,70%;26,80%;26,90%;27,10%
521020;IPORA;13,80%;13,80%;13,90%;13,90%;13,90%;14,00%;14,00%;14,00%;14,10%;14,10%;14,20%;14,20%;14,20%;14,30%;14,30%;14,30%;14,40%;14,40%;14,40%;14,50%;14,50%;14,50%;14,50%;14,60%;14,60%;14,60%;14,70%;14,70%;14,70%;14,80%;14,80%;14,80%;14,90%;14,90%;14,90%;15,00%;15,00%;15,00%;15,10%;15,10%;15,10%;15,10%;15,20%;15,20%;15,20%;15,30%;15,30%;15,30%;15,30%;15,40%;15,40%;15,40%;15,50%;15,50%;15,50%;15,60%;15,60%;15,60%;15,70%;15,70%;15,70%;16,10%;16,20%;16,20%;16,30%;16,30%;16,30%;16,40%;16,40%;16,40%;16,50%;16,50%;16,10%;16,10%;16,20%;16,20%;16,30%;16,30%;16,30%;16,40%;16,40%;16,40%;16,50%;16,50%;16,50%;16,60%;16,60%;16,60%;16,70%;16,70%;16,70%;16,80%;16,80%;16,90%;16,90%;16,90%;17,00%;17,00%;17,00%;17,10%;17,10%;17,20%;17,20%;17,20%;17,30%;17,30%;17,30%;17,40%;17,40%;17,50%;17,50%;17,50%;17,60%;17,60%;17,60%;17,70%;17,70%;17,80%;17,80%;17,80%;17,90%;17,90%;17,90%;18,00%;18,00%;18,00%;18,10%;18,10%;18,10%;18,20%;18,20%;18,20%;18,30%;18,30%;18,30%;18,40%;18,40%;18,40%;18,40%;18,50%;18,50%;18,50%;18,60%;18,60%;18,60%;18,70%;18,70%;18,70%;18,80%;18,80%;18,80%;18,90%;18,90%;18,90%;19,00%;19,00%;19,00%;19,10%;19,10%;19,20%;19,20%;19,30%;19,30%;19,30%;19,40%;19,40%;19,50%;19,50%;19,60%;19,60%;19,70%;19,70%;19,80%;19,80%;19,80%;19,90%;19,90%;20,00%;20,00%;20,10%;20,10%;20,20%;20,20%;20,30%;20,30%;20,40%;20,40%;20,50%;20,50%;20,60%;20,60%;20,70%;20,70%;20,80%;20,80%;20,90%;20,90%;21,00%;21,00%;21,10%;21,20%;21,20%;21,30%;21,30%;21,40%
521030;ISRAELANDIA;14,10%;14,10%;14,20%;14,20%;14,30%;14,30%;14,40%;14,50%;14,50%;14,60%;14,60%;14,70%;14,70%;14,80%;14,80%;14,90%;15,00%;15,00%;15,10%;15,10%;15,20%;15,20%;15,30%;15,40%;15,40%;15,50%;15,50%;15,60%;15,70%;15,70%;15,80%;15,80%;15,90%;16,00%;16,00%;16,10%;16,10%;16,20%;16,30%;16,30%;16,40%;16,40%;16,50%;16,50%;16,60%;16,60%;16,70%;16,70%;16,80%;16,80%;16,90%;17,00%;17,00%;17,10%;17,10%;17,20%;17,30%;17,30%;17,40%;17,50%;17,50%;18,20%;18,30%;18,30%;18,40%;18,50%;18,50%;18,60%;18,70%;18,70%;18,80%;18,90%;18,10%;18,20%;18,30%;18,30%;18,40%;18,50%;18,50%;18,60%;18,70%;18,70%;18,80%;18,90%;18,90%;19,00%;19,10%;19,10%;19,20%;19,30%;19,30%;19,40%;19,50%;19,50%;19,60%;19,70%;19,70%;19,80%;19,80%;19,90%;20,00%;20,00%;20,10%;20,10%;20,20%;20,30%;20,30%;20,40%;20,40%;20,50%;20,60%;20,60%;20,70%;20,80%;20,80%;20,90%;20,90%;21,00%;21,10%;21,10%;21,20%;21,20%;21,30%;21,40%;21,40%;21,50%;21,50%;21,60%;21,60%;21,70%;21,70%;21,80%;21,80%;21,90%;22,00%;22,00%;22,10%;22,20%;22,20%;22,30%;22,30%;22,40%;22,50%;22,50%;22,60%;22,60%;22,70%;22,80%;22,80%;22,90%;22,90%;23,00%;23,10%;23,10%;23,20%;23,30%;23,30%;23,40%;23,50%;23,60%;23,70%;23,80%;23,90%;23,90%;24,00%;24,10%;24,20%;24,30%;24,40%;24,50%;24,50%;24,60%;24,60%;24,70%;24,80%;24,80%;24,90%;24,90%;25,00%;25,10%;25,10%;25,20%;25,30%;25,40%;25,50%;25,60%;25,70%;25,80%;25,90%;26,00%;26,10%;26,10%;26,20%;26,30%;26,40%;26,50%;26,60%;26,70%;26,80%;26,90%;27,00%;27,10%;27,20%;27,30%;27,40%
521040;ITABERAI;9,40%;9,40%;9,40%;9,40%;9,50%;9,50%;9,50%;9,50%;9,50%;9,60%;9,60%;9,60%;9,60%;9,60%;9,70%;9,70%;9,70%;9,70%;9,70%;9,80%;9,80%;9,80%;9,80%;9,80%;9,90%;9,90%;9,90%;9,90%;9,90%;10,00%;10,00%;10,00%;10,00%;10,00%;10,10%;10,10%;10,10%;10,10%;10,20%;10,20%;10,20%;10,20%;10,30%;10,30%;10,30%;10,30%;10,30%;10,40%;10,40%;10,40%;10,40%;10,50%;10,50%;10,50%;10,50%;10,60%;10,60%;10,60%;10,60%;10,60%;10,70%;11,00%;11,00%;11,00%;11,10%;11,10%;11,10%;11,10%;11,20%;11,20%;11,20%;11,30%;11,00%;11,00%;11,00%;11,00%;11,10%;11,10%;11,10%;11,20%;11,20%;11,20%;11,20%;11,30%;11,30%;11,30%;11,30%;11,40%;11,40%;11,40%;11,50%;11,50%;11,50%;11,60%;11,60%;11,60%;11,60%;11,70%;11,70%;11,70%;11,80%;11,80%;11,80%;11,90%;11,90%;11,90%;11,90%;12,00%;12,00%;12,00%;12,10%;12,10%;12,10%;12,20%;12,20%;12,20%;12,30%;12,30%;12,30%;12,30%;12,40%;12,40%;12,40%;12,50%;12,50%;12,50%;12,60%;12,60%;12,60%;12,60%;12,70%;12,70%;12,70%;12,70%;12,80%;12,80%;12,80%;12,80%;12,90%;12,90%;12,90%;12,90%;13,00%;13,00%;13,00%;13,10%;13,10%;13,10%;13,10%;13,20%;13,20%;13,20%;13,30%;13,30%;13,30%;13,30%;13,40%;13,40%;13,50%;13,50%;13,50%;13,60%;13,60%;13,60%;13,70%;13,70%;13,70%;13,80%;13,80%;13,80%;13,90%;13,90%;13,90%;14,00%;14,00%;14,10%;14,10%;14,10%;14,20%;14,20%;14,20%;14,30%;14,30%;14,30%;14,40%;14,40%;14,40%;14,50%;14,50%;14,50%;14,60%;14,60%;14,70%;14,70%;14,70%;14,80%;14,80%;14,80%;14,90%;14,90%;14,90%;15,00%;15,00%;15,00%;15,10%
521056;ITAGUARI;12,90%;12,90%;12,90%;12,90%;12,90%;12,90%;13,00%;13,00%;13,00%;13,00%;13,00%;13,00%;13,00%;13,10%;13,10%;13,10%;13,20%;13,20%;13,20%;13,20%;13,30%;13,30%;13,30%;13,40%;13,40%;13,40%;13,40%;13,50%;13,50%;13,50%;13,50%;13,60%;13,60%;13,60%;13,60%;13,60%;13,70%;13,70%;13,70%;13,80%;13,80%;13,80%;13,80%;13,90%;13,90%;13,90%;14,00%;14,00%;14,00%;14,00%;14,10%;14,10%;14,10%;14,20%;14,20%;14,20%;14,30%;14,30%;14,30%;14,40%;14,40%;14,80%;14,80%;14,80%;14,90%;14,90%;14,90%;15,00%;15,00%;15,00%;15,10%;15,10%;14,70%;14,80%;14,80%;14,80%;14,90%;14,90%;14,90%;15,00%;15,00%;15,00%;15,10%;15,10%;15,10%;15,20%;15,20%;15,20%;15,20%;15,30%;15,30%;15,30%;15,30%;15,40%;15,40%;15,40%;15,40%;15,50%;15,50%;15,50%;15,60%;15,60%;15,60%;15,70%;15,70%;15,70%;15,80%;15,80%;15,80%;15,90%;15,90%;15,90%;16,00%;16,00%;16,00%;16,10%;16,10%;16,10%;16,20%;16,20%;16,30%;16,30%;16,30%;16,30%;16,30%;16,40%;16,40%;16,40%;16,40%;16,50%;16,50%;16,50%;16,50%;16,60%;16,60%;16,60%;16,60%;16,70%;16,70%;16,70%;16,70%;16,80%;16,80%;16,80%;16,80%;16,90%;16,90%;16,90%;16,90%;17,00%;17,00%;17,00%;17,00%;17,10%;17,10%;17,10%;17,10%;17,20%;17,20%;17,30%;17,30%;17,30%;17,40%;17,40%;17,50%;17,50%;17,60%;17,60%;17,70%;17,70%;17,70%;17,80%;17,80%;17,80%;17,90%;17,90%;18,00%;18,00%;18,00%;18,10%;18,10%;18,10%;18,20%;18,20%;18,30%;18,30%;18,40%;18,40%;18,50%;18,50%;18,60%;18,60%;18,70%;18,70%;18,80%;18,80%;18,90%;18,90%;19,00%;19,00%;19,00%;19,10%;19,10%;19,20%;19,20%
521060;ITAGUARU;14,80%;14,90%;14,90%;14,90%;15,00%;15,00%;15,10%;15,10%;15,20%;15,20%;15,30%;15,30%;15,40%;15,40%;15,50%;15,50%;15,60%;15,60%;15,70%;15,80%;15,80%;15,90%;15,90%;16,00%;16,00%;16,10%;16,10%;16,20%;16,20%;16,30%;16,30%;16,30%;16,40%;16,40%;16,50%;16,50%;16,50%;16,60%;16,60%;16,70%;16,70%;16,80%;16,80%;16,90%;16,90%;17,00%;17,00%;17,10%;17,10%;17,20%;17,20%;17,30%;17,30%;17,40%;17,40%;17,50%;17,50%;17,60%;17,60%;17,70%;17,70%;18,40%;18,50%;18,50%;18,60%;18,60%;18,70%;18,80%;18,80%;18,90%;19,00%;19,00%;18,30%;18,40%;18,50%;18,50%;18,60%;18,60%;18,70%;18,80%;18,80%;18,90%;19,00%;19,00%;19,10%;19,10%;19,20%;19,30%;19,30%;19,40%;19,50%;19,50%;19,60%;19,60%;19,70%;19,80%;19,80%;19,90%;20,00%;20,00%;20,10%;20,20%;20,30%;20,30%;20,40%;20,50%;20,50%;20,60%;20,70%;20,80%;20,80%;20,90%;21,00%;21,10%;21,10%;21,20%;21,30%;21,40%;21,40%;21,50%;21,60%;21,70%;21,70%;21,80%;21,90%;21,90%;22,00%;22,10%;22,20%;22,20%;22,30%;22,40%;22,40%;22,50%;22,60%;22,70%;22,70%;22,80%;22,90%;23,00%;23,00%;23,10%;23,20%;23,30%;23,30%;23,40%;23,50%;23,60%;23,60%;23,70%;23,80%;23,90%;24,00%;24,00%;24,10%;24,20%;24,30%;24,40%;24,50%;24,50%;24,60%;24,70%;24,80%;24,90%;25,00%;25,10%;25,20%;25,30%;25,40%;25,50%;25,60%;25,60%;25,70%;25,80%;25,90%;26,00%;26,00%;26,10%;26,20%;26,30%;26,40%;26,40%;26,50%;26,60%;26,70%;26,80%;26,90%;27,00%;27,00%;27,10%;27,20%;27,30%;27,40%;27,50%;27,60%;27,70%;27,70%;27,80%;27,90%;28,00%;28,10%;28,20%;28,30%;28,40%;28,50%
521080;ITAJA;12,70%;12,70%;12,70%;12,80%;12,80%;12,90%;12,90%;13,00%;13,00%;13,00%;13,10%;13,10%;13,20%;13,20%;13,20%;13,20%;13,30%;13,30%;13,30%;13,30%;13,40%;13,40%;13,40%;13,50%;13,50%;13,50%;13,50%;13,60%;13,60%;13,60%;13,70%;13,70%;13,80%;13,80%;13,80%;13,90%;13,90%;13,90%;14,00%;14,00%;14,00%;14,10%;14,10%;14,10%;14,20%;14,20%;14,20%;14,30%;14,30%;14,30%;14,40%;14,40%;14,50%;14,50%;14,50%;14,60%;14,60%;14,70%;14,70%;14,70%;14,80%;15,40%;15,40%;15,50%;15,50%;15,50%;15,60%;15,60%;15,70%;15,70%;15,80%;15,80%;15,30%;15,40%;15,40%;15,50%;15,50%;15,50%;15,60%;15,60%;15,70%;15,70%;15,80%;15,80%;15,80%;15,90%;15,90%;16,00%;16,00%;16,10%;16,10%;16,20%;16,20%;16,30%;16,40%;16,40%;16,50%;16,50%;16,50%;16,60%;16,60%;16,70%;16,70%;16,80%;16,80%;16,90%;16,90%;16,90%;17,00%;17,00%;17,10%;17,20%;17,20%;17,30%;17,30%;17,40%;17,40%;17,50%;17,50%;17,60%;17,70%;17,70%;17,70%;17,80%;17,80%;17,90%;17,90%;18,00%;18,00%;18,00%;18,10%;18,10%;18,20%;18,20%;18,20%;18,30%;18,30%;18,30%;18,40%;18,40%;18,40%;18,50%;18,50%;18,50%;18,60%;18,60%;18,70%;18,70%;18,80%;18,90%;18,90%;19,00%;19,00%;19,10%;19,10%;19,20%;19,30%;19,30%;19,40%;19,40%;19,50%;19,60%;19,60%;19,70%;19,70%;19,80%;19,90%;19,90%;20,00%;20,10%;20,10%;20,20%;20,20%;20,30%;20,30%;20,40%;20,50%;20,50%;20,60%;20,60%;20,70%;20,70%;20,80%;20,90%;20,90%;21,00%;21,00%;21,10%;21,20%;21,20%;21,30%;21,40%;21,40%;21,50%;21,50%;21,60%;21,70%;21,70%;21,80%;21,90%;21,90%;22,00%;22,10%;22,10%;22,20%
521090;ITAPACI;9,80%;9,80%;9,80%;9,90%;9,90%;9,90%;9,90%;9,90%;10,00%;10,00%;10,00%;10,00%;10,00%;10,10%;10,10%;10,10%;10,10%;10,20%;10,20%;10,20%;10,20%;10,30%;10,30%;10,30%;10,30%;10,40%;10,40%;10,40%;10,40%;10,40%;10,50%;10,50%;10,50%;10,50%;10,60%;10,60%;10,60%;10,70%;10,70%;10,70%;10,70%;10,80%;10,80%;10,80%;10,90%;10,90%;10,90%;10,90%;11,00%;11,00%;11,00%;11,10%;11,10%;11,10%;11,10%;11,20%;11,20%;11,20%;11,30%;11,30%;11,30%;11,70%;11,70%;11,80%;11,80%;11,80%;11,90%;11,90%;11,90%;12,00%;12,00%;12,00%;11,70%;11,70%;11,70%;11,80%;11,80%;11,80%;11,90%;11,90%;11,90%;12,00%;12,00%;12,00%;12,10%;12,10%;12,10%;12,20%;12,20%;12,20%;12,30%;12,30%;12,30%;12,40%;12,40%;12,50%;12,50%;12,50%;12,60%;12,60%;12,60%;12,70%;12,70%;12,80%;12,80%;12,80%;12,90%;12,90%;13,00%;13,00%;13,00%;13,10%;13,10%;13,10%;13,20%;13,20%;13,30%;13,30%;13,30%;13,40%;13,40%;13,40%;13,50%;13,50%;13,60%;13,60%;13,60%;13,70%;13,70%;13,70%;13,80%;13,80%;13,80%;13,90%;13,90%;13,90%;14,00%;14,00%;14,00%;14,10%;14,10%;14,20%;14,20%;14,20%;14,30%;14,30%;14,30%;14,40%;14,40%;14,40%;14,50%;14,50%;14,50%;14,60%;14,60%;14,60%;14,70%;14,70%;14,80%;14,80%;14,90%;14,90%;15,00%;15,00%;15,10%;15,10%;15,10%;15,20%;15,20%;15,30%;15,30%;15,40%;15,40%;15,50%;15,50%;15,50%;15,60%;15,60%;15,70%;15,70%;15,80%;15,80%;15,90%;15,90%;16,00%;16,00%;16,00%;16,10%;16,10%;16,20%;16,20%;16,30%;16,30%;16,40%;16,40%;16,50%;16,50%;16,50%;16,60%;16,60%;16,70%;16,70%;16,80%;16,80%;16,90%
521100;ITAPIRAPUA;13,50%;13,60%;13,60%;13,60%;13,70%;13,70%;13,70%;13,80%;13,80%;13,80%;13,90%;13,90%;13,90%;14,00%;14,00%;14,00%;14,10%;14,10%;14,10%;14,20%;14,20%;14,20%;14,30%;14,30%;14,40%;14,40%;14,40%;14,50%;14,50%;14,50%;14,50%;14,60%;14,60%;14,60%;14,70%;14,70%;14,70%;14,80%;14,80%;14,80%;14,90%;14,90%;14,90%;15,00%;15,00%;15,00%;15,10%;15,10%;15,10%;15,20%;15,20%;15,20%;15,20%;15,30%;15,30%;15,30%;15,40%;15,40%;15,40%;15,40%;15,50%;15,90%;15,90%;16,00%;16,00%;16,10%;16,10%;16,10%;16,20%;16,20%;16,30%;16,30%;15,90%;15,90%;16,00%;16,00%;16,00%;16,10%;16,10%;16,10%;16,20%;16,20%;16,30%;16,30%;16,30%;16,40%;16,40%;16,40%;16,50%;16,50%;16,60%;16,60%;16,60%;16,70%;16,70%;16,70%;16,80%;16,80%;16,90%;16,90%;17,00%;17,00%;17,00%;17,10%;17,10%;17,20%;17,20%;17,30%;17,30%;17,40%;17,40%;17,40%;17,50%;17,50%;17,60%;17,60%;17,70%;17,70%;17,80%;17,80%;17,80%;17,90%;17,90%;18,00%;18,00%;18,00%;18,10%;18,10%;18,20%;18,20%;18,20%;18,30%;18,30%;18,40%;18,40%;18,40%;18,50%;18,50%;18,50%;18,60%;18,60%;18,60%;18,70%;18,70%;18,80%;18,80%;18,80%;18,90%;18,90%;19,00%;19,00%;19,10%;19,10%;19,20%;19,20%;19,30%;19,30%;19,40%;19,50%;19,50%;19,60%;19,70%;19,70%;19,80%;19,80%;19,90%;20,00%;20,00%;20,10%;20,20%;20,20%;20,30%;20,40%;20,50%;20,50%;20,60%;20,70%;20,70%;20,80%;20,90%;20,90%;21,00%;21,10%;21,10%;21,20%;21,30%;21,40%;21,40%;21,50%;21,60%;21,60%;21,70%;21,80%;21,80%;21,90%;22,00%;22,10%;22,10%;22,20%;22,30%;22,30%;22,40%;22,50%;22,50%;22,60%
521120;ITAPURANGA;12,70%;12,80%;12,80%;12,80%;12,90%;12,90%;13,00%;13,00%;13,00%;13,10%;13,10%;13,10%;13,20%;13,20%;13,20%;13,30%;13,30%;13,40%;13,40%;13,50%;13,50%;13,50%;13,60%;13,60%;13,70%;13,70%;13,80%;13,80%;13,80%;13,90%;13,90%;14,00%;14,00%;14,10%;14,10%;14,10%;14,20%;14,20%;14,30%;14,30%;14,40%;14,40%;14,40%;14,50%;14,50%;14,60%;14,60%;14,70%;14,70%;14,70%;14,80%;14,80%;14,90%;14,90%;15,00%;15,00%;15,10%;15,10%;15,20%;15,20%;15,20%;15,90%;15,90%;16,00%;16,00%;16,10%;16,10%;16,20%;16,20%;16,30%;16,30%;16,40%;15,80%;15,90%;15,90%;16,00%;16,00%;16,10%;16,10%;16,20%;16,20%;16,30%;16,30%;16,40%;16,40%;16,50%;16,50%;16,60%;16,60%;16,70%;16,80%;16,80%;16,90%;16,90%;17,00%;17,00%;17,10%;17,10%;17,20%;17,20%;17,30%;17,40%;17,40%;17,50%;17,50%;17,60%;17,60%;17,70%;17,70%;17,80%;17,80%;17,90%;18,00%;18,00%;18,10%;18,10%;18,20%;18,20%;18,30%;18,30%;18,40%;18,40%;18,50%;18,50%;18,60%;18,60%;18,70%;18,80%;18,80%;18,90%;18,90%;19,00%;19,00%;19,10%;19,10%;19,20%;19,20%;19,30%;19,30%;19,30%;19,40%;19,40%;19,50%;19,50%;19,60%;19,60%;19,70%;19,70%;19,80%;19,90%;19,90%;20,00%;20,00%;20,10%;20,10%;20,20%;20,20%;20,30%;20,40%;20,40%;20,50%;20,50%;20,60%;20,70%;20,70%;20,80%;20,90%;20,90%;21,00%;21,10%;21,10%;21,20%;21,30%;21,40%;21,40%;21,50%;21,60%;21,60%;21,70%;21,80%;21,90%;21,90%;22,00%;22,10%;22,10%;22,20%;22,30%;22,40%;22,40%;22,50%;22,60%;22,60%;22,70%;22,80%;22,90%;22,90%;23,00%;23,10%;23,20%;23,20%;23,30%;23,40%;23,40%;23,50%;23,60%
521130;ITARUMA;10,60%;10,60%;10,60%;10,70%;10,70%;10,70%;10,80%;10,80%;10,80%;10,90%;10,90%;10,90%;10,90%;11,00%;11,00%;11,00%;11,10%;11,10%;11,10%;11,20%;11,20%;11,20%;11,30%;11,30%;11,30%;11,30%;11,40%;11,40%;11,40%;11,50%;11,50%;11,50%;11,60%;11,60%;11,60%;11,60%;11,70%;11,70%;11,70%;11,80%;11,80%;11,80%;11,90%;11,90%;11,90%;12,00%;12,00%;12,00%;12,10%;12,10%;12,10%;12,20%;12,20%;12,20%;12,30%;12,30%;12,30%;12,40%;12,40%;12,40%;12,50%;12,90%;12,90%;13,00%;13,00%;13,10%;13,10%;13,10%;13,20%;13,20%;13,30%;13,30%;12,90%;12,90%;12,90%;13,00%;13,00%;13,10%;13,10%;13,20%;13,20%;13,20%;13,30%;13,30%;13,40%;13,40%;13,50%;13,50%;13,60%;13,60%;13,60%;13,70%;13,70%;13,80%;13,80%;13,90%;13,90%;14,00%;14,00%;14,10%;14,10%;14,20%;14,20%;14,30%;14,30%;14,40%;14,40%;14,40%;14,50%;14,50%;14,60%;14,70%;14,70%;14,80%;14,80%;14,90%;14,90%;15,00%;15,00%;15,10%;15,10%;15,20%;15,20%;15,30%;15,30%;15,40%;15,50%;15,50%;15,60%;15,60%;15,70%;15,70%;15,80%;15,80%;15,90%;15,90%;16,00%;16,00%;16,10%;16,10%;16,20%;16,20%;16,30%;16,30%;16,40%;16,50%;16,50%;16,60%;16,60%;16,70%;16,70%;16,80%;16,80%;16,90%;16,90%;17,00%;17,00%;17,10%;17,20%;17,20%;17,30%;17,40%;17,40%;17,50%;17,60%;17,60%;17,70%;17,80%;17,90%;17,90%;18,00%;18,00%;18,10%;18,20%;18,20%;18,30%;18,40%;18,40%;18,50%;18,60%;18,60%;18,70%;18,70%;18,80%;18,90%;18,90%;19,00%;19,00%;19,10%;19,20%;19,20%;19,30%;19,40%;19,40%;19,50%;19,50%;19,60%;19,70%;19,70%;19,80%;19,80%;19,90%;20,00%;20,00%;20,10%
521140;ITAUCU;14,40%;14,40%;14,50%;14,50%;14,60%;14,60%;14,70%;14,70%;14,70%;14,80%;14,80%;14,90%;14,90%;15,00%;15,00%;15,10%;15,10%;15,20%;15,20%;15,20%;15,30%;15,30%;15,40%;15,40%;15,50%;15,50%;15,50%;15,60%;15,60%;15,70%;15,70%;15,70%;15,80%;15,80%;15,80%;15,90%;15,90%;16,00%;16,00%;16,00%;16,10%;16,10%;16,20%;16,20%;16,20%;16,30%;16,30%;16,40%;16,40%;16,40%;16,50%;16,50%;16,50%;16,60%;16,60%;16,70%;16,70%;16,70%;16,80%;16,80%;16,80%;17,40%;17,40%;17,50%;17,50%;17,60%;17,60%;17,70%;17,70%;17,80%;17,80%;17,80%;17,40%;17,40%;17,40%;17,50%;17,50%;17,60%;17,60%;17,70%;17,70%;17,80%;17,80%;17,80%;17,90%;17,90%;18,00%;18,00%;18,10%;18,10%;18,20%;18,20%;18,30%;18,30%;18,40%;18,40%;18,50%;18,50%;18,60%;18,60%;18,70%;18,70%;18,80%;18,80%;18,90%;18,90%;19,00%;19,00%;19,10%;19,10%;19,20%;19,20%;19,30%;19,30%;19,40%;19,40%;19,50%;19,50%;19,60%;19,60%;19,70%;19,70%;19,80%;19,80%;19,90%;19,90%;20,00%;20,00%;20,10%;20,10%;20,20%;20,30%;20,30%;20,30%;20,40%;20,40%;20,50%;20,50%;20,60%;20,60%;20,70%;20,70%;20,70%;20,80%;20,80%;20,90%;20,90%;21,00%;21,00%;21,10%;21,10%;21,20%;21,20%;21,30%;21,30%;21,40%;21,40%;21,50%;21,50%;21,60%;21,70%;21,70%;21,80%;21,90%;21,90%;22,00%;22,10%;22,20%;22,20%;22,30%;22,40%;22,40%;22,50%;22,60%;22,60%;22,70%;22,80%;22,90%;22,90%;23,00%;23,10%;23,10%;23,20%;23,20%;23,30%;23,40%;23,40%;23,50%;23,50%;23,60%;23,70%;23,70%;23,80%;23,80%;23,90%;23,90%;24,00%;24,10%;24,10%;24,20%;24,20%;24,30%;24,40%;24,40%;24,50%
521150;ITUMBIARA;11,30%;11,30%;11,30%;11,40%;11,40%;11,40%;11,50%;11,50%;11,50%;11,50%;11,60%;11,60%;11,60%;11,60%;11,70%;11,70%;11,70%;11,80%;11,80%;11,80%;11,80%;11,90%;11,90%;11,90%;11,90%;12,00%;12,00%;12,00%;12,10%;12,10%;12,10%;12,10%;12,20%;12,20%;12,20%;12,20%;12,30%;12,30%;12,30%;12,30%;12,40%;12,40%;12,40%;12,40%;12,50%;12,50%;12,50%;12,60%;12,60%;12,60%;12,60%;12,70%;12,70%;12,70%;12,70%;12,80%;12,80%;12,80%;12,80%;12,90%;12,90%;13,30%;13,30%;13,30%;13,30%;13,40%;13,40%;13,40%;13,50%;13,50%;13,50%;13,60%;13,20%;13,30%;13,30%;13,30%;13,30%;13,40%;13,40%;13,40%;13,50%;13,50%;13,50%;13,60%;13,60%;13,60%;13,60%;13,70%;13,70%;13,70%;13,80%;13,80%;13,80%;13,90%;13,90%;13,90%;14,00%;14,00%;14,00%;14,10%;14,10%;14,10%;14,10%;14,20%;14,20%;14,20%;14,30%;14,30%;14,30%;14,40%;14,40%;14,40%;14,50%;14,50%;14,50%;14,50%;14,60%;14,60%;14,60%;14,70%;14,70%;14,70%;14,80%;14,80%;14,80%;14,80%;14,90%;14,90%;14,90%;14,90%;15,00%;15,00%;15,00%;15,00%;15,10%;15,10%;15,10%;15,10%;15,20%;15,20%;15,20%;15,20%;15,30%;15,30%;15,30%;15,30%;15,40%;15,40%;15,40%;15,40%;15,50%;15,50%;15,50%;15,60%;15,60%;15,60%;15,60%;15,70%;15,70%;15,70%;15,80%;15,80%;15,80%;15,90%;15,90%;15,90%;16,00%;16,00%;16,00%;16,10%;16,10%;16,20%;16,20%;16,20%;16,30%;16,30%;16,30%;16,40%;16,40%;16,40%;16,50%;16,50%;16,60%;16,60%;16,60%;16,70%;16,70%;16,70%;16,80%;16,80%;16,90%;16,90%;16,90%;17,00%;17,00%;17,00%;17,10%;17,10%;17,10%;17,20%;17,20%;17,30%;17,30%;17,30%;17,40%
521160;IVOLANDIA;15,00%;15,00%;15,10%;15,10%;15,20%;15,20%;15,30%;15,30%;15,40%;15,40%;15,50%;15,50%;15,60%;15,60%;15,70%;15,70%;15,80%;15,80%;15,90%;16,00%;16,00%;16,10%;16,10%;16,20%;16,30%;16,30%;16,40%;16,40%;16,50%;16,60%;16,60%;16,70%;16,70%;16,80%;16,90%;16,90%;17,00%;17,00%;17,10%;17,10%;17,20%;17,20%;17,30%;17,30%;17,40%;17,40%;17,50%;17,50%;17,60%;17,60%;17,70%;17,70%;17,80%;17,80%;17,80%;17,90%;17,90%;18,00%;18,00%;18,10%;18,10%;18,70%;18,80%;18,80%;18,90%;18,90%;19,00%;19,00%;19,10%;19,20%;19,20%;19,30%;18,70%;18,70%;18,80%;18,80%;18,90%;18,90%;19,00%;19,10%;19,10%;19,20%;19,20%;19,30%;19,30%;19,40%;19,40%;19,50%;19,50%;19,60%;19,60%;19,70%;19,70%;19,80%;19,80%;19,90%;19,90%;20,00%;20,00%;20,10%;20,10%;20,10%;20,20%;20,20%;20,30%;20,30%;20,40%;20,40%;20,40%;20,50%;20,50%;20,60%;20,60%;20,60%;20,70%;20,70%;20,80%;20,80%;20,90%;20,90%;20,90%;21,00%;21,00%;21,10%;21,10%;21,20%;21,20%;21,30%;21,30%;21,40%;21,50%;21,50%;21,60%;21,60%;21,60%;21,70%;21,70%;21,70%;21,70%;21,80%;21,80%;21,80%;21,90%;21,90%;21,90%;22,00%;22,10%;22,10%;22,20%;22,20%;22,30%;22,30%;22,40%;22,40%;22,50%;22,50%;22,60%;22,70%;22,70%;22,80%;22,90%;23,00%;23,10%;23,10%;23,20%;23,30%;23,40%;23,50%;23,50%;23,60%;23,70%;23,80%;23,90%;24,00%;24,00%;24,10%;24,20%;24,30%;24,40%;24,50%;24,60%;24,60%;24,70%;24,70%;24,80%;24,90%;24,90%;25,00%;25,10%;25,10%;25,20%;25,20%;25,30%;25,40%;25,40%;25,50%;25,60%;25,60%;25,70%;25,70%;25,80%;25,90%;25,90%;26,00%;26,10%
521170;JANDAIA;14,90%;15,00%;15,00%;15,00%;15,00%;15,10%;15,10%;15,10%;15,10%;15,10%;15,20%;15,20%;15,20%;15,30%;15,30%;15,30%;15,40%;15,40%;15,50%;15,50%;15,60%;15,60%;15,70%;15,70%;15,70%;15,80%;15,80%;15,80%;15,90%;15,90%;15,90%;16,00%;16,00%;16,00%;16,10%;16,10%;16,10%;16,20%;16,20%;16,30%;16,30%;16,40%;16,40%;16,50%;16,50%;16,50%;16,60%;16,60%;16,70%;16,70%;16,80%;16,80%;16,80%;16,90%;16,90%;16,90%;17,00%;17,00%;17,00%;17,10%;17,10%;17,70%;17,80%;17,80%;17,90%;18,00%;18,00%;18,10%;18,10%;18,20%;18,20%;18,30%;17,70%;17,70%;17,80%;17,80%;17,90%;18,00%;18,00%;18,10%;18,10%;18,20%;18,20%;18,30%;18,30%;18,40%;18,40%;18,50%;18,50%;18,60%;18,60%;18,70%;18,70%;18,80%;18,80%;18,90%;18,90%;19,00%;19,00%;19,10%;19,10%;19,20%;19,20%;19,30%;19,30%;19,40%;19,40%;19,50%;19,50%;19,60%;19,70%;19,70%;19,80%;19,80%;19,90%;19,90%;20,00%;20,00%;20,10%;20,10%;20,20%;20,30%;20,30%;20,40%;20,40%;20,50%;20,50%;20,60%;20,60%;20,70%;20,80%;20,80%;20,90%;20,90%;20,90%;21,00%;21,00%;21,10%;21,10%;21,20%;21,20%;21,20%;21,30%;21,30%;21,40%;21,40%;21,50%;21,50%;21,60%;21,60%;21,70%;21,70%;21,80%;21,80%;21,90%;21,90%;22,00%;22,00%;22,10%;22,20%;22,20%;22,30%;22,30%;22,40%;22,50%;22,50%;22,60%;22,70%;22,70%;22,80%;22,80%;22,90%;23,00%;23,00%;23,10%;23,20%;23,20%;23,30%;23,30%;23,40%;23,50%;23,50%;23,60%;23,60%;23,70%;23,80%;23,80%;23,90%;23,90%;24,00%;24,00%;24,10%;24,20%;24,20%;24,30%;24,30%;24,40%;24,40%;24,50%;24,60%;24,60%;24,70%;24,70%;24,80%;24,90%
521180;JARAGUA;8,90%;8,90%;8,90%;8,90%;8,90%;8,90%;8,90%;9,00%;9,00%;9,00%;9,00%;9,00%;9,00%;9,10%;9,10%;9,10%;9,10%;9,20%;9,20%;9,20%;9,20%;9,20%;9,30%;9,30%;9,30%;9,30%;9,40%;9,40%;9,40%;9,50%;9,50%;9,50%;9,50%;9,60%;9,60%;9,60%;9,70%;9,70%;9,70%;9,80%;9,80%;9,80%;9,80%;9,90%;9,90%;9,90%;10,00%;10,00%;10,00%;10,10%;10,10%;10,10%;10,20%;10,20%;10,20%;10,30%;10,30%;10,30%;10,40%;10,40%;10,40%;10,90%;10,90%;11,00%;11,00%;11,00%;11,10%;11,10%;11,10%;11,20%;11,20%;11,20%;10,80%;10,90%;10,90%;11,00%;11,00%;11,00%;11,10%;11,10%;11,10%;11,20%;11,20%;11,30%;11,30%;11,30%;11,40%;11,40%;11,50%;11,50%;11,50%;11,60%;11,60%;11,70%;11,70%;11,70%;11,80%;11,80%;11,90%;11,90%;11,90%;12,00%;12,00%;12,10%;12,10%;12,20%;12,20%;12,30%;12,30%;12,30%;12,40%;12,40%;12,50%;12,50%;12,60%;12,60%;12,70%;12,70%;12,70%;12,80%;12,80%;12,90%;12,90%;13,00%;13,00%;13,10%;13,10%;13,10%;13,20%;13,20%;13,30%;13,30%;13,40%;13,40%;13,40%;13,50%;13,50%;13,60%;13,60%;13,60%;13,70%;13,70%;13,80%;13,80%;13,90%;13,90%;13,90%;14,00%;14,00%;14,10%;14,10%;14,20%;14,20%;14,30%;14,30%;14,40%;14,40%;14,50%;14,50%;14,60%;14,60%;14,70%;14,70%;14,80%;14,80%;14,90%;14,90%;15,00%;15,10%;15,10%;15,20%;15,20%;15,30%;15,30%;15,40%;15,50%;15,50%;15,60%;15,60%;15,70%;15,70%;15,80%;15,90%;15,90%;16,00%;16,00%;16,10%;16,20%;16,20%;16,30%;16,30%;16,40%;16,40%;16,50%;16,60%;16,60%;16,70%;16,70%;16,80%;16,90%;16,90%;17,00%;17,00%;17,10%;17,20%
521190;JATAI;10,10%;10,10%;10,10%;10,10%;10,20%;10,20%;10,20%;10,20%;10,20%;10,30%;10,30%;10,30%;10,30%;10,30%;10,40%;10,40%;10,40%;10,40%;10,40%;10,50%;10,50%;10,50%;10,50%;10,50%;10,60%;10,60%;10,60%;10,60%;10,60%;10,70%;10,70%;10,70%;10,70%;10,70%;10,80%;10,80%;10,80%;10,80%;10,80%;10,80%;10,90%;10,90%;10,90%;10,90%;10,90%;11,00%;11,00%;11,00%;11,00%;11,00%;11,10%;11,10%;11,10%;11,10%;11,10%;11,20%;11,20%;11,20%;11,20%;11,20%;11,30%;11,50%;11,60%;11,60%;11,60%;11,60%;11,70%;11,70%;11,70%;11,70%;11,80%;11,80%;11,50%;11,50%;11,60%;11,60%;11,60%;11,60%;11,70%;11,70%;11,70%;11,70%;11,80%;11,80%;11,80%;11,80%;11,90%;11,90%;11,90%;11,90%;12,00%;12,00%;12,00%;12,00%;12,10%;12,10%;12,10%;12,10%;12,20%;12,20%;12,20%;12,20%;12,30%;12,30%;12,30%;12,30%;12,40%;12,40%;12,40%;12,40%;12,50%;12,50%;12,50%;12,50%;12,60%;12,60%;12,60%;12,60%;12,70%;12,70%;12,70%;12,70%;12,80%;12,80%;12,80%;12,80%;12,90%;12,90%;12,90%;12,90%;12,90%;13,00%;13,00%;13,00%;13,00%;13,10%;13,10%;13,10%;13,10%;13,10%;13,10%;13,20%;13,20%;13,20%;13,20%;13,20%;13,30%;13,30%;13,30%;13,30%;13,40%;13,40%;13,40%;13,40%;13,40%;13,50%;13,50%;13,50%;13,50%;13,60%;13,60%;13,60%;13,70%;13,70%;13,70%;13,70%;13,80%;13,80%;13,80%;13,90%;13,90%;13,90%;14,00%;14,00%;14,00%;14,00%;14,10%;14,10%;14,10%;14,20%;14,20%;14,20%;14,30%;14,30%;14,30%;14,30%;14,40%;14,40%;14,40%;14,50%;14,50%;14,50%;14,60%;14,60%;14,60%;14,70%;14,70%;14,70%;14,70%;14,80%;14,80%;14,80%;14,90%;14,90%;14,90%
521200;JAUPACI;14,30%;14,30%;14,40%;14,40%;14,40%;14,50%;14,50%;14,60%;14,60%;14,70%;14,70%;14,70%;14,80%;14,80%;14,90%;14,90%;14,90%;15,00%;15,00%;15,10%;15,10%;15,10%;15,20%;15,20%;15,30%;15,30%;15,30%;15,40%;15,40%;15,40%;15,50%;15,50%;15,60%;15,60%;15,60%;15,70%;15,70%;15,70%;15,80%;15,80%;15,90%;15,90%;15,90%;16,00%;16,00%;16,10%;16,10%;16,20%;16,20%;16,20%;16,30%;16,40%;16,40%;16,50%;16,50%;16,60%;16,60%;16,70%;16,70%;16,80%;16,80%;17,50%;17,60%;17,60%;17,70%;17,80%;17,80%;17,90%;17,90%;18,00%;18,00%;18,10%;17,50%;17,50%;17,60%;17,60%;17,70%;17,80%;17,80%;17,90%;17,90%;18,00%;18,00%;18,10%;18,10%;18,20%;18,30%;18,30%;18,40%;18,50%;18,60%;18,60%;18,70%;18,80%;18,90%;18,90%;19,00%;19,10%;19,20%;19,20%;19,30%;19,40%;19,50%;19,60%;19,60%;19,70%;19,80%;19,90%;20,00%;20,00%;20,10%;20,20%;20,30%;20,30%;20,40%;20,50%;20,50%;20,60%;20,70%;20,70%;20,80%;20,90%;21,00%;21,10%;21,10%;21,20%;21,30%;21,40%;21,50%;21,60%;21,60%;21,70%;21,80%;21,90%;21,90%;22,00%;22,00%;22,10%;22,10%;22,20%;22,20%;22,30%;22,30%;22,40%;22,50%;22,50%;22,60%;22,70%;22,70%;22,80%;22,90%;23,00%;23,00%;23,10%;23,20%;23,30%;23,30%;23,40%;23,50%;23,60%;23,60%;23,70%;23,80%;23,80%;23,90%;24,00%;24,10%;24,10%;24,20%;24,30%;24,40%;24,40%;24,50%;24,60%;24,70%;24,70%;24,80%;24,90%;25,00%;25,00%;25,10%;25,20%;25,20%;25,30%;25,30%;25,30%;25,40%;25,40%;25,50%;25,50%;25,60%;25,60%;25,70%;25,70%;25,70%;25,80%;25,80%;25,90%;25,90%;26,00%;26,00%;26,10%;26,10%;26,10%;26,20%
521205;JESUPOLIS;12,80%;12,80%;12,80%;12,90%;12,90%;13,00%;13,00%;13,00%;13,10%;13,10%;13,20%;13,20%;13,20%;13,30%;13,30%;13,40%;13,40%;13,40%;13,50%;13,50%;13,50%;13,60%;13,60%;13,70%;13,70%;13,70%;13,80%;13,80%;13,90%;13,90%;14,00%;14,00%;14,10%;14,10%;14,20%;14,20%;14,20%;14,30%;14,30%;14,40%;14,40%;14,50%;14,50%;14,60%;14,60%;14,70%;14,70%;14,80%;14,80%;14,90%;14,90%;15,00%;15,00%;15,10%;15,10%;15,20%;15,20%;15,30%;15,30%;15,40%;15,40%;16,20%;16,20%;16,30%;16,30%;16,40%;16,40%;16,50%;16,50%;16,60%;16,60%;16,70%;16,10%;16,10%;16,20%;16,30%;16,30%;16,40%;16,40%;16,50%;16,50%;16,60%;16,60%;16,70%;16,70%;16,80%;16,80%;16,90%;16,90%;17,00%;17,00%;17,10%;17,10%;17,10%;17,20%;17,20%;17,30%;17,40%;17,40%;17,50%;17,60%;17,60%;17,70%;17,80%;17,80%;17,90%;17,90%;18,00%;18,10%;18,10%;18,20%;18,20%;18,30%;18,30%;18,40%;18,50%;18,50%;18,60%;18,60%;18,70%;18,70%;18,80%;18,80%;18,90%;19,00%;19,00%;19,10%;19,10%;19,20%;19,30%;19,30%;19,40%;19,40%;19,50%;19,50%;19,60%;19,60%;19,70%;19,70%;19,70%;19,80%;19,80%;19,90%;19,90%;19,90%;20,00%;20,10%;20,10%;20,20%;20,20%;20,30%;20,30%;20,40%;20,50%;20,50%;20,60%;20,60%;20,70%;20,80%;20,80%;20,90%;21,00%;21,00%;21,10%;21,20%;21,20%;21,30%;21,40%;21,50%;21,50%;21,60%;21,60%;21,70%;21,80%;21,80%;21,90%;22,00%;22,00%;22,10%;22,20%;22,20%;22,30%;22,50%;22,60%;22,70%;22,80%;22,90%;23,00%;23,20%;23,30%;23,40%;23,50%;23,60%;23,70%;23,90%;24,00%;24,10%;24,20%;24,30%;24,50%;24,60%;24,70%;24,80%;24,90%;25,00%
521210;JOVIANIA;11,10%;11,10%;11,10%;11,10%;11,10%;11,20%;11,20%;11,20%;11,20%;11,20%;11,30%;11,30%;11,30%;11,30%;11,30%;11,40%;11,40%;11,40%;11,40%;11,50%;11,50%;11,50%;11,50%;11,60%;11,60%;11,60%;11,60%;11,70%;11,70%;11,70%;11,80%;11,80%;11,80%;11,90%;11,90%;11,90%;12,00%;12,00%;12,00%;12,10%;12,10%;12,10%;12,20%;12,20%;12,20%;12,30%;12,30%;12,30%;12,40%;12,40%;12,40%;12,50%;12,50%;12,50%;12,60%;12,60%;12,60%;12,70%;12,70%;12,80%;12,80%;13,20%;13,30%;13,30%;13,40%;13,40%;13,40%;13,50%;13,50%;13,60%;13,60%;13,70%;13,20%;13,20%;13,30%;13,30%;13,40%;13,40%;13,50%;13,50%;13,50%;13,60%;13,60%;13,70%;13,70%;13,80%;13,80%;13,80%;13,90%;13,90%;14,00%;14,00%;14,10%;14,10%;14,20%;14,20%;14,30%;14,30%;14,40%;14,40%;14,50%;14,50%;14,60%;14,60%;14,70%;14,70%;14,80%;14,80%;14,90%;14,90%;15,00%;15,00%;15,10%;15,10%;15,20%;15,20%;15,30%;15,30%;15,40%;15,40%;15,50%;15,50%;15,60%;15,60%;15,60%;15,70%;15,70%;15,80%;15,80%;15,80%;15,90%;15,90%;16,00%;16,00%;16,00%;16,10%;16,10%;16,20%;16,20%;16,30%;16,30%;16,30%;16,40%;16,40%;16,50%;16,50%;16,60%;16,60%;16,70%;16,70%;16,80%;16,80%;16,90%;16,90%;17,00%;17,00%;17,10%;17,10%;17,20%;17,20%;17,30%;17,30%;17,40%;17,40%;17,50%;17,50%;17,60%;17,60%;17,70%;17,70%;17,80%;17,80%;17,90%;17,90%;17,90%;18,00%;18,00%;18,10%;18,10%;18,20%;18,20%;18,30%;18,30%;18,40%;18,40%;18,40%;18,50%;18,50%;18,60%;18,60%;18,70%;18,70%;18,70%;18,80%;18,80%;18,90%;18,90%;19,00%;19,00%;19,00%;19,10%;19,10%;19,20%;19,20%;19,20%
521220;JUSSARA;11,50%;11,60%;11,60%;11,60%;11,70%;11,70%;11,70%;11,80%;11,80%;11,80%;11,90%;11,90%;12,00%;12,00%;12,00%;12,10%;12,10%;12,10%;12,20%;12,20%;12,20%;12,30%;12,30%;12,40%;12,40%;12,40%;12,50%;12,50%;12,60%;12,60%;12,60%;12,70%;12,70%;12,70%;12,80%;12,80%;12,90%;12,90%;12,90%;13,00%;13,00%;13,00%;13,10%;13,10%;13,10%;13,20%;13,20%;13,30%;13,30%;13,30%;13,40%;13,40%;13,40%;13,50%;13,50%;13,50%;13,60%;13,60%;13,70%;13,70%;13,70%;14,20%;14,20%;14,30%;14,30%;14,40%;14,40%;14,40%;14,50%;14,50%;14,60%;14,60%;14,20%;14,20%;14,20%;14,30%;14,30%;14,40%;14,40%;14,40%;14,50%;14,50%;14,60%;14,60%;14,60%;14,70%;14,70%;14,80%;14,80%;14,80%;14,90%;14,90%;14,90%;15,00%;15,00%;15,10%;15,10%;15,10%;15,20%;15,20%;15,30%;15,30%;15,30%;15,40%;15,40%;15,50%;15,50%;15,50%;15,60%;15,60%;15,60%;15,70%;15,70%;15,80%;15,80%;15,80%;15,90%;15,90%;16,00%;16,00%;16,00%;16,10%;16,10%;16,10%;16,20%;16,20%;16,20%;16,30%;16,30%;16,30%;16,40%;16,40%;16,40%;16,50%;16,50%;16,50%;16,60%;16,60%;16,60%;16,70%;16,70%;16,70%;16,80%;16,80%;16,80%;16,90%;16,90%;17,00%;17,00%;17,00%;17,10%;17,10%;17,10%;17,20%;17,20%;17,30%;17,30%;17,30%;17,40%;17,50%;17,50%;17,60%;17,60%;17,70%;17,70%;17,80%;17,80%;17,90%;17,90%;18,00%;18,00%;18,10%;18,20%;18,20%;18,30%;18,30%;18,40%;18,50%;18,50%;18,60%;18,60%;18,70%;18,80%;18,80%;18,90%;19,00%;19,00%;19,10%;19,10%;19,20%;19,30%;19,30%;19,40%;19,40%;19,50%;19,60%;19,60%;19,70%;19,80%;19,80%;19,90%;19,90%;20,00%;20,10%;20,10%
521225;LAGOA SANTA;10,90%;10,90%;10,90%;11,00%;11,00%;11,00%;11,10%;11,10%;11,10%;11,20%;11,20%;11,20%;11,30%;11,30%;11,30%;11,30%;11,30%;11,30%;11,30%;11,30%;11,40%;11,40%;11,40%;11,40%;11,40%;11,40%;11,40%;11,40%;11,50%;11,50%;11,50%;11,50%;11,50%;11,50%;11,50%;11,50%;11,50%;11,50%;11,60%;11,60%;11,60%;11,60%;11,60%;11,60%;11,60%;11,60%;11,60%;11,60%;11,60%;11,60%;11,60%;11,60%;11,60%;11,60%;11,60%;11,60%;11,60%;11,60%;11,60%;11,60%;11,60%;11,50%;11,60%;11,60%;11,60%;11,60%;11,70%;11,70%;11,70%;11,70%;11,80%;11,80%;11,50%;11,60%;11,60%;11,60%;11,70%;11,70%;11,70%;11,70%;11,80%;11,80%;11,80%;11,80%;11,90%;11,90%;11,90%;11,90%;11,90%;11,90%;11,90%;11,90%;11,90%;11,90%;12,00%;12,00%;12,00%;12,00%;12,00%;12,00%;12,10%;12,10%;12,10%;12,20%;12,20%;12,20%;12,20%;12,30%;12,30%;12,30%;12,30%;12,40%;12,40%;12,40%;12,50%;12,50%;12,50%;12,60%;12,60%;12,60%;12,60%;12,70%;12,70%;12,70%;12,80%;12,80%;12,80%;12,90%;12,90%;12,90%;12,90%;13,00%;13,00%;13,00%;13,10%;13,10%;13,10%;13,10%;13,10%;13,20%;13,20%;13,20%;13,20%;13,30%;13,30%;13,30%;13,40%;13,40%;13,50%;13,50%;13,60%;13,60%;13,60%;13,70%;13,70%;13,80%;13,80%;13,80%;13,90%;13,90%;13,90%;14,00%;14,00%;14,00%;14,10%;14,10%;14,10%;14,20%;14,20%;14,30%;14,30%;14,40%;14,50%;14,50%;14,60%;14,70%;14,70%;14,80%;14,90%;14,90%;15,00%;15,10%;15,20%;15,20%;15,30%;15,40%;15,40%;15,50%;15,60%;15,70%;15,70%;15,80%;15,90%;16,00%;16,00%;16,10%;16,20%;16,30%;16,30%;16,40%;16,50%;16,50%;16,60%;16,70%;16,80%
521230;LEOPOLDO DE BULHOES;10,10%;10,20%;10,20%;10,20%;10,20%;10,30%;10,30%;10,30%;10,30%;10,40%;10,40%;10,40%;10,40%;10,50%;10,50%;10,50%;10,60%;10,60%;10,60%;10,70%;10,70%;10,70%;10,80%;10,80%;10,80%;10,90%;10,90%;10,90%;11,00%;11,00%;11,00%;11,10%;11,10%;11,10%;11,20%;11,20%;11,30%;11,30%;11,30%;11,40%;11,40%;11,50%;11,50%;11,50%;11,60%;11,60%;11,70%;11,70%;11,70%;11,80%;11,80%;11,90%;11,90%;11,90%;12,00%;12,00%;12,10%;12,10%;12,10%;12,20%;12,20%;12,80%;12,80%;12,90%;12,90%;13,00%;13,00%;13,00%;13,10%;13,10%;13,20%;13,20%;12,70%;12,80%;12,80%;12,90%;12,90%;13,00%;13,00%;13,10%;13,10%;13,10%;13,20%;13,20%;13,30%;13,30%;13,40%;13,50%;13,50%;13,60%;13,60%;13,70%;13,70%;13,80%;13,90%;13,90%;14,00%;14,00%;14,10%;14,10%;14,20%;14,20%;14,30%;14,30%;14,40%;14,50%;14,50%;14,60%;14,60%;14,70%;14,80%;14,80%;14,90%;15,00%;15,00%;15,10%;15,10%;15,20%;15,30%;15,30%;15,40%;15,50%;15,50%;15,60%;15,60%;15,70%;15,80%;15,80%;15,90%;15,90%;16,00%;16,10%;16,10%;16,20%;16,20%;16,30%;16,30%;16,40%;16,50%;16,50%;16,60%;16,60%;16,70%;16,70%;16,80%;16,80%;16,90%;17,00%;17,00%;17,10%;17,20%;17,20%;17,30%;17,40%;17,40%;17,50%;17,50%;17,60%;17,70%;17,70%;17,80%;17,90%;17,90%;18,00%;18,10%;18,10%;18,20%;18,30%;18,30%;18,40%;18,40%;18,50%;18,60%;18,60%;18,70%;18,80%;18,80%;18,90%;19,00%;19,00%;19,10%;19,20%;19,20%;19,30%;19,40%;19,40%;19,50%;19,60%;19,60%;19,70%;19,80%;19,80%;19,90%;20,00%;20,00%;20,10%;20,20%;20,20%;20,30%;20,40%;20,40%;20,50%;20,60%;20,60%;20,70%
521250;LUZIANIA;6,10%;6,10%;6,20%;6,20%;6,20%;6,20%;6,20%;6,20%;6,30%;6,30%;6,30%;6,30%;6,30%;6,30%;6,40%;6,40%;6,40%;6,40%;6,40%;6,50%;6,50%;6,50%;6,50%;6,50%;6,50%;6,60%;6,60%;6,60%;6,60%;6,60%;6,70%;6,70%;6,70%;6,70%;6,70%;6,70%;6,80%;6,80%;6,80%;6,80%;6,80%;6,90%;6,90%;6,90%;6,90%;6,90%;7,00%;7,00%;7,00%;7,00%;7,00%;7,10%;7,10%;7,10%;7,10%;7,10%;7,20%;7,20%;7,20%;7,20%;7,20%;7,50%;7,50%;7,60%;7,60%;7,60%;7,60%;7,70%;7,70%;7,70%;7,70%;7,70%;7,50%;7,50%;7,50%;7,60%;7,60%;7,60%;7,60%;7,70%;7,70%;7,70%;7,70%;7,80%;7,80%;7,80%;7,80%;7,90%;7,90%;7,90%;7,90%;8,00%;8,00%;8,00%;8,00%;8,10%;8,10%;8,10%;8,20%;8,20%;8,20%;8,20%;8,30%;8,30%;8,30%;8,40%;8,40%;8,40%;8,40%;8,50%;8,50%;8,50%;8,60%;8,60%;8,60%;8,70%;8,70%;8,70%;8,70%;8,80%;8,80%;8,80%;8,90%;8,90%;8,90%;9,00%;9,00%;9,00%;9,10%;9,10%;9,10%;9,10%;9,20%;9,20%;9,20%;9,30%;9,30%;9,30%;9,30%;9,40%;9,40%;9,40%;9,50%;9,50%;9,50%;9,50%;9,60%;9,60%;9,60%;9,70%;9,70%;9,70%;9,80%;9,80%;9,80%;9,90%;9,90%;9,90%;10,00%;10,00%;10,00%;10,10%;10,10%;10,10%;10,20%;10,20%;10,20%;10,30%;10,30%;10,40%;10,40%;10,40%;10,50%;10,50%;10,60%;10,60%;10,60%;10,70%;10,70%;10,70%;10,80%;10,80%;10,90%;10,90%;10,90%;11,00%;11,00%;11,10%;11,10%;11,10%;11,20%;11,20%;11,30%;11,30%;11,30%;11,40%;11,40%;11,40%;11,50%;11,50%;11,60%;11,60%;11,60%;11,70%;11,70%
521260;MAIRIPOTABA;14,30%;14,30%;14,40%;14,40%;14,50%;14,50%;14,50%;14,60%;14,60%;14,60%;14,70%;14,70%;14,70%;14,80%;14,80%;14,90%;14,90%;14,90%;15,00%;15,00%;15,00%;15,10%;15,10%;15,20%;15,20%;15,20%;15,20%;15,30%;15,30%;15,30%;15,30%;15,40%;15,40%;15,40%;15,40%;15,50%;15,50%;15,50%;15,60%;15,70%;15,70%;15,80%;15,80%;15,90%;16,00%;16,00%;16,10%;16,10%;16,20%;16,30%;16,30%;16,40%;16,50%;16,50%;16,60%;16,70%;16,80%;16,80%;16,90%;17,00%;17,00%;17,60%;17,70%;17,80%;17,90%;17,90%;18,00%;18,10%;18,20%;18,20%;18,30%;18,40%;17,60%;17,70%;17,70%;17,80%;17,90%;18,00%;18,00%;18,10%;18,20%;18,30%;18,30%;18,40%;18,50%;18,60%;18,60%;18,70%;18,80%;18,80%;18,90%;19,00%;19,00%;19,10%;19,20%;19,20%;19,30%;19,40%;19,50%;19,50%;19,60%;19,70%;19,70%;19,80%;19,90%;19,90%;20,00%;20,10%;20,20%;20,20%;20,30%;20,40%;20,50%;20,60%;20,70%;20,80%;20,90%;21,00%;21,10%;21,10%;21,20%;21,30%;21,40%;21,50%;21,50%;21,60%;21,70%;21,70%;21,80%;21,90%;22,00%;22,00%;22,10%;22,20%;22,30%;22,30%;22,40%;22,50%;22,60%;22,60%;22,70%;22,80%;22,90%;23,00%;23,00%;23,10%;23,20%;23,30%;23,30%;23,40%;23,50%;23,60%;23,70%;23,70%;23,80%;23,90%;24,00%;24,00%;24,10%;24,20%;24,30%;24,40%;24,50%;24,60%;24,70%;24,80%;24,90%;24,90%;25,00%;25,10%;25,10%;25,20%;25,20%;25,30%;25,30%;25,40%;25,40%;25,50%;25,50%;25,50%;25,60%;25,70%;25,80%;25,80%;25,90%;26,00%;26,10%;26,20%;26,20%;26,30%;26,40%;26,50%;26,60%;26,60%;26,70%;26,80%;26,90%;27,00%;27,10%;27,10%;27,20%;27,30%;27,40%;27,50%;27,50%
521270;MAMBAI;7,60%;7,60%;7,60%;7,60%;7,60%;7,60%;7,70%;7,70%;7,70%;7,70%;7,70%;7,70%;7,70%;7,80%;7,80%;7,80%;7,80%;7,80%;7,90%;7,90%;7,90%;7,90%;7,90%;7,90%;8,00%;8,00%;8,00%;8,00%;8,00%;8,00%;8,10%;8,10%;8,10%;8,10%;8,10%;8,10%;8,20%;8,20%;8,20%;8,20%;8,20%;8,30%;8,30%;8,30%;8,30%;8,30%;8,40%;8,40%;8,40%;8,40%;8,40%;8,40%;8,40%;8,50%;8,50%;8,50%;8,50%;8,50%;8,50%;8,50%;8,50%;8,80%;8,80%;8,80%;8,90%;8,90%;8,90%;8,90%;8,90%;8,90%;9,00%;9,00%;8,80%;8,80%;8,80%;8,80%;8,90%;8,90%;8,90%;8,90%;8,90%;8,90%;9,00%;9,00%;9,00%;9,00%;9,00%;9,10%;9,10%;9,10%;9,10%;9,10%;9,20%;9,20%;9,20%;9,20%;9,30%;9,30%;9,30%;9,30%;9,40%;9,40%;9,40%;9,40%;9,40%;9,50%;9,50%;9,50%;9,50%;9,60%;9,60%;9,60%;9,60%;9,60%;9,70%;9,70%;9,70%;9,70%;9,80%;9,80%;9,80%;9,80%;9,80%;9,90%;9,90%;9,90%;9,90%;9,90%;10,00%;10,00%;10,00%;10,00%;10,10%;10,10%;10,10%;10,10%;10,10%;10,20%;10,20%;10,20%;10,20%;10,20%;10,20%;10,30%;10,30%;10,30%;10,30%;10,40%;10,40%;10,40%;10,40%;10,50%;10,50%;10,50%;10,50%;10,60%;10,60%;10,60%;10,60%;10,70%;10,70%;10,80%;10,80%;10,80%;10,90%;10,90%;10,90%;11,00%;11,00%;11,00%;11,10%;11,10%;11,10%;11,20%;11,20%;11,20%;11,30%;11,30%;11,30%;11,40%;11,40%;11,40%;11,50%;11,50%;11,50%;11,60%;11,60%;11,70%;11,70%;11,70%;11,80%;11,80%;11,90%;11,90%;11,90%;12,00%;12,00%;12,10%;12,10%;12,10%;12,20%;12,20%;12,30%;12,30%;12,30%
521280;MARA ROSA;12,00%;12,00%;12,10%;12,10%;12,10%;12,20%;12,20%;12,20%;12,30%;12,30%;12,40%;12,40%;12,40%;12,50%;12,50%;12,50%;12,60%;12,60%;12,70%;12,70%;12,70%;12,80%;12,80%;12,90%;12,90%;12,90%;13,00%;13,00%;13,10%;13,10%;13,10%;13,20%;13,20%;13,20%;13,30%;13,30%;13,40%;13,40%;13,40%;13,50%;13,50%;13,60%;13,60%;13,60%;13,70%;13,70%;13,80%;13,80%;13,80%;13,90%;13,90%;13,90%;14,00%;14,00%;14,00%;14,10%;14,10%;14,10%;14,20%;14,20%;14,20%;14,80%;14,80%;14,90%;14,90%;15,00%;15,00%;15,00%;15,10%;15,10%;15,20%;15,20%;14,80%;14,80%;14,80%;14,90%;14,90%;15,00%;15,00%;15,00%;15,10%;15,10%;15,20%;15,20%;15,20%;15,30%;15,30%;15,40%;15,40%;15,50%;15,50%;15,50%;15,60%;15,60%;15,70%;15,70%;15,80%;15,80%;15,90%;15,90%;16,00%;16,00%;16,10%;16,10%;16,20%;16,20%;16,30%;16,30%;16,40%;16,40%;16,50%;16,50%;16,50%;16,60%;16,60%;16,70%;16,70%;16,80%;16,80%;16,90%;16,90%;17,00%;17,00%;17,10%;17,10%;17,10%;17,20%;17,20%;17,30%;17,30%;17,40%;17,40%;17,40%;17,50%;17,50%;17,60%;17,60%;17,60%;17,70%;17,70%;17,80%;17,80%;17,80%;17,90%;17,90%;18,00%;18,00%;18,10%;18,10%;18,10%;18,20%;18,20%;18,30%;18,30%;18,40%;18,40%;18,50%;18,50%;18,60%;18,60%;18,70%;18,70%;18,80%;18,90%;18,90%;19,00%;19,00%;19,10%;19,10%;19,20%;19,30%;19,30%;19,40%;19,40%;19,50%;19,50%;19,60%;19,70%;19,70%;19,80%;19,80%;19,90%;20,00%;20,00%;20,10%;20,10%;20,20%;20,20%;20,30%;20,30%;20,40%;20,40%;20,50%;20,60%;20,60%;20,70%;20,70%;20,80%;20,80%;20,90%;20,90%;21,00%;21,00%;21,10%;21,20%
521290;MARZAGAO;13,50%;13,60%;13,60%;13,60%;13,60%;13,70%;13,70%;13,70%;13,70%;13,70%;13,80%;13,80%;13,80%;13,80%;13,80%;13,80%;13,80%;13,90%;13,90%;13,90%;13,90%;13,90%;13,90%;13,90%;13,90%;13,90%;13,90%;13,90%;14,00%;14,00%;14,00%;14,00%;14,00%;14,00%;14,00%;14,00%;14,00%;14,00%;14,00%;14,00%;14,00%;14,00%;14,10%;14,10%;14,10%;14,10%;14,10%;14,10%;14,10%;14,10%;14,10%;14,10%;14,10%;14,10%;14,10%;14,10%;14,10%;14,10%;14,10%;14,10%;14,10%;14,10%;14,10%;14,10%;14,10%;14,20%;14,20%;14,20%;14,20%;14,30%;14,30%;14,30%;14,10%;14,10%;14,10%;14,10%;14,20%;14,20%;14,20%;14,20%;14,30%;14,30%;14,30%;14,30%;14,40%;14,40%;14,40%;14,40%;14,40%;14,40%;14,40%;14,40%;14,40%;14,40%;14,40%;14,50%;14,50%;14,50%;14,50%;14,40%;14,40%;14,40%;14,40%;14,40%;14,40%;14,40%;14,40%;14,40%;14,40%;14,40%;14,40%;14,50%;14,50%;14,50%;14,50%;14,50%;14,60%;14,60%;14,60%;14,60%;14,70%;14,70%;14,70%;14,70%;14,70%;14,70%;14,70%;14,70%;14,80%;14,80%;14,80%;14,80%;14,80%;14,80%;14,80%;14,90%;14,90%;14,90%;14,90%;14,90%;14,90%;15,00%;15,00%;15,00%;15,00%;15,00%;15,00%;15,00%;15,00%;15,00%;15,00%;15,00%;15,10%;15,10%;15,10%;15,10%;15,10%;15,10%;15,10%;15,10%;15,10%;15,10%;15,10%;15,10%;15,10%;15,10%;15,10%;15,10%;15,10%;15,10%;15,10%;15,20%;15,20%;15,30%;15,30%;15,30%;15,40%;15,40%;15,40%;15,50%;15,50%;15,50%;15,50%;15,50%;15,60%;15,60%;15,60%;15,60%;15,60%;15,60%;15,60%;15,60%;15,60%;15,60%;15,70%;15,70%;15,70%;15,70%;15,70%;15,70%;15,70%;15,70%;15,70%;15,70%;15,70%
521295;MATRINCHA;9,40%;9,50%;9,50%;9,50%;9,60%;9,60%;9,60%;9,70%;9,70%;9,80%;9,80%;9,80%;9,90%;9,90%;10,00%;10,00%;10,10%;10,10%;10,20%;10,20%;10,30%;10,30%;10,40%;10,40%;10,50%;10,50%;10,50%;10,60%;10,60%;10,70%;10,70%;10,80%;10,80%;10,90%;10,90%;11,00%;11,00%;11,10%;11,10%;11,20%;11,20%;11,30%;11,30%;11,40%;11,40%;11,50%;11,50%;11,60%;11,60%;11,70%;11,70%;11,80%;11,80%;11,90%;11,90%;12,00%;12,00%;12,10%;12,10%;12,20%;12,20%;13,00%;13,10%;13,20%;13,20%;13,30%;13,40%;13,40%;13,50%;13,50%;13,60%;13,70%;13,00%;13,00%;13,10%;13,20%;13,20%;13,30%;13,40%;13,40%;13,50%;13,50%;13,60%;13,70%;13,70%;13,80%;13,90%;13,90%;14,00%;14,10%;14,10%;14,20%;14,30%;14,40%;14,40%;14,50%;14,60%;14,60%;14,70%;14,80%;14,90%;14,90%;15,00%;15,10%;15,10%;15,20%;15,30%;15,40%;15,40%;15,50%;15,60%;15,60%;15,70%;15,80%;15,90%;15,90%;16,00%;16,10%;16,10%;16,20%;16,30%;16,40%;16,40%;16,50%;16,60%;16,60%;16,70%;16,80%;16,80%;16,90%;17,00%;17,10%;17,10%;17,20%;17,20%;17,30%;17,40%;17,40%;17,50%;17,50%;17,60%;17,70%;17,70%;17,80%;17,80%;17,90%;18,00%;18,10%;18,10%;18,20%;18,30%;18,40%;18,40%;18,50%;18,60%;18,70%;18,70%;18,80%;18,90%;19,00%;19,10%;19,20%;19,30%;19,40%;19,50%;19,60%;19,70%;19,70%;19,80%;19,90%;20,00%;20,00%;20,10%;20,20%;20,30%;20,30%;20,40%;20,50%;20,50%;20,60%;20,70%;20,80%;20,90%;21,00%;21,10%;21,20%;21,30%;21,30%;21,40%;21,50%;21,60%;21,70%;21,80%;21,90%;22,00%;22,10%;22,20%;22,30%;22,40%;22,50%;22,60%;22,70%;22,80%;22,90%;23,00%
521300;MAURILANDIA;7,70%;7,70%;7,70%;7,70%;7,70%;7,80%;7,80%;7,80%;7,80%;7,80%;7,80%;7,80%;7,80%;7,90%;7,90%;7,90%;7,90%;8,00%;8,00%;8,00%;8,00%;8,10%;8,10%;8,10%;8,10%;8,20%;8,20%;8,20%;8,20%;8,30%;8,30%;8,30%;8,40%;8,40%;8,40%;8,40%;8,50%;8,50%;8,50%;8,60%;8,60%;8,60%;8,70%;8,70%;8,70%;8,80%;8,80%;8,80%;8,90%;8,90%;8,90%;8,90%;9,00%;9,00%;9,00%;9,10%;9,10%;9,10%;9,20%;9,20%;9,20%;9,70%;9,80%;9,80%;9,90%;9,90%;9,90%;10,00%;10,00%;10,00%;10,10%;10,10%;9,70%;9,70%;9,80%;9,80%;9,90%;9,90%;9,90%;10,00%;10,00%;10,00%;10,10%;10,10%;10,20%;10,20%;10,20%;10,30%;10,30%;10,40%;10,40%;10,40%;10,50%;10,50%;10,60%;10,60%;10,60%;10,70%;10,70%;10,80%;10,80%;10,90%;10,90%;10,90%;11,00%;11,00%;11,10%;11,10%;11,20%;11,20%;11,20%;11,30%;11,30%;11,30%;11,40%;11,40%;11,40%;11,50%;11,50%;11,60%;11,60%;11,60%;11,70%;11,70%;11,80%;11,80%;11,80%;11,90%;11,90%;12,00%;12,00%;12,10%;12,10%;12,10%;12,20%;12,20%;12,20%;12,30%;12,30%;12,30%;12,40%;12,40%;12,50%;12,50%;12,50%;12,60%;12,60%;12,70%;12,70%;12,70%;12,80%;12,80%;12,90%;12,90%;13,00%;13,00%;13,10%;13,10%;13,20%;13,20%;13,30%;13,30%;13,40%;13,40%;13,50%;13,60%;13,60%;13,70%;13,70%;13,80%;13,80%;13,90%;13,90%;14,00%;14,00%;14,10%;14,20%;14,20%;14,30%;14,30%;14,40%;14,40%;14,50%;14,50%;14,60%;14,70%;14,70%;14,80%;14,90%;14,90%;15,00%;15,00%;15,10%;15,20%;15,20%;15,30%;15,30%;15,40%;15,50%;15,50%;15,60%;15,70%;15,70%;15,80%;15,80%
521305;MIMOSO DE GOIAS;11,60%;11,70%;11,70%;11,80%;11,80%;11,80%;11,90%;11,90%;12,00%;12,00%;12,10%;12,10%;12,10%;12,20%;12,20%;12,20%;12,30%;12,30%;12,30%;12,40%;12,40%;12,50%;12,50%;12,50%;12,60%;12,60%;12,60%;12,70%;12,70%;12,70%;12,80%;12,80%;12,80%;12,90%;12,90%;12,90%;13,00%;13,00%;13,10%;13,10%;13,10%;13,20%;13,20%;13,20%;13,30%;13,30%;13,40%;13,40%;13,40%;13,50%;13,50%;13,60%;13,60%;13,60%;13,70%;13,70%;13,80%;13,80%;13,90%;13,90%;13,90%;14,60%;14,60%;14,60%;14,70%;14,70%;14,70%;14,70%;14,80%;14,80%;14,80%;14,90%;14,50%;14,50%;14,60%;14,60%;14,60%;14,70%;14,70%;14,70%;14,80%;14,80%;14,80%;14,90%;14,90%;14,90%;15,00%;15,00%;15,10%;15,10%;15,20%;15,20%;15,30%;15,30%;15,40%;15,40%;15,50%;15,50%;15,60%;15,60%;15,60%;15,70%;15,70%;15,70%;15,80%;15,80%;15,90%;15,90%;15,90%;16,00%;16,10%;16,10%;16,20%;16,30%;16,30%;16,40%;16,50%;16,50%;16,60%;16,70%;16,70%;16,80%;16,80%;16,80%;16,90%;16,90%;16,90%;17,00%;17,00%;17,00%;17,10%;17,10%;17,10%;17,20%;17,20%;17,30%;17,30%;17,30%;17,40%;17,40%;17,50%;17,50%;17,60%;17,60%;17,60%;17,70%;17,80%;17,80%;17,90%;17,90%;18,00%;18,00%;18,10%;18,10%;18,20%;18,20%;18,30%;18,40%;18,40%;18,50%;18,50%;18,60%;18,70%;18,70%;18,80%;18,80%;18,90%;19,00%;19,00%;19,10%;19,20%;19,30%;19,40%;19,50%;19,60%;19,70%;19,80%;19,90%;20,00%;20,10%;20,20%;20,20%;20,30%;20,40%;20,40%;20,50%;20,60%;20,60%;20,70%;20,70%;20,80%;20,90%;20,90%;21,00%;21,10%;21,10%;21,20%;21,30%;21,30%;21,40%;21,50%;21,50%;21,60%;21,70%;21,70%
521308;MINACU;9,60%;9,70%;9,70%;9,80%;9,80%;9,90%;9,90%;10,00%;10,00%;10,10%;10,10%;10,20%;10,20%;10,20%;10,30%;10,30%;10,40%;10,40%;10,50%;10,50%;10,60%;10,60%;10,70%;10,70%;10,80%;10,80%;10,90%;10,90%;10,90%;11,00%;11,00%;11,10%;11,10%;11,20%;11,20%;11,30%;11,30%;11,30%;11,40%;11,40%;11,50%;11,50%;11,60%;11,60%;11,70%;11,70%;11,70%;11,80%;11,80%;11,90%;11,90%;12,00%;12,00%;12,10%;12,10%;12,10%;12,20%;12,20%;12,30%;12,30%;12,40%;12,90%;13,00%;13,00%;13,10%;13,10%;13,20%;13,20%;13,30%;13,30%;13,40%;13,40%;12,90%;12,90%;13,00%;13,00%;13,10%;13,10%;13,20%;13,20%;13,30%;13,30%;13,40%;13,40%;13,50%;13,50%;13,60%;13,60%;13,70%;13,70%;13,80%;13,80%;13,90%;13,90%;14,00%;14,00%;14,10%;14,10%;14,20%;14,20%;14,30%;14,30%;14,40%;14,40%;14,50%;14,50%;14,60%;14,60%;14,70%;14,70%;14,70%;14,80%;14,80%;14,90%;14,90%;15,00%;15,00%;15,10%;15,10%;15,10%;15,20%;15,20%;15,30%;15,30%;15,40%;15,40%;15,40%;15,50%;15,50%;15,60%;15,60%;15,70%;15,70%;15,80%;15,80%;15,80%;15,90%;15,90%;16,00%;16,00%;16,00%;16,10%;16,10%;16,20%;16,20%;16,20%;16,30%;16,30%;16,40%;16,40%;16,50%;16,50%;16,60%;16,60%;16,70%;16,70%;16,80%;16,80%;16,90%;17,00%;17,00%;17,10%;17,10%;17,20%;17,30%;17,30%;17,40%;17,40%;17,50%;17,60%;17,60%;17,70%;17,80%;17,80%;17,90%;18,00%;18,10%;18,10%;18,20%;18,30%;18,30%;18,40%;18,50%;18,50%;18,60%;18,70%;18,70%;18,80%;18,90%;18,90%;19,00%;19,10%;19,20%;19,20%;19,30%;19,40%;19,40%;19,50%;19,60%;19,60%;19,70%;19,80%;19,90%;19,90%;20,00%
521310;MINEIROS;9,00%;9,00%;9,00%;9,00%;9,00%;9,00%;9,10%;9,10%;9,10%;9,10%;9,10%;9,10%;9,10%;9,10%;9,20%;9,20%;9,20%;9,20%;9,20%;9,20%;9,20%;9,20%;9,30%;9,30%;9,30%;9,30%;9,30%;9,30%;9,30%;9,30%;9,30%;9,40%;9,40%;9,40%;9,40%;9,40%;9,40%;9,40%;9,40%;9,40%;9,50%;9,50%;9,50%;9,50%;9,50%;9,50%;9,50%;9,50%;9,50%;9,60%;9,60%;9,60%;9,60%;9,60%;9,60%;9,60%;9,60%;9,70%;9,70%;9,70%;9,70%;9,90%;9,90%;9,90%;9,90%;9,90%;9,90%;10,00%;10,00%;10,00%;10,00%;10,00%;9,90%;9,90%;9,90%;9,90%;9,90%;9,90%;9,90%;10,00%;10,00%;10,00%;10,00%;10,00%;10,00%;10,10%;10,10%;10,10%;10,10%;10,10%;10,10%;10,20%;10,20%;10,20%;10,20%;10,20%;10,20%;10,30%;10,30%;10,30%;10,30%;10,30%;10,40%;10,40%;10,40%;10,40%;10,40%;10,50%;10,50%;10,50%;10,50%;10,50%;10,50%;10,60%;10,60%;10,60%;10,60%;10,60%;10,70%;10,70%;10,70%;10,70%;10,70%;10,80%;10,80%;10,80%;10,80%;10,80%;10,80%;10,90%;10,90%;10,90%;10,90%;10,90%;10,90%;11,00%;11,00%;11,00%;11,00%;11,00%;11,00%;11,00%;11,10%;11,10%;11,10%;11,10%;11,10%;11,10%;11,20%;11,20%;11,20%;11,20%;11,20%;11,20%;11,30%;11,30%;11,30%;11,30%;11,30%;11,40%;11,40%;11,40%;11,40%;11,40%;11,50%;11,50%;11,50%;11,50%;11,50%;11,60%;11,60%;11,60%;11,60%;11,60%;11,70%;11,70%;11,70%;11,70%;11,80%;11,80%;11,80%;11,80%;11,80%;11,90%;11,90%;11,90%;11,90%;11,90%;12,00%;12,00%;12,00%;12,00%;12,10%;12,10%;12,10%;12,10%;12,10%;12,20%;12,20%;12,20%;12,20%;12,20%;12,30%;12,30%;12,30%
521340;MOIPORA;15,70%;15,80%;15,80%;15,80%;15,80%;15,90%;15,90%;15,90%;15,90%;16,00%;16,00%;16,00%;16,10%;16,10%;16,20%;16,30%;16,40%;16,40%;16,50%;16,60%;16,70%;16,70%;16,80%;16,90%;17,00%;17,00%;17,10%;17,10%;17,20%;17,20%;17,30%;17,30%;17,40%;17,40%;17,50%;17,50%;17,60%;17,60%;17,70%;17,70%;17,80%;17,90%;17,90%;18,00%;18,00%;18,10%;18,10%;18,20%;18,20%;18,30%;18,40%;18,40%;18,50%;18,50%;18,60%;18,60%;18,70%;18,70%;18,80%;18,80%;18,90%;19,70%;19,70%;19,80%;19,80%;19,90%;20,00%;20,00%;20,10%;20,10%;20,20%;20,30%;19,60%;19,70%;19,70%;19,80%;19,80%;19,90%;20,00%;20,00%;20,10%;20,10%;20,20%;20,30%;20,30%;20,40%;20,40%;20,50%;20,60%;20,60%;20,70%;20,80%;20,80%;20,90%;20,90%;21,00%;21,10%;21,10%;21,20%;21,30%;21,40%;21,40%;21,50%;21,60%;21,60%;21,70%;21,80%;21,90%;21,90%;22,00%;22,10%;22,20%;22,20%;22,30%;22,40%;22,40%;22,50%;22,60%;22,70%;22,70%;22,80%;22,90%;23,00%;23,00%;23,10%;23,20%;23,20%;23,30%;23,40%;23,50%;23,50%;23,60%;23,70%;23,70%;23,80%;23,80%;23,90%;23,90%;24,00%;24,00%;24,10%;24,20%;24,20%;24,30%;24,30%;24,40%;24,50%;24,60%;24,60%;24,70%;24,80%;24,90%;24,90%;25,00%;25,10%;25,20%;25,30%;25,40%;25,40%;25,50%;25,60%;25,70%;25,80%;25,90%;26,00%;26,10%;26,20%;26,30%;26,30%;26,40%;26,50%;26,60%;26,70%;26,70%;26,80%;26,90%;27,00%;27,10%;27,10%;27,20%;27,30%;27,40%;27,50%;27,60%;27,70%;27,80%;27,90%;28,00%;28,10%;28,20%;28,30%;28,40%;28,50%;28,60%;28,70%;28,80%;28,90%;29,00%;29,10%;29,20%;29,30%;29,40%;29,50%;29,60%;29,70%
521350;MONTE ALEGRE DE GOIAS;10,30%;10,30%;10,30%;10,40%;10,40%;10,40%;10,40%;10,50%;10,50%;10,50%;10,50%;10,60%;10,60%;10,60%;10,60%;10,60%;10,70%;10,70%;10,70%;10,70%;10,70%;10,70%;10,80%;10,80%;10,80%;10,80%;10,90%;10,90%;10,90%;10,90%;11,00%;11,00%;11,00%;11,00%;11,10%;11,10%;11,10%;11,20%;11,20%;11,20%;11,20%;11,30%;11,30%;11,30%;11,40%;11,40%;11,40%;11,50%;11,50%;11,50%;11,60%;11,60%;11,60%;11,70%;11,70%;11,70%;11,80%;11,80%;11,80%;11,90%;11,90%;12,40%;12,40%;12,40%;12,50%;12,50%;12,50%;12,60%;12,60%;12,60%;12,70%;12,70%;12,30%;12,40%;12,40%;12,40%;12,50%;12,50%;12,50%;12,60%;12,60%;12,60%;12,70%;12,70%;12,70%;12,80%;12,80%;12,80%;12,90%;12,90%;12,90%;13,00%;13,00%;13,10%;13,10%;13,10%;13,20%;13,20%;13,30%;13,30%;13,30%;13,40%;13,40%;13,50%;13,50%;13,60%;13,60%;13,70%;13,70%;13,80%;13,80%;13,80%;13,90%;13,90%;14,00%;14,00%;14,10%;14,10%;14,20%;14,20%;14,30%;14,30%;14,30%;14,40%;14,40%;14,50%;14,50%;14,60%;14,60%;14,70%;14,70%;14,80%;14,80%;14,80%;14,90%;14,90%;14,90%;15,00%;15,00%;15,00%;15,10%;15,10%;15,10%;15,20%;15,20%;15,30%;15,30%;15,40%;15,40%;15,50%;15,50%;15,60%;15,60%;15,70%;15,80%;15,80%;15,90%;15,90%;16,00%;16,00%;16,10%;16,10%;16,20%;16,30%;16,30%;16,40%;16,40%;16,50%;16,60%;16,60%;16,70%;16,70%;16,80%;16,80%;16,90%;17,00%;17,00%;17,10%;17,10%;17,20%;17,30%;17,30%;17,40%;17,50%;17,60%;17,70%;17,70%;17,80%;17,90%;18,00%;18,10%;18,10%;18,20%;18,30%;18,40%;18,50%;18,60%;18,60%;18,70%;18,80%;18,90%;19,00%;19,10%;19,10%;19,20%
521370;MONTES CLAROS DE GOIAS;11,90%;12,00%;12,00%;12,00%;12,10%;12,10%;12,10%;12,20%;12,20%;12,20%;12,30%;12,30%;12,30%;12,40%;12,40%;12,40%;12,50%;12,50%;12,50%;12,60%;12,60%;12,60%;12,60%;12,70%;12,70%;12,70%;12,80%;12,80%;12,80%;12,90%;12,90%;12,90%;12,90%;13,00%;13,00%;13,00%;13,10%;13,10%;13,10%;13,20%;13,20%;13,20%;13,30%;13,30%;13,30%;13,40%;13,40%;13,40%;13,50%;13,50%;13,50%;13,50%;13,60%;13,60%;13,60%;13,60%;13,70%;13,70%;13,70%;13,80%;13,80%;14,20%;14,20%;14,30%;14,30%;14,30%;14,40%;14,40%;14,50%;14,50%;14,50%;14,60%;14,20%;14,20%;14,20%;14,30%;14,30%;14,40%;14,40%;14,40%;14,50%;14,50%;14,50%;14,60%;14,60%;14,70%;14,70%;14,70%;14,80%;14,80%;14,80%;14,90%;14,90%;14,90%;15,00%;15,00%;15,00%;15,10%;15,10%;15,20%;15,20%;15,20%;15,30%;15,30%;15,40%;15,40%;15,40%;15,50%;15,50%;15,60%;15,60%;15,60%;15,70%;15,70%;15,80%;15,80%;15,80%;15,90%;15,90%;15,90%;16,00%;16,00%;16,00%;16,10%;16,10%;16,10%;16,20%;16,20%;16,20%;16,20%;16,30%;16,30%;16,30%;16,40%;16,40%;16,40%;16,40%;16,50%;16,50%;16,50%;16,50%;16,60%;16,60%;16,60%;16,70%;16,70%;16,70%;16,80%;16,80%;16,80%;16,90%;16,90%;16,90%;17,00%;17,00%;17,00%;17,10%;17,10%;17,10%;17,20%;17,20%;17,30%;17,30%;17,40%;17,40%;17,50%;17,50%;17,50%;17,60%;17,60%;17,70%;17,70%;17,80%;17,80%;17,90%;17,90%;17,90%;18,00%;18,00%;18,10%;18,10%;18,20%;18,20%;18,30%;18,30%;18,40%;18,40%;18,50%;18,50%;18,60%;18,70%;18,70%;18,80%;18,80%;18,90%;18,90%;19,00%;19,00%;19,10%;19,10%;19,20%;19,20%;19,30%;19,30%;19,40%
521375;MONTIVIDIU;6,70%;6,70%;6,70%;6,70%;6,70%;6,80%;6,80%;6,80%;6,80%;6,90%;6,90%;6,90%;6,90%;6,90%;7,00%;7,00%;7,00%;7,00%;7,10%;7,10%;7,10%;7,10%;7,20%;7,20%;7,20%;7,20%;7,30%;7,30%;7,30%;7,30%;7,40%;7,40%;7,40%;7,40%;7,50%;7,50%;7,50%;7,50%;7,60%;7,60%;7,60%;7,60%;7,70%;7,70%;7,70%;7,70%;7,80%;7,80%;7,80%;7,80%;7,90%;7,90%;7,90%;7,90%;7,90%;8,00%;8,00%;8,00%;8,00%;8,00%;8,10%;8,40%;8,50%;8,50%;8,50%;8,50%;8,60%;8,60%;8,60%;8,70%;8,70%;8,70%;8,40%;8,40%;8,50%;8,50%;8,50%;8,50%;8,60%;8,60%;8,60%;8,70%;8,70%;8,70%;8,70%;8,80%;8,80%;8,80%;8,90%;8,90%;8,90%;9,00%;9,00%;9,00%;9,10%;9,10%;9,10%;9,20%;9,20%;9,20%;9,30%;9,30%;9,30%;9,40%;9,40%;9,40%;9,50%;9,50%;9,50%;9,50%;9,60%;9,60%;9,60%;9,70%;9,70%;9,70%;9,80%;9,80%;9,80%;9,90%;9,90%;9,90%;9,90%;10,00%;10,00%;10,00%;10,10%;10,10%;10,10%;10,20%;10,20%;10,20%;10,30%;10,30%;10,30%;10,40%;10,40%;10,40%;10,40%;10,50%;10,50%;10,50%;10,50%;10,60%;10,60%;10,60%;10,70%;10,70%;10,70%;10,80%;10,80%;10,80%;10,80%;10,90%;10,90%;10,90%;11,00%;11,00%;11,00%;11,10%;11,10%;11,20%;11,20%;11,20%;11,30%;11,30%;11,40%;11,40%;11,40%;11,50%;11,50%;11,50%;11,60%;11,60%;11,60%;11,70%;11,70%;11,80%;11,80%;11,80%;11,90%;11,90%;11,90%;12,00%;12,00%;12,00%;12,10%;12,10%;12,20%;12,20%;12,20%;12,30%;12,30%;12,30%;12,40%;12,40%;12,40%;12,50%;12,50%;12,50%;12,60%;12,60%;12,70%;12,70%;12,70%
521377;MONTIVIDIU DO NORTE;10,40%;10,40%;10,50%;10,50%;10,60%;10,60%;10,60%;10,70%;10,70%;10,80%;10,80%;10,90%;10,90%;11,00%;11,00%;11,10%;11,10%;11,10%;11,20%;11,20%;11,30%;11,30%;11,40%;11,40%;11,50%;11,50%;11,60%;11,60%;11,60%;11,70%;11,70%;11,80%;11,80%;11,80%;11,90%;11,90%;12,00%;12,00%;12,10%;12,10%;12,10%;12,20%;12,20%;12,20%;12,30%;12,30%;12,40%;12,40%;12,40%;12,50%;12,50%;12,60%;12,60%;12,70%;12,70%;12,80%;12,80%;12,80%;12,90%;12,90%;13,00%;13,70%;13,70%;13,80%;13,80%;13,90%;13,90%;14,00%;14,00%;14,10%;14,10%;14,20%;13,60%;13,70%;13,70%;13,80%;13,80%;13,90%;13,90%;14,00%;14,00%;14,10%;14,10%;14,20%;14,20%;14,30%;14,40%;14,40%;14,50%;14,50%;14,60%;14,70%;14,70%;14,80%;14,90%;14,90%;15,00%;15,00%;15,10%;15,20%;15,20%;15,30%;15,30%;15,40%;15,50%;15,50%;15,60%;15,60%;15,70%;15,70%;15,80%;15,90%;15,90%;16,00%;16,00%;16,10%;16,20%;16,20%;16,30%;16,40%;16,40%;16,50%;16,50%;16,60%;16,70%;16,70%;16,80%;16,80%;16,90%;17,00%;17,00%;17,10%;17,10%;17,20%;17,30%;17,30%;17,40%;17,40%;17,50%;17,60%;17,60%;17,70%;17,80%;17,80%;17,90%;17,90%;18,00%;18,10%;18,10%;18,20%;18,30%;18,30%;18,40%;18,50%;18,50%;18,60%;18,60%;18,70%;18,80%;18,80%;18,90%;19,00%;19,10%;19,10%;19,20%;19,30%;19,30%;19,40%;19,50%;19,60%;19,60%;19,70%;19,80%;19,90%;20,00%;20,10%;20,10%;20,20%;20,30%;20,40%;20,50%;20,60%;20,60%;20,70%;20,80%;20,90%;20,90%;21,00%;21,10%;21,20%;21,20%;21,30%;21,40%;21,50%;21,60%;21,60%;21,70%;21,80%;21,90%;21,90%;22,00%;22,10%;22,20%;22,30%;22,30%
521380;MORRINHOS;12,70%;12,70%;12,70%;12,70%;12,80%;12,80%;12,80%;12,80%;12,90%;12,90%;12,90%;12,90%;12,90%;13,00%;13,00%;13,00%;13,00%;13,10%;13,10%;13,10%;13,10%;13,10%;13,20%;13,20%;13,20%;13,20%;13,30%;13,30%;13,30%;13,30%;13,30%;13,40%;13,40%;13,40%;13,40%;13,50%;13,50%;13,50%;13,50%;13,50%;13,60%;13,60%;13,60%;13,60%;13,70%;13,70%;13,70%;13,70%;13,70%;13,80%;13,80%;13,80%;13,80%;13,80%;13,90%;13,90%;13,90%;13,90%;13,90%;14,00%;14,00%;14,30%;14,30%;14,30%;14,40%;14,40%;14,40%;14,40%;14,50%;14,50%;14,50%;14,50%;14,30%;14,30%;14,30%;14,30%;14,40%;14,40%;14,40%;14,40%;14,50%;14,50%;14,50%;14,50%;14,60%;14,60%;14,60%;14,60%;14,70%;14,70%;14,70%;14,70%;14,80%;14,80%;14,80%;14,80%;14,90%;14,90%;14,90%;14,90%;15,00%;15,00%;15,00%;15,00%;15,10%;15,10%;15,10%;15,20%;15,20%;15,20%;15,20%;15,30%;15,30%;15,30%;15,30%;15,40%;15,40%;15,40%;15,40%;15,50%;15,50%;15,50%;15,50%;15,60%;15,60%;15,60%;15,60%;15,70%;15,70%;15,70%;15,70%;15,80%;15,80%;15,80%;15,80%;15,80%;15,90%;15,90%;15,90%;15,90%;15,90%;16,00%;16,00%;16,00%;16,00%;16,00%;16,10%;16,10%;16,10%;16,10%;16,10%;16,20%;16,20%;16,20%;16,20%;16,20%;16,30%;16,30%;16,30%;16,40%;16,40%;16,40%;16,50%;16,50%;16,50%;16,50%;16,60%;16,60%;16,60%;16,70%;16,70%;16,70%;16,80%;16,80%;16,80%;16,90%;16,90%;16,90%;17,00%;17,00%;17,00%;17,10%;17,10%;17,10%;17,20%;17,20%;17,20%;17,20%;17,30%;17,30%;17,30%;17,40%;17,40%;17,40%;17,50%;17,50%;17,50%;17,60%;17,60%;17,60%;17,70%;17,70%;17,70%;17,70%;17,80%
521385;MORRO AGUDO DE GOIAS;14,10%;14,10%;14,20%;14,20%;14,30%;14,30%;14,40%;14,50%;14,50%;14,60%;14,60%;14,70%;14,70%;14,80%;14,80%;14,90%;14,90%;15,00%;15,10%;15,10%;15,20%;15,20%;15,30%;15,30%;15,40%;15,40%;15,50%;15,50%;15,60%;15,60%;15,70%;15,70%;15,80%;15,80%;15,90%;15,90%;15,90%;16,00%;16,00%;16,00%;16,10%;16,10%;16,20%;16,20%;16,20%;16,30%;16,30%;16,30%;16,40%;16,40%;16,40%;16,50%;16,50%;16,50%;16,60%;16,60%;16,70%;16,70%;16,70%;16,80%;16,80%;17,50%;17,50%;17,60%;17,60%;17,60%;17,70%;17,70%;17,80%;17,80%;17,90%;17,90%;17,40%;17,50%;17,50%;17,50%;17,60%;17,60%;17,70%;17,70%;17,80%;17,80%;17,80%;17,90%;17,90%;18,00%;18,00%;18,10%;18,10%;18,20%;18,20%;18,30%;18,30%;18,40%;18,40%;18,50%;18,50%;18,60%;18,60%;18,70%;18,70%;18,80%;18,90%;18,90%;19,00%;19,00%;19,10%;19,10%;19,20%;19,20%;19,30%;19,30%;19,40%;19,40%;19,50%;19,50%;19,60%;19,60%;19,60%;19,70%;19,70%;19,80%;19,80%;19,90%;19,90%;20,00%;20,00%;20,10%;20,10%;20,20%;20,20%;20,30%;20,30%;20,40%;20,50%;20,50%;20,60%;20,70%;20,70%;20,80%;20,90%;20,90%;21,00%;21,10%;21,10%;21,20%;21,20%;21,30%;21,30%;21,40%;21,40%;21,40%;21,50%;21,50%;21,60%;21,60%;21,70%;21,70%;21,80%;21,90%;22,00%;22,00%;22,10%;22,20%;22,20%;22,30%;22,40%;22,50%;22,50%;22,60%;22,70%;22,70%;22,80%;22,90%;22,90%;23,00%;23,10%;23,10%;23,20%;23,30%;23,30%;23,40%;23,50%;23,50%;23,60%;23,70%;23,70%;23,80%;23,90%;23,90%;24,00%;24,00%;24,10%;24,20%;24,20%;24,30%;24,40%;24,40%;24,50%;24,60%;24,60%;24,70%;24,80%;24,80%;24,90%
521390;MOSSAMEDES;14,80%;14,80%;14,90%;14,90%;14,90%;15,00%;15,00%;15,10%;15,10%;15,10%;15,20%;15,20%;15,30%;15,30%;15,30%;15,40%;15,40%;15,50%;15,50%;15,60%;15,60%;15,70%;15,70%;15,70%;15,80%;15,80%;15,90%;15,90%;15,90%;16,00%;16,00%;16,10%;16,10%;16,20%;16,20%;16,20%;16,30%;16,30%;16,40%;16,40%;16,50%;16,50%;16,50%;16,60%;16,60%;16,70%;16,70%;16,80%;16,80%;16,80%;16,90%;16,90%;17,00%;17,00%;17,00%;17,10%;17,10%;17,10%;17,20%;17,20%;17,30%;17,80%;17,90%;17,90%;18,00%;18,00%;18,10%;18,10%;18,20%;18,20%;18,20%;18,30%;17,80%;17,80%;17,90%;17,90%;18,00%;18,00%;18,10%;18,10%;18,20%;18,20%;18,20%;18,30%;18,30%;18,40%;18,40%;18,50%;18,50%;18,60%;18,60%;18,70%;18,70%;18,80%;18,80%;18,90%;18,90%;19,00%;19,00%;19,00%;19,10%;19,10%;19,20%;19,20%;19,30%;19,30%;19,40%;19,40%;19,50%;19,50%;19,60%;19,60%;19,60%;19,70%;19,70%;19,80%;19,80%;19,90%;19,90%;19,90%;20,00%;20,00%;20,10%;20,10%;20,20%;20,20%;20,20%;20,30%;20,30%;20,40%;20,40%;20,50%;20,50%;20,60%;20,60%;20,60%;20,70%;20,70%;20,80%;20,80%;20,90%;20,90%;20,90%;21,00%;21,00%;21,10%;21,10%;21,20%;21,20%;21,30%;21,30%;21,40%;21,40%;21,50%;21,50%;21,60%;21,60%;21,70%;21,80%;21,80%;21,90%;22,00%;22,00%;22,10%;22,20%;22,20%;22,30%;22,40%;22,50%;22,50%;22,60%;22,60%;22,70%;22,80%;22,80%;22,90%;22,90%;23,00%;23,10%;23,10%;23,20%;23,20%;23,30%;23,40%;23,50%;23,50%;23,60%;23,70%;23,70%;23,80%;23,90%;23,90%;24,00%;24,10%;24,20%;24,20%;24,30%;24,40%;24,40%;24,50%;24,60%;24,70%;24,70%;24,80%;24,90%
521400;MOZARLANDIA;8,60%;8,60%;8,60%;8,60%;8,70%;8,70%;8,70%;8,70%;8,70%;8,70%;8,80%;8,80%;8,80%;8,80%;8,80%;8,90%;8,90%;8,90%;8,90%;8,90%;8,90%;9,00%;9,00%;9,00%;9,00%;9,00%;9,10%;9,10%;9,10%;9,10%;9,10%;9,20%;9,20%;9,20%;9,20%;9,20%;9,30%;9,30%;9,30%;9,30%;9,40%;9,40%;9,40%;9,40%;9,40%;9,50%;9,50%;9,50%;9,50%;9,60%;9,60%;9,60%;9,60%;9,70%;9,70%;9,70%;9,70%;9,70%;9,80%;9,80%;9,80%;10,10%;10,10%;10,10%;10,20%;10,20%;10,20%;10,20%;10,30%;10,30%;10,30%;10,30%;10,10%;10,10%;10,10%;10,10%;10,20%;10,20%;10,20%;10,20%;10,30%;10,30%;10,30%;10,30%;10,40%;10,40%;10,40%;10,40%;10,50%;10,50%;10,50%;10,50%;10,60%;10,60%;10,60%;10,60%;10,70%;10,70%;10,70%;10,70%;10,70%;10,80%;10,80%;10,80%;10,80%;10,90%;10,90%;10,90%;10,90%;11,00%;11,00%;11,00%;11,00%;11,10%;11,10%;11,10%;11,20%;11,20%;11,20%;11,20%;11,30%;11,30%;11,30%;11,40%;11,40%;11,40%;11,40%;11,50%;11,50%;11,50%;11,50%;11,60%;11,60%;11,60%;11,60%;11,60%;11,70%;11,70%;11,70%;11,70%;11,80%;11,80%;11,80%;11,80%;11,80%;11,90%;11,90%;11,90%;12,00%;12,00%;12,00%;12,00%;12,10%;12,10%;12,10%;12,10%;12,20%;12,20%;12,20%;12,30%;12,30%;12,30%;12,40%;12,40%;12,40%;12,50%;12,50%;12,60%;12,60%;12,60%;12,70%;12,70%;12,80%;12,80%;12,80%;12,90%;12,90%;13,00%;13,00%;13,00%;13,10%;13,10%;13,20%;13,20%;13,20%;13,30%;13,30%;13,40%;13,40%;13,50%;13,50%;13,50%;13,60%;13,60%;13,70%;13,70%;13,80%;13,80%;13,80%;13,90%;13,90%;14,00%;14,00%;14,10%;14,10%
521405;MUNDO NOVO;10,90%;11,00%;11,00%;11,10%;11,10%;11,10%;11,20%;11,20%;11,30%;11,30%;11,30%;11,40%;11,40%;11,50%;11,50%;11,50%;11,60%;11,60%;11,70%;11,70%;11,70%;11,80%;11,80%;11,90%;11,90%;12,00%;12,00%;12,00%;12,10%;12,10%;12,20%;12,20%;12,30%;12,30%;12,40%;12,40%;12,50%;12,50%;12,50%;12,60%;12,60%;12,60%;12,70%;12,70%;12,70%;12,80%;12,80%;12,80%;12,90%;12,90%;12,90%;13,00%;13,00%;13,00%;13,10%;13,10%;13,10%;13,20%;13,20%;13,20%;13,30%;13,70%;13,70%;13,70%;13,80%;13,80%;13,80%;13,90%;13,90%;14,00%;14,00%;14,00%;13,60%;13,70%;13,70%;13,70%;13,80%;13,80%;13,80%;13,90%;13,90%;14,00%;14,00%;14,00%;14,10%;14,10%;14,20%;14,20%;14,20%;14,30%;14,30%;14,40%;14,40%;14,50%;14,50%;14,60%;14,60%;14,60%;14,70%;14,70%;14,70%;14,80%;14,80%;14,80%;14,90%;14,90%;14,90%;15,00%;15,00%;15,00%;15,10%;15,10%;15,10%;15,20%;15,20%;15,20%;15,30%;15,30%;15,40%;15,40%;15,40%;15,50%;15,50%;15,50%;15,60%;15,60%;15,60%;15,70%;15,70%;15,80%;15,80%;15,80%;15,90%;15,90%;15,90%;16,00%;16,00%;16,00%;16,10%;16,10%;16,10%;16,20%;16,20%;16,20%;16,30%;16,30%;16,40%;16,40%;16,40%;16,50%;16,50%;16,60%;16,60%;16,70%;16,70%;16,70%;16,80%;16,80%;16,90%;17,00%;17,00%;17,10%;17,10%;17,20%;17,20%;17,30%;17,40%;17,40%;17,50%;17,50%;17,60%;17,60%;17,70%;17,80%;17,80%;17,90%;17,90%;18,00%;18,10%;18,10%;18,20%;18,20%;18,30%;18,40%;18,40%;18,50%;18,60%;18,60%;18,70%;18,80%;18,80%;18,90%;19,00%;19,00%;19,10%;19,20%;19,20%;19,30%;19,40%;19,40%;19,50%;19,60%;19,60%;19,70%;19,80%
521410;MUTUNOPOLIS;12,70%;12,70%;12,80%;12,80%;12,80%;12,90%;12,90%;13,00%;13,00%;13,00%;13,10%;13,10%;13,10%;13,20%;13,20%;13,20%;13,30%;13,30%;13,30%;13,30%;13,40%;13,40%;13,40%;13,40%;13,50%;13,50%;13,50%;13,60%;13,60%;13,60%;13,70%;13,70%;13,70%;13,70%;13,80%;13,80%;13,80%;13,90%;13,90%;13,90%;13,90%;14,00%;14,00%;14,00%;14,00%;14,10%;14,10%;14,10%;14,10%;14,20%;14,20%;14,20%;14,30%;14,30%;14,30%;14,40%;14,40%;14,40%;14,50%;14,50%;14,50%;15,00%;15,00%;15,00%;15,10%;15,10%;15,10%;15,20%;15,20%;15,20%;15,30%;15,30%;14,90%;15,00%;15,00%;15,00%;15,10%;15,10%;15,10%;15,20%;15,20%;15,20%;15,30%;15,30%;15,30%;15,40%;15,40%;15,40%;15,50%;15,50%;15,50%;15,60%;15,60%;15,60%;15,70%;15,70%;15,80%;15,80%;15,80%;15,90%;15,90%;16,00%;16,00%;16,10%;16,10%;16,20%;16,20%;16,30%;16,30%;16,30%;16,40%;16,40%;16,50%;16,50%;16,50%;16,60%;16,60%;16,60%;16,70%;16,70%;16,80%;16,80%;16,80%;16,90%;16,90%;17,00%;17,00%;17,00%;17,10%;17,10%;17,20%;17,20%;17,30%;17,30%;17,30%;17,40%;17,40%;17,40%;17,50%;17,50%;17,60%;17,60%;17,60%;17,70%;17,70%;17,80%;17,80%;17,90%;17,90%;18,00%;18,00%;18,10%;18,10%;18,20%;18,20%;18,30%;18,30%;18,40%;18,50%;18,50%;18,60%;18,60%;18,70%;18,80%;18,80%;18,90%;19,00%;19,00%;19,10%;19,20%;19,20%;19,30%;19,40%;19,40%;19,50%;19,60%;19,70%;19,70%;19,80%;19,90%;20,00%;20,00%;20,10%;20,20%;20,30%;20,40%;20,40%;20,50%;20,60%;20,70%;20,80%;20,90%;20,90%;21,00%;21,10%;21,20%;21,30%;21,30%;21,40%;21,50%;21,60%;21,70%;21,80%;21,80%;21,90%
521440;NAZARIO;12,00%;12,10%;12,10%;12,10%;12,20%;12,20%;12,20%;12,20%;12,30%;12,30%;12,30%;12,40%;12,40%;12,40%;12,40%;12,50%;12,50%;12,50%;12,50%;12,60%;12,60%;12,60%;12,60%;12,60%;12,70%;12,70%;12,70%;12,80%;12,80%;12,80%;12,80%;12,90%;12,90%;12,90%;13,00%;13,00%;13,00%;13,00%;13,10%;13,10%;13,10%;13,20%;13,20%;13,20%;13,20%;13,30%;13,30%;13,30%;13,40%;13,40%;13,40%;13,50%;13,50%;13,50%;13,60%;13,60%;13,60%;13,70%;13,70%;13,70%;13,70%;14,10%;14,20%;14,20%;14,20%;14,30%;14,30%;14,30%;14,40%;14,40%;14,40%;14,50%;14,10%;14,10%;14,20%;14,20%;14,20%;14,30%;14,30%;14,30%;14,40%;14,40%;14,40%;14,50%;14,50%;14,60%;14,60%;14,60%;14,70%;14,70%;14,80%;14,80%;14,90%;14,90%;15,00%;15,00%;15,10%;15,10%;15,10%;15,20%;15,20%;15,30%;15,30%;15,30%;15,40%;15,40%;15,40%;15,50%;15,50%;15,60%;15,60%;15,70%;15,70%;15,80%;15,80%;15,90%;15,90%;16,00%;16,00%;16,10%;16,10%;16,10%;16,20%;16,20%;16,20%;16,30%;16,30%;16,30%;16,40%;16,40%;16,40%;16,50%;16,50%;16,50%;16,60%;16,60%;16,60%;16,70%;16,70%;16,70%;16,80%;16,80%;16,90%;16,90%;16,90%;17,00%;17,00%;17,10%;17,10%;17,20%;17,20%;17,20%;17,30%;17,30%;17,40%;17,40%;17,50%;17,50%;17,60%;17,60%;17,70%;17,70%;17,80%;17,80%;17,90%;17,90%;18,00%;18,00%;18,10%;18,10%;18,20%;18,20%;18,20%;18,30%;18,30%;18,40%;18,40%;18,50%;18,50%;18,50%;18,60%;18,60%;18,70%;18,70%;18,80%;18,80%;18,90%;18,90%;18,90%;19,00%;19,00%;19,10%;19,10%;19,20%;19,20%;19,20%;19,30%;19,30%;19,40%;19,40%;19,50%;19,50%;19,60%;19,60%;19,60%
521450;NEROPOLIS;8,60%;8,60%;8,60%;8,70%;8,70%;8,70%;8,70%;8,70%;8,70%;8,70%;8,80%;8,80%;8,80%;8,80%;8,80%;8,80%;8,90%;8,90%;8,90%;8,90%;8,90%;8,90%;9,00%;9,00%;9,00%;9,00%;9,00%;9,00%;9,10%;9,10%;9,10%;9,10%;9,10%;9,20%;9,20%;9,20%;9,20%;9,20%;9,30%;9,30%;9,30%;9,30%;9,30%;9,40%;9,40%;9,40%;9,40%;9,40%;9,50%;9,50%;9,50%;9,50%;9,50%;9,60%;9,60%;9,60%;9,60%;9,60%;9,70%;9,70%;9,70%;10,00%;10,00%;10,00%;10,10%;10,10%;10,10%;10,10%;10,20%;10,20%;10,20%;10,20%;10,00%;10,00%;10,00%;10,00%;10,10%;10,10%;10,10%;10,20%;10,20%;10,20%;10,20%;10,30%;10,30%;10,30%;10,30%;10,40%;10,40%;10,40%;10,40%;10,50%;10,50%;10,50%;10,60%;10,60%;10,60%;10,60%;10,70%;10,70%;10,70%;10,80%;10,80%;10,80%;10,80%;10,90%;10,90%;10,90%;11,00%;11,00%;11,00%;11,10%;11,10%;11,10%;11,10%;11,20%;11,20%;11,20%;11,30%;11,30%;11,30%;11,30%;11,40%;11,40%;11,40%;11,50%;11,50%;11,50%;11,50%;11,60%;11,60%;11,60%;11,70%;11,70%;11,70%;11,70%;11,80%;11,80%;11,80%;11,80%;11,90%;11,90%;11,90%;12,00%;12,00%;12,00%;12,00%;12,10%;12,10%;12,10%;12,10%;12,20%;12,20%;12,20%;12,30%;12,30%;12,30%;12,30%;12,40%;12,40%;12,50%;12,50%;12,50%;12,60%;12,60%;12,60%;12,70%;12,70%;12,70%;12,80%;12,80%;12,80%;12,90%;12,90%;12,90%;13,00%;13,00%;13,10%;13,10%;13,10%;13,20%;13,20%;13,20%;13,30%;13,30%;13,30%;13,40%;13,40%;13,50%;13,50%;13,50%;13,60%;13,60%;13,60%;13,70%;13,70%;13,70%;13,80%;13,80%;13,90%;13,90%;13,90%;14,00%;14,00%;14,00%
521460;NIQUELANDIA;9,30%;9,40%;9,40%;9,40%;9,50%;9,50%;9,50%;9,50%;9,60%;9,60%;9,60%;9,70%;9,70%;9,70%;9,80%;9,80%;9,80%;9,90%;9,90%;9,90%;10,00%;10,00%;10,00%;10,10%;10,10%;10,20%;10,20%;10,20%;10,30%;10,30%;10,40%;10,40%;10,40%;10,50%;10,50%;10,60%;10,60%;10,70%;10,70%;10,70%;10,80%;10,80%;10,90%;10,90%;11,00%;11,00%;11,10%;11,10%;11,20%;11,20%;11,30%;11,30%;11,40%;11,40%;11,50%;11,50%;11,60%;11,60%;11,70%;11,70%;11,80%;12,50%;12,50%;12,60%;12,60%;12,70%;12,70%;12,80%;12,90%;12,90%;13,00%;13,00%;12,40%;12,50%;12,50%;12,60%;12,60%;12,70%;12,70%;12,80%;12,90%;12,90%;13,00%;13,00%;13,10%;13,20%;13,20%;13,30%;13,30%;13,40%;13,50%;13,50%;13,60%;13,70%;13,70%;13,80%;13,90%;13,90%;14,00%;14,00%;14,10%;14,20%;14,20%;14,30%;14,40%;14,40%;14,50%;14,60%;14,70%;14,70%;14,80%;14,90%;14,90%;15,00%;15,10%;15,10%;15,20%;15,30%;15,30%;15,40%;15,50%;15,60%;15,60%;15,70%;15,80%;15,80%;15,90%;16,00%;16,00%;16,10%;16,20%;16,30%;16,30%;16,40%;16,50%;16,50%;16,60%;16,70%;16,70%;16,80%;16,90%;16,90%;17,00%;17,10%;17,10%;17,20%;17,30%;17,40%;17,40%;17,50%;17,60%;17,70%;17,70%;17,80%;17,90%;17,90%;18,00%;18,10%;18,20%;18,30%;18,40%;18,40%;18,50%;18,60%;18,70%;18,80%;18,80%;18,90%;19,00%;19,10%;19,20%;19,30%;19,40%;19,40%;19,50%;19,60%;19,70%;19,80%;19,90%;20,00%;20,00%;20,10%;20,20%;20,30%;20,40%;20,50%;20,60%;20,70%;20,80%;20,90%;21,00%;21,10%;21,20%;21,20%;21,30%;21,40%;21,50%;21,60%;21,70%;21,80%;21,90%;22,00%;22,10%;22,20%;22,30%
521470;NOVA AMERICA;14,70%;14,70%;14,70%;14,80%;14,80%;14,90%;14,90%;14,90%;15,00%;15,00%;15,10%;15,10%;15,20%;15,20%;15,20%;15,30%;15,30%;15,40%;15,40%;15,40%;15,50%;15,50%;15,60%;15,60%;15,60%;15,70%;15,70%;15,70%;15,80%;15,80%;15,80%;15,90%;15,90%;15,90%;16,00%;16,00%;16,00%;16,00%;16,10%;16,10%;16,10%;16,10%;16,10%;16,10%;16,10%;16,10%;16,10%;16,10%;16,10%;16,10%;16,10%;16,20%;16,20%;16,20%;16,30%;16,30%;16,30%;16,30%;16,40%;16,40%;16,40%;16,70%;16,70%;16,80%;16,80%;16,80%;16,80%;16,90%;16,90%;16,90%;16,90%;17,00%;16,70%;16,70%;16,70%;16,80%;16,80%;16,80%;16,80%;16,90%;16,90%;16,90%;16,90%;17,00%;17,00%;17,00%;17,10%;17,10%;17,20%;17,20%;17,20%;17,30%;17,30%;17,40%;17,40%;17,40%;17,50%;17,50%;17,50%;17,60%;17,60%;17,60%;17,70%;17,70%;17,70%;17,70%;17,80%;17,80%;17,80%;17,90%;18,00%;18,00%;18,10%;18,20%;18,20%;18,30%;18,40%;18,40%;18,50%;18,60%;18,60%;18,70%;18,70%;18,80%;18,80%;18,90%;18,90%;19,00%;19,00%;19,10%;19,10%;19,20%;19,20%;19,30%;19,30%;19,30%;19,40%;19,40%;19,50%;19,50%;19,60%;19,60%;19,70%;19,70%;19,70%;19,80%;19,90%;19,90%;20,00%;20,00%;20,10%;20,10%;20,20%;20,20%;20,30%;20,30%;20,40%;20,40%;20,50%;20,60%;20,60%;20,70%;20,80%;20,80%;20,90%;20,90%;21,00%;21,10%;21,10%;21,20%;21,20%;21,30%;21,40%;21,40%;21,50%;21,50%;21,60%;21,70%;21,70%;21,80%;21,90%;21,90%;22,00%;22,10%;22,20%;22,30%;22,30%;22,40%;22,50%;22,60%;22,70%;22,70%;22,80%;22,90%;23,00%;23,10%;23,10%;23,20%;23,30%;23,40%;23,50%;23,50%;23,60%;23,70%;23,80%
521480;NOVA AURORA;15,60%;15,60%;15,60%;15,60%;15,70%;15,70%;15,70%;15,70%;15,80%;15,80%;15,80%;15,80%;15,90%;15,90%;15,90%;16,00%;16,00%;16,00%;16,10%;16,10%;16,10%;16,20%;16,20%;16,20%;16,30%;16,30%;16,30%;16,40%;16,40%;16,40%;16,50%;16,50%;16,60%;16,60%;16,60%;16,70%;16,70%;16,80%;16,80%;16,90%;16,90%;17,00%;17,00%;17,10%;17,10%;17,20%;17,20%;17,30%;17,30%;17,30%;17,40%;17,40%;17,50%;17,50%;17,50%;17,60%;17,60%;17,60%;17,70%;17,70%;17,70%;18,30%;18,40%;18,40%;18,50%;18,50%;18,60%;18,60%;18,70%;18,70%;18,80%;18,80%;18,30%;18,30%;18,40%;18,40%;18,50%;18,50%;18,60%;18,60%;18,70%;18,70%;18,80%;18,80%;18,90%;18,90%;19,00%;19,00%;19,10%;19,20%;19,20%;19,30%;19,30%;19,40%;19,50%;19,50%;19,60%;19,60%;19,70%;19,70%;19,80%;19,80%;19,90%;19,90%;20,00%;20,00%;20,10%;20,10%;20,20%;20,20%;20,30%;20,40%;20,40%;20,50%;20,50%;20,60%;20,70%;20,70%;20,80%;20,90%;20,90%;21,00%;21,10%;21,10%;21,20%;21,20%;21,30%;21,40%;21,40%;21,50%;21,60%;21,60%;21,70%;21,80%;21,80%;21,90%;21,90%;22,00%;22,00%;22,10%;22,10%;22,20%;22,20%;22,30%;22,30%;22,40%;22,40%;22,50%;22,60%;22,60%;22,70%;22,70%;22,80%;22,80%;22,90%;22,90%;23,00%;23,10%;23,10%;23,20%;23,20%;23,30%;23,30%;23,40%;23,40%;23,50%;23,50%;23,60%;23,70%;23,70%;23,80%;23,80%;23,80%;23,90%;23,90%;24,00%;24,00%;24,10%;24,10%;24,20%;24,20%;24,30%;24,30%;24,40%;24,40%;24,50%;24,50%;24,60%;24,60%;24,70%;24,70%;24,80%;24,80%;24,90%;24,90%;25,00%;25,00%;25,10%;25,10%;25,20%;25,20%;25,30%;25,30%;25,30%;25,40%
521483;NOVA CRIXAS;8,80%;8,80%;8,90%;8,90%;8,90%;8,90%;9,00%;9,00%;9,00%;9,10%;9,10%;9,10%;9,10%;9,20%;9,20%;9,20%;9,30%;9,30%;9,30%;9,30%;9,40%;9,40%;9,40%;9,50%;9,50%;9,50%;9,50%;9,60%;9,60%;9,60%;9,60%;9,70%;9,70%;9,70%;9,70%;9,80%;9,80%;9,80%;9,90%;9,90%;9,90%;9,90%;10,00%;10,00%;10,00%;10,10%;10,10%;10,10%;10,10%;10,20%;10,20%;10,20%;10,20%;10,30%;10,30%;10,30%;10,40%;10,40%;10,40%;10,40%;10,50%;10,80%;10,90%;10,90%;10,90%;11,00%;11,00%;11,00%;11,10%;11,10%;11,10%;11,20%;10,80%;10,80%;10,90%;10,90%;10,90%;11,00%;11,00%;11,00%;11,10%;11,10%;11,10%;11,20%;11,20%;11,20%;11,30%;11,30%;11,30%;11,40%;11,40%;11,40%;11,50%;11,50%;11,50%;11,60%;11,60%;11,60%;11,70%;11,70%;11,70%;11,70%;11,80%;11,80%;11,80%;11,90%;11,90%;11,90%;11,90%;12,00%;12,00%;12,00%;12,10%;12,10%;12,10%;12,20%;12,20%;12,20%;12,20%;12,30%;12,30%;12,30%;12,40%;12,40%;12,40%;12,40%;12,50%;12,50%;12,50%;12,60%;12,60%;12,60%;12,60%;12,70%;12,70%;12,70%;12,70%;12,80%;12,80%;12,80%;12,80%;12,90%;12,90%;12,90%;12,90%;13,00%;13,00%;13,00%;13,10%;13,10%;13,10%;13,10%;13,20%;13,20%;13,20%;13,30%;13,30%;13,40%;13,40%;13,40%;13,50%;13,50%;13,60%;13,60%;13,60%;13,70%;13,70%;13,80%;13,80%;13,90%;13,90%;13,90%;14,00%;14,00%;14,10%;14,10%;14,10%;14,20%;14,20%;14,30%;14,30%;14,40%;14,40%;14,50%;14,50%;14,60%;14,60%;14,70%;14,70%;14,80%;14,80%;14,90%;14,90%;15,00%;15,00%;15,10%;15,10%;15,20%;15,20%;15,30%;15,30%;15,40%;15,40%;15,50%;15,50%
521486;NOVA GLORIA;15,90%;15,90%;15,90%;16,00%;16,00%;16,00%;16,10%;16,10%;16,10%;16,20%;16,20%;16,20%;16,30%;16,30%;16,30%;16,40%;16,40%;16,40%;16,50%;16,50%;16,50%;16,60%;16,60%;16,60%;16,70%;16,70%;16,70%;16,80%;16,80%;16,90%;16,90%;16,90%;17,00%;17,00%;17,10%;17,10%;17,10%;17,20%;17,20%;17,20%;17,30%;17,30%;17,30%;17,40%;17,40%;17,40%;17,50%;17,50%;17,50%;17,60%;17,60%;17,60%;17,70%;17,70%;17,80%;17,80%;17,80%;17,90%;17,90%;18,00%;18,00%;18,50%;18,50%;18,60%;18,60%;18,70%;18,70%;18,70%;18,80%;18,80%;18,90%;18,90%;18,40%;18,50%;18,50%;18,60%;18,60%;18,70%;18,70%;18,70%;18,80%;18,80%;18,90%;18,90%;19,00%;19,00%;19,10%;19,10%;19,20%;19,20%;19,20%;19,30%;19,30%;19,40%;19,40%;19,50%;19,50%;19,60%;19,60%;19,60%;19,70%;19,70%;19,80%;19,80%;19,90%;19,90%;20,00%;20,00%;20,10%;20,10%;20,20%;20,20%;20,30%;20,30%;20,40%;20,40%;20,50%;20,50%;20,60%;20,70%;20,70%;20,80%;20,80%;20,90%;20,90%;21,00%;21,00%;21,10%;21,10%;21,20%;21,20%;21,30%;21,30%;21,40%;21,40%;21,40%;21,50%;21,50%;21,60%;21,60%;21,60%;21,70%;21,70%;21,80%;21,80%;21,90%;21,90%;22,00%;22,00%;22,10%;22,10%;22,20%;22,20%;22,30%;22,30%;22,40%;22,40%;22,50%;22,60%;22,60%;22,70%;22,80%;22,80%;22,90%;23,00%;23,00%;23,10%;23,20%;23,30%;23,30%;23,40%;23,50%;23,60%;23,60%;23,70%;23,80%;23,90%;23,90%;24,00%;24,10%;24,20%;24,20%;24,30%;24,40%;24,40%;24,50%;24,60%;24,60%;24,70%;24,80%;24,80%;24,90%;25,00%;25,00%;25,10%;25,20%;25,20%;25,30%;25,40%;25,40%;25,50%;25,60%;25,60%;25,70%;25,80%
521487;NOVA IGUACU DE GOIAS;11,10%;11,10%;11,20%;11,20%;11,20%;11,20%;11,20%;11,20%;11,30%;11,30%;11,30%;11,30%;11,30%;11,30%;11,40%;11,40%;11,40%;11,40%;11,40%;11,40%;11,50%;11,50%;11,50%;11,50%;11,50%;11,60%;11,60%;11,60%;11,70%;11,70%;11,70%;11,80%;11,80%;11,90%;11,90%;11,90%;12,00%;12,00%;12,00%;12,10%;12,10%;12,10%;12,20%;12,20%;12,20%;12,30%;12,30%;12,40%;12,40%;12,40%;12,50%;12,50%;12,60%;12,60%;12,60%;12,70%;12,70%;12,80%;12,80%;12,80%;12,90%;13,30%;13,40%;13,40%;13,50%;13,50%;13,60%;13,60%;13,70%;13,80%;13,80%;13,90%;13,30%;13,30%;13,40%;13,50%;13,50%;13,60%;13,60%;13,70%;13,70%;13,80%;13,80%;13,90%;13,90%;14,00%;14,00%;14,10%;14,10%;14,10%;14,20%;14,20%;14,30%;14,30%;14,30%;14,40%;14,40%;14,50%;14,50%;14,60%;14,60%;14,70%;14,80%;14,80%;14,90%;14,90%;15,00%;15,00%;15,10%;15,10%;15,20%;15,20%;15,30%;15,30%;15,40%;15,40%;15,40%;15,50%;15,50%;15,60%;15,60%;15,70%;15,70%;15,80%;15,80%;15,90%;15,90%;15,90%;16,00%;16,00%;16,10%;16,10%;16,20%;16,20%;16,30%;16,30%;16,40%;16,40%;16,50%;16,60%;16,60%;16,70%;16,70%;16,80%;16,80%;16,90%;16,90%;16,90%;17,00%;17,00%;17,10%;17,10%;17,20%;17,20%;17,20%;17,30%;17,30%;17,40%;17,50%;17,50%;17,60%;17,60%;17,70%;17,80%;17,80%;17,90%;17,90%;18,00%;18,10%;18,10%;18,20%;18,20%;18,30%;18,30%;18,40%;18,40%;18,50%;18,60%;18,60%;18,70%;18,70%;18,80%;18,90%;19,00%;19,00%;19,10%;19,20%;19,30%;19,30%;19,40%;19,50%;19,60%;19,60%;19,70%;19,80%;19,90%;20,00%;20,00%;20,10%;20,20%;20,30%;20,30%;20,40%;20,50%;20,60%
521490;NOVA ROMA;12,50%;12,50%;12,60%;12,60%;12,60%;12,60%;12,70%;12,70%;12,70%;12,80%;12,80%;12,80%;12,80%;12,90%;12,90%;12,90%;13,00%;13,00%;13,00%;13,10%;13,10%;13,10%;13,20%;13,20%;13,30%;13,30%;13,40%;13,40%;13,50%;13,50%;13,60%;13,60%;13,70%;13,70%;13,80%;13,80%;13,90%;13,90%;14,00%;14,00%;14,10%;14,10%;14,20%;14,20%;14,30%;14,40%;14,40%;14,50%;14,50%;14,60%;14,70%;14,70%;14,80%;14,90%;14,90%;15,00%;15,10%;15,10%;15,20%;15,30%;15,30%;16,10%;16,10%;16,20%;16,30%;16,30%;16,40%;16,50%;16,50%;16,60%;16,70%;16,70%;16,00%;16,10%;16,10%;16,20%;16,30%;16,30%;16,40%;16,50%;16,50%;16,60%;16,70%;16,70%;16,80%;16,90%;16,90%;17,00%;17,00%;17,10%;17,10%;17,20%;17,30%;17,30%;17,40%;17,40%;17,50%;17,60%;17,60%;17,70%;17,70%;17,80%;17,90%;17,90%;18,00%;18,10%;18,10%;18,20%;18,20%;18,30%;18,40%;18,40%;18,50%;18,50%;18,60%;18,60%;18,70%;18,80%;18,80%;18,90%;18,90%;19,00%;19,10%;19,10%;19,20%;19,20%;19,30%;19,40%;19,40%;19,50%;19,60%;19,60%;19,70%;19,70%;19,80%;19,80%;19,90%;19,90%;20,00%;20,00%;20,00%;20,10%;20,10%;20,20%;20,20%;20,30%;20,30%;20,40%;20,40%;20,50%;20,50%;20,60%;20,60%;20,70%;20,70%;20,80%;20,80%;20,90%;20,90%;21,00%;21,10%;21,10%;21,20%;21,30%;21,30%;21,40%;21,40%;21,50%;21,60%;21,60%;21,70%;21,70%;21,80%;21,80%;21,90%;21,90%;22,00%;22,00%;22,10%;22,20%;22,20%;22,30%;22,40%;22,40%;22,50%;22,60%;22,70%;22,70%;22,80%;22,90%;22,90%;23,00%;23,10%;23,20%;23,20%;23,30%;23,40%;23,50%;23,50%;23,60%;23,70%;23,80%;23,90%;23,90%;24,00%
521500;NOVA VENEZA;11,20%;11,20%;11,20%;11,30%;11,30%;11,30%;11,30%;11,30%;11,40%;11,40%;11,40%;11,40%;11,50%;11,50%;11,50%;11,50%;11,60%;11,60%;11,60%;11,70%;11,70%;11,70%;11,70%;11,80%;11,80%;11,80%;11,80%;11,90%;11,90%;11,90%;11,90%;12,00%;12,00%;12,00%;12,00%;12,10%;12,10%;12,10%;12,20%;12,20%;12,20%;12,20%;12,30%;12,30%;12,30%;12,40%;12,40%;12,40%;12,40%;12,50%;12,50%;12,50%;12,60%;12,60%;12,60%;12,70%;12,70%;12,70%;12,70%;12,80%;12,80%;13,30%;13,30%;13,40%;13,40%;13,40%;13,50%;13,50%;13,50%;13,60%;13,60%;13,60%;13,30%;13,30%;13,30%;13,40%;13,40%;13,40%;13,50%;13,50%;13,50%;13,60%;13,60%;13,60%;13,70%;13,70%;13,70%;13,80%;13,80%;13,90%;13,90%;13,90%;14,00%;14,00%;14,10%;14,10%;14,10%;14,20%;14,20%;14,30%;14,30%;14,40%;14,40%;14,50%;14,50%;14,50%;14,60%;14,60%;14,70%;14,70%;14,80%;14,80%;14,90%;14,90%;15,00%;15,00%;15,10%;15,10%;15,20%;15,20%;15,30%;15,30%;15,40%;15,40%;15,40%;15,50%;15,50%;15,60%;15,60%;15,70%;15,70%;15,80%;15,80%;15,90%;15,90%;15,90%;16,00%;16,00%;16,00%;16,10%;16,10%;16,20%;16,20%;16,20%;16,30%;16,30%;16,40%;16,40%;16,50%;16,50%;16,60%;16,60%;16,70%;16,70%;16,70%;16,80%;16,80%;16,90%;16,90%;17,00%;17,10%;17,10%;17,20%;17,20%;17,30%;17,30%;17,40%;17,40%;17,50%;17,50%;17,60%;17,60%;17,70%;17,80%;17,80%;17,90%;17,90%;18,00%;18,00%;18,10%;18,10%;18,20%;18,20%;18,30%;18,40%;18,40%;18,50%;18,50%;18,60%;18,60%;18,70%;18,70%;18,80%;18,80%;18,90%;19,00%;19,00%;19,10%;19,10%;19,20%;19,20%;19,30%;19,30%;19,40%;19,40%
521520;NOVO BRASIL;15,80%;15,80%;15,90%;15,90%;15,90%;16,00%;16,00%;16,10%;16,10%;16,10%;16,20%;16,20%;16,30%;16,30%;16,40%;16,50%;16,50%;16,60%;16,70%;16,70%;16,80%;16,90%;16,90%;17,00%;17,10%;17,10%;17,10%;17,20%;17,20%;17,20%;17,30%;17,30%;17,40%;17,40%;17,40%;17,50%;17,50%;17,60%;17,60%;17,60%;17,70%;17,70%;17,80%;17,80%;17,80%;17,90%;17,90%;17,90%;18,00%;18,00%;18,10%;18,10%;18,20%;18,20%;18,20%;18,30%;18,30%;18,40%;18,40%;18,40%;18,50%;19,00%;19,10%;19,10%;19,20%;19,20%;19,20%;19,30%;19,30%;19,40%;19,40%;19,50%;19,00%;19,00%;19,10%;19,10%;19,20%;19,20%;19,20%;19,30%;19,30%;19,40%;19,40%;19,50%;19,50%;19,60%;19,60%;19,70%;19,70%;19,70%;19,80%;19,80%;19,90%;19,90%;20,00%;20,00%;20,10%;20,10%;20,20%;20,20%;20,30%;20,30%;20,40%;20,40%;20,50%;20,50%;20,60%;20,60%;20,70%;20,70%;20,70%;20,80%;20,80%;20,90%;20,90%;20,90%;21,00%;21,00%;21,00%;21,10%;21,10%;21,20%;21,20%;21,30%;21,30%;21,40%;21,40%;21,50%;21,50%;21,60%;21,60%;21,70%;21,70%;21,70%;21,80%;21,80%;21,80%;21,90%;21,90%;21,90%;22,00%;22,00%;22,00%;22,10%;22,10%;22,10%;22,20%;22,20%;22,20%;22,30%;22,30%;22,30%;22,40%;22,40%;22,40%;22,50%;22,50%;22,60%;22,60%;22,70%;22,80%;22,80%;22,90%;22,90%;23,00%;23,10%;23,10%;23,20%;23,30%;23,30%;23,30%;23,40%;23,40%;23,40%;23,50%;23,50%;23,50%;23,60%;23,60%;23,60%;23,70%;23,70%;23,80%;23,90%;23,90%;24,00%;24,00%;24,10%;24,10%;24,20%;24,20%;24,30%;24,40%;24,40%;24,50%;24,50%;24,60%;24,60%;24,70%;24,80%;24,80%;24,90%;24,90%;25,00%;25,00%
521523;NOVO GAMA;4,70%;4,80%;4,80%;4,80%;4,80%;4,80%;4,80%;4,90%;4,90%;4,90%;4,90%;4,90%;4,90%;5,00%;5,00%;5,00%;5,00%;5,00%;5,10%;5,10%;5,10%;5,10%;5,10%;5,20%;5,20%;5,20%;5,20%;5,20%;5,30%;5,30%;5,30%;5,30%;5,40%;5,40%;5,40%;5,40%;5,40%;5,50%;5,50%;5,50%;5,50%;5,50%;5,60%;5,60%;5,60%;5,60%;5,70%;5,70%;5,70%;5,70%;5,80%;5,80%;5,80%;5,80%;5,80%;5,90%;5,90%;5,90%;5,90%;6,00%;6,00%;6,30%;6,30%;6,40%;6,40%;6,40%;6,50%;6,50%;6,50%;6,50%;6,60%;6,60%;6,30%;6,30%;6,30%;6,40%;6,40%;6,40%;6,50%;6,50%;6,50%;6,50%;6,60%;6,60%;6,60%;6,60%;6,70%;6,70%;6,70%;6,80%;6,80%;6,80%;6,90%;6,90%;6,90%;6,90%;7,00%;7,00%;7,00%;7,10%;7,10%;7,10%;7,20%;7,20%;7,20%;7,30%;7,30%;7,30%;7,40%;7,40%;7,40%;7,50%;7,50%;7,50%;7,50%;7,60%;7,60%;7,60%;7,70%;7,70%;7,70%;7,80%;7,80%;7,80%;7,90%;7,90%;7,90%;8,00%;8,00%;8,00%;8,10%;8,10%;8,10%;8,20%;8,20%;8,20%;8,30%;8,30%;8,30%;8,40%;8,40%;8,40%;8,50%;8,50%;8,50%;8,60%;8,60%;8,60%;8,70%;8,70%;8,80%;8,80%;8,80%;8,90%;8,90%;8,90%;9,00%;9,00%;9,10%;9,10%;9,10%;9,20%;9,20%;9,30%;9,30%;9,40%;9,40%;9,40%;9,50%;9,50%;9,60%;9,60%;9,70%;9,70%;9,80%;9,80%;9,90%;9,90%;9,90%;10,00%;10,00%;10,10%;10,10%;10,20%;10,20%;10,30%;10,30%;10,40%;10,40%;10,50%;10,50%;10,60%;10,60%;10,70%;10,70%;10,80%;10,80%;10,90%;10,90%;10,90%;11,00%;11,00%;11,10%;11,10%;11,20%
521525;NOVO PLANALTO;10,50%;10,50%;10,50%;10,50%;10,60%;10,60%;10,60%;10,70%;10,70%;10,70%;10,70%;10,80%;10,80%;10,80%;10,90%;10,90%;11,00%;11,00%;11,10%;11,10%;11,10%;11,20%;11,20%;11,30%;11,30%;11,30%;11,40%;11,40%;11,40%;11,50%;11,50%;11,50%;11,60%;11,60%;11,60%;11,70%;11,70%;11,70%;11,80%;11,80%;11,80%;11,90%;11,90%;11,90%;12,00%;12,00%;12,00%;12,10%;12,10%;12,20%;12,20%;12,20%;12,30%;12,30%;12,40%;12,40%;12,50%;12,50%;12,50%;12,60%;12,60%;13,00%;13,00%;13,10%;13,10%;13,20%;13,20%;13,30%;13,30%;13,40%;13,40%;13,50%;13,00%;13,00%;13,10%;13,10%;13,20%;13,20%;13,30%;13,30%;13,30%;13,40%;13,40%;13,50%;13,50%;13,60%;13,60%;13,70%;13,70%;13,70%;13,80%;13,80%;13,90%;13,90%;13,90%;14,00%;14,00%;14,10%;14,10%;14,20%;14,20%;14,30%;14,30%;14,40%;14,40%;14,50%;14,50%;14,60%;14,60%;14,70%;14,70%;14,80%;14,80%;14,90%;14,90%;15,00%;15,00%;15,10%;15,10%;15,20%;15,20%;15,20%;15,30%;15,30%;15,40%;15,40%;15,50%;15,50%;15,50%;15,60%;15,60%;15,70%;15,70%;15,80%;15,80%;15,80%;15,90%;15,90%;15,90%;16,00%;16,00%;16,00%;16,10%;16,10%;16,20%;16,20%;16,30%;16,30%;16,40%;16,40%;16,40%;16,50%;16,50%;16,60%;16,60%;16,70%;16,70%;16,80%;16,90%;17,00%;17,00%;17,10%;17,20%;17,30%;17,30%;17,40%;17,50%;17,50%;17,60%;17,70%;17,80%;17,80%;17,90%;18,00%;18,00%;18,10%;18,20%;18,30%;18,30%;18,40%;18,50%;18,50%;18,60%;18,70%;18,70%;18,80%;18,90%;18,90%;19,00%;19,00%;19,10%;19,20%;19,20%;19,30%;19,40%;19,40%;19,50%;19,50%;19,60%;19,70%;19,70%;19,80%;19,90%;19,90%;20,00%
521530;ORIZONA;13,40%;13,50%;13,50%;13,50%;13,60%;13,60%;13,60%;13,70%;13,70%;13,70%;13,80%;13,80%;13,80%;13,90%;13,90%;13,90%;14,00%;14,00%;14,00%;14,10%;14,10%;14,20%;14,20%;14,20%;14,30%;14,30%;14,30%;14,30%;14,40%;14,40%;14,40%;14,50%;14,50%;14,50%;14,60%;14,60%;14,60%;14,70%;14,70%;14,70%;14,70%;14,80%;14,80%;14,80%;14,90%;14,90%;14,90%;15,00%;15,00%;15,00%;15,10%;15,10%;15,10%;15,20%;15,20%;15,20%;15,30%;15,30%;15,30%;15,40%;15,40%;15,80%;15,80%;15,90%;15,90%;15,90%;16,00%;16,00%;16,00%;16,10%;16,10%;16,10%;15,80%;15,80%;15,80%;15,90%;15,90%;15,90%;16,00%;16,00%;16,00%;16,10%;16,10%;16,20%;16,20%;16,20%;16,30%;16,30%;16,30%;16,40%;16,40%;16,40%;16,50%;16,50%;16,60%;16,60%;16,60%;16,70%;16,70%;16,70%;16,80%;16,80%;16,80%;16,90%;16,90%;16,90%;17,00%;17,00%;17,10%;17,10%;17,10%;17,20%;17,20%;17,20%;17,30%;17,30%;17,30%;17,40%;17,40%;17,40%;17,50%;17,50%;17,50%;17,50%;17,60%;17,60%;17,60%;17,70%;17,70%;17,70%;17,70%;17,80%;17,80%;17,80%;17,80%;17,90%;17,90%;17,90%;17,90%;18,00%;18,00%;18,00%;18,00%;18,00%;18,10%;18,10%;18,10%;18,20%;18,20%;18,20%;18,30%;18,30%;18,30%;18,30%;18,40%;18,40%;18,40%;18,50%;18,50%;18,60%;18,60%;18,60%;18,70%;18,70%;18,80%;18,80%;18,80%;18,90%;18,90%;19,00%;19,00%;19,10%;19,10%;19,20%;19,20%;19,30%;19,30%;19,30%;19,40%;19,40%;19,50%;19,50%;19,60%;19,60%;19,70%;19,70%;19,70%;19,80%;19,80%;19,90%;19,90%;20,00%;20,00%;20,00%;20,10%;20,10%;20,20%;20,20%;20,20%;20,30%;20,30%;20,40%;20,40%;20,50%;20,50%
521540;OURO VERDE DE GOIAS;11,40%;11,40%;11,50%;11,50%;11,60%;11,60%;11,70%;11,70%;11,70%;11,80%;11,80%;11,90%;11,90%;12,00%;12,00%;12,00%;12,10%;12,10%;12,20%;12,20%;12,30%;12,30%;12,30%;12,40%;12,40%;12,50%;12,50%;12,60%;12,60%;12,70%;12,70%;12,80%;12,80%;12,90%;12,90%;13,00%;13,00%;13,10%;13,10%;13,20%;13,20%;13,30%;13,30%;13,40%;13,50%;13,50%;13,60%;13,60%;13,70%;13,70%;13,80%;13,80%;13,90%;13,90%;14,00%;14,10%;14,10%;14,20%;14,20%;14,30%;14,30%;15,00%;15,10%;15,20%;15,20%;15,30%;15,40%;15,40%;15,50%;15,60%;15,70%;15,70%;15,00%;15,00%;15,10%;15,20%;15,30%;15,30%;15,40%;15,50%;15,50%;15,60%;15,70%;15,70%;15,80%;15,90%;15,90%;16,00%;16,00%;16,10%;16,10%;16,20%;16,20%;16,30%;16,30%;16,40%;16,40%;16,50%;16,60%;16,60%;16,70%;16,70%;16,80%;16,90%;16,90%;17,00%;17,10%;17,10%;17,20%;17,20%;17,30%;17,40%;17,40%;17,50%;17,60%;17,60%;17,70%;17,80%;17,80%;17,90%;18,00%;18,00%;18,10%;18,10%;18,20%;18,30%;18,30%;18,40%;18,40%;18,50%;18,50%;18,60%;18,70%;18,70%;18,80%;18,80%;18,90%;18,90%;19,00%;19,00%;19,10%;19,10%;19,20%;19,20%;19,30%;19,30%;19,40%;19,50%;19,50%;19,60%;19,60%;19,70%;19,70%;19,80%;19,80%;19,90%;19,90%;20,00%;20,10%;20,20%;20,30%;20,30%;20,40%;20,50%;20,60%;20,70%;20,80%;20,80%;20,90%;21,00%;21,00%;21,10%;21,20%;21,20%;21,30%;21,30%;21,40%;21,50%;21,50%;21,60%;21,60%;21,70%;21,80%;21,90%;22,00%;22,10%;22,10%;22,20%;22,30%;22,40%;22,50%;22,60%;22,60%;22,70%;22,80%;22,90%;23,00%;23,00%;23,10%;23,20%;23,30%;23,40%;23,50%;23,50%;23,60%
521550;OUVIDOR;13,20%;13,20%;13,20%;13,30%;13,30%;13,30%;13,30%;13,30%;13,30%;13,30%;13,40%;13,40%;13,40%;13,40%;13,40%;13,50%;13,50%;13,50%;13,50%;13,50%;13,50%;13,60%;13,60%;13,60%;13,60%;13,60%;13,60%;13,70%;13,70%;13,70%;13,70%;13,70%;13,70%;13,70%;13,70%;13,70%;13,70%;13,80%;13,80%;13,80%;13,80%;13,80%;13,80%;13,80%;13,80%;13,80%;13,80%;13,80%;13,80%;13,80%;13,80%;13,90%;13,90%;13,90%;13,90%;13,90%;14,00%;14,00%;14,00%;14,00%;14,00%;14,30%;14,30%;14,30%;14,30%;14,30%;14,40%;14,40%;14,40%;14,40%;14,40%;14,50%;14,20%;14,30%;14,30%;14,30%;14,30%;14,30%;14,40%;14,40%;14,40%;14,40%;14,40%;14,50%;14,50%;14,50%;14,50%;14,50%;14,60%;14,60%;14,60%;14,60%;14,60%;14,70%;14,70%;14,70%;14,70%;14,70%;14,80%;14,80%;14,80%;14,90%;14,90%;14,90%;14,90%;15,00%;15,00%;15,00%;15,10%;15,10%;15,10%;15,10%;15,20%;15,20%;15,20%;15,30%;15,30%;15,30%;15,30%;15,40%;15,40%;15,40%;15,50%;15,50%;15,50%;15,60%;15,60%;15,60%;15,60%;15,70%;15,70%;15,70%;15,80%;15,80%;15,80%;15,90%;15,90%;15,90%;16,00%;16,00%;16,00%;16,10%;16,10%;16,10%;16,10%;16,20%;16,20%;16,20%;16,30%;16,30%;16,30%;16,40%;16,40%;16,40%;16,50%;16,50%;16,50%;16,60%;16,60%;16,60%;16,70%;16,70%;16,70%;16,80%;16,80%;16,90%;16,90%;16,90%;17,00%;17,00%;17,00%;17,10%;17,10%;17,20%;17,20%;17,20%;17,30%;17,30%;17,30%;17,40%;17,40%;17,40%;17,50%;17,50%;17,50%;17,60%;17,60%;17,70%;17,70%;17,70%;17,80%;17,80%;17,80%;17,90%;17,90%;17,90%;18,00%;18,00%;18,00%;18,10%;18,10%;18,10%;18,20%;18,20%;18,20%
521560;PADRE BERNARDO;8,90%;9,00%;9,00%;9,00%;9,00%;9,10%;9,10%;9,10%;9,10%;9,20%;9,20%;9,20%;9,20%;9,20%;9,30%;9,30%;9,30%;9,30%;9,40%;9,40%;9,40%;9,40%;9,50%;9,50%;9,50%;9,50%;9,50%;9,60%;9,60%;9,60%;9,60%;9,70%;9,70%;9,70%;9,70%;9,70%;9,80%;9,80%;9,80%;9,80%;9,80%;9,90%;9,90%;9,90%;9,90%;10,00%;10,00%;10,00%;10,00%;10,00%;10,10%;10,10%;10,10%;10,10%;10,20%;10,20%;10,20%;10,20%;10,20%;10,30%;10,30%;10,60%;10,60%;10,70%;10,70%;10,70%;10,70%;10,80%;10,80%;10,80%;10,80%;10,90%;10,60%;10,60%;10,60%;10,70%;10,70%;10,70%;10,70%;10,80%;10,80%;10,80%;10,80%;10,90%;10,90%;10,90%;11,00%;11,00%;11,00%;11,10%;11,10%;11,10%;11,10%;11,20%;11,20%;11,20%;11,30%;11,30%;11,30%;11,40%;11,40%;11,40%;11,50%;11,50%;11,50%;11,60%;11,60%;11,60%;11,70%;11,70%;11,70%;11,80%;11,80%;11,80%;11,90%;11,90%;11,90%;12,00%;12,00%;12,10%;12,10%;12,10%;12,20%;12,20%;12,20%;12,30%;12,30%;12,30%;12,40%;12,40%;12,40%;12,50%;12,50%;12,50%;12,60%;12,60%;12,60%;12,70%;12,70%;12,70%;12,80%;12,80%;12,80%;12,80%;12,90%;12,90%;12,90%;13,00%;13,00%;13,10%;13,10%;13,10%;13,20%;13,20%;13,20%;13,30%;13,30%;13,30%;13,40%;13,40%;13,50%;13,50%;13,50%;13,60%;13,60%;13,70%;13,70%;13,80%;13,80%;13,80%;13,90%;13,90%;14,00%;14,00%;14,00%;14,10%;14,10%;14,20%;14,20%;14,20%;14,30%;14,30%;14,40%;14,40%;14,50%;14,50%;14,60%;14,60%;14,70%;14,70%;14,70%;14,80%;14,80%;14,90%;14,90%;15,00%;15,00%;15,10%;15,10%;15,20%;15,20%;15,20%;15,30%;15,30%;15,40%
521565;PALESTINA DE GOIAS;11,80%;11,90%;11,90%;11,90%;11,90%;12,00%;12,00%;12,00%;12,00%;12,10%;12,10%;12,10%;12,10%;12,20%;12,20%;12,30%;12,30%;12,30%;12,40%;12,40%;12,50%;12,50%;12,50%;12,60%;12,60%;12,70%;12,70%;12,70%;12,80%;12,80%;12,90%;12,90%;13,00%;13,00%;13,00%;13,10%;13,10%;13,20%;13,20%;13,30%;13,30%;13,30%;13,40%;13,40%;13,50%;13,50%;13,60%;13,60%;13,70%;13,70%;13,70%;13,80%;13,80%;13,90%;13,90%;14,00%;14,00%;14,00%;14,10%;14,10%;14,20%;14,70%;14,80%;14,80%;14,90%;14,90%;14,90%;15,00%;15,00%;15,10%;15,10%;15,20%;14,70%;14,70%;14,80%;14,80%;14,90%;14,90%;14,90%;15,00%;15,00%;15,10%;15,10%;15,20%;15,20%;15,30%;15,30%;15,40%;15,50%;15,50%;15,60%;15,60%;15,70%;15,80%;15,80%;15,90%;16,00%;16,00%;16,10%;16,10%;16,20%;16,20%;16,30%;16,30%;16,40%;16,40%;16,50%;16,50%;16,60%;16,70%;16,70%;16,80%;16,90%;16,90%;17,00%;17,00%;17,10%;17,20%;17,20%;17,30%;17,40%;17,40%;17,50%;17,50%;17,60%;17,60%;17,70%;17,70%;17,80%;17,80%;17,90%;17,90%;18,00%;18,00%;18,10%;18,10%;18,20%;18,30%;18,30%;18,40%;18,40%;18,50%;18,50%;18,60%;18,60%;18,70%;18,80%;18,80%;18,90%;19,00%;19,10%;19,10%;19,20%;19,30%;19,30%;19,40%;19,50%;19,60%;19,60%;19,70%;19,80%;19,90%;20,00%;20,10%;20,10%;20,20%;20,30%;20,40%;20,50%;20,60%;20,60%;20,70%;20,80%;20,90%;21,00%;21,00%;21,10%;21,20%;21,30%;21,40%;21,50%;21,50%;21,60%;21,70%;21,80%;21,90%;22,00%;22,10%;22,10%;22,20%;22,30%;22,40%;22,50%;22,60%;22,70%;22,70%;22,80%;22,90%;23,00%;23,10%;23,20%;23,30%;23,40%;23,40%;23,50%
521570;PALMEIRAS DE GOIAS;10,70%;10,80%;10,80%;10,80%;10,80%;10,80%;10,80%;10,90%;10,90%;10,90%;10,90%;10,90%;11,00%;11,00%;11,00%;11,00%;11,00%;11,10%;11,10%;11,10%;11,10%;11,10%;11,20%;11,20%;11,20%;11,20%;11,20%;11,20%;11,30%;11,30%;11,30%;11,30%;11,30%;11,30%;11,40%;11,40%;11,40%;11,40%;11,40%;11,40%;11,50%;11,50%;11,50%;11,50%;11,50%;11,50%;11,60%;11,60%;11,60%;11,60%;11,60%;11,60%;11,60%;11,70%;11,70%;11,70%;11,70%;11,70%;11,70%;11,70%;11,80%;11,90%;11,90%;11,90%;12,00%;12,00%;12,00%;12,00%;12,00%;12,00%;12,00%;12,10%;11,90%;11,90%;11,90%;11,90%;12,00%;12,00%;12,00%;12,00%;12,00%;12,00%;12,00%;12,10%;12,10%;12,10%;12,10%;12,10%;12,10%;12,20%;12,20%;12,20%;12,20%;12,20%;12,20%;12,30%;12,30%;12,30%;12,30%;12,30%;12,30%;12,40%;12,40%;12,40%;12,40%;12,40%;12,40%;12,50%;12,50%;12,50%;12,50%;12,50%;12,50%;12,60%;12,60%;12,60%;12,60%;12,60%;12,70%;12,70%;12,70%;12,70%;12,70%;12,70%;12,70%;12,80%;12,80%;12,80%;12,80%;12,80%;12,80%;12,80%;12,80%;12,90%;12,90%;12,90%;12,90%;12,90%;12,90%;12,90%;12,90%;12,90%;13,00%;13,00%;13,00%;13,00%;13,00%;13,00%;13,00%;13,10%;13,10%;13,10%;13,10%;13,10%;13,10%;13,10%;13,20%;13,20%;13,20%;13,20%;13,30%;13,30%;13,30%;13,30%;13,30%;13,40%;13,40%;13,40%;13,40%;13,50%;13,50%;13,50%;13,60%;13,60%;13,60%;13,60%;13,70%;13,70%;13,70%;13,70%;13,80%;13,80%;13,80%;13,80%;13,80%;13,90%;13,90%;13,90%;13,90%;13,90%;13,90%;14,00%;14,00%;14,00%;14,00%;14,00%;14,00%;14,10%;14,10%;14,10%;14,10%;14,10%;14,10%;14,20%;14,20%
521580;PALMELO;16,20%;16,30%;16,30%;16,40%;16,40%;16,40%;16,50%;16,50%;16,50%;16,60%;16,60%;16,70%;16,70%;16,70%;16,70%;16,80%;16,80%;16,80%;16,80%;16,80%;16,90%;16,90%;16,90%;16,90%;16,90%;17,00%;17,00%;17,00%;17,10%;17,10%;17,10%;17,10%;17,20%;17,20%;17,20%;17,30%;17,30%;17,30%;17,40%;17,40%;17,40%;17,50%;17,50%;17,50%;17,60%;17,60%;17,60%;17,70%;17,70%;17,70%;17,80%;17,80%;17,80%;17,80%;17,90%;17,90%;17,90%;18,00%;18,00%;18,00%;18,00%;18,70%;18,70%;18,80%;18,80%;18,90%;18,90%;18,90%;19,00%;19,00%;19,10%;19,10%;18,60%;18,70%;18,70%;18,80%;18,80%;18,90%;18,90%;18,90%;19,00%;19,00%;19,10%;19,10%;19,20%;19,20%;19,30%;19,30%;19,30%;19,40%;19,40%;19,50%;19,50%;19,60%;19,60%;19,60%;19,70%;19,80%;19,80%;19,90%;20,00%;20,00%;20,10%;20,20%;20,20%;20,30%;20,40%;20,40%;20,50%;20,50%;20,60%;20,60%;20,70%;20,70%;20,80%;20,80%;20,90%;20,90%;20,90%;21,00%;21,00%;21,10%;21,10%;21,20%;21,30%;21,30%;21,40%;21,40%;21,50%;21,50%;21,60%;21,60%;21,70%;21,80%;21,80%;21,90%;21,90%;22,00%;22,10%;22,10%;22,20%;22,30%;22,30%;22,40%;22,40%;22,50%;22,60%;22,60%;22,70%;22,70%;22,80%;22,80%;22,90%;23,00%;23,00%;23,10%;23,10%;23,20%;23,20%;23,30%;23,30%;23,40%;23,40%;23,50%;23,50%;23,60%;23,60%;23,70%;23,70%;23,80%;23,90%;23,90%;24,00%;24,10%;24,20%;24,30%;24,30%;24,40%;24,50%;24,60%;24,60%;24,70%;24,70%;24,70%;24,80%;24,80%;24,80%;24,90%;24,90%;24,90%;25,00%;25,00%;25,00%;25,10%;25,10%;25,10%;25,20%;25,20%;25,20%;25,20%;25,30%;25,30%;25,30%;25,40%;25,40%
521590;PALMINOPOLIS;14,30%;14,40%;14,40%;14,50%;14,50%;14,50%;14,60%;14,60%;14,70%;14,70%;14,70%;14,80%;14,80%;14,90%;14,90%;15,00%;15,00%;15,10%;15,10%;15,20%;15,20%;15,20%;15,30%;15,30%;15,40%;15,40%;15,40%;15,50%;15,50%;15,50%;15,60%;15,60%;15,60%;15,60%;15,70%;15,70%;15,70%;15,80%;15,80%;15,80%;15,90%;15,90%;15,90%;16,00%;16,00%;16,10%;16,10%;16,10%;16,20%;16,20%;16,30%;16,30%;16,30%;16,40%;16,40%;16,50%;16,50%;16,50%;16,60%;16,60%;16,70%;17,10%;17,10%;17,10%;17,20%;17,20%;17,30%;17,30%;17,30%;17,40%;17,40%;17,40%;17,00%;17,10%;17,10%;17,20%;17,20%;17,20%;17,30%;17,30%;17,30%;17,40%;17,40%;17,40%;17,50%;17,50%;17,60%;17,60%;17,70%;17,70%;17,80%;17,80%;17,90%;17,90%;17,90%;18,00%;18,00%;18,10%;18,10%;18,20%;18,20%;18,30%;18,30%;18,30%;18,40%;18,40%;18,50%;18,50%;18,60%;18,60%;18,70%;18,70%;18,80%;18,90%;18,90%;19,00%;19,00%;19,10%;19,20%;19,20%;19,30%;19,30%;19,40%;19,40%;19,40%;19,50%;19,50%;19,50%;19,60%;19,60%;19,60%;19,70%;19,70%;19,70%;19,80%;19,80%;19,90%;19,90%;19,90%;20,00%;20,00%;20,10%;20,10%;20,10%;20,20%;20,20%;20,30%;20,30%;20,30%;20,40%;20,40%;20,50%;20,50%;20,60%;20,60%;20,60%;20,70%;20,70%;20,80%;20,80%;20,90%;20,90%;21,00%;21,00%;21,10%;21,10%;21,20%;21,20%;21,30%;21,30%;21,30%;21,40%;21,40%;21,40%;21,50%;21,50%;21,50%;21,60%;21,60%;21,60%;21,70%;21,70%;21,80%;21,80%;21,90%;21,90%;22,00%;22,00%;22,10%;22,10%;22,20%;22,20%;22,30%;22,30%;22,40%;22,40%;22,50%;22,50%;22,60%;22,60%;22,70%;22,70%;22,80%;22,80%;22,90%
521600;PANAMA;16,10%;16,10%;16,20%;16,20%;16,30%;16,30%;16,40%;16,40%;16,40%;16,50%;16,50%;16,60%;16,60%;16,70%;16,70%;16,70%;16,80%;16,80%;16,80%;16,90%;16,90%;17,00%;17,00%;17,00%;17,10%;17,10%;17,20%;17,20%;17,20%;17,30%;17,30%;17,40%;17,40%;17,50%;17,50%;17,50%;17,60%;17,60%;17,70%;17,70%;17,80%;17,80%;17,90%;17,90%;18,00%;18,00%;18,10%;18,10%;18,20%;18,20%;18,20%;18,30%;18,30%;18,30%;18,30%;18,40%;18,40%;18,40%;18,50%;18,50%;18,50%;19,20%;19,20%;19,20%;19,30%;19,30%;19,40%;19,40%;19,50%;19,50%;19,60%;19,60%;19,10%;19,10%;19,20%;19,20%;19,30%;19,30%;19,40%;19,40%;19,50%;19,50%;19,60%;19,60%;19,60%;19,70%;19,70%;19,80%;19,80%;19,90%;19,90%;20,00%;20,00%;20,00%;20,10%;20,10%;20,20%;20,20%;20,30%;20,30%;20,40%;20,40%;20,50%;20,50%;20,60%;20,60%;20,70%;20,70%;20,80%;20,80%;20,90%;20,90%;21,00%;21,00%;21,10%;21,10%;21,20%;21,20%;21,30%;21,30%;21,40%;21,40%;21,50%;21,50%;21,60%;21,60%;21,60%;21,70%;21,70%;21,80%;21,80%;21,90%;21,90%;21,90%;21,90%;22,00%;22,00%;22,00%;22,00%;22,10%;22,10%;22,10%;22,10%;22,20%;22,20%;22,30%;22,30%;22,40%;22,40%;22,50%;22,50%;22,60%;22,60%;22,70%;22,80%;22,80%;22,90%;22,90%;23,00%;23,00%;23,10%;23,20%;23,20%;23,30%;23,30%;23,40%;23,40%;23,50%;23,60%;23,60%;23,70%;23,70%;23,80%;23,90%;23,90%;24,00%;24,00%;24,10%;24,20%;24,20%;24,30%;24,40%;24,40%;24,50%;24,50%;24,60%;24,60%;24,70%;24,70%;24,80%;24,80%;24,90%;25,00%;25,00%;25,10%;25,10%;25,20%;25,20%;25,30%;25,40%;25,40%;25,50%;25,50%;25,60%;25,60%
521630;PARANAIGUARA;13,60%;13,60%;13,60%;13,60%;13,70%;13,70%;13,70%;13,70%;13,80%;13,80%;13,80%;13,90%;13,90%;13,90%;13,90%;14,00%;14,00%;14,00%;14,10%;14,10%;14,10%;14,20%;14,20%;14,20%;14,30%;14,30%;14,30%;14,40%;14,40%;14,50%;14,50%;14,60%;14,60%;14,60%;14,70%;14,70%;14,80%;14,80%;14,90%;14,90%;15,00%;15,00%;15,00%;15,10%;15,10%;15,20%;15,20%;15,30%;15,30%;15,40%;15,40%;15,50%;15,50%;15,50%;15,60%;15,60%;15,70%;15,70%;15,80%;15,80%;15,90%;16,50%;16,60%;16,60%;16,70%;16,70%;16,80%;16,80%;16,90%;16,90%;17,00%;17,00%;16,40%;16,50%;16,60%;16,60%;16,70%;16,70%;16,80%;16,80%;16,90%;16,90%;17,00%;17,00%;17,10%;17,10%;17,20%;17,30%;17,30%;17,40%;17,40%;17,50%;17,50%;17,60%;17,60%;17,70%;17,80%;17,80%;17,90%;18,00%;18,00%;18,10%;18,10%;18,20%;18,30%;18,30%;18,40%;18,50%;18,50%;18,60%;18,60%;18,70%;18,80%;18,80%;18,90%;19,00%;19,00%;19,10%;19,10%;19,20%;19,30%;19,30%;19,40%;19,40%;19,50%;19,60%;19,60%;19,70%;19,70%;19,80%;19,90%;19,90%;20,00%;20,00%;20,10%;20,10%;20,20%;20,30%;20,30%;20,40%;20,40%;20,50%;20,60%;20,60%;20,70%;20,70%;20,80%;20,90%;20,90%;21,00%;21,00%;21,10%;21,20%;21,20%;21,30%;21,30%;21,40%;21,50%;21,60%;21,60%;21,70%;21,80%;21,90%;21,90%;22,00%;22,10%;22,20%;22,30%;22,30%;22,40%;22,50%;22,50%;22,60%;22,70%;22,70%;22,80%;22,90%;22,90%;23,00%;23,10%;23,10%;23,20%;23,30%;23,40%;23,50%;23,60%;23,70%;23,70%;23,80%;23,90%;24,00%;24,10%;24,20%;24,30%;24,40%;24,50%;24,60%;24,70%;24,70%;24,80%;24,90%;25,00%;25,10%;25,20%;25,30%
521640;PARAUNA;11,20%;11,20%;11,30%;11,30%;11,30%;11,40%;11,40%;11,40%;11,50%;11,50%;11,50%;11,60%;11,60%;11,60%;11,60%;11,70%;11,70%;11,70%;11,80%;11,80%;11,80%;11,80%;11,90%;11,90%;11,90%;11,90%;12,00%;12,00%;12,00%;12,00%;12,10%;12,10%;12,10%;12,10%;12,20%;12,20%;12,20%;12,30%;12,30%;12,30%;12,30%;12,40%;12,40%;12,40%;12,40%;12,50%;12,50%;12,50%;12,50%;12,60%;12,60%;12,60%;12,70%;12,70%;12,70%;12,80%;12,80%;12,80%;12,80%;12,90%;12,90%;13,30%;13,30%;13,30%;13,40%;13,40%;13,40%;13,40%;13,50%;13,50%;13,50%;13,60%;13,20%;13,30%;13,30%;13,30%;13,40%;13,40%;13,40%;13,50%;13,50%;13,50%;13,50%;13,60%;13,60%;13,60%;13,70%;13,70%;13,70%;13,80%;13,80%;13,80%;13,90%;13,90%;13,90%;14,00%;14,00%;14,00%;14,10%;14,10%;14,10%;14,20%;14,20%;14,20%;14,30%;14,30%;14,30%;14,40%;14,40%;14,40%;14,50%;14,50%;14,50%;14,60%;14,60%;14,60%;14,70%;14,70%;14,70%;14,80%;14,80%;14,80%;14,90%;14,90%;14,90%;14,90%;15,00%;15,00%;15,00%;15,10%;15,10%;15,10%;15,10%;15,20%;15,20%;15,20%;15,20%;15,30%;15,30%;15,30%;15,30%;15,40%;15,40%;15,40%;15,40%;15,50%;15,50%;15,50%;15,60%;15,60%;15,60%;15,70%;15,70%;15,70%;15,80%;15,80%;15,80%;15,90%;15,90%;15,90%;16,00%;16,00%;16,00%;16,10%;16,10%;16,20%;16,20%;16,20%;16,30%;16,30%;16,40%;16,40%;16,40%;16,50%;16,50%;16,60%;16,60%;16,70%;16,70%;16,70%;16,80%;16,80%;16,90%;16,90%;16,90%;17,00%;17,00%;17,10%;17,10%;17,10%;17,20%;17,20%;17,30%;17,30%;17,30%;17,40%;17,40%;17,50%;17,50%;17,50%;17,60%;17,60%;17,70%;17,70%;17,70%
521645;PEROLANDIA;9,00%;9,10%;9,10%;9,20%;9,20%;9,20%;9,30%;9,30%;9,40%;9,40%;9,40%;9,50%;9,50%;9,50%;9,60%;9,60%;9,60%;9,70%;9,70%;9,70%;9,80%;9,80%;9,80%;9,90%;9,90%;9,90%;10,00%;10,00%;10,10%;10,10%;10,10%;10,20%;10,20%;10,30%;10,30%;10,30%;10,40%;10,40%;10,50%;10,50%;10,60%;10,60%;10,60%;10,70%;10,70%;10,80%;10,80%;10,90%;10,90%;10,90%;11,00%;11,00%;11,00%;11,10%;11,10%;11,10%;11,20%;11,20%;11,20%;11,30%;11,30%;11,90%;12,00%;12,00%;12,10%;12,10%;12,20%;12,20%;12,30%;12,30%;12,40%;12,40%;11,90%;11,90%;12,00%;12,00%;12,10%;12,10%;12,20%;12,20%;12,30%;12,30%;12,40%;12,40%;12,50%;12,50%;12,60%;12,60%;12,70%;12,70%;12,80%;12,80%;12,80%;12,90%;12,90%;13,00%;13,00%;13,10%;13,10%;13,20%;13,20%;13,30%;13,30%;13,40%;13,40%;13,50%;13,50%;13,60%;13,60%;13,70%;13,70%;13,80%;13,80%;13,80%;13,90%;13,90%;14,00%;14,00%;14,10%;14,10%;14,10%;14,20%;14,20%;14,30%;14,30%;14,30%;14,40%;14,40%;14,50%;14,50%;14,50%;14,60%;14,60%;14,70%;14,70%;14,80%;14,80%;14,80%;14,90%;14,90%;15,00%;15,00%;15,10%;15,10%;15,10%;15,20%;15,20%;15,30%;15,30%;15,40%;15,40%;15,40%;15,50%;15,50%;15,60%;15,60%;15,70%;15,70%;15,70%;15,70%;15,80%;15,80%;15,80%;15,90%;15,90%;15,90%;15,90%;16,00%;16,00%;16,00%;16,10%;16,10%;16,20%;16,20%;16,30%;16,30%;16,40%;16,40%;16,50%;16,50%;16,60%;16,60%;16,70%;16,70%;16,70%;16,70%;16,80%;16,80%;16,80%;16,90%;16,90%;16,90%;16,90%;17,00%;17,00%;17,00%;17,10%;17,10%;17,10%;17,10%;17,20%;17,20%;17,20%;17,20%;17,30%
521680;PETROLINA DE GOIAS;12,50%;12,60%;12,60%;12,60%;12,60%;12,70%;12,70%;12,70%;12,70%;12,80%;12,80%;12,80%;12,80%;12,90%;12,90%;12,90%;13,00%;13,00%;13,10%;13,10%;13,10%;13,20%;13,20%;13,20%;13,30%;13,30%;13,40%;13,40%;13,40%;13,50%;13,50%;13,60%;13,60%;13,60%;13,70%;13,70%;13,80%;13,80%;13,80%;13,90%;13,90%;14,00%;14,00%;14,10%;14,10%;14,10%;14,20%;14,20%;14,30%;14,30%;14,40%;14,40%;14,50%;14,50%;14,60%;14,60%;14,70%;14,70%;14,80%;14,80%;14,80%;15,50%;15,50%;15,60%;15,60%;15,70%;15,70%;15,80%;15,80%;15,90%;16,00%;16,00%;15,40%;15,50%;15,50%;15,60%;15,60%;15,70%;15,70%;15,80%;15,90%;15,90%;16,00%;16,00%;16,10%;16,10%;16,20%;16,20%;16,30%;16,40%;16,40%;16,50%;16,50%;16,60%;16,70%;16,70%;16,80%;16,80%;16,90%;17,00%;17,00%;17,10%;17,20%;17,20%;17,30%;17,40%;17,40%;17,50%;17,60%;17,60%;17,70%;17,80%;17,80%;17,90%;17,90%;18,00%;18,10%;18,10%;18,20%;18,30%;18,30%;18,40%;18,40%;18,50%;18,60%;18,60%;18,70%;18,70%;18,80%;18,90%;18,90%;19,00%;19,00%;19,10%;19,20%;19,20%;19,30%;19,40%;19,40%;19,50%;19,50%;19,60%;19,70%;19,70%;19,80%;19,90%;19,90%;20,00%;20,10%;20,10%;20,20%;20,30%;20,40%;20,40%;20,50%;20,60%;20,60%;20,70%;20,80%;20,90%;21,00%;21,00%;21,10%;21,20%;21,30%;21,30%;21,40%;21,50%;21,60%;21,70%;21,70%;21,80%;21,90%;22,00%;22,10%;22,10%;22,20%;22,30%;22,40%;22,40%;22,50%;22,60%;22,70%;22,80%;22,90%;23,00%;23,00%;23,10%;23,20%;23,30%;23,40%;23,50%;23,60%;23,60%;23,70%;23,80%;23,90%;24,00%;24,10%;24,20%;24,20%;24,30%;24,40%;24,50%;24,60%
521690;PILAR DE GOIAS;13,60%;13,60%;13,70%;13,70%;13,80%;13,80%;13,90%;13,90%;14,00%;14,10%;14,10%;14,20%;14,20%;14,30%;14,30%;14,40%;14,40%;14,50%;14,50%;14,60%;14,60%;14,70%;14,70%;14,80%;14,80%;14,90%;14,90%;15,00%;15,00%;15,10%;15,10%;15,10%;15,20%;15,20%;15,30%;15,30%;15,40%;15,40%;15,50%;15,50%;15,60%;15,60%;15,70%;15,70%;15,70%;15,80%;15,80%;15,90%;15,90%;16,00%;16,00%;16,10%;16,10%;16,10%;16,20%;16,20%;16,30%;16,30%;16,40%;16,40%;16,40%;17,00%;17,00%;17,10%;17,10%;17,20%;17,20%;17,20%;17,30%;17,30%;17,40%;17,40%;16,90%;17,00%;17,00%;17,10%;17,10%;17,20%;17,20%;17,20%;17,30%;17,30%;17,40%;17,40%;17,50%;17,50%;17,60%;17,60%;17,70%;17,70%;17,80%;17,80%;17,90%;17,90%;18,00%;18,00%;18,10%;18,10%;18,20%;18,20%;18,30%;18,30%;18,40%;18,40%;18,50%;18,50%;18,60%;18,60%;18,70%;18,70%;18,80%;18,90%;18,90%;19,00%;19,00%;19,10%;19,10%;19,20%;19,20%;19,30%;19,40%;19,40%;19,40%;19,50%;19,50%;19,60%;19,60%;19,60%;19,70%;19,70%;19,70%;19,80%;19,80%;19,90%;19,90%;20,00%;20,00%;20,10%;20,10%;20,20%;20,20%;20,20%;20,30%;20,30%;20,40%;20,40%;20,50%;20,60%;20,60%;20,70%;20,80%;20,80%;20,90%;20,90%;21,00%;21,10%;21,10%;21,20%;21,20%;21,30%;21,40%;21,40%;21,50%;21,50%;21,60%;21,60%;21,70%;21,80%;21,80%;21,90%;22,00%;22,10%;22,20%;22,20%;22,30%;22,40%;22,50%;22,60%;22,70%;22,70%;22,80%;22,90%;22,90%;23,00%;23,00%;23,00%;23,10%;23,10%;23,20%;23,20%;23,30%;23,30%;23,40%;23,40%;23,50%;23,50%;23,60%;23,60%;23,70%;23,70%;23,80%;23,80%;23,90%;23,90%;24,00%
521710;PIRACANJUBA;14,50%;14,50%;14,60%;14,60%;14,60%;14,70%;14,70%;14,70%;14,80%;14,80%;14,90%;14,90%;14,90%;15,00%;15,00%;15,00%;15,10%;15,10%;15,20%;15,20%;15,20%;15,30%;15,30%;15,30%;15,40%;15,40%;15,50%;15,50%;15,50%;15,60%;15,60%;15,70%;15,70%;15,70%;15,80%;15,80%;15,90%;15,90%;15,90%;16,00%;16,00%;16,00%;16,10%;16,10%;16,20%;16,20%;16,20%;16,30%;16,30%;16,30%;16,40%;16,40%;16,50%;16,50%;16,60%;16,60%;16,60%;16,70%;16,70%;16,80%;16,80%;17,40%;17,40%;17,50%;17,50%;17,60%;17,60%;17,60%;17,70%;17,70%;17,80%;17,80%;17,30%;17,40%;17,40%;17,50%;17,50%;17,60%;17,60%;17,60%;17,70%;17,70%;17,80%;17,80%;17,90%;17,90%;18,00%;18,00%;18,10%;18,10%;18,20%;18,20%;18,30%;18,30%;18,40%;18,40%;18,50%;18,50%;18,60%;18,60%;18,70%;18,70%;18,80%;18,80%;18,90%;18,90%;19,00%;19,00%;19,10%;19,10%;19,20%;19,20%;19,30%;19,30%;19,40%;19,40%;19,50%;19,50%;19,60%;19,60%;19,70%;19,70%;19,80%;19,80%;19,80%;19,90%;19,90%;20,00%;20,00%;20,10%;20,10%;20,20%;20,20%;20,30%;20,30%;20,40%;20,40%;20,40%;20,50%;20,50%;20,60%;20,60%;20,60%;20,70%;20,70%;20,80%;20,80%;20,80%;20,90%;20,90%;21,00%;21,00%;21,10%;21,10%;21,10%;21,20%;21,20%;21,30%;21,30%;21,40%;21,40%;21,50%;21,60%;21,60%;21,70%;21,70%;21,80%;21,80%;21,90%;21,90%;22,00%;22,00%;22,10%;22,20%;22,20%;22,30%;22,30%;22,40%;22,40%;22,50%;22,50%;22,60%;22,60%;22,70%;22,80%;22,80%;22,90%;22,90%;23,00%;23,00%;23,10%;23,20%;23,20%;23,30%;23,30%;23,40%;23,40%;23,50%;23,60%;23,60%;23,70%;23,70%;23,80%;23,80%;23,90%
521720;PIRANHAS;14,00%;14,00%;14,10%;14,10%;14,20%;14,20%;14,20%;14,30%;14,30%;14,40%;14,40%;14,50%;14,50%;14,60%;14,60%;14,60%;14,70%;14,70%;14,80%;14,80%;14,80%;14,90%;14,90%;15,00%;15,00%;15,00%;15,10%;15,10%;15,20%;15,20%;15,20%;15,30%;15,30%;15,30%;15,40%;15,40%;15,50%;15,50%;15,50%;15,60%;15,60%;15,70%;15,70%;15,70%;15,80%;15,80%;15,80%;15,90%;15,90%;16,00%;16,00%;16,00%;16,10%;16,10%;16,10%;16,20%;16,20%;16,20%;16,30%;16,30%;16,30%;16,90%;16,90%;17,00%;17,00%;17,00%;17,10%;17,10%;17,10%;17,20%;17,20%;17,30%;16,80%;16,90%;16,90%;17,00%;17,00%;17,00%;17,10%;17,10%;17,10%;17,20%;17,20%;17,30%;17,30%;17,30%;17,40%;17,40%;17,50%;17,50%;17,60%;17,60%;17,60%;17,70%;17,70%;17,80%;17,80%;17,90%;17,90%;17,90%;18,00%;18,00%;18,10%;18,10%;18,10%;18,20%;18,20%;18,30%;18,30%;18,30%;18,40%;18,40%;18,50%;18,50%;18,50%;18,60%;18,60%;18,60%;18,70%;18,70%;18,70%;18,80%;18,80%;18,80%;18,90%;18,90%;18,90%;19,00%;19,00%;19,00%;19,10%;19,10%;19,10%;19,20%;19,20%;19,20%;19,30%;19,30%;19,30%;19,40%;19,40%;19,40%;19,50%;19,50%;19,50%;19,50%;19,60%;19,60%;19,70%;19,70%;19,70%;19,80%;19,80%;19,80%;19,90%;19,90%;19,90%;20,00%;20,00%;20,10%;20,10%;20,20%;20,20%;20,30%;20,40%;20,40%;20,50%;20,50%;20,60%;20,60%;20,70%;20,70%;20,80%;20,80%;20,90%;20,90%;21,00%;21,00%;21,10%;21,20%;21,20%;21,30%;21,30%;21,40%;21,40%;21,40%;21,50%;21,50%;21,60%;21,60%;21,70%;21,70%;21,80%;21,80%;21,90%;21,90%;22,00%;22,00%;22,10%;22,10%;22,20%;22,20%;22,30%;22,30%;22,40%
521730;PIRENOPOLIS;11,00%;11,00%;11,00%;11,00%;11,10%;11,10%;11,10%;11,10%;11,20%;11,20%;11,20%;11,30%;11,30%;11,30%;11,30%;11,40%;11,40%;11,40%;11,50%;11,50%;11,50%;11,50%;11,60%;11,60%;11,60%;11,70%;11,70%;11,70%;11,80%;11,80%;11,80%;11,90%;11,90%;11,90%;12,00%;12,00%;12,00%;12,10%;12,10%;12,10%;12,20%;12,20%;12,20%;12,30%;12,30%;12,30%;12,40%;12,40%;12,40%;12,50%;12,50%;12,60%;12,60%;12,60%;12,70%;12,70%;12,70%;12,80%;12,80%;12,80%;12,90%;13,40%;13,40%;13,50%;13,50%;13,60%;13,60%;13,60%;13,70%;13,70%;13,80%;13,80%;13,30%;13,40%;13,40%;13,50%;13,50%;13,60%;13,60%;13,60%;13,70%;13,70%;13,80%;13,80%;13,80%;13,90%;13,90%;14,00%;14,00%;14,10%;14,10%;14,20%;14,20%;14,30%;14,30%;14,30%;14,40%;14,40%;14,50%;14,50%;14,60%;14,60%;14,70%;14,70%;14,80%;14,80%;14,80%;14,90%;14,90%;15,00%;15,00%;15,10%;15,10%;15,20%;15,20%;15,30%;15,30%;15,40%;15,40%;15,50%;15,50%;15,60%;15,60%;15,70%;15,70%;15,80%;15,80%;15,80%;15,90%;15,90%;16,00%;16,00%;16,10%;16,10%;16,20%;16,20%;16,20%;16,30%;16,30%;16,40%;16,40%;16,50%;16,50%;16,50%;16,60%;16,60%;16,70%;16,70%;16,80%;16,80%;16,80%;16,90%;16,90%;17,00%;17,00%;17,10%;17,10%;17,20%;17,20%;17,30%;17,30%;17,40%;17,40%;17,50%;17,50%;17,60%;17,60%;17,70%;17,70%;17,80%;17,90%;17,90%;18,00%;18,00%;18,10%;18,10%;18,20%;18,30%;18,30%;18,40%;18,40%;18,50%;18,50%;18,60%;18,60%;18,70%;18,70%;18,80%;18,90%;18,90%;19,00%;19,00%;19,10%;19,10%;19,20%;19,20%;19,30%;19,30%;19,40%;19,40%;19,50%;19,60%;19,60%;19,70%;19,70%
521740;PIRES DO RIO;12,70%;12,70%;12,70%;12,70%;12,80%;12,80%;12,80%;12,90%;12,90%;12,90%;13,00%;13,00%;13,00%;13,00%;13,10%;13,10%;13,10%;13,10%;13,20%;13,20%;13,20%;13,30%;13,30%;13,30%;13,30%;13,40%;13,40%;13,40%;13,40%;13,50%;13,50%;13,50%;13,50%;13,60%;13,60%;13,60%;13,60%;13,60%;13,70%;13,70%;13,70%;13,70%;13,80%;13,80%;13,80%;13,80%;13,80%;13,90%;13,90%;13,90%;13,90%;14,00%;14,00%;14,00%;14,00%;14,10%;14,10%;14,10%;14,10%;14,10%;14,20%;14,50%;14,50%;14,50%;14,60%;14,60%;14,60%;14,70%;14,70%;14,70%;14,70%;14,80%;14,50%;14,50%;14,50%;14,50%;14,60%;14,60%;14,60%;14,70%;14,70%;14,70%;14,70%;14,80%;14,80%;14,80%;14,90%;14,90%;14,90%;15,00%;15,00%;15,00%;15,10%;15,10%;15,10%;15,10%;15,20%;15,20%;15,20%;15,30%;15,30%;15,30%;15,40%;15,40%;15,40%;15,50%;15,50%;15,50%;15,60%;15,60%;15,60%;15,70%;15,70%;15,80%;15,80%;15,80%;15,90%;15,90%;15,90%;16,00%;16,00%;16,00%;16,10%;16,10%;16,10%;16,10%;16,20%;16,20%;16,20%;16,30%;16,30%;16,30%;16,40%;16,40%;16,40%;16,50%;16,50%;16,50%;16,50%;16,60%;16,60%;16,60%;16,70%;16,70%;16,70%;16,70%;16,80%;16,80%;16,80%;16,90%;16,90%;16,90%;17,00%;17,00%;17,00%;17,10%;17,10%;17,10%;17,20%;17,20%;17,20%;17,30%;17,30%;17,40%;17,40%;17,40%;17,50%;17,50%;17,60%;17,60%;17,60%;17,70%;17,70%;17,70%;17,80%;17,80%;17,90%;17,90%;17,90%;18,00%;18,00%;18,00%;18,10%;18,10%;18,20%;18,20%;18,30%;18,30%;18,30%;18,40%;18,40%;18,50%;18,50%;18,50%;18,60%;18,60%;18,70%;18,70%;18,70%;18,80%;18,80%;18,90%;18,90%;18,90%;19,00%
521760;PLANALTINA;5,60%;5,60%;5,60%;5,70%;5,70%;5,70%;5,70%;5,70%;5,80%;5,80%;5,80%;5,80%;5,80%;5,90%;5,90%;5,90%;5,90%;5,90%;5,90%;6,00%;6,00%;6,00%;6,00%;6,00%;6,10%;6,10%;6,10%;6,10%;6,10%;6,20%;6,20%;6,20%;6,20%;6,20%;6,20%;6,30%;6,30%;6,30%;6,30%;6,30%;6,30%;6,40%;6,40%;6,40%;6,40%;6,40%;6,50%;6,50%;6,50%;6,50%;6,50%;6,50%;6,60%;6,60%;6,60%;6,60%;6,60%;6,70%;6,70%;6,70%;6,70%;7,00%;7,00%;7,00%;7,00%;7,10%;7,10%;7,10%;7,10%;7,10%;7,20%;7,20%;6,90%;7,00%;7,00%;7,00%;7,00%;7,10%;7,10%;7,10%;7,10%;7,10%;7,20%;7,20%;7,20%;7,20%;7,30%;7,30%;7,30%;7,30%;7,40%;7,40%;7,40%;7,40%;7,50%;7,50%;7,50%;7,50%;7,60%;7,60%;7,60%;7,60%;7,70%;7,70%;7,70%;7,70%;7,80%;7,80%;7,80%;7,80%;7,90%;7,90%;7,90%;8,00%;8,00%;8,00%;8,00%;8,10%;8,10%;8,10%;8,20%;8,20%;8,20%;8,20%;8,30%;8,30%;8,30%;8,30%;8,40%;8,40%;8,40%;8,50%;8,50%;8,50%;8,50%;8,60%;8,60%;8,60%;8,60%;8,70%;8,70%;8,70%;8,70%;8,80%;8,80%;8,80%;8,90%;8,90%;8,90%;8,90%;9,00%;9,00%;9,00%;9,00%;9,10%;9,10%;9,10%;9,20%;9,20%;9,20%;9,30%;9,30%;9,30%;9,40%;9,40%;9,40%;9,50%;9,50%;9,50%;9,60%;9,60%;9,60%;9,70%;9,70%;9,70%;9,80%;9,80%;9,90%;9,90%;9,90%;10,00%;10,00%;10,00%;10,10%;10,10%;10,10%;10,20%;10,20%;10,20%;10,30%;10,30%;10,30%;10,40%;10,40%;10,40%;10,50%;10,50%;10,60%;10,60%;10,60%;10,70%;10,70%;10,70%;10,80%;10,80%
521770;PONTALINA;14,30%;14,30%;14,30%;14,40%;14,40%;14,40%;14,50%;14,50%;14,50%;14,60%;14,60%;14,70%;14,70%;14,70%;14,80%;14,80%;14,80%;14,90%;14,90%;14,90%;15,00%;15,00%;15,00%;15,10%;15,10%;15,10%;15,20%;15,20%;15,20%;15,30%;15,30%;15,30%;15,40%;15,40%;15,40%;15,50%;15,50%;15,50%;15,60%;15,60%;15,60%;15,70%;15,70%;15,70%;15,80%;15,80%;15,80%;15,90%;15,90%;15,90%;16,00%;16,00%;16,00%;16,10%;16,10%;16,10%;16,20%;16,20%;16,20%;16,30%;16,30%;16,70%;16,80%;16,80%;16,90%;16,90%;16,90%;17,00%;17,00%;17,00%;17,10%;17,10%;16,70%;16,70%;16,80%;16,80%;16,90%;16,90%;16,90%;17,00%;17,00%;17,00%;17,10%;17,10%;17,10%;17,20%;17,20%;17,30%;17,30%;17,30%;17,40%;17,40%;17,50%;17,50%;17,50%;17,60%;17,60%;17,70%;17,70%;17,80%;17,80%;17,80%;17,90%;17,90%;18,00%;18,00%;18,00%;18,10%;18,10%;18,20%;18,20%;18,20%;18,30%;18,30%;18,30%;18,40%;18,40%;18,50%;18,50%;18,50%;18,60%;18,60%;18,60%;18,70%;18,70%;18,80%;18,80%;18,80%;18,90%;18,90%;18,90%;19,00%;19,00%;19,00%;19,10%;19,10%;19,10%;19,20%;19,20%;19,20%;19,30%;19,30%;19,30%;19,40%;19,40%;19,40%;19,50%;19,50%;19,50%;19,60%;19,60%;19,60%;19,70%;19,70%;19,80%;19,80%;19,80%;19,90%;19,90%;20,00%;20,00%;20,00%;20,10%;20,10%;20,20%;20,20%;20,30%;20,30%;20,40%;20,40%;20,50%;20,50%;20,60%;20,60%;20,70%;20,70%;20,70%;20,80%;20,80%;20,90%;20,90%;21,00%;21,00%;21,10%;21,10%;21,20%;21,20%;21,30%;21,30%;21,40%;21,40%;21,50%;21,50%;21,60%;21,60%;21,70%;21,70%;21,80%;21,80%;21,80%;21,90%;21,90%;22,00%;22,00%;22,10%
521800;PORANGATU;9,80%;9,80%;9,80%;9,90%;9,90%;9,90%;9,90%;10,00%;10,00%;10,00%;10,00%;10,10%;10,10%;10,10%;10,10%;10,20%;10,20%;10,20%;10,20%;10,30%;10,30%;10,30%;10,40%;10,40%;10,40%;10,40%;10,50%;10,50%;10,50%;10,60%;10,60%;10,60%;10,60%;10,70%;10,70%;10,70%;10,80%;10,80%;10,80%;10,90%;10,90%;10,90%;11,00%;11,00%;11,00%;11,10%;11,10%;11,10%;11,20%;11,20%;11,20%;11,30%;11,30%;11,30%;11,30%;11,40%;11,40%;11,40%;11,50%;11,50%;11,50%;12,00%;12,00%;12,10%;12,10%;12,20%;12,20%;12,20%;12,30%;12,30%;12,30%;12,40%;12,00%;12,00%;12,00%;12,10%;12,10%;12,20%;12,20%;12,20%;12,30%;12,30%;12,30%;12,40%;12,40%;12,50%;12,50%;12,50%;12,60%;12,60%;12,70%;12,70%;12,70%;12,80%;12,80%;12,90%;12,90%;13,00%;13,00%;13,00%;13,10%;13,10%;13,20%;13,20%;13,30%;13,30%;13,30%;13,40%;13,40%;13,50%;13,50%;13,60%;13,60%;13,60%;13,70%;13,70%;13,80%;13,80%;13,90%;13,90%;13,90%;14,00%;14,00%;14,10%;14,10%;14,10%;14,20%;14,20%;14,30%;14,30%;14,40%;14,40%;14,40%;14,50%;14,50%;14,60%;14,60%;14,60%;14,70%;14,70%;14,70%;14,80%;14,80%;14,90%;14,90%;14,90%;15,00%;15,00%;15,10%;15,10%;15,20%;15,20%;15,20%;15,30%;15,30%;15,40%;15,40%;15,50%;15,50%;15,60%;15,60%;15,70%;15,70%;15,80%;15,80%;15,90%;15,90%;16,00%;16,00%;16,10%;16,10%;16,20%;16,20%;16,30%;16,30%;16,40%;16,40%;16,50%;16,50%;16,60%;16,60%;16,70%;16,80%;16,80%;16,90%;16,90%;17,00%;17,00%;17,10%;17,10%;17,20%;17,20%;17,30%;17,30%;17,40%;17,50%;17,50%;17,60%;17,60%;17,70%;17,70%;17,80%;17,80%;17,90%;17,90%
521805;PORTEIRAO;7,00%;7,00%;7,10%;7,10%;7,10%;7,20%;7,20%;7,20%;7,30%;7,30%;7,30%;7,40%;7,40%;7,40%;7,40%;7,50%;7,50%;7,50%;7,60%;7,60%;7,60%;7,60%;7,70%;7,70%;7,70%;7,70%;7,80%;7,80%;7,80%;7,80%;7,90%;7,90%;7,90%;7,90%;7,90%;8,00%;8,00%;8,00%;8,00%;8,10%;8,10%;8,10%;8,10%;8,20%;8,20%;8,20%;8,20%;8,30%;8,30%;8,30%;8,30%;8,40%;8,40%;8,40%;8,40%;8,50%;8,50%;8,50%;8,50%;8,60%;8,60%;8,90%;9,00%;9,00%;9,00%;9,00%;9,10%;9,10%;9,10%;9,20%;9,20%;9,20%;8,90%;8,90%;9,00%;9,00%;9,00%;9,10%;9,10%;9,10%;9,10%;9,20%;9,20%;9,20%;9,30%;9,30%;9,30%;9,40%;9,40%;9,40%;9,50%;9,50%;9,50%;9,60%;9,60%;9,60%;9,70%;9,70%;9,70%;9,70%;9,70%;9,70%;9,70%;9,80%;9,80%;9,80%;9,80%;9,80%;9,80%;9,90%;9,90%;9,90%;10,00%;10,00%;10,10%;10,10%;10,10%;10,20%;10,20%;10,20%;10,30%;10,30%;10,30%;10,30%;10,40%;10,40%;10,40%;10,40%;10,50%;10,50%;10,50%;10,50%;10,50%;10,60%;10,60%;10,60%;10,60%;10,60%;10,60%;10,70%;10,70%;10,70%;10,70%;10,70%;10,80%;10,80%;10,80%;10,90%;10,90%;10,90%;11,00%;11,00%;11,00%;11,10%;11,10%;11,10%;11,20%;11,20%;11,20%;11,20%;11,30%;11,30%;11,30%;11,30%;11,30%;11,40%;11,40%;11,40%;11,40%;11,50%;11,50%;11,60%;11,60%;11,60%;11,70%;11,70%;11,80%;11,80%;11,80%;11,90%;11,90%;11,90%;12,00%;12,00%;12,10%;12,10%;12,10%;12,20%;12,20%;12,20%;12,30%;12,30%;12,30%;12,40%;12,40%;12,50%;12,50%;12,50%;12,60%;12,60%;12,60%;12,70%;12,70%;12,70%;12,80%
521810;PORTELANDIA;10,70%;10,70%;10,80%;10,80%;10,80%;10,80%;10,90%;10,90%;10,90%;11,00%;11,00%;11,00%;11,00%;11,10%;11,10%;11,20%;11,20%;11,30%;11,30%;11,40%;11,40%;11,40%;11,50%;11,50%;11,60%;11,60%;11,70%;11,70%;11,70%;11,80%;11,80%;11,80%;11,90%;11,90%;12,00%;12,00%;12,00%;12,10%;12,10%;12,20%;12,20%;12,30%;12,30%;12,40%;12,40%;12,50%;12,50%;12,60%;12,60%;12,70%;12,80%;12,80%;12,90%;12,90%;13,00%;13,00%;13,10%;13,10%;13,20%;13,30%;13,30%;14,20%;14,20%;14,30%;14,30%;14,40%;14,40%;14,50%;14,60%;14,60%;14,70%;14,70%;14,10%;14,20%;14,20%;14,30%;14,30%;14,40%;14,40%;14,50%;14,50%;14,60%;14,70%;14,70%;14,80%;14,80%;14,90%;14,90%;15,00%;15,10%;15,10%;15,20%;15,20%;15,30%;15,30%;15,40%;15,50%;15,50%;15,60%;15,60%;15,70%;15,80%;15,80%;15,90%;16,00%;16,00%;16,10%;16,10%;16,20%;16,30%;16,30%;16,40%;16,40%;16,50%;16,50%;16,60%;16,60%;16,70%;16,70%;16,80%;16,80%;16,90%;16,90%;17,00%;17,00%;17,10%;17,10%;17,20%;17,20%;17,20%;17,30%;17,30%;17,40%;17,40%;17,50%;17,60%;17,60%;17,70%;17,80%;17,80%;17,90%;18,00%;18,00%;18,10%;18,10%;18,20%;18,20%;18,30%;18,30%;18,40%;18,40%;18,50%;18,50%;18,60%;18,60%;18,60%;18,70%;18,80%;18,80%;18,90%;19,00%;19,10%;19,10%;19,20%;19,30%;19,30%;19,40%;19,50%;19,60%;19,60%;19,70%;19,80%;19,90%;20,00%;20,00%;20,10%;20,20%;20,30%;20,30%;20,40%;20,50%;20,60%;20,60%;20,70%;20,80%;20,80%;20,90%;21,00%;21,10%;21,10%;21,20%;21,30%;21,30%;21,40%;21,50%;21,60%;21,60%;21,70%;21,80%;21,80%;21,90%;22,00%;22,10%;22,10%;22,20%
521830;POSSE;7,10%;7,10%;7,10%;7,20%;7,20%;7,20%;7,20%;7,20%;7,20%;7,20%;7,20%;7,30%;7,30%;7,30%;7,30%;7,30%;7,30%;7,40%;7,40%;7,40%;7,40%;7,40%;7,40%;7,50%;7,50%;7,50%;7,50%;7,50%;7,50%;7,60%;7,60%;7,60%;7,60%;7,60%;7,60%;7,70%;7,70%;7,70%;7,70%;7,70%;7,80%;7,80%;7,80%;7,80%;7,80%;7,90%;7,90%;7,90%;7,90%;8,00%;8,00%;8,00%;8,00%;8,00%;8,10%;8,10%;8,10%;8,10%;8,10%;8,20%;8,20%;8,50%;8,50%;8,60%;8,60%;8,60%;8,60%;8,70%;8,70%;8,70%;8,70%;8,80%;8,50%;8,50%;8,50%;8,60%;8,60%;8,60%;8,60%;8,70%;8,70%;8,70%;8,70%;8,80%;8,80%;8,80%;8,80%;8,90%;8,90%;8,90%;9,00%;9,00%;9,00%;9,10%;9,10%;9,10%;9,10%;9,20%;9,20%;9,20%;9,30%;9,30%;9,30%;9,40%;9,40%;9,40%;9,50%;9,50%;9,50%;9,50%;9,60%;9,60%;9,60%;9,70%;9,70%;9,70%;9,80%;9,80%;9,80%;9,90%;9,90%;9,90%;10,00%;10,00%;10,00%;10,10%;10,10%;10,10%;10,20%;10,20%;10,30%;10,30%;10,30%;10,40%;10,40%;10,40%;10,40%;10,50%;10,50%;10,50%;10,60%;10,60%;10,60%;10,70%;10,70%;10,70%;10,80%;10,80%;10,80%;10,90%;10,90%;10,90%;11,00%;11,00%;11,00%;11,10%;11,10%;11,20%;11,20%;11,20%;11,30%;11,30%;11,40%;11,40%;11,40%;11,50%;11,50%;11,60%;11,60%;11,60%;11,70%;11,70%;11,80%;11,80%;11,80%;11,90%;11,90%;12,00%;12,00%;12,00%;12,10%;12,10%;12,20%;12,20%;12,20%;12,30%;12,30%;12,40%;12,40%;12,50%;12,50%;12,50%;12,60%;12,60%;12,70%;12,70%;12,70%;12,80%;12,80%;12,90%;12,90%;12,90%;13,00%;13,00%;13,10%
521839;PROFESSOR JAMIL;13,60%;13,70%;13,70%;13,70%;13,80%;13,80%;13,80%;13,90%;13,90%;13,90%;14,00%;14,00%;14,00%;14,10%;14,10%;14,20%;14,20%;14,20%;14,30%;14,30%;14,40%;14,40%;14,40%;14,50%;14,50%;14,60%;14,60%;14,60%;14,70%;14,70%;14,80%;14,80%;14,80%;14,90%;14,90%;15,00%;15,00%;15,10%;15,10%;15,10%;15,20%;15,20%;15,20%;15,30%;15,30%;15,40%;15,40%;15,40%;15,50%;15,50%;15,60%;15,60%;15,60%;15,70%;15,70%;15,80%;15,80%;15,80%;15,90%;15,90%;16,00%;16,50%;16,50%;16,60%;16,60%;16,70%;16,70%;16,80%;16,80%;16,90%;16,90%;17,00%;16,40%;16,50%;16,50%;16,60%;16,60%;16,70%;16,70%;16,80%;16,80%;16,90%;16,90%;17,00%;17,00%;17,10%;17,10%;17,20%;17,20%;17,30%;17,40%;17,40%;17,50%;17,50%;17,60%;17,60%;17,70%;17,70%;17,80%;17,80%;17,90%;17,90%;17,90%;18,00%;18,00%;18,10%;18,10%;18,10%;18,20%;18,20%;18,30%;18,40%;18,40%;18,50%;18,50%;18,60%;18,70%;18,70%;18,80%;18,80%;18,90%;18,90%;19,00%;19,00%;19,10%;19,10%;19,20%;19,20%;19,30%;19,30%;19,40%;19,40%;19,50%;19,50%;19,60%;19,60%;19,70%;19,70%;19,80%;19,80%;19,80%;19,90%;19,90%;20,00%;20,00%;20,10%;20,10%;20,20%;20,20%;20,30%;20,30%;20,40%;20,40%;20,50%;20,50%;20,60%;20,60%;20,70%;20,70%;20,80%;20,80%;20,90%;20,90%;21,00%;21,00%;21,10%;21,20%;21,20%;21,30%;21,30%;21,30%;21,40%;21,40%;21,50%;21,50%;21,60%;21,60%;21,60%;21,70%;21,70%;21,80%;21,80%;21,80%;21,90%;21,90%;21,90%;21,90%;22,00%;22,00%;22,00%;22,10%;22,10%;22,10%;22,20%;22,20%;22,20%;22,30%;22,30%;22,30%;22,40%;22,40%;22,40%;22,40%;22,50%;22,50%
521850;QUIRINOPOLIS;11,20%;11,30%;11,30%;11,30%;11,30%;11,40%;11,40%;11,40%;11,40%;11,40%;11,50%;11,50%;11,50%;11,50%;11,60%;11,60%;11,60%;11,60%;11,60%;11,70%;11,70%;11,70%;11,70%;11,80%;11,80%;11,80%;11,80%;11,90%;11,90%;11,90%;11,90%;11,90%;12,00%;12,00%;12,00%;12,00%;12,10%;12,10%;12,10%;12,10%;12,20%;12,20%;12,20%;12,20%;12,30%;12,30%;12,30%;12,30%;12,40%;12,40%;12,40%;12,40%;12,50%;12,50%;12,50%;12,50%;12,60%;12,60%;12,60%;12,60%;12,70%;13,00%;13,00%;13,10%;13,10%;13,10%;13,10%;13,20%;13,20%;13,20%;13,20%;13,30%;13,00%;13,00%;13,00%;13,10%;13,10%;13,10%;13,10%;13,20%;13,20%;13,20%;13,20%;13,30%;13,30%;13,30%;13,40%;13,40%;13,40%;13,50%;13,50%;13,50%;13,50%;13,60%;13,60%;13,60%;13,70%;13,70%;13,70%;13,70%;13,80%;13,80%;13,80%;13,90%;13,90%;13,90%;14,00%;14,00%;14,00%;14,00%;14,10%;14,10%;14,10%;14,20%;14,20%;14,20%;14,30%;14,30%;14,30%;14,30%;14,40%;14,40%;14,40%;14,40%;14,50%;14,50%;14,50%;14,60%;14,60%;14,60%;14,60%;14,70%;14,70%;14,70%;14,70%;14,80%;14,80%;14,80%;14,80%;14,90%;14,90%;14,90%;14,90%;14,90%;15,00%;15,00%;15,00%;15,10%;15,10%;15,10%;15,10%;15,20%;15,20%;15,20%;15,20%;15,30%;15,30%;15,30%;15,40%;15,40%;15,40%;15,50%;15,50%;15,50%;15,60%;15,60%;15,70%;15,70%;15,70%;15,80%;15,80%;15,90%;15,90%;15,90%;16,00%;16,00%;16,10%;16,10%;16,10%;16,20%;16,20%;16,30%;16,30%;16,30%;16,40%;16,40%;16,50%;16,50%;16,50%;16,60%;16,60%;16,70%;16,70%;16,70%;16,80%;16,80%;16,90%;16,90%;16,90%;17,00%;17,00%;17,10%;17,10%;17,10%;17,20%
521860;RIALMA;11,30%;11,40%;11,40%;11,40%;11,40%;11,50%;11,50%;11,50%;11,60%;11,60%;11,60%;11,70%;11,70%;11,70%;11,80%;11,80%;11,80%;11,90%;11,90%;11,90%;11,90%;12,00%;12,00%;12,00%;12,10%;12,10%;12,10%;12,20%;12,20%;12,20%;12,30%;12,30%;12,30%;12,40%;12,40%;12,40%;12,50%;12,50%;12,50%;12,60%;12,60%;12,60%;12,60%;12,70%;12,70%;12,70%;12,80%;12,80%;12,80%;12,90%;12,90%;12,90%;13,00%;13,00%;13,00%;13,00%;13,10%;13,10%;13,10%;13,20%;13,20%;13,60%;13,60%;13,70%;13,70%;13,70%;13,80%;13,80%;13,80%;13,90%;13,90%;13,90%;13,60%;13,60%;13,60%;13,70%;13,70%;13,70%;13,80%;13,80%;13,80%;13,90%;13,90%;13,90%;14,00%;14,00%;14,00%;14,10%;14,10%;14,10%;14,20%;14,20%;14,20%;14,30%;14,30%;14,30%;14,40%;14,40%;14,40%;14,50%;14,50%;14,60%;14,60%;14,60%;14,70%;14,70%;14,80%;14,80%;14,80%;14,90%;14,90%;14,90%;15,00%;15,00%;15,00%;15,10%;15,10%;15,10%;15,10%;15,20%;15,20%;15,20%;15,30%;15,30%;15,30%;15,40%;15,40%;15,40%;15,50%;15,50%;15,50%;15,60%;15,60%;15,60%;15,60%;15,70%;15,70%;15,70%;15,70%;15,80%;15,80%;15,80%;15,80%;15,90%;15,90%;15,90%;16,00%;16,00%;16,00%;16,10%;16,10%;16,10%;16,20%;16,20%;16,20%;16,30%;16,30%;16,30%;16,40%;16,40%;16,50%;16,50%;16,60%;16,60%;16,70%;16,70%;16,70%;16,80%;16,80%;16,90%;16,90%;17,00%;17,00%;17,10%;17,10%;17,20%;17,20%;17,30%;17,30%;17,40%;17,40%;17,50%;17,50%;17,50%;17,60%;17,60%;17,70%;17,70%;17,80%;17,80%;17,90%;17,90%;18,00%;18,00%;18,00%;18,10%;18,10%;18,20%;18,20%;18,30%;18,30%;18,40%;18,40%;18,40%;18,50%
521870;RIANAPOLIS;11,60%;11,60%;11,70%;11,70%;11,70%;11,70%;11,80%;11,80%;11,80%;11,80%;11,90%;11,90%;11,90%;12,00%;12,00%;12,00%;12,00%;12,10%;12,10%;12,10%;12,20%;12,20%;12,20%;12,30%;12,30%;12,30%;12,40%;12,40%;12,40%;12,50%;12,50%;12,60%;12,60%;12,60%;12,70%;12,70%;12,80%;12,80%;12,80%;12,90%;12,90%;13,00%;13,00%;13,00%;13,10%;13,10%;13,20%;13,20%;13,30%;13,30%;13,30%;13,40%;13,40%;13,50%;13,50%;13,60%;13,60%;13,60%;13,70%;13,70%;13,80%;14,50%;14,50%;14,50%;14,60%;14,60%;14,70%;14,70%;14,80%;14,80%;14,90%;14,90%;14,40%;14,50%;14,50%;14,50%;14,60%;14,60%;14,70%;14,70%;14,80%;14,80%;14,90%;14,90%;15,00%;15,00%;15,00%;15,10%;15,10%;15,20%;15,20%;15,30%;15,30%;15,40%;15,40%;15,50%;15,50%;15,60%;15,60%;15,70%;15,70%;15,80%;15,90%;15,90%;16,00%;16,00%;16,10%;16,10%;16,20%;16,30%;16,30%;16,40%;16,40%;16,50%;16,60%;16,60%;16,70%;16,80%;16,80%;16,90%;16,90%;17,00%;17,00%;17,10%;17,20%;17,20%;17,30%;17,30%;17,40%;17,40%;17,50%;17,50%;17,60%;17,60%;17,70%;17,80%;17,80%;17,90%;18,00%;18,00%;18,10%;18,10%;18,20%;18,30%;18,30%;18,40%;18,40%;18,50%;18,60%;18,60%;18,70%;18,70%;18,80%;18,80%;18,90%;19,00%;19,00%;19,10%;19,20%;19,30%;19,30%;19,40%;19,50%;19,60%;19,60%;19,70%;19,80%;19,90%;20,00%;20,00%;20,10%;20,20%;20,30%;20,30%;20,40%;20,50%;20,60%;20,60%;20,70%;20,80%;20,80%;20,90%;21,00%;21,10%;21,20%;21,30%;21,40%;21,50%;21,60%;21,70%;21,80%;21,90%;22,00%;22,10%;22,20%;22,30%;22,40%;22,50%;22,60%;22,70%;22,80%;23,00%;23,10%;23,20%;23,30%
521878;RIO QUENTE;7,80%;7,80%;7,80%;7,80%;7,90%;7,90%;7,90%;7,90%;8,00%;8,00%;8,00%;8,00%;8,10%;8,10%;8,10%;8,20%;8,20%;8,20%;8,30%;8,30%;8,30%;8,40%;8,40%;8,40%;8,50%;8,50%;8,50%;8,60%;8,60%;8,60%;8,70%;8,70%;8,70%;8,80%;8,80%;8,80%;8,90%;8,90%;8,90%;9,00%;9,00%;9,00%;9,10%;9,10%;9,20%;9,20%;9,20%;9,30%;9,30%;9,30%;9,40%;9,40%;9,50%;9,50%;9,50%;9,60%;9,60%;9,60%;9,70%;9,70%;9,70%;10,20%;10,20%;10,20%;10,30%;10,30%;10,30%;10,40%;10,40%;10,40%;10,50%;10,50%;10,10%;10,20%;10,20%;10,20%;10,30%;10,30%;10,30%;10,40%;10,40%;10,50%;10,50%;10,50%;10,60%;10,60%;10,60%;10,70%;10,70%;10,80%;10,80%;10,90%;10,90%;10,90%;11,00%;11,00%;11,10%;11,10%;11,20%;11,20%;11,30%;11,30%;11,40%;11,40%;11,50%;11,50%;11,50%;11,60%;11,60%;11,70%;11,70%;11,70%;11,80%;11,80%;11,80%;11,80%;11,90%;11,90%;11,90%;12,00%;12,00%;12,00%;12,10%;12,10%;12,10%;12,20%;12,20%;12,20%;12,30%;12,30%;12,30%;12,40%;12,40%;12,50%;12,50%;12,50%;12,60%;12,60%;12,70%;12,70%;12,70%;12,80%;12,80%;12,90%;12,90%;12,90%;13,00%;13,00%;13,00%;13,10%;13,10%;13,10%;13,20%;13,20%;13,20%;13,30%;13,30%;13,30%;13,40%;13,40%;13,40%;13,50%;13,50%;13,50%;13,60%;13,60%;13,60%;13,60%;13,70%;13,70%;13,80%;13,90%;13,90%;14,00%;14,00%;14,10%;14,10%;14,20%;14,30%;14,30%;14,40%;14,40%;14,50%;14,50%;14,50%;14,60%;14,60%;14,70%;14,70%;14,80%;14,80%;14,80%;14,90%;14,90%;15,00%;15,00%;15,00%;15,10%;15,10%;15,20%;15,20%;15,30%;15,30%;15,30%;15,40%
521880;RIO VERDE;7,60%;7,60%;7,60%;7,70%;7,70%;7,70%;7,70%;7,70%;7,70%;7,70%;7,70%;7,70%;7,80%;7,80%;7,80%;7,80%;7,80%;7,80%;7,80%;7,80%;7,90%;7,90%;7,90%;7,90%;7,90%;7,90%;7,90%;7,90%;8,00%;8,00%;8,00%;8,00%;8,00%;8,00%;8,00%;8,10%;8,10%;8,10%;8,10%;8,10%;8,10%;8,10%;8,20%;8,20%;8,20%;8,20%;8,20%;8,20%;8,20%;8,30%;8,30%;8,30%;8,30%;8,30%;8,30%;8,40%;8,40%;8,40%;8,40%;8,40%;8,40%;8,60%;8,70%;8,70%;8,70%;8,70%;8,70%;8,80%;8,80%;8,80%;8,80%;8,80%;8,60%;8,60%;8,70%;8,70%;8,70%;8,70%;8,70%;8,80%;8,80%;8,80%;8,80%;8,80%;8,90%;8,90%;8,90%;8,90%;8,90%;9,00%;9,00%;9,00%;9,00%;9,00%;9,10%;9,10%;9,10%;9,10%;9,10%;9,20%;9,20%;9,20%;9,20%;9,30%;9,30%;9,30%;9,30%;9,40%;9,40%;9,40%;9,40%;9,40%;9,50%;9,50%;9,50%;9,50%;9,60%;9,60%;9,60%;9,60%;9,70%;9,70%;9,70%;9,70%;9,70%;9,80%;9,80%;9,80%;9,80%;9,90%;9,90%;9,90%;9,90%;9,90%;10,00%;10,00%;10,00%;10,00%;10,00%;10,10%;10,10%;10,10%;10,10%;10,10%;10,20%;10,20%;10,20%;10,20%;10,20%;10,30%;10,30%;10,30%;10,30%;10,30%;10,40%;10,40%;10,40%;10,40%;10,50%;10,50%;10,50%;10,50%;10,60%;10,60%;10,60%;10,60%;10,70%;10,70%;10,70%;10,70%;10,80%;10,80%;10,80%;10,80%;10,90%;10,90%;10,90%;10,90%;11,00%;11,00%;11,00%;11,00%;11,10%;11,10%;11,10%;11,10%;11,20%;11,20%;11,20%;11,20%;11,30%;11,30%;11,30%;11,30%;11,40%;11,40%;11,40%;11,40%;11,40%;11,50%;11,50%;11,50%;11,50%;11,60%;11,60%
521890;RUBIATABA;12,00%;12,00%;12,00%;12,10%;12,10%;12,10%;12,20%;12,20%;12,20%;12,20%;12,30%;12,30%;12,30%;12,40%;12,40%;12,40%;12,50%;12,50%;12,50%;12,50%;12,60%;12,60%;12,60%;12,70%;12,70%;12,70%;12,80%;12,80%;12,80%;12,90%;12,90%;12,90%;13,00%;13,00%;13,00%;13,10%;13,10%;13,10%;13,10%;13,20%;13,20%;13,20%;13,30%;13,30%;13,30%;13,40%;13,40%;13,40%;13,50%;13,50%;13,50%;13,60%;13,60%;13,60%;13,70%;13,70%;13,70%;13,80%;13,80%;13,80%;13,80%;14,30%;14,40%;14,40%;14,40%;14,50%;14,50%;14,50%;14,60%;14,60%;14,70%;14,70%;14,30%;14,30%;14,40%;14,40%;14,40%;14,50%;14,50%;14,50%;14,60%;14,60%;14,70%;14,70%;14,70%;14,80%;14,80%;14,90%;14,90%;14,90%;15,00%;15,00%;15,10%;15,10%;15,10%;15,20%;15,20%;15,30%;15,30%;15,30%;15,40%;15,40%;15,50%;15,50%;15,50%;15,60%;15,60%;15,70%;15,70%;15,70%;15,80%;15,80%;15,90%;15,90%;16,00%;16,00%;16,00%;16,10%;16,10%;16,20%;16,20%;16,20%;16,30%;16,30%;16,40%;16,40%;16,40%;16,50%;16,50%;16,60%;16,60%;16,60%;16,70%;16,70%;16,70%;16,80%;16,80%;16,90%;16,90%;16,90%;17,00%;17,00%;17,00%;17,10%;17,10%;17,20%;17,20%;17,20%;17,30%;17,30%;17,40%;17,40%;17,40%;17,50%;17,50%;17,60%;17,60%;17,70%;17,70%;17,80%;17,80%;17,90%;17,90%;18,00%;18,00%;18,10%;18,10%;18,20%;18,20%;18,30%;18,40%;18,40%;18,50%;18,50%;18,60%;18,60%;18,70%;18,80%;18,80%;18,90%;18,90%;19,00%;19,10%;19,10%;19,20%;19,20%;19,30%;19,40%;19,40%;19,50%;19,50%;19,60%;19,70%;19,70%;19,80%;19,80%;19,90%;20,00%;20,00%;20,10%;20,10%;20,20%;20,30%;20,30%;20,40%
521900;SANCLERLANDIA;13,10%;13,20%;13,20%;13,20%;13,30%;13,30%;13,30%;13,40%;13,40%;13,40%;13,50%;13,50%;13,50%;13,60%;13,60%;13,70%;13,70%;13,70%;13,80%;13,80%;13,90%;13,90%;14,00%;14,00%;14,00%;14,10%;14,10%;14,10%;14,20%;14,20%;14,30%;14,30%;14,30%;14,40%;14,40%;14,40%;14,50%;14,50%;14,60%;14,60%;14,60%;14,70%;14,70%;14,70%;14,80%;14,80%;14,80%;14,90%;14,90%;14,90%;15,00%;15,00%;15,00%;15,10%;15,10%;15,10%;15,20%;15,20%;15,30%;15,30%;15,30%;15,90%;15,90%;16,00%;16,00%;16,10%;16,10%;16,10%;16,20%;16,20%;16,30%;16,30%;15,90%;15,90%;15,90%;16,00%;16,00%;16,10%;16,10%;16,10%;16,20%;16,20%;16,30%;16,30%;16,30%;16,40%;16,40%;16,50%;16,50%;16,60%;16,60%;16,70%;16,70%;16,70%;16,80%;16,80%;16,90%;16,90%;17,00%;17,00%;17,10%;17,10%;17,20%;17,20%;17,30%;17,30%;17,40%;17,40%;17,50%;17,50%;17,60%;17,60%;17,70%;17,70%;17,80%;17,80%;17,90%;17,90%;18,00%;18,00%;18,10%;18,10%;18,20%;18,20%;18,30%;18,30%;18,30%;18,40%;18,40%;18,50%;18,50%;18,60%;18,60%;18,70%;18,70%;18,80%;18,80%;18,80%;18,90%;18,90%;19,00%;19,00%;19,10%;19,10%;19,10%;19,20%;19,20%;19,30%;19,30%;19,40%;19,40%;19,50%;19,50%;19,50%;19,60%;19,60%;19,70%;19,70%;19,80%;19,90%;19,90%;20,00%;20,00%;20,10%;20,10%;20,20%;20,30%;20,30%;20,40%;20,40%;20,50%;20,60%;20,60%;20,70%;20,70%;20,80%;20,90%;20,90%;21,00%;21,00%;21,10%;21,20%;21,20%;21,30%;21,30%;21,40%;21,50%;21,50%;21,60%;21,60%;21,70%;21,80%;21,80%;21,90%;21,90%;22,00%;22,10%;22,10%;22,20%;22,20%;22,30%;22,30%;22,40%;22,50%;22,50%
521910;SANTA BARBARA DE GOIAS;9,80%;9,80%;9,90%;9,90%;9,90%;10,00%;10,00%;10,00%;10,00%;10,10%;10,10%;10,10%;10,10%;10,20%;10,20%;10,20%;10,20%;10,20%;10,20%;10,30%;10,30%;10,30%;10,30%;10,30%;10,40%;10,40%;10,40%;10,40%;10,50%;10,50%;10,50%;10,60%;10,60%;10,60%;10,60%;10,70%;10,70%;10,70%;10,80%;10,80%;10,80%;10,80%;10,90%;10,90%;10,90%;11,00%;11,00%;11,00%;11,10%;11,10%;11,10%;11,20%;11,20%;11,20%;11,30%;11,30%;11,30%;11,30%;11,40%;11,40%;11,40%;12,00%;12,00%;12,10%;12,10%;12,10%;12,20%;12,20%;12,30%;12,30%;12,40%;12,40%;11,90%;12,00%;12,00%;12,10%;12,10%;12,10%;12,20%;12,20%;12,30%;12,30%;12,40%;12,40%;12,50%;12,50%;12,50%;12,60%;12,60%;12,70%;12,70%;12,70%;12,80%;12,80%;12,90%;12,90%;13,00%;13,00%;13,10%;13,10%;13,20%;13,20%;13,30%;13,30%;13,40%;13,40%;13,50%;13,50%;13,60%;13,60%;13,70%;13,70%;13,80%;13,90%;13,90%;14,00%;14,00%;14,10%;14,10%;14,20%;14,30%;14,30%;14,40%;14,40%;14,50%;14,50%;14,60%;14,70%;14,70%;14,80%;14,80%;14,90%;14,90%;15,00%;15,00%;15,10%;15,10%;15,20%;15,20%;15,30%;15,30%;15,40%;15,40%;15,50%;15,50%;15,60%;15,60%;15,70%;15,70%;15,80%;15,90%;15,90%;16,00%;16,00%;16,10%;16,20%;16,20%;16,30%;16,40%;16,40%;16,50%;16,60%;16,60%;16,70%;16,70%;16,80%;16,90%;16,90%;17,00%;17,10%;17,10%;17,20%;17,30%;17,30%;17,40%;17,40%;17,50%;17,60%;17,60%;17,70%;17,70%;17,80%;17,80%;17,90%;17,90%;18,00%;18,00%;18,10%;18,10%;18,20%;18,20%;18,30%;18,30%;18,40%;18,40%;18,50%;18,50%;18,60%;18,60%;18,70%;18,70%;18,80%;18,80%;18,90%;18,90%
521920;SANTA CRUZ DE GOIAS;14,60%;14,60%;14,60%;14,70%;14,70%;14,80%;14,80%;14,90%;14,90%;14,90%;15,00%;15,00%;15,10%;15,10%;15,10%;15,20%;15,20%;15,30%;15,30%;15,30%;15,40%;15,40%;15,50%;15,50%;15,50%;15,60%;15,60%;15,60%;15,70%;15,70%;15,80%;15,80%;15,80%;15,90%;15,90%;15,90%;16,00%;16,00%;16,00%;16,10%;16,10%;16,10%;16,20%;16,20%;16,30%;16,30%;16,30%;16,40%;16,40%;16,40%;16,50%;16,50%;16,50%;16,60%;16,60%;16,70%;16,70%;16,70%;16,80%;16,80%;16,80%;17,30%;17,30%;17,40%;17,40%;17,50%;17,50%;17,50%;17,60%;17,60%;17,70%;17,70%;17,30%;17,30%;17,40%;17,40%;17,40%;17,50%;17,50%;17,50%;17,60%;17,60%;17,70%;17,70%;17,70%;17,80%;17,80%;17,90%;17,90%;17,90%;18,00%;18,00%;18,00%;18,10%;18,10%;18,20%;18,20%;18,30%;18,30%;18,40%;18,50%;18,50%;18,60%;18,70%;18,70%;18,80%;18,90%;18,90%;19,00%;19,10%;19,10%;19,20%;19,20%;19,30%;19,40%;19,40%;19,50%;19,60%;19,60%;19,70%;19,80%;19,80%;19,90%;19,90%;20,00%;20,10%;20,10%;20,20%;20,20%;20,30%;20,30%;20,40%;20,50%;20,50%;20,60%;20,60%;20,70%;20,70%;20,80%;20,80%;20,90%;20,90%;21,00%;21,10%;21,10%;21,20%;21,30%;21,30%;21,40%;21,50%;21,60%;21,60%;21,70%;21,80%;21,90%;21,90%;22,00%;22,10%;22,20%;22,30%;22,40%;22,40%;22,50%;22,60%;22,70%;22,80%;22,90%;23,00%;23,00%;23,10%;23,20%;23,30%;23,40%;23,50%;23,60%;23,70%;23,80%;23,90%;24,00%;24,00%;24,10%;24,20%;24,30%;24,40%;24,40%;24,50%;24,60%;24,70%;24,80%;24,80%;24,90%;25,00%;25,10%;25,10%;25,20%;25,30%;25,40%;25,50%;25,50%;25,60%;25,70%;25,80%;25,80%;25,90%;26,00%
521925;SANTA FE DE GOIAS;9,30%;9,30%;9,30%;9,40%;9,40%;9,40%;9,40%;9,50%;9,50%;9,50%;9,50%;9,60%;9,60%;9,60%;9,70%;9,70%;9,70%;9,70%;9,80%;9,80%;9,80%;9,90%;9,90%;9,90%;10,00%;10,00%;10,00%;10,00%;10,00%;10,10%;10,10%;10,10%;10,10%;10,20%;10,20%;10,20%;10,20%;10,30%;10,30%;10,30%;10,40%;10,40%;10,50%;10,50%;10,50%;10,60%;10,60%;10,60%;10,70%;10,70%;10,70%;10,80%;10,80%;10,80%;10,90%;10,90%;10,90%;11,00%;11,00%;11,00%;11,10%;11,50%;11,60%;11,60%;11,60%;11,70%;11,70%;11,70%;11,80%;11,80%;11,80%;11,90%;11,50%;11,50%;11,60%;11,60%;11,60%;11,70%;11,70%;11,70%;11,80%;11,80%;11,80%;11,80%;11,90%;11,90%;12,00%;12,00%;12,10%;12,10%;12,20%;12,20%;12,30%;12,30%;12,40%;12,40%;12,50%;12,50%;12,60%;12,60%;12,70%;12,70%;12,80%;12,80%;12,90%;12,90%;13,00%;13,00%;13,00%;13,10%;13,20%;13,20%;13,30%;13,30%;13,40%;13,40%;13,50%;13,50%;13,60%;13,60%;13,70%;13,70%;13,80%;13,90%;13,90%;14,00%;14,00%;14,10%;14,10%;14,20%;14,20%;14,30%;14,30%;14,40%;14,40%;14,50%;14,50%;14,60%;14,60%;14,60%;14,70%;14,70%;14,80%;14,80%;14,90%;14,90%;15,00%;15,00%;15,10%;15,10%;15,20%;15,30%;15,30%;15,40%;15,40%;15,50%;15,50%;15,60%;15,60%;15,70%;15,80%;15,80%;15,90%;15,90%;16,00%;16,00%;16,10%;16,20%;16,20%;16,30%;16,30%;16,40%;16,40%;16,50%;16,50%;16,60%;16,60%;16,70%;16,70%;16,80%;16,80%;16,90%;16,90%;17,00%;17,00%;17,10%;17,10%;17,20%;17,30%;17,30%;17,40%;17,40%;17,50%;17,50%;17,60%;17,60%;17,70%;17,70%;17,80%;17,90%;17,90%;18,00%;18,00%;18,10%;18,10%
521930;SANTA HELENA DE GOIAS;10,60%;10,60%;10,70%;10,70%;10,70%;10,80%;10,80%;10,80%;10,80%;10,90%;10,90%;10,90%;11,00%;11,00%;11,00%;11,10%;11,10%;11,10%;11,10%;11,20%;11,20%;11,20%;11,30%;11,30%;11,30%;11,40%;11,40%;11,40%;11,50%;11,50%;11,50%;11,60%;11,60%;11,60%;11,70%;11,70%;11,70%;11,80%;11,80%;11,80%;11,90%;11,90%;11,90%;12,00%;12,00%;12,00%;12,00%;12,10%;12,10%;12,10%;12,20%;12,20%;12,30%;12,30%;12,30%;12,40%;12,40%;12,40%;12,50%;12,50%;12,50%;13,00%;13,00%;13,10%;13,10%;13,20%;13,20%;13,20%;13,30%;13,30%;13,40%;13,40%;13,00%;13,00%;13,00%;13,10%;13,10%;13,20%;13,20%;13,20%;13,30%;13,30%;13,40%;13,40%;13,40%;13,50%;13,50%;13,60%;13,60%;13,60%;13,70%;13,70%;13,80%;13,80%;13,90%;13,90%;13,90%;14,00%;14,00%;14,10%;14,10%;14,20%;14,20%;14,30%;14,30%;14,30%;14,40%;14,40%;14,50%;14,50%;14,60%;14,60%;14,70%;14,70%;14,80%;14,80%;14,80%;14,90%;14,90%;15,00%;15,00%;15,10%;15,10%;15,10%;15,20%;15,20%;15,30%;15,30%;15,40%;15,40%;15,40%;15,50%;15,50%;15,60%;15,60%;15,70%;15,70%;15,70%;15,80%;15,80%;15,90%;15,90%;15,90%;16,00%;16,00%;16,10%;16,10%;16,20%;16,20%;16,20%;16,30%;16,30%;16,40%;16,40%;16,50%;16,50%;16,60%;16,60%;16,70%;16,70%;16,80%;16,80%;16,90%;16,90%;17,00%;17,10%;17,10%;17,20%;17,20%;17,30%;17,30%;17,40%;17,40%;17,50%;17,60%;17,60%;17,70%;17,70%;17,80%;17,80%;17,90%;17,90%;18,00%;18,10%;18,10%;18,20%;18,20%;18,30%;18,40%;18,40%;18,50%;18,50%;18,60%;18,70%;18,70%;18,80%;18,80%;18,90%;19,00%;19,00%;19,10%;19,10%;19,20%;19,20%;19,30%
521935;SANTA ISABEL;14,50%;14,60%;14,60%;14,70%;14,70%;14,80%;14,80%;14,90%;14,90%;15,00%;15,00%;15,10%;15,10%;15,20%;15,20%;15,30%;15,30%;15,30%;15,40%;15,40%;15,50%;15,50%;15,60%;15,60%;15,60%;15,70%;15,70%;15,80%;15,80%;15,90%;15,90%;16,00%;16,00%;16,00%;16,10%;16,10%;16,20%;16,20%;16,30%;16,30%;16,40%;16,40%;16,50%;16,50%;16,60%;16,60%;16,60%;16,70%;16,70%;16,80%;16,80%;16,90%;16,90%;17,00%;17,00%;17,10%;17,10%;17,20%;17,20%;17,30%;17,30%;18,20%;18,20%;18,30%;18,30%;18,40%;18,40%;18,50%;18,50%;18,60%;18,60%;18,70%;18,10%;18,10%;18,20%;18,20%;18,30%;18,30%;18,40%;18,40%;18,50%;18,50%;18,60%;18,60%;18,70%;18,80%;18,90%;18,90%;19,00%;19,10%;19,20%;19,20%;19,30%;19,40%;19,50%;19,50%;19,60%;19,70%;19,70%;19,80%;19,90%;19,90%;20,00%;20,10%;20,20%;20,20%;20,30%;20,40%;20,40%;20,50%;20,60%;20,60%;20,70%;20,80%;20,80%;20,90%;21,00%;21,00%;21,10%;21,20%;21,20%;21,30%;21,40%;21,50%;21,60%;21,70%;21,80%;21,80%;21,90%;22,00%;22,10%;22,20%;22,30%;22,30%;22,40%;22,50%;22,50%;22,60%;22,70%;22,70%;22,80%;22,90%;22,90%;23,00%;23,00%;23,10%;23,20%;23,30%;23,30%;23,40%;23,50%;23,60%;23,60%;23,70%;23,80%;23,90%;23,90%;24,00%;24,10%;24,20%;24,30%;24,50%;24,60%;24,70%;24,80%;24,90%;25,00%;25,10%;25,20%;25,30%;25,30%;25,40%;25,50%;25,60%;25,60%;25,70%;25,80%;25,80%;25,90%;26,00%;26,10%;26,20%;26,30%;26,40%;26,50%;26,60%;26,70%;26,70%;26,80%;26,90%;27,00%;27,10%;27,20%;27,30%;27,40%;27,50%;27,60%;27,70%;27,80%;27,90%;28,00%;28,10%;28,20%;28,30%;28,40%
521940;SANTA RITA DO ARAGUAIA;10,10%;10,10%;10,20%;10,20%;10,20%;10,20%;10,30%;10,30%;10,30%;10,30%;10,30%;10,40%;10,40%;10,40%;10,40%;10,50%;10,50%;10,50%;10,60%;10,60%;10,60%;10,70%;10,70%;10,70%;10,80%;10,80%;10,80%;10,80%;10,90%;10,90%;10,90%;11,00%;11,00%;11,00%;11,10%;11,10%;11,10%;11,20%;11,20%;11,20%;11,30%;11,30%;11,40%;11,40%;11,40%;11,50%;11,50%;11,60%;11,60%;11,60%;11,70%;11,70%;11,80%;11,80%;11,90%;11,90%;11,90%;12,00%;12,00%;12,10%;12,10%;12,70%;12,70%;12,80%;12,80%;12,80%;12,90%;12,90%;13,00%;13,00%;13,10%;13,10%;12,60%;12,70%;12,70%;12,80%;12,80%;12,80%;12,90%;12,90%;13,00%;13,00%;13,10%;13,10%;13,20%;13,20%;13,30%;13,30%;13,40%;13,40%;13,50%;13,60%;13,60%;13,70%;13,70%;13,80%;13,80%;13,90%;13,90%;14,00%;14,00%;14,10%;14,10%;14,10%;14,20%;14,20%;14,30%;14,30%;14,40%;14,40%;14,50%;14,50%;14,50%;14,60%;14,60%;14,70%;14,70%;14,70%;14,80%;14,80%;14,90%;14,90%;15,00%;15,00%;15,10%;15,10%;15,10%;15,20%;15,20%;15,30%;15,30%;15,40%;15,40%;15,50%;15,50%;15,50%;15,60%;15,60%;15,70%;15,70%;15,70%;15,80%;15,80%;15,90%;15,90%;16,00%;16,00%;16,00%;16,10%;16,10%;16,20%;16,20%;16,30%;16,30%;16,40%;16,40%;16,50%;16,50%;16,60%;16,60%;16,70%;16,70%;16,80%;16,90%;16,90%;17,00%;17,00%;17,10%;17,10%;17,20%;17,20%;17,30%;17,40%;17,40%;17,50%;17,50%;17,60%;17,60%;17,70%;17,70%;17,80%;17,80%;17,90%;18,00%;18,00%;18,10%;18,20%;18,20%;18,30%;18,40%;18,40%;18,50%;18,50%;18,60%;18,70%;18,70%;18,80%;18,90%;18,90%;19,00%;19,10%;19,10%;19,20%;19,30%;19,30%
521945;SANTA RITA DO NOVO DESTINO;11,00%;11,10%;11,10%;11,10%;11,20%;11,20%;11,30%;11,30%;11,40%;11,40%;11,50%;11,50%;11,60%;11,60%;11,70%;11,80%;11,80%;11,90%;11,90%;12,00%;12,00%;12,10%;12,20%;12,20%;12,30%;12,30%;12,40%;12,40%;12,50%;12,60%;12,60%;12,70%;12,70%;12,80%;12,80%;12,90%;12,90%;13,00%;13,00%;13,10%;13,20%;13,20%;13,30%;13,30%;13,40%;13,40%;13,50%;13,50%;13,60%;13,70%;13,70%;13,80%;13,90%;13,90%;14,00%;14,00%;14,10%;14,20%;14,20%;14,30%;14,40%;15,20%;15,30%;15,30%;15,40%;15,50%;15,50%;15,60%;15,70%;15,70%;15,80%;15,80%;15,20%;15,20%;15,30%;15,30%;15,40%;15,50%;15,50%;15,60%;15,70%;15,70%;15,80%;15,80%;15,90%;16,00%;16,10%;16,10%;16,20%;16,30%;16,30%;16,40%;16,50%;16,60%;16,60%;16,70%;16,80%;16,90%;16,90%;17,00%;17,10%;17,10%;17,20%;17,30%;17,30%;17,40%;17,50%;17,50%;17,60%;17,70%;17,80%;17,80%;17,90%;18,00%;18,10%;18,20%;18,20%;18,30%;18,40%;18,50%;18,50%;18,60%;18,70%;18,70%;18,80%;18,80%;18,90%;19,00%;19,00%;19,10%;19,20%;19,20%;19,30%;19,40%;19,40%;19,50%;19,60%;19,70%;19,70%;19,80%;19,90%;20,00%;20,00%;20,10%;20,20%;20,30%;20,30%;20,40%;20,50%;20,60%;20,70%;20,80%;20,80%;20,90%;21,00%;21,10%;21,20%;21,30%;21,40%;21,40%;21,50%;21,60%;21,70%;21,80%;21,90%;22,00%;22,00%;22,10%;22,20%;22,30%;22,40%;22,50%;22,60%;22,60%;22,70%;22,80%;22,90%;23,00%;23,10%;23,10%;23,20%;23,30%;23,40%;23,60%;23,70%;23,80%;23,90%;24,00%;24,10%;24,20%;24,40%;24,50%;24,60%;24,70%;24,80%;24,90%;25,10%;25,20%;25,30%;25,40%;25,50%;25,60%;25,80%;25,90%;26,00%
521950;SANTA ROSA DE GOIAS;14,00%;14,00%;14,10%;14,10%;14,10%;14,20%;14,20%;14,20%;14,30%;14,30%;14,40%;14,40%;14,40%;14,50%;14,50%;14,50%;14,60%;14,60%;14,70%;14,70%;14,70%;14,80%;14,80%;14,80%;14,90%;14,90%;15,00%;15,00%;15,10%;15,10%;15,20%;15,20%;15,30%;15,30%;15,40%;15,40%;15,50%;15,50%;15,60%;15,70%;15,70%;15,80%;15,90%;15,90%;16,00%;16,10%;16,10%;16,20%;16,30%;16,30%;16,40%;16,40%;16,50%;16,60%;16,60%;16,70%;16,70%;16,80%;16,90%;16,90%;17,00%;17,70%;17,80%;17,80%;17,90%;18,00%;18,10%;18,20%;18,20%;18,30%;18,40%;18,50%;17,60%;17,70%;17,80%;17,90%;18,00%;18,00%;18,10%;18,20%;18,30%;18,30%;18,40%;18,50%;18,60%;18,60%;18,70%;18,80%;18,90%;18,90%;19,00%;19,10%;19,10%;19,20%;19,30%;19,40%;19,40%;19,50%;19,50%;19,60%;19,70%;19,70%;19,80%;19,80%;19,90%;20,00%;20,00%;20,10%;20,10%;20,20%;20,20%;20,30%;20,40%;20,40%;20,50%;20,50%;20,60%;20,60%;20,70%;20,70%;20,80%;20,90%;21,00%;21,00%;21,10%;21,20%;21,30%;21,30%;21,40%;21,50%;21,60%;21,70%;21,70%;21,80%;21,80%;21,90%;22,00%;22,00%;22,10%;22,10%;22,20%;22,20%;22,30%;22,30%;22,40%;22,40%;22,50%;22,60%;22,60%;22,70%;22,70%;22,80%;22,80%;22,90%;23,00%;23,00%;23,10%;23,10%;23,20%;23,30%;23,30%;23,40%;23,50%;23,50%;23,60%;23,70%;23,80%;23,80%;23,90%;24,00%;24,00%;24,10%;24,20%;24,20%;24,30%;24,40%;24,40%;24,50%;24,60%;24,60%;24,70%;24,80%;24,90%;25,00%;25,10%;25,20%;25,20%;25,30%;25,40%;25,50%;25,60%;25,70%;25,80%;25,90%;26,00%;26,00%;26,10%;26,20%;26,30%;26,40%;26,50%;26,60%;26,70%;26,80%;26,90%
521960;SANTA TEREZA DE GOIAS;14,00%;14,10%;14,10%;14,20%;14,20%;14,20%;14,30%;14,30%;14,40%;14,40%;14,40%;14,50%;14,50%;14,60%;14,60%;14,70%;14,70%;14,70%;14,80%;14,80%;14,90%;14,90%;15,00%;15,00%;15,10%;15,10%;15,20%;15,20%;15,20%;15,30%;15,30%;15,40%;15,40%;15,50%;15,50%;15,60%;15,60%;15,70%;15,70%;15,80%;15,80%;15,90%;15,90%;16,00%;16,00%;16,10%;16,10%;16,20%;16,20%;16,30%;16,30%;16,40%;16,40%;16,50%;16,50%;16,60%;16,60%;16,70%;16,70%;16,80%;16,80%;17,60%;17,60%;17,70%;17,70%;17,80%;17,80%;17,90%;17,90%;18,00%;18,00%;18,10%;17,50%;17,60%;17,60%;17,70%;17,70%;17,80%;17,80%;17,90%;17,90%;18,00%;18,00%;18,10%;18,10%;18,20%;18,30%;18,30%;18,40%;18,50%;18,50%;18,60%;18,70%;18,70%;18,80%;18,90%;18,90%;19,00%;19,10%;19,10%;19,20%;19,20%;19,30%;19,30%;19,40%;19,50%;19,50%;19,60%;19,60%;19,70%;19,80%;19,80%;19,90%;20,00%;20,00%;20,10%;20,20%;20,20%;20,30%;20,30%;20,40%;20,50%;20,50%;20,60%;20,60%;20,70%;20,70%;20,80%;20,80%;20,90%;21,00%;21,00%;21,10%;21,10%;21,20%;21,20%;21,30%;21,30%;21,40%;21,40%;21,50%;21,50%;21,60%;21,70%;21,70%;21,80%;21,80%;21,90%;22,00%;22,00%;22,10%;22,20%;22,30%;22,30%;22,40%;22,50%;22,50%;22,60%;22,70%;22,70%;22,80%;22,90%;23,00%;23,00%;23,10%;23,20%;23,30%;23,30%;23,40%;23,50%;23,50%;23,60%;23,70%;23,70%;23,80%;23,80%;23,90%;24,00%;24,00%;24,10%;24,20%;24,20%;24,30%;24,40%;24,50%;24,50%;24,60%;24,70%;24,80%;24,80%;24,90%;25,00%;25,10%;25,10%;25,20%;25,30%;25,40%;25,50%;25,50%;25,60%;25,70%;25,80%;25,80%;25,90%;26,00%
521970;SANTA TEREZINHA DE GOIAS;11,50%;11,50%;11,60%;11,60%;11,60%;11,70%;11,70%;11,70%;11,80%;11,80%;11,90%;11,90%;11,90%;12,00%;12,00%;12,10%;12,10%;12,20%;12,20%;12,30%;12,30%;12,30%;12,40%;12,40%;12,50%;12,50%;12,60%;12,60%;12,70%;12,70%;12,70%;12,80%;12,80%;12,90%;12,90%;13,00%;13,00%;13,10%;13,10%;13,20%;13,20%;13,20%;13,30%;13,30%;13,40%;13,40%;13,50%;13,50%;13,60%;13,60%;13,70%;13,70%;13,80%;13,80%;13,90%;13,90%;14,00%;14,00%;14,10%;14,10%;14,20%;14,80%;14,80%;14,90%;14,90%;15,00%;15,00%;15,10%;15,10%;15,20%;15,20%;15,30%;14,70%;14,80%;14,80%;14,90%;14,90%;15,00%;15,00%;15,10%;15,10%;15,20%;15,20%;15,30%;15,30%;15,40%;15,50%;15,50%;15,60%;15,60%;15,70%;15,70%;15,80%;15,90%;15,90%;16,00%;16,00%;16,10%;16,10%;16,20%;16,30%;16,30%;16,40%;16,40%;16,50%;16,50%;16,60%;16,60%;16,70%;16,80%;16,80%;16,90%;16,90%;17,00%;17,00%;17,10%;17,10%;17,20%;17,20%;17,30%;17,30%;17,40%;17,40%;17,50%;17,50%;17,60%;17,60%;17,70%;17,70%;17,80%;17,90%;17,90%;18,00%;18,00%;18,10%;18,10%;18,20%;18,20%;18,30%;18,30%;18,40%;18,40%;18,50%;18,50%;18,60%;18,60%;18,70%;18,70%;18,80%;18,80%;18,90%;18,90%;19,00%;19,00%;19,10%;19,10%;19,20%;19,20%;19,30%;19,40%;19,40%;19,50%;19,60%;19,60%;19,70%;19,80%;19,90%;19,90%;20,00%;20,00%;20,10%;20,20%;20,20%;20,30%;20,30%;20,40%;20,50%;20,50%;20,60%;20,60%;20,70%;20,80%;20,80%;20,90%;21,00%;21,10%;21,10%;21,20%;21,30%;21,30%;21,40%;21,50%;21,50%;21,60%;21,70%;21,80%;21,80%;21,90%;22,00%;22,00%;22,10%;22,20%;22,30%;22,30%;22,40%
521971;SANTO ANTONIO DA BARRA;10,80%;10,90%;10,90%;10,90%;11,00%;11,00%;11,00%;11,10%;11,10%;11,10%;11,20%;11,20%;11,20%;11,30%;11,30%;11,40%;11,40%;11,50%;11,50%;11,60%;11,60%;11,70%;11,70%;11,80%;11,80%;11,80%;11,90%;11,90%;11,90%;11,90%;12,00%;12,00%;12,00%;12,00%;12,10%;12,10%;12,10%;12,10%;12,20%;12,20%;12,30%;12,30%;12,30%;12,40%;12,40%;12,40%;12,50%;12,50%;12,60%;12,60%;12,60%;12,70%;12,70%;12,80%;12,80%;12,80%;12,90%;12,90%;13,00%;13,00%;13,00%;13,40%;13,50%;13,50%;13,60%;13,60%;13,70%;13,70%;13,80%;13,80%;13,90%;13,90%;13,40%;13,40%;13,50%;13,50%;13,60%;13,60%;13,70%;13,70%;13,80%;13,80%;13,90%;13,90%;14,00%;14,00%;14,10%;14,10%;14,10%;14,20%;14,20%;14,30%;14,30%;14,30%;14,40%;14,40%;14,50%;14,50%;14,50%;14,60%;14,60%;14,70%;14,70%;14,70%;14,80%;14,80%;14,90%;14,90%;14,90%;15,00%;15,00%;15,10%;15,10%;15,20%;15,20%;15,20%;15,30%;15,30%;15,40%;15,40%;15,40%;15,50%;15,50%;15,60%;15,60%;15,70%;15,70%;15,80%;15,80%;15,90%;15,90%;16,00%;16,00%;16,10%;16,10%;16,10%;16,10%;16,20%;16,20%;16,20%;16,20%;16,30%;16,30%;16,30%;16,30%;16,40%;16,40%;16,50%;16,50%;16,60%;16,60%;16,70%;16,70%;16,80%;16,80%;16,90%;16,90%;17,00%;17,00%;17,00%;17,10%;17,10%;17,10%;17,20%;17,20%;17,30%;17,30%;17,30%;17,40%;17,40%;17,50%;17,50%;17,60%;17,60%;17,70%;17,80%;17,80%;17,90%;17,90%;18,00%;18,00%;18,10%;18,10%;18,20%;18,20%;18,20%;18,30%;18,30%;18,40%;18,40%;18,50%;18,50%;18,60%;18,60%;18,60%;18,70%;18,70%;18,80%;18,80%;18,90%;18,90%;19,00%;19,00%;19,00%;19,10%
521973;SANTO ANTONIO DE GOIAS;7,50%;7,50%;7,50%;7,50%;7,60%;7,60%;7,60%;7,60%;7,70%;7,70%;7,70%;7,70%;7,80%;7,80%;7,80%;7,80%;7,80%;7,80%;7,90%;7,90%;7,90%;7,90%;7,90%;7,90%;8,00%;8,00%;8,00%;8,00%;8,10%;8,10%;8,10%;8,10%;8,10%;8,20%;8,20%;8,20%;8,20%;8,30%;8,30%;8,30%;8,40%;8,40%;8,40%;8,40%;8,50%;8,50%;8,50%;8,60%;8,60%;8,60%;8,70%;8,70%;8,70%;8,80%;8,80%;8,80%;8,90%;8,90%;8,90%;9,00%;9,00%;9,40%;9,50%;9,50%;9,50%;9,60%;9,60%;9,70%;9,70%;9,80%;9,80%;9,80%;9,40%;9,40%;9,50%;9,50%;9,60%;9,60%;9,60%;9,70%;9,70%;9,80%;9,80%;9,80%;9,90%;9,90%;10,00%;10,00%;10,10%;10,10%;10,20%;10,20%;10,20%;10,30%;10,30%;10,40%;10,40%;10,50%;10,50%;10,60%;10,60%;10,70%;10,70%;10,80%;10,80%;10,80%;10,90%;10,90%;11,00%;11,00%;11,10%;11,10%;11,20%;11,20%;11,30%;11,30%;11,40%;11,40%;11,50%;11,50%;11,50%;11,60%;11,60%;11,70%;11,70%;11,80%;11,80%;11,90%;11,90%;11,90%;12,00%;12,00%;12,10%;12,10%;12,10%;12,20%;12,20%;12,30%;12,30%;12,30%;12,40%;12,40%;12,50%;12,50%;12,50%;12,60%;12,60%;12,70%;12,70%;12,70%;12,80%;12,80%;12,90%;12,90%;13,00%;13,00%;13,00%;13,10%;13,10%;13,20%;13,20%;13,30%;13,30%;13,30%;13,40%;13,40%;13,50%;13,50%;13,60%;13,60%;13,60%;13,70%;13,70%;13,80%;13,80%;13,80%;13,90%;13,90%;14,00%;14,00%;14,00%;14,10%;14,10%;14,20%;14,20%;14,30%;14,30%;14,30%;14,40%;14,40%;14,50%;14,50%;14,50%;14,60%;14,60%;14,60%;14,70%;14,70%;14,80%;14,80%;14,80%;14,90%;14,90%;15,00%;15,00%
521975;SANTO ANTONIO DO DESCOBERTO;5,70%;5,70%;5,80%;5,80%;5,80%;5,80%;5,80%;5,80%;5,80%;5,90%;5,90%;5,90%;5,90%;5,90%;5,90%;6,00%;6,00%;6,00%;6,00%;6,00%;6,00%;6,10%;6,10%;6,10%;6,10%;6,10%;6,10%;6,20%;6,20%;6,20%;6,20%;6,20%;6,30%;6,30%;6,30%;6,30%;6,30%;6,30%;6,40%;6,40%;6,40%;6,40%;6,40%;6,50%;6,50%;6,50%;6,50%;6,50%;6,60%;6,60%;6,60%;6,60%;6,60%;6,70%;6,70%;6,70%;6,70%;6,70%;6,80%;6,80%;6,80%;7,10%;7,10%;7,10%;7,10%;7,20%;7,20%;7,20%;7,20%;7,30%;7,30%;7,30%;7,10%;7,10%;7,10%;7,10%;7,10%;7,20%;7,20%;7,20%;7,20%;7,30%;7,30%;7,30%;7,30%;7,40%;7,40%;7,40%;7,40%;7,50%;7,50%;7,50%;7,50%;7,60%;7,60%;7,60%;7,60%;7,70%;7,70%;7,70%;7,70%;7,80%;7,80%;7,80%;7,90%;7,90%;7,90%;7,90%;8,00%;8,00%;8,00%;8,00%;8,10%;8,10%;8,10%;8,20%;8,20%;8,20%;8,20%;8,30%;8,30%;8,30%;8,40%;8,40%;8,40%;8,40%;8,50%;8,50%;8,50%;8,50%;8,60%;8,60%;8,60%;8,70%;8,70%;8,70%;8,70%;8,80%;8,80%;8,80%;8,80%;8,90%;8,90%;8,90%;8,90%;9,00%;9,00%;9,00%;9,10%;9,10%;9,10%;9,20%;9,20%;9,20%;9,20%;9,30%;9,30%;9,30%;9,40%;9,40%;9,40%;9,50%;9,50%;9,50%;9,60%;9,60%;9,70%;9,70%;9,70%;9,80%;9,80%;9,80%;9,90%;9,90%;10,00%;10,00%;10,00%;10,10%;10,10%;10,20%;10,20%;10,20%;10,30%;10,30%;10,40%;10,40%;10,40%;10,50%;10,50%;10,60%;10,60%;10,60%;10,70%;10,70%;10,80%;10,80%;10,80%;10,90%;10,90%;10,90%;11,00%;11,00%;11,10%;11,10%;11,10%
521980;SAO DOMINGOS;9,70%;9,70%;9,70%;9,80%;9,80%;9,80%;9,80%;9,80%;9,80%;9,90%;9,90%;9,90%;9,90%;10,00%;10,00%;10,00%;10,10%;10,10%;10,10%;10,20%;10,20%;10,20%;10,20%;10,30%;10,30%;10,30%;10,40%;10,40%;10,40%;10,50%;10,50%;10,50%;10,60%;10,60%;10,60%;10,70%;10,70%;10,70%;10,80%;10,80%;10,90%;10,90%;10,90%;11,00%;11,00%;11,00%;11,10%;11,10%;11,20%;11,20%;11,20%;11,30%;11,30%;11,40%;11,40%;11,50%;11,50%;11,50%;11,60%;11,60%;11,70%;12,20%;12,20%;12,30%;12,30%;12,40%;12,40%;12,50%;12,50%;12,60%;12,60%;12,60%;12,20%;12,20%;12,20%;12,30%;12,30%;12,40%;12,40%;12,50%;12,50%;12,60%;12,60%;12,60%;12,70%;12,70%;12,80%;12,80%;12,90%;12,90%;13,00%;13,00%;13,10%;13,10%;13,20%;13,20%;13,30%;13,30%;13,30%;13,40%;13,40%;13,50%;13,50%;13,60%;13,60%;13,70%;13,70%;13,80%;13,80%;13,90%;13,90%;14,00%;14,00%;14,10%;14,10%;14,20%;14,20%;14,30%;14,30%;14,40%;14,40%;14,50%;14,50%;14,60%;14,60%;14,70%;14,70%;14,80%;14,80%;14,90%;14,90%;15,00%;15,10%;15,10%;15,10%;15,20%;15,20%;15,30%;15,30%;15,40%;15,40%;15,40%;15,50%;15,50%;15,60%;15,60%;15,70%;15,70%;15,80%;15,80%;15,90%;15,90%;16,00%;16,00%;16,10%;16,10%;16,20%;16,20%;16,30%;16,40%;16,40%;16,50%;16,60%;16,60%;16,70%;16,80%;16,80%;16,90%;17,00%;17,00%;17,10%;17,20%;17,20%;17,30%;17,40%;17,40%;17,50%;17,60%;17,60%;17,70%;17,80%;17,80%;17,90%;18,00%;18,00%;18,10%;18,10%;18,20%;18,20%;18,30%;18,40%;18,40%;18,50%;18,50%;18,60%;18,60%;18,70%;18,80%;18,80%;18,90%;18,90%;19,00%;19,10%;19,10%;19,20%
521990;SAO FRANCISCO DE GOIAS;12,70%;12,80%;12,80%;12,80%;12,90%;12,90%;12,90%;13,00%;13,00%;13,00%;13,10%;13,10%;13,10%;13,20%;13,20%;13,20%;13,30%;13,30%;13,30%;13,40%;13,40%;13,40%;13,50%;13,50%;13,50%;13,60%;13,60%;13,60%;13,70%;13,70%;13,70%;13,80%;13,80%;13,80%;13,90%;13,90%;14,00%;14,00%;14,00%;14,00%;14,10%;14,10%;14,10%;14,10%;14,20%;14,20%;14,20%;14,20%;14,30%;14,30%;14,30%;14,30%;14,40%;14,40%;14,40%;14,50%;14,50%;14,50%;14,60%;14,60%;14,60%;15,20%;15,20%;15,20%;15,30%;15,30%;15,30%;15,40%;15,40%;15,50%;15,50%;15,50%;15,10%;15,10%;15,20%;15,20%;15,30%;15,30%;15,30%;15,40%;15,40%;15,50%;15,50%;15,50%;15,60%;15,60%;15,60%;15,70%;15,70%;15,70%;15,80%;15,80%;15,80%;15,90%;15,90%;15,90%;16,00%;16,00%;16,10%;16,10%;16,10%;16,20%;16,20%;16,30%;16,30%;16,40%;16,40%;16,50%;16,50%;16,60%;16,60%;16,70%;16,70%;16,80%;16,80%;16,90%;16,90%;17,00%;17,00%;17,10%;17,10%;17,20%;17,20%;17,30%;17,30%;17,30%;17,40%;17,40%;17,50%;17,50%;17,50%;17,60%;17,60%;17,70%;17,70%;17,70%;17,70%;17,80%;17,80%;17,80%;17,90%;17,90%;17,90%;18,00%;18,00%;18,00%;18,10%;18,10%;18,20%;18,20%;18,20%;18,30%;18,30%;18,40%;18,40%;18,40%;18,50%;18,50%;18,60%;18,60%;18,70%;18,70%;18,80%;18,80%;18,90%;18,90%;19,00%;19,10%;19,10%;19,20%;19,20%;19,30%;19,30%;19,40%;19,40%;19,50%;19,50%;19,60%;19,60%;19,70%;19,80%;19,80%;19,90%;19,90%;20,00%;20,00%;20,10%;20,10%;20,20%;20,20%;20,30%;20,40%;20,40%;20,50%;20,50%;20,60%;20,60%;20,70%;20,70%;20,80%;20,80%;20,90%;21,00%;21,00%;21,10%
522000;SAO JOAO D'ALIANCA;8,10%;8,10%;8,20%;8,20%;8,20%;8,20%;8,20%;8,20%;8,20%;8,20%;8,20%;8,20%;8,20%;8,20%;8,20%;8,20%;8,20%;8,20%;8,30%;8,30%;8,30%;8,30%;8,30%;8,30%;8,30%;8,30%;8,30%;8,30%;8,30%;8,30%;8,30%;8,30%;8,40%;8,40%;8,40%;8,40%;8,40%;8,40%;8,40%;8,40%;8,40%;8,40%;8,40%;8,50%;8,50%;8,50%;8,50%;8,50%;8,50%;8,50%;8,50%;8,50%;8,50%;8,50%;8,60%;8,60%;8,60%;8,60%;8,60%;8,60%;8,60%;8,70%;8,80%;8,80%;8,80%;8,80%;8,80%;8,80%;8,80%;8,80%;8,90%;8,90%;8,70%;8,80%;8,80%;8,80%;8,80%;8,80%;8,80%;8,80%;8,80%;8,80%;8,90%;8,90%;8,90%;8,90%;8,90%;8,90%;8,90%;9,00%;9,00%;9,00%;9,00%;9,00%;9,00%;9,10%;9,10%;9,10%;9,10%;9,10%;9,20%;9,20%;9,20%;9,20%;9,20%;9,30%;9,30%;9,30%;9,30%;9,30%;9,40%;9,40%;9,40%;9,40%;9,50%;9,50%;9,50%;9,50%;9,50%;9,60%;9,60%;9,60%;9,60%;9,70%;9,70%;9,70%;9,70%;9,70%;9,80%;9,80%;9,80%;9,80%;9,80%;9,90%;9,90%;9,90%;9,90%;9,90%;10,00%;10,00%;10,00%;10,00%;10,00%;10,10%;10,10%;10,10%;10,10%;10,10%;10,10%;10,20%;10,20%;10,20%;10,20%;10,20%;10,20%;10,30%;10,30%;10,30%;10,30%;10,40%;10,40%;10,40%;10,40%;10,50%;10,50%;10,50%;10,50%;10,60%;10,60%;10,60%;10,60%;10,60%;10,70%;10,70%;10,70%;10,70%;10,80%;10,80%;10,80%;10,80%;10,80%;10,90%;10,90%;10,90%;10,90%;10,90%;11,00%;11,00%;11,00%;11,00%;11,00%;11,10%;11,10%;11,10%;11,10%;11,10%;11,20%;11,20%;11,20%;11,20%;11,30%;11,30%;11,30%;11,30%;11,30%
522005;SAO JOAO DA PARAUNA;14,60%;14,60%;14,70%;14,70%;14,80%;14,80%;14,90%;14,90%;15,00%;15,00%;15,10%;15,10%;15,20%;15,20%;15,20%;15,30%;15,30%;15,40%;15,40%;15,40%;15,50%;15,50%;15,50%;15,60%;15,60%;15,70%;15,70%;15,80%;15,80%;15,80%;15,90%;15,90%;16,00%;16,00%;16,10%;16,10%;16,10%;16,20%;16,30%;16,30%;16,40%;16,40%;16,50%;16,60%;16,60%;16,70%;16,70%;16,80%;16,80%;16,90%;16,90%;17,00%;17,00%;17,10%;17,10%;17,10%;17,20%;17,20%;17,30%;17,30%;17,40%;18,10%;18,20%;18,20%;18,30%;18,40%;18,40%;18,50%;18,60%;18,70%;18,70%;18,80%;18,00%;18,10%;18,20%;18,20%;18,30%;18,40%;18,50%;18,50%;18,60%;18,70%;18,80%;18,80%;18,90%;18,90%;19,00%;19,10%;19,10%;19,20%;19,20%;19,30%;19,30%;19,40%;19,40%;19,50%;19,50%;19,60%;19,70%;19,70%;19,80%;19,80%;19,90%;20,00%;20,00%;20,10%;20,20%;20,20%;20,30%;20,40%;20,40%;20,50%;20,50%;20,60%;20,70%;20,70%;20,80%;20,80%;20,90%;20,90%;21,00%;21,00%;21,10%;21,10%;21,20%;21,20%;21,20%;21,30%;21,30%;21,40%;21,40%;21,40%;21,50%;21,50%;21,60%;21,60%;21,70%;21,70%;21,80%;21,80%;21,90%;21,90%;22,00%;22,00%;22,00%;22,10%;22,20%;22,20%;22,30%;22,30%;22,40%;22,40%;22,50%;22,60%;22,60%;22,70%;22,70%;22,80%;22,80%;22,80%;22,90%;22,90%;23,00%;23,00%;23,00%;23,10%;23,10%;23,20%;23,20%;23,30%;23,30%;23,40%;23,40%;23,50%;23,60%;23,60%;23,70%;23,70%;23,80%;23,80%;23,90%;23,90%;24,00%;24,00%;24,10%;24,10%;24,20%;24,20%;24,20%;24,30%;24,30%;24,40%;24,40%;24,40%;24,50%;24,50%;24,60%;24,60%;24,60%;24,70%;24,70%;24,80%;24,80%;24,80%;24,90%
522010;SAO LUIS DE MONTES BELOS;12,40%;12,40%;12,50%;12,50%;12,50%;12,50%;12,60%;12,60%;12,60%;12,70%;12,70%;12,70%;12,80%;12,80%;12,80%;12,90%;12,90%;12,90%;12,90%;13,00%;13,00%;13,00%;13,10%;13,10%;13,10%;13,20%;13,20%;13,20%;13,30%;13,30%;13,30%;13,40%;13,40%;13,40%;13,50%;13,50%;13,50%;13,60%;13,60%;13,60%;13,70%;13,70%;13,70%;13,80%;13,80%;13,80%;13,90%;13,90%;13,90%;14,00%;14,00%;14,10%;14,10%;14,10%;14,20%;14,20%;14,20%;14,30%;14,30%;14,30%;14,40%;14,80%;14,90%;14,90%;15,00%;15,00%;15,00%;15,10%;15,10%;15,20%;15,20%;15,20%;14,80%;14,80%;14,90%;14,90%;15,00%;15,00%;15,00%;15,10%;15,10%;15,20%;15,20%;15,20%;15,30%;15,30%;15,40%;15,40%;15,50%;15,50%;15,50%;15,60%;15,60%;15,70%;15,70%;15,70%;15,80%;15,80%;15,90%;15,90%;16,00%;16,00%;16,00%;16,10%;16,10%;16,20%;16,20%;16,20%;16,30%;16,30%;16,40%;16,40%;16,50%;16,50%;16,50%;16,60%;16,60%;16,70%;16,70%;16,70%;16,80%;16,80%;16,80%;16,90%;16,90%;17,00%;17,00%;17,00%;17,10%;17,10%;17,10%;17,20%;17,20%;17,30%;17,30%;17,30%;17,40%;17,40%;17,40%;17,50%;17,50%;17,50%;17,60%;17,60%;17,60%;17,70%;17,70%;17,70%;17,80%;17,80%;17,90%;17,90%;17,90%;18,00%;18,00%;18,00%;18,10%;18,10%;18,20%;18,20%;18,30%;18,30%;18,40%;18,40%;18,50%;18,50%;18,60%;18,60%;18,70%;18,70%;18,80%;18,80%;18,90%;18,90%;19,00%;19,00%;19,10%;19,10%;19,20%;19,20%;19,30%;19,30%;19,40%;19,40%;19,50%;19,50%;19,60%;19,60%;19,70%;19,70%;19,80%;19,80%;19,90%;19,90%;20,00%;20,10%;20,10%;20,20%;20,20%;20,30%;20,30%;20,40%;20,40%;20,50%;20,50%
522015;SAO LUIZ DO NORTE;9,60%;9,60%;9,60%;9,60%;9,70%;9,70%;9,70%;9,80%;9,80%;9,80%;9,80%;9,90%;9,90%;9,90%;9,90%;10,00%;10,00%;10,00%;10,00%;10,10%;10,10%;10,10%;10,10%;10,20%;10,20%;10,20%;10,20%;10,30%;10,30%;10,30%;10,40%;10,40%;10,40%;10,40%;10,50%;10,50%;10,50%;10,60%;10,60%;10,60%;10,70%;10,70%;10,80%;10,80%;10,90%;10,90%;10,90%;11,00%;11,00%;11,10%;11,10%;11,10%;11,20%;11,20%;11,30%;11,30%;11,30%;11,40%;11,40%;11,40%;11,50%;12,00%;12,00%;12,10%;12,10%;12,20%;12,20%;12,20%;12,30%;12,30%;12,40%;12,40%;12,00%;12,00%;12,00%;12,10%;12,10%;12,20%;12,20%;12,20%;12,30%;12,30%;12,40%;12,40%;12,40%;12,50%;12,50%;12,60%;12,60%;12,70%;12,70%;12,70%;12,80%;12,80%;12,90%;12,90%;13,00%;13,00%;13,00%;13,10%;13,10%;13,20%;13,20%;13,30%;13,30%;13,30%;13,40%;13,40%;13,50%;13,50%;13,60%;13,60%;13,70%;13,70%;13,80%;13,80%;13,90%;13,90%;14,00%;14,00%;14,10%;14,10%;14,20%;14,20%;14,30%;14,30%;14,40%;14,40%;14,50%;14,50%;14,60%;14,60%;14,70%;14,70%;14,80%;14,80%;14,90%;14,90%;15,00%;15,00%;15,10%;15,10%;15,20%;15,20%;15,20%;15,30%;15,40%;15,40%;15,50%;15,50%;15,60%;15,60%;15,70%;15,80%;15,80%;15,90%;15,90%;16,00%;16,00%;16,10%;16,20%;16,20%;16,30%;16,30%;16,40%;16,50%;16,50%;16,60%;16,60%;16,70%;16,80%;16,80%;16,90%;16,90%;17,00%;17,10%;17,10%;17,20%;17,20%;17,30%;17,30%;17,40%;17,50%;17,50%;17,60%;17,60%;17,70%;17,80%;17,80%;17,90%;18,00%;18,00%;18,10%;18,10%;18,20%;18,30%;18,30%;18,40%;18,50%;18,50%;18,60%;18,60%;18,70%;18,80%;18,80%
522020;SAO MIGUEL DO ARAGUAIA;10,50%;10,50%;10,50%;10,60%;10,60%;10,70%;10,70%;10,70%;10,80%;10,80%;10,90%;10,90%;10,90%;11,00%;11,00%;11,00%;11,10%;11,10%;11,20%;11,20%;11,20%;11,30%;11,30%;11,40%;11,40%;11,40%;11,50%;11,50%;11,50%;11,60%;11,60%;11,70%;11,70%;11,70%;11,80%;11,80%;11,80%;11,90%;11,90%;12,00%;12,00%;12,00%;12,10%;12,10%;12,10%;12,20%;12,20%;12,30%;12,30%;12,30%;12,40%;12,40%;12,50%;12,50%;12,50%;12,60%;12,60%;12,60%;12,70%;12,70%;12,80%;13,30%;13,40%;13,40%;13,40%;13,50%;13,50%;13,60%;13,60%;13,70%;13,70%;13,80%;13,30%;13,30%;13,40%;13,40%;13,50%;13,50%;13,50%;13,60%;13,60%;13,70%;13,70%;13,80%;13,80%;13,90%;13,90%;13,90%;14,00%;14,00%;14,10%;14,10%;14,20%;14,20%;14,30%;14,30%;14,40%;14,40%;14,40%;14,50%;14,50%;14,60%;14,60%;14,70%;14,70%;14,80%;14,80%;14,90%;14,90%;14,90%;15,00%;15,00%;15,10%;15,10%;15,20%;15,20%;15,30%;15,30%;15,30%;15,40%;15,40%;15,50%;15,50%;15,60%;15,60%;15,60%;15,70%;15,70%;15,80%;15,80%;15,90%;15,90%;15,90%;16,00%;16,00%;16,10%;16,10%;16,10%;16,20%;16,20%;16,30%;16,30%;16,30%;16,40%;16,40%;16,50%;16,50%;16,60%;16,60%;16,60%;16,70%;16,70%;16,80%;16,80%;16,90%;16,90%;17,00%;17,00%;17,10%;17,10%;17,20%;17,30%;17,30%;17,40%;17,40%;17,50%;17,60%;17,60%;17,70%;17,70%;17,80%;17,90%;17,90%;18,00%;18,00%;18,10%;18,20%;18,20%;18,30%;18,30%;18,40%;18,50%;18,50%;18,60%;18,70%;18,80%;18,80%;18,90%;19,00%;19,00%;19,10%;19,20%;19,30%;19,30%;19,40%;19,50%;19,50%;19,60%;19,70%;19,70%;19,80%;19,90%;20,00%;20,00%;20,10%
522026;SAO MIGUEL DO PASSA QUATRO;11,40%;11,50%;11,50%;11,50%;11,60%;11,60%;11,70%;11,70%;11,70%;11,80%;11,80%;11,90%;11,90%;12,00%;12,00%;12,10%;12,10%;12,20%;12,20%;12,30%;12,30%;12,40%;12,40%;12,50%;12,50%;12,60%;12,60%;12,60%;12,60%;12,70%;12,70%;12,70%;12,70%;12,80%;12,80%;12,80%;12,90%;12,90%;12,90%;13,00%;13,00%;13,10%;13,10%;13,20%;13,20%;13,30%;13,30%;13,30%;13,40%;13,40%;13,50%;13,50%;13,60%;13,60%;13,60%;13,70%;13,70%;13,80%;13,80%;13,80%;13,90%;14,40%;14,50%;14,50%;14,60%;14,60%;14,70%;14,70%;14,80%;14,80%;14,90%;14,90%;14,40%;14,40%;14,50%;14,60%;14,60%;14,70%;14,70%;14,80%;14,80%;14,90%;14,90%;14,90%;15,00%;15,10%;15,10%;15,20%;15,20%;15,30%;15,30%;15,40%;15,50%;15,50%;15,60%;15,60%;15,70%;15,70%;15,80%;15,80%;15,90%;16,00%;16,00%;16,10%;16,10%;16,20%;16,20%;16,30%;16,30%;16,40%;16,40%;16,50%;16,60%;16,60%;16,70%;16,70%;16,80%;16,80%;16,90%;16,90%;17,00%;17,10%;17,10%;17,20%;17,20%;17,30%;17,30%;17,40%;17,40%;17,50%;17,50%;17,60%;17,60%;17,70%;17,80%;17,80%;17,90%;17,90%;18,00%;18,00%;18,10%;18,10%;18,20%;18,20%;18,30%;18,40%;18,40%;18,50%;18,50%;18,60%;18,60%;18,70%;18,80%;18,80%;18,90%;18,90%;19,00%;19,10%;19,10%;19,20%;19,30%;19,30%;19,40%;19,50%;19,50%;19,60%;19,70%;19,70%;19,80%;19,90%;19,90%;20,00%;20,10%;20,10%;20,20%;20,20%;20,30%;20,40%;20,40%;20,50%;20,60%;20,60%;20,60%;20,70%;20,70%;20,80%;20,80%;20,80%;20,90%;20,90%;21,00%;21,00%;21,00%;21,10%;21,10%;21,20%;21,20%;21,20%;21,30%;21,30%;21,40%;21,40%;21,40%;21,50%;21,50%
522028;SAO PATRICIO;14,30%;14,30%;14,40%;14,40%;14,50%;14,50%;14,50%;14,60%;14,60%;14,70%;14,70%;14,80%;14,80%;14,90%;14,90%;14,90%;15,00%;15,00%;15,00%;15,10%;15,10%;15,10%;15,20%;15,20%;15,20%;15,30%;15,30%;15,30%;15,40%;15,40%;15,50%;15,50%;15,50%;15,60%;15,60%;15,60%;15,70%;15,70%;15,70%;15,80%;15,80%;15,80%;15,90%;15,90%;15,90%;16,00%;16,00%;16,10%;16,10%;16,10%;16,20%;16,20%;16,20%;16,20%;16,30%;16,30%;16,30%;16,40%;16,40%;16,40%;16,50%;16,90%;17,00%;17,00%;17,10%;17,10%;17,20%;17,20%;17,30%;17,30%;17,40%;17,40%;16,90%;17,00%;17,00%;17,00%;17,10%;17,10%;17,20%;17,20%;17,30%;17,30%;17,40%;17,40%;17,50%;17,50%;17,50%;17,60%;17,60%;17,60%;17,70%;17,70%;17,80%;17,80%;17,80%;17,90%;17,90%;17,90%;18,00%;18,00%;18,10%;18,10%;18,20%;18,20%;18,30%;18,30%;18,30%;18,40%;18,40%;18,50%;18,50%;18,60%;18,60%;18,70%;18,70%;18,80%;18,80%;18,90%;18,90%;19,00%;19,10%;19,10%;19,10%;19,20%;19,20%;19,20%;19,30%;19,30%;19,30%;19,40%;19,40%;19,40%;19,50%;19,50%;19,60%;19,60%;19,70%;19,70%;19,70%;19,80%;19,80%;19,90%;19,90%;20,00%;20,00%;20,10%;20,20%;20,20%;20,30%;20,30%;20,40%;20,50%;20,50%;20,60%;20,60%;20,70%;20,70%;20,80%;20,90%;20,90%;21,00%;21,10%;21,10%;21,20%;21,30%;21,30%;21,40%;21,50%;21,50%;21,60%;21,60%;21,70%;21,70%;21,80%;21,80%;21,90%;21,90%;22,00%;22,00%;22,10%;22,10%;22,20%;22,30%;22,40%;22,50%;22,50%;22,60%;22,70%;22,80%;22,90%;22,90%;23,00%;23,10%;23,20%;23,20%;23,30%;23,40%;23,50%;23,60%;23,60%;23,70%;23,80%;23,90%;23,90%;24,00%
522040;SAO SIMAO;11,10%;11,10%;11,10%;11,10%;11,10%;11,20%;11,20%;11,20%;11,20%;11,20%;11,20%;11,30%;11,30%;11,30%;11,30%;11,30%;11,40%;11,40%;11,40%;11,40%;11,50%;11,50%;11,50%;11,50%;11,60%;11,60%;11,60%;11,70%;11,70%;11,70%;11,80%;11,80%;11,80%;11,90%;11,90%;11,90%;12,00%;12,00%;12,00%;12,10%;12,10%;12,10%;12,20%;12,20%;12,20%;12,30%;12,30%;12,40%;12,40%;12,40%;12,50%;12,50%;12,50%;12,60%;12,60%;12,60%;12,70%;12,70%;12,70%;12,80%;12,80%;13,30%;13,40%;13,40%;13,40%;13,50%;13,50%;13,50%;13,60%;13,60%;13,70%;13,70%;13,30%;13,30%;13,40%;13,40%;13,40%;13,50%;13,50%;13,50%;13,60%;13,60%;13,70%;13,70%;13,70%;13,80%;13,80%;13,90%;13,90%;14,00%;14,00%;14,00%;14,10%;14,10%;14,20%;14,20%;14,20%;14,30%;14,30%;14,40%;14,40%;14,50%;14,50%;14,60%;14,60%;14,60%;14,70%;14,70%;14,80%;14,80%;14,90%;14,90%;14,90%;15,00%;15,00%;15,10%;15,10%;15,20%;15,20%;15,20%;15,30%;15,30%;15,40%;15,40%;15,50%;15,50%;15,50%;15,60%;15,60%;15,70%;15,70%;15,70%;15,80%;15,80%;15,90%;15,90%;15,90%;16,00%;16,00%;16,10%;16,10%;16,10%;16,20%;16,20%;16,20%;16,30%;16,30%;16,40%;16,40%;16,50%;16,50%;16,50%;16,60%;16,60%;16,70%;16,70%;16,80%;16,80%;16,90%;16,90%;17,00%;17,00%;17,10%;17,20%;17,20%;17,30%;17,30%;17,40%;17,40%;17,50%;17,50%;17,60%;17,70%;17,70%;17,80%;17,80%;17,90%;17,90%;18,00%;18,10%;18,10%;18,20%;18,20%;18,30%;18,40%;18,40%;18,50%;18,50%;18,60%;18,70%;18,70%;18,80%;18,80%;18,90%;19,00%;19,00%;19,10%;19,10%;19,20%;19,30%;19,30%;19,40%;19,40%;19,50%;19,60%
522045;SENADOR CANEDO;5,60%;5,60%;5,60%;5,60%;5,60%;5,60%;5,60%;5,60%;5,60%;5,70%;5,70%;5,70%;5,70%;5,70%;5,70%;5,70%;5,70%;5,70%;5,80%;5,80%;5,80%;5,80%;5,80%;5,80%;5,80%;5,80%;5,80%;5,90%;5,90%;5,90%;5,90%;5,90%;5,90%;5,90%;5,90%;5,90%;5,90%;6,00%;6,00%;6,00%;6,00%;6,00%;6,00%;6,00%;6,00%;6,10%;6,10%;6,10%;6,10%;6,10%;6,10%;6,10%;6,10%;6,20%;6,20%;6,20%;6,20%;6,20%;6,20%;6,20%;6,30%;6,40%;6,40%;6,50%;6,50%;6,50%;6,50%;6,50%;6,50%;6,60%;6,60%;6,60%;6,40%;6,40%;6,40%;6,50%;6,50%;6,50%;6,50%;6,50%;6,50%;6,60%;6,60%;6,60%;6,60%;6,60%;6,60%;6,70%;6,70%;6,70%;6,70%;6,70%;6,80%;6,80%;6,80%;6,80%;6,80%;6,80%;6,90%;6,90%;6,90%;6,90%;6,90%;7,00%;7,00%;7,00%;7,00%;7,00%;7,10%;7,10%;7,10%;7,10%;7,20%;7,20%;7,20%;7,20%;7,20%;7,30%;7,30%;7,30%;7,30%;7,30%;7,40%;7,40%;7,40%;7,40%;7,50%;7,50%;7,50%;7,50%;7,50%;7,60%;7,60%;7,60%;7,60%;7,60%;7,70%;7,70%;7,70%;7,70%;7,70%;7,70%;7,80%;7,80%;7,80%;7,80%;7,80%;7,90%;7,90%;7,90%;7,90%;7,90%;8,00%;8,00%;8,00%;8,00%;8,00%;8,10%;8,10%;8,10%;8,10%;8,20%;8,20%;8,20%;8,20%;8,20%;8,30%;8,30%;8,30%;8,30%;8,30%;8,40%;8,40%;8,40%;8,40%;8,50%;8,50%;8,50%;8,50%;8,50%;8,60%;8,60%;8,60%;8,60%;8,70%;8,70%;8,70%;8,70%;8,70%;8,80%;8,80%;8,80%;8,80%;8,80%;8,90%;8,90%;8,90%;8,90%;9,00%;9,00%;9,00%;9,00%;9,00%;9,10%;9,10%
522050;SERRANOPOLIS;11,20%;11,20%;11,20%;11,20%;11,20%;11,20%;11,20%;11,30%;11,30%;11,30%;11,30%;11,30%;11,30%;11,30%;11,40%;11,40%;11,40%;11,40%;11,40%;11,40%;11,40%;11,50%;11,50%;11,50%;11,50%;11,50%;11,50%;11,50%;11,60%;11,60%;11,60%;11,60%;11,60%;11,60%;11,70%;11,70%;11,70%;11,70%;11,70%;11,70%;11,80%;11,80%;11,80%;11,80%;11,80%;11,80%;11,90%;11,90%;11,90%;11,90%;11,90%;11,90%;12,00%;12,00%;12,00%;12,00%;12,00%;12,10%;12,10%;12,10%;12,10%;12,30%;12,40%;12,40%;12,40%;12,40%;12,40%;12,50%;12,50%;12,50%;12,50%;12,50%;12,30%;12,30%;12,40%;12,40%;12,40%;12,40%;12,40%;12,50%;12,50%;12,50%;12,50%;12,50%;12,50%;12,60%;12,60%;12,60%;12,60%;12,70%;12,70%;12,70%;12,70%;12,80%;12,80%;12,80%;12,80%;12,80%;12,90%;12,90%;12,90%;12,90%;13,00%;13,00%;13,00%;13,00%;13,00%;13,10%;13,10%;13,10%;13,10%;13,10%;13,20%;13,20%;13,20%;13,20%;13,20%;13,30%;13,30%;13,30%;13,30%;13,30%;13,40%;13,40%;13,40%;13,40%;13,40%;13,50%;13,50%;13,50%;13,50%;13,50%;13,60%;13,60%;13,60%;13,60%;13,60%;13,60%;13,70%;13,70%;13,70%;13,70%;13,70%;13,70%;13,70%;13,80%;13,80%;13,80%;13,80%;13,80%;13,90%;13,90%;13,90%;13,90%;13,90%;14,00%;14,00%;14,00%;14,00%;14,10%;14,10%;14,10%;14,20%;14,20%;14,20%;14,30%;14,30%;14,30%;14,40%;14,40%;14,40%;14,50%;14,50%;14,50%;14,60%;14,60%;14,60%;14,70%;14,70%;14,70%;14,80%;14,80%;14,80%;14,90%;14,90%;14,90%;15,00%;15,00%;15,00%;15,10%;15,10%;15,10%;15,20%;15,20%;15,20%;15,30%;15,30%;15,30%;15,40%;15,40%;15,40%;15,50%;15,50%;15,50%;15,60%
522060;SILVANIA;10,70%;10,80%;10,80%;10,80%;10,80%;10,80%;10,90%;10,90%;10,90%;10,90%;11,00%;11,00%;11,00%;11,00%;11,00%;11,10%;11,10%;11,10%;11,10%;11,20%;11,20%;11,20%;11,20%;11,30%;11,30%;11,30%;11,30%;11,40%;11,40%;11,40%;11,40%;11,50%;11,50%;11,50%;11,50%;11,60%;11,60%;11,60%;11,60%;11,70%;11,70%;11,70%;11,70%;11,80%;11,80%;11,80%;11,80%;11,90%;11,90%;11,90%;12,00%;12,00%;12,00%;12,00%;12,00%;12,10%;12,10%;12,10%;12,10%;12,20%;12,20%;12,60%;12,60%;12,60%;12,70%;12,70%;12,70%;12,70%;12,80%;12,80%;12,80%;12,90%;12,60%;12,60%;12,60%;12,60%;12,70%;12,70%;12,70%;12,70%;12,80%;12,80%;12,80%;12,90%;12,90%;12,90%;12,90%;13,00%;13,00%;13,00%;13,10%;13,10%;13,10%;13,20%;13,20%;13,20%;13,30%;13,30%;13,30%;13,40%;13,40%;13,40%;13,50%;13,50%;13,60%;13,60%;13,60%;13,70%;13,70%;13,70%;13,80%;13,80%;13,80%;13,90%;13,90%;13,90%;14,00%;14,00%;14,00%;14,10%;14,10%;14,10%;14,20%;14,20%;14,20%;14,30%;14,30%;14,30%;14,40%;14,40%;14,40%;14,50%;14,50%;14,50%;14,60%;14,60%;14,60%;14,70%;14,70%;14,70%;14,80%;14,80%;14,80%;14,90%;14,90%;14,90%;15,00%;15,00%;15,00%;15,10%;15,10%;15,10%;15,20%;15,20%;15,30%;15,30%;15,30%;15,40%;15,40%;15,50%;15,50%;15,60%;15,60%;15,70%;15,70%;15,80%;15,80%;15,90%;15,90%;15,90%;16,00%;16,00%;16,10%;16,10%;16,20%;16,20%;16,30%;16,30%;16,40%;16,40%;16,50%;16,50%;16,60%;16,60%;16,70%;16,70%;16,80%;16,80%;16,90%;16,90%;17,00%;17,00%;17,10%;17,10%;17,20%;17,20%;17,30%;17,40%;17,40%;17,50%;17,50%;17,60%;17,60%;17,70%;17,70%
522068;SIMOLANDIA;8,40%;8,40%;8,40%;8,40%;8,40%;8,50%;8,50%;8,50%;8,50%;8,60%;8,60%;8,60%;8,60%;8,60%;8,70%;8,70%;8,70%;8,70%;8,80%;8,80%;8,80%;8,80%;8,90%;8,90%;8,90%;8,90%;9,00%;9,00%;9,00%;9,00%;9,00%;9,10%;9,10%;9,10%;9,10%;9,20%;9,20%;9,20%;9,20%;9,30%;9,30%;9,30%;9,30%;9,40%;9,40%;9,40%;9,40%;9,40%;9,50%;9,50%;9,50%;9,50%;9,60%;9,60%;9,60%;9,60%;9,70%;9,70%;9,70%;9,70%;9,80%;10,20%;10,20%;10,20%;10,20%;10,30%;10,30%;10,30%;10,40%;10,40%;10,40%;10,40%;10,10%;10,20%;10,20%;10,20%;10,20%;10,30%;10,30%;10,30%;10,40%;10,40%;10,40%;10,40%;10,50%;10,50%;10,60%;10,60%;10,60%;10,70%;10,70%;10,80%;10,80%;10,80%;10,90%;10,90%;11,00%;11,00%;11,00%;11,10%;11,10%;11,20%;11,20%;11,30%;11,30%;11,30%;11,40%;11,40%;11,50%;11,50%;11,60%;11,60%;11,70%;11,70%;11,80%;11,80%;11,90%;11,90%;11,90%;12,00%;12,00%;12,10%;12,10%;12,20%;12,20%;12,30%;12,30%;12,40%;12,40%;12,50%;12,50%;12,60%;12,60%;12,70%;12,70%;12,80%;12,80%;12,90%;12,90%;13,00%;13,00%;13,10%;13,10%;13,20%;13,20%;13,30%;13,30%;13,40%;13,40%;13,50%;13,50%;13,60%;13,60%;13,70%;13,70%;13,80%;13,80%;13,90%;13,90%;14,00%;14,00%;14,10%;14,10%;14,20%;14,20%;14,30%;14,30%;14,40%;14,50%;14,50%;14,60%;14,60%;14,70%;14,80%;14,80%;14,90%;14,90%;15,00%;15,10%;15,10%;15,20%;15,30%;15,30%;15,40%;15,40%;15,50%;15,60%;15,60%;15,70%;15,80%;15,80%;15,90%;15,90%;16,00%;16,10%;16,10%;16,20%;16,30%;16,30%;16,40%;16,40%;16,50%;16,60%;16,60%;16,70%
522070;SITIO D'ABADIA;8,60%;8,70%;8,70%;8,70%;8,70%;8,80%;8,80%;8,80%;8,80%;8,90%;8,90%;8,90%;8,90%;9,00%;9,00%;9,10%;9,10%;9,20%;9,20%;9,20%;9,30%;9,30%;9,40%;9,40%;9,50%;9,50%;9,50%;9,50%;9,50%;9,60%;9,60%;9,60%;9,60%;9,60%;9,70%;9,70%;9,70%;9,70%;9,80%;9,80%;9,90%;9,90%;10,00%;10,00%;10,10%;10,10%;10,20%;10,20%;10,30%;10,30%;10,40%;10,40%;10,40%;10,50%;10,50%;10,60%;10,60%;10,70%;10,70%;10,80%;10,80%;11,30%;11,30%;11,40%;11,40%;11,50%;11,50%;11,60%;11,60%;11,70%;11,70%;11,80%;11,20%;11,30%;11,30%;11,40%;11,40%;11,50%;11,50%;11,60%;11,60%;11,70%;11,70%;11,80%;11,80%;11,90%;11,90%;12,00%;12,00%;12,10%;12,10%;12,20%;12,20%;12,30%;12,30%;12,40%;12,40%;12,50%;12,50%;12,60%;12,60%;12,70%;12,70%;12,80%;12,80%;12,90%;12,90%;13,00%;13,00%;13,10%;13,10%;13,20%;13,20%;13,30%;13,30%;13,40%;13,40%;13,50%;13,50%;13,60%;13,60%;13,70%;13,70%;13,80%;13,80%;13,90%;13,90%;14,00%;14,00%;14,10%;14,10%;14,20%;14,30%;14,30%;14,30%;14,40%;14,40%;14,50%;14,50%;14,60%;14,60%;14,70%;14,70%;14,80%;14,80%;14,90%;14,90%;15,00%;15,00%;15,10%;15,10%;15,20%;15,30%;15,30%;15,40%;15,40%;15,50%;15,50%;15,60%;15,60%;15,70%;15,70%;15,80%;15,80%;15,90%;15,90%;16,00%;16,00%;16,10%;16,10%;16,20%;16,30%;16,30%;16,40%;16,50%;16,50%;16,60%;16,70%;16,80%;16,80%;16,90%;17,00%;17,00%;17,10%;17,20%;17,30%;17,40%;17,40%;17,50%;17,60%;17,70%;17,80%;17,80%;17,90%;18,00%;18,10%;18,10%;18,20%;18,30%;18,40%;18,50%;18,50%;18,60%;18,70%;18,80%
522100;TAQUARAL DE GOIAS;13,90%;13,90%;14,00%;14,00%;14,00%;14,10%;14,10%;14,10%;14,20%;14,20%;14,20%;14,30%;14,30%;14,30%;14,40%;14,40%;14,50%;14,50%;14,60%;14,60%;14,60%;14,70%;14,70%;14,80%;14,80%;14,80%;14,90%;14,90%;14,90%;15,00%;15,00%;15,00%;15,10%;15,10%;15,10%;15,20%;15,20%;15,20%;15,30%;15,30%;15,40%;15,40%;15,40%;15,50%;15,50%;15,60%;15,60%;15,60%;15,70%;15,70%;15,70%;15,80%;15,80%;15,90%;15,90%;15,90%;16,00%;16,00%;16,00%;16,10%;16,10%;16,60%;16,60%;16,70%;16,70%;16,80%;16,80%;16,80%;16,90%;16,90%;16,90%;17,00%;16,60%;16,60%;16,60%;16,70%;16,70%;16,80%;16,80%;16,80%;16,90%;16,90%;16,90%;17,00%;17,00%;17,10%;17,10%;17,20%;17,20%;17,30%;17,30%;17,40%;17,40%;17,50%;17,50%;17,50%;17,60%;17,60%;17,70%;17,70%;17,80%;17,80%;17,80%;17,90%;17,90%;18,00%;18,00%;18,00%;18,10%;18,10%;18,20%;18,20%;18,30%;18,30%;18,40%;18,40%;18,50%;18,50%;18,60%;18,60%;18,70%;18,70%;18,70%;18,80%;18,80%;18,80%;18,90%;18,90%;19,00%;19,00%;19,00%;19,10%;19,10%;19,10%;19,20%;19,20%;19,20%;19,30%;19,30%;19,40%;19,40%;19,40%;19,50%;19,50%;19,60%;19,60%;19,60%;19,70%;19,70%;19,70%;19,80%;19,80%;19,80%;19,90%;19,90%;19,90%;20,00%;20,00%;20,10%;20,10%;20,20%;20,30%;20,30%;20,40%;20,40%;20,50%;20,60%;20,60%;20,70%;20,70%;20,80%;20,90%;20,90%;21,00%;21,00%;21,10%;21,20%;21,20%;21,30%;21,30%;21,40%;21,40%;21,50%;21,60%;21,60%;21,70%;21,70%;21,80%;21,80%;21,90%;21,90%;22,00%;22,00%;22,10%;22,10%;22,20%;22,20%;22,30%;22,30%;22,40%;22,50%;22,50%;22,60%;22,60%;22,70%
522108;TERESINA DE GOIAS;9,50%;9,50%;9,50%;9,50%;9,60%;9,60%;9,60%;9,60%;9,70%;9,70%;9,70%;9,70%;9,80%;9,80%;9,80%;9,80%;9,80%;9,80%;9,90%;9,90%;9,90%;9,90%;9,90%;9,90%;10,00%;10,00%;10,00%;10,10%;10,10%;10,10%;10,20%;10,20%;10,20%;10,30%;10,30%;10,30%;10,40%;10,40%;10,40%;10,40%;10,50%;10,50%;10,50%;10,60%;10,60%;10,60%;10,70%;10,70%;10,70%;10,70%;10,80%;10,80%;10,80%;10,90%;10,90%;10,90%;11,00%;11,00%;11,00%;11,10%;11,10%;11,50%;11,60%;11,60%;11,60%;11,70%;11,70%;11,70%;11,80%;11,80%;11,80%;11,90%;11,50%;11,50%;11,60%;11,60%;11,60%;11,70%;11,70%;11,70%;11,80%;11,80%;11,80%;11,90%;11,90%;11,90%;12,00%;12,00%;12,10%;12,10%;12,20%;12,20%;12,20%;12,30%;12,30%;12,40%;12,40%;12,40%;12,50%;12,50%;12,50%;12,60%;12,60%;12,60%;12,60%;12,70%;12,70%;12,70%;12,80%;12,80%;12,80%;12,80%;12,90%;12,90%;12,90%;13,00%;13,00%;13,00%;13,00%;13,10%;13,10%;13,10%;13,10%;13,20%;13,20%;13,20%;13,30%;13,30%;13,30%;13,30%;13,40%;13,40%;13,40%;13,40%;13,50%;13,50%;13,50%;13,50%;13,60%;13,60%;13,60%;13,70%;13,70%;13,70%;13,70%;13,80%;13,80%;13,80%;13,80%;13,90%;13,90%;13,90%;13,90%;14,00%;14,00%;14,00%;14,00%;14,10%;14,10%;14,10%;14,10%;14,20%;14,20%;14,20%;14,20%;14,20%;14,30%;14,30%;14,30%;14,30%;14,40%;14,40%;14,40%;14,50%;14,50%;14,50%;14,60%;14,60%;14,60%;14,60%;14,70%;14,70%;14,80%;14,80%;14,80%;14,90%;14,90%;15,00%;15,00%;15,10%;15,10%;15,10%;15,20%;15,20%;15,30%;15,30%;15,40%;15,40%;15,40%;15,50%;15,50%;15,60%;15,60%;15,70%;15,70%
522119;TEREZOPOLIS DE GOIAS;8,40%;8,40%;8,40%;8,50%;8,50%;8,50%;8,50%;8,50%;8,60%;8,60%;8,60%;8,60%;8,60%;8,70%;8,70%;8,70%;8,70%;8,70%;8,80%;8,80%;8,80%;8,80%;8,90%;8,90%;8,90%;8,90%;8,90%;9,00%;9,00%;9,00%;9,10%;9,10%;9,10%;9,10%;9,20%;9,20%;9,20%;9,20%;9,30%;9,30%;9,30%;9,30%;9,40%;9,40%;9,40%;9,50%;9,50%;9,50%;9,50%;9,60%;9,60%;9,60%;9,60%;9,70%;9,70%;9,70%;9,70%;9,80%;9,80%;9,80%;9,80%;10,20%;10,30%;10,30%;10,30%;10,40%;10,40%;10,40%;10,50%;10,50%;10,50%;10,50%;10,20%;10,20%;10,30%;10,30%;10,30%;10,40%;10,40%;10,40%;10,50%;10,50%;10,50%;10,50%;10,60%;10,60%;10,70%;10,70%;10,70%;10,80%;10,80%;10,90%;10,90%;10,90%;11,00%;11,00%;11,00%;11,10%;11,10%;11,10%;11,20%;11,20%;11,30%;11,30%;11,30%;11,40%;11,40%;11,40%;11,50%;11,50%;11,50%;11,60%;11,60%;11,70%;11,70%;11,80%;11,80%;11,90%;11,90%;11,90%;12,00%;12,00%;12,10%;12,10%;12,20%;12,20%;12,30%;12,30%;12,30%;12,40%;12,40%;12,50%;12,50%;12,60%;12,60%;12,60%;12,60%;12,70%;12,70%;12,70%;12,80%;12,80%;12,80%;12,90%;12,90%;12,90%;13,00%;13,00%;13,10%;13,10%;13,20%;13,20%;13,30%;13,30%;13,40%;13,40%;13,50%;13,50%;13,60%;13,60%;13,70%;13,70%;13,80%;13,80%;13,90%;13,90%;14,00%;14,00%;14,10%;14,20%;14,20%;14,30%;14,30%;14,40%;14,40%;14,50%;14,50%;14,60%;14,60%;14,70%;14,70%;14,80%;14,80%;14,90%;15,00%;15,00%;15,10%;15,10%;15,20%;15,20%;15,30%;15,30%;15,40%;15,50%;15,50%;15,60%;15,60%;15,70%;15,70%;15,80%;15,80%;15,90%;15,90%;16,00%;16,00%
522130;TRES RANCHOS;13,50%;13,50%;13,60%;13,70%;13,70%;13,80%;13,80%;13,90%;13,90%;14,00%;14,00%;14,10%;14,10%;14,20%;14,20%;14,30%;14,30%;14,30%;14,40%;14,40%;14,40%;14,50%;14,50%;14,60%;14,60%;14,70%;14,70%;14,80%;14,80%;14,90%;15,00%;15,00%;15,10%;15,10%;15,20%;15,20%;15,30%;15,40%;15,40%;15,50%;15,50%;15,60%;15,70%;15,70%;15,80%;15,90%;15,90%;16,00%;16,00%;16,10%;16,10%;16,20%;16,20%;16,30%;16,30%;16,40%;16,40%;16,50%;16,50%;16,60%;16,60%;17,40%;17,50%;17,60%;17,60%;17,70%;17,80%;17,80%;17,90%;17,90%;18,00%;18,10%;17,40%;17,40%;17,50%;17,60%;17,60%;17,70%;17,80%;17,80%;17,90%;17,90%;18,00%;18,10%;18,10%;18,20%;18,20%;18,30%;18,40%;18,40%;18,50%;18,60%;18,60%;18,70%;18,70%;18,80%;18,90%;18,90%;19,00%;19,10%;19,20%;19,20%;19,30%;19,40%;19,40%;19,50%;19,60%;19,70%;19,70%;19,80%;19,80%;19,90%;20,00%;20,00%;20,10%;20,20%;20,20%;20,30%;20,30%;20,40%;20,50%;20,50%;20,60%;20,70%;20,70%;20,80%;20,90%;21,00%;21,00%;21,10%;21,20%;21,20%;21,30%;21,30%;21,40%;21,50%;21,50%;21,60%;21,60%;21,70%;21,70%;21,80%;21,80%;21,90%;21,90%;22,00%;22,10%;22,20%;22,20%;22,30%;22,40%;22,50%;22,50%;22,60%;22,70%;22,80%;22,80%;22,90%;23,00%;23,10%;23,10%;23,20%;23,30%;23,40%;23,50%;23,50%;23,60%;23,70%;23,80%;23,80%;23,90%;24,00%;24,10%;24,20%;24,20%;24,30%;24,40%;24,50%;24,60%;24,60%;24,70%;24,80%;24,90%;25,00%;25,00%;25,10%;25,20%;25,30%;25,40%;25,40%;25,50%;25,60%;25,70%;25,80%;25,80%;25,90%;26,00%;26,10%;26,10%;26,20%;26,30%;26,40%;26,50%;26,50%;26,60%
522140;TRINDADE;8,40%;8,50%;8,50%;8,50%;8,50%;8,50%;8,60%;8,60%;8,60%;8,60%;8,60%;8,70%;8,70%;8,70%;8,70%;8,70%;8,80%;8,80%;8,80%;8,80%;8,80%;8,80%;8,90%;8,90%;8,90%;8,90%;8,90%;8,90%;9,00%;9,00%;9,00%;9,00%;9,00%;9,00%;9,10%;9,10%;9,10%;9,10%;9,10%;9,10%;9,20%;9,20%;9,20%;9,20%;9,20%;9,20%;9,30%;9,30%;9,30%;9,30%;9,30%;9,30%;9,40%;9,40%;9,40%;9,40%;9,40%;9,40%;9,50%;9,50%;9,50%;9,70%;9,80%;9,80%;9,80%;9,80%;9,80%;9,90%;9,90%;9,90%;9,90%;9,90%;9,70%;9,70%;9,80%;9,80%;9,80%;9,80%;9,80%;9,90%;9,90%;9,90%;9,90%;9,90%;10,00%;10,00%;10,00%;10,00%;10,10%;10,10%;10,10%;10,10%;10,10%;10,20%;10,20%;10,20%;10,20%;10,30%;10,30%;10,30%;10,30%;10,40%;10,40%;10,40%;10,40%;10,50%;10,50%;10,50%;10,50%;10,50%;10,60%;10,60%;10,60%;10,60%;10,70%;10,70%;10,70%;10,70%;10,80%;10,80%;10,80%;10,80%;10,90%;10,90%;10,90%;10,90%;11,00%;11,00%;11,00%;11,00%;11,10%;11,10%;11,10%;11,10%;11,10%;11,20%;11,20%;11,20%;11,20%;11,20%;11,30%;11,30%;11,30%;11,30%;11,30%;11,40%;11,40%;11,40%;11,40%;11,40%;11,50%;11,50%;11,50%;11,50%;11,60%;11,60%;11,60%;11,60%;11,70%;11,70%;11,70%;11,70%;11,80%;11,80%;11,80%;11,80%;11,90%;11,90%;11,90%;12,00%;12,00%;12,00%;12,00%;12,10%;12,10%;12,10%;12,20%;12,20%;12,20%;12,20%;12,30%;12,30%;12,30%;12,40%;12,40%;12,40%;12,40%;12,50%;12,50%;12,50%;12,50%;12,60%;12,60%;12,60%;12,70%;12,70%;12,70%;12,70%;12,80%;12,80%;12,80%;12,80%;12,90%;12,90%;12,90%
522145;TROMBAS;13,60%;13,70%;13,70%;13,80%;13,80%;13,90%;13,90%;14,00%;14,00%;14,00%;14,10%;14,10%;14,20%;14,20%;14,30%;14,30%;14,40%;14,40%;14,50%;14,50%;14,60%;14,60%;14,70%;14,70%;14,80%;14,80%;14,90%;14,90%;15,00%;15,00%;15,10%;15,10%;15,20%;15,20%;15,30%;15,30%;15,40%;15,40%;15,50%;15,60%;15,60%;15,70%;15,80%;15,80%;15,90%;15,90%;16,00%;16,10%;16,10%;16,20%;16,20%;16,30%;16,30%;16,40%;16,40%;16,50%;16,50%;16,60%;16,60%;16,70%;16,70%;17,50%;17,60%;17,60%;17,70%;17,70%;17,80%;17,90%;17,90%;18,00%;18,10%;18,10%;17,40%;17,50%;17,60%;17,60%;17,70%;17,80%;17,80%;17,90%;17,90%;18,00%;18,10%;18,10%;18,20%;18,20%;18,30%;18,40%;18,40%;18,50%;18,60%;18,60%;18,70%;18,80%;18,80%;18,90%;18,90%;19,00%;19,10%;19,10%;19,20%;19,20%;19,30%;19,40%;19,40%;19,50%;19,50%;19,60%;19,70%;19,70%;19,80%;19,80%;19,90%;20,00%;20,00%;20,10%;20,10%;20,20%;20,20%;20,30%;20,40%;20,40%;20,50%;20,60%;20,60%;20,70%;20,70%;20,80%;20,90%;20,90%;21,00%;21,10%;21,10%;21,20%;21,20%;21,30%;21,30%;21,40%;21,40%;21,50%;21,50%;21,60%;21,60%;21,70%;21,70%;21,80%;21,90%;21,90%;22,00%;22,10%;22,10%;22,20%;22,30%;22,30%;22,40%;22,50%;22,50%;22,60%;22,70%;22,80%;22,90%;23,00%;23,10%;23,20%;23,30%;23,30%;23,40%;23,50%;23,60%;23,70%;23,70%;23,80%;23,90%;23,90%;24,00%;24,10%;24,10%;24,20%;24,20%;24,30%;24,40%;24,50%;24,50%;24,60%;24,70%;24,80%;24,90%;24,90%;25,00%;25,10%;25,20%;25,30%;25,40%;25,40%;25,50%;25,60%;25,70%;25,80%;25,90%;25,90%;26,00%;26,10%;26,20%;26,30%;26,40%
522150;TURVANIA;14,30%;14,30%;14,40%;14,40%;14,40%;14,50%;14,50%;14,60%;14,60%;14,60%;14,70%;14,70%;14,70%;14,80%;14,80%;14,90%;15,00%;15,00%;15,10%;15,10%;15,20%;15,20%;15,30%;15,30%;15,40%;15,40%;15,50%;15,50%;15,60%;15,60%;15,60%;15,70%;15,70%;15,80%;15,80%;15,90%;15,90%;16,00%;16,00%;16,10%;16,10%;16,20%;16,30%;16,30%;16,40%;16,50%;16,50%;16,60%;16,60%;16,70%;16,70%;16,80%;16,80%;16,90%;16,90%;17,00%;17,00%;17,10%;17,10%;17,20%;17,20%;17,90%;18,00%;18,00%;18,10%;18,20%;18,20%;18,30%;18,40%;18,40%;18,50%;18,60%;17,80%;17,90%;18,00%;18,00%;18,10%;18,20%;18,20%;18,30%;18,40%;18,50%;18,50%;18,60%;18,70%;18,70%;18,80%;18,80%;18,90%;18,90%;19,00%;19,00%;19,10%;19,10%;19,20%;19,20%;19,30%;19,30%;19,40%;19,50%;19,60%;19,60%;19,70%;19,80%;19,80%;19,90%;20,00%;20,00%;20,10%;20,10%;20,20%;20,30%;20,30%;20,40%;20,40%;20,50%;20,50%;20,60%;20,60%;20,70%;20,80%;20,80%;20,90%;20,90%;21,00%;21,00%;21,10%;21,10%;21,20%;21,20%;21,30%;21,40%;21,40%;21,50%;21,50%;21,60%;21,60%;21,70%;21,70%;21,80%;21,80%;21,90%;21,90%;22,00%;22,00%;22,10%;22,10%;22,20%;22,20%;22,30%;22,30%;22,40%;22,50%;22,50%;22,60%;22,60%;22,70%;22,70%;22,80%;22,90%;23,00%;23,00%;23,10%;23,20%;23,20%;23,30%;23,40%;23,40%;23,50%;23,60%;23,70%;23,70%;23,80%;23,90%;23,90%;24,00%;24,10%;24,10%;24,20%;24,30%;24,30%;24,40%;24,50%;24,60%;24,60%;24,70%;24,80%;24,90%;24,90%;25,00%;25,10%;25,20%;25,20%;25,30%;25,40%;25,50%;25,50%;25,60%;25,70%;25,80%;25,80%;25,90%;26,00%;26,10%;26,20%
522155;TURVELANDIA;7,40%;7,40%;7,40%;7,50%;7,50%;7,50%;7,50%;7,50%;7,50%;7,50%;7,50%;7,60%;7,60%;7,60%;7,60%;7,60%;7,60%;7,70%;7,70%;7,70%;7,70%;7,70%;7,70%;7,80%;7,80%;7,80%;7,80%;7,90%;7,90%;7,90%;7,90%;7,90%;8,00%;8,00%;8,00%;8,00%;8,00%;8,10%;8,10%;8,10%;8,10%;8,20%;8,20%;8,20%;8,20%;8,30%;8,30%;8,30%;8,30%;8,30%;8,40%;8,40%;8,40%;8,40%;8,40%;8,50%;8,50%;8,50%;8,50%;8,50%;8,60%;9,00%;9,00%;9,10%;9,10%;9,20%;9,20%;9,20%;9,30%;9,30%;9,30%;9,40%;9,00%;9,00%;9,00%;9,10%;9,10%;9,20%;9,20%;9,20%;9,30%;9,30%;9,30%;9,40%;9,40%;9,40%;9,50%;9,50%;9,50%;9,60%;9,60%;9,60%;9,70%;9,70%;9,70%;9,80%;9,80%;9,80%;9,90%;9,90%;10,00%;10,00%;10,10%;10,10%;10,10%;10,20%;10,20%;10,30%;10,30%;10,40%;10,40%;10,40%;10,50%;10,50%;10,60%;10,60%;10,60%;10,70%;10,70%;10,80%;10,80%;10,80%;10,90%;10,90%;11,00%;11,00%;11,10%;11,10%;11,10%;11,20%;11,20%;11,30%;11,30%;11,40%;11,40%;11,50%;11,50%;11,50%;11,60%;11,60%;11,70%;11,70%;11,80%;11,80%;11,90%;11,90%;12,00%;12,00%;12,10%;12,10%;12,10%;12,20%;12,20%;12,30%;12,30%;12,40%;12,40%;12,50%;12,50%;12,60%;12,60%;12,70%;12,70%;12,80%;12,80%;12,90%;12,90%;13,00%;13,00%;13,10%;13,20%;13,20%;13,30%;13,30%;13,40%;13,50%;13,50%;13,60%;13,60%;13,70%;13,70%;13,80%;13,80%;13,90%;13,90%;14,00%;14,00%;14,10%;14,10%;14,20%;14,20%;14,30%;14,30%;14,40%;14,40%;14,50%;14,50%;14,60%;14,60%;14,70%;14,70%;14,80%;14,80%;14,90%;14,90%
522157;UIRAPURU;13,00%;13,00%;13,10%;13,10%;13,20%;13,20%;13,30%;13,30%;13,40%;13,40%;13,50%;13,50%;13,50%;13,60%;13,60%;13,60%;13,70%;13,70%;13,70%;13,80%;13,80%;13,80%;13,90%;13,90%;13,90%;14,00%;14,00%;14,00%;14,00%;14,10%;14,10%;14,10%;14,10%;14,20%;14,20%;14,20%;14,20%;14,30%;14,30%;14,30%;14,40%;14,40%;14,40%;14,50%;14,50%;14,50%;14,60%;14,60%;14,60%;14,70%;14,70%;14,70%;14,70%;14,70%;14,80%;14,80%;14,80%;14,80%;14,90%;14,90%;14,90%;15,30%;15,30%;15,40%;15,40%;15,40%;15,50%;15,50%;15,50%;15,50%;15,60%;15,60%;15,30%;15,30%;15,30%;15,40%;15,40%;15,40%;15,50%;15,50%;15,50%;15,50%;15,60%;15,60%;15,60%;15,70%;15,70%;15,70%;15,80%;15,80%;15,90%;15,90%;15,90%;16,00%;16,00%;16,00%;16,10%;16,10%;16,20%;16,20%;16,30%;16,40%;16,40%;16,50%;16,50%;16,60%;16,60%;16,70%;16,70%;16,80%;16,80%;16,90%;17,00%;17,00%;17,10%;17,10%;17,20%;17,20%;17,30%;17,40%;17,40%;17,50%;17,50%;17,60%;17,60%;17,70%;17,70%;17,80%;17,80%;17,90%;17,90%;18,00%;18,00%;18,10%;18,10%;18,20%;18,20%;18,20%;18,30%;18,30%;18,40%;18,40%;18,50%;18,50%;18,60%;18,60%;18,70%;18,70%;18,80%;18,90%;18,90%;19,00%;19,00%;19,10%;19,10%;19,20%;19,20%;19,30%;19,40%;19,50%;19,60%;19,60%;19,70%;19,80%;19,90%;19,90%;20,00%;20,10%;20,20%;20,20%;20,30%;20,30%;20,40%;20,40%;20,50%;20,60%;20,60%;20,70%;20,70%;20,80%;20,80%;20,90%;21,00%;21,10%;21,10%;21,20%;21,30%;21,40%;21,50%;21,50%;21,60%;21,70%;21,80%;21,80%;21,90%;22,00%;22,10%;22,20%;22,20%;22,30%;22,40%;22,50%;22,60%;22,60%;22,70%
522160;URUACU;10,90%;10,90%;10,90%;11,00%;11,00%;11,00%;11,00%;11,10%;11,10%;11,10%;11,10%;11,20%;11,20%;11,20%;11,20%;11,30%;11,30%;11,30%;11,30%;11,30%;11,40%;11,40%;11,40%;11,40%;11,50%;11,50%;11,50%;11,50%;11,50%;11,60%;11,60%;11,60%;11,60%;11,70%;11,70%;11,70%;11,70%;11,70%;11,80%;11,80%;11,80%;11,80%;11,90%;11,90%;11,90%;11,90%;11,90%;12,00%;12,00%;12,00%;12,00%;12,10%;12,10%;12,10%;12,10%;12,20%;12,20%;12,20%;12,20%;12,30%;12,30%;12,60%;12,60%;12,70%;12,70%;12,70%;12,70%;12,80%;12,80%;12,80%;12,80%;12,90%;12,60%;12,60%;12,60%;12,70%;12,70%;12,70%;12,70%;12,80%;12,80%;12,80%;12,80%;12,90%;12,90%;12,90%;13,00%;13,00%;13,00%;13,00%;13,10%;13,10%;13,10%;13,20%;13,20%;13,20%;13,20%;13,30%;13,30%;13,30%;13,40%;13,40%;13,40%;13,50%;13,50%;13,50%;13,60%;13,60%;13,60%;13,70%;13,70%;13,70%;13,80%;13,80%;13,80%;13,80%;13,90%;13,90%;13,90%;14,00%;14,00%;14,00%;14,10%;14,10%;14,10%;14,20%;14,20%;14,20%;14,20%;14,30%;14,30%;14,30%;14,40%;14,40%;14,40%;14,40%;14,50%;14,50%;14,50%;14,60%;14,60%;14,60%;14,60%;14,70%;14,70%;14,70%;14,80%;14,80%;14,80%;14,80%;14,90%;14,90%;14,90%;15,00%;15,00%;15,00%;15,10%;15,10%;15,10%;15,20%;15,20%;15,30%;15,30%;15,30%;15,40%;15,40%;15,50%;15,50%;15,50%;15,60%;15,60%;15,70%;15,70%;15,70%;15,80%;15,80%;15,90%;15,90%;15,90%;16,00%;16,00%;16,10%;16,10%;16,10%;16,20%;16,20%;16,30%;16,30%;16,40%;16,40%;16,40%;16,50%;16,50%;16,60%;16,60%;16,70%;16,70%;16,70%;16,80%;16,80%;16,90%;16,90%;16,90%;17,00%;17,00%
522170;URUANA;12,40%;12,40%;12,40%;12,50%;12,50%;12,60%;12,60%;12,70%;12,70%;12,70%;12,80%;12,80%;12,90%;12,90%;12,90%;13,00%;13,00%;13,10%;13,10%;13,20%;13,20%;13,30%;13,30%;13,30%;13,40%;13,40%;13,50%;13,50%;13,60%;13,60%;13,60%;13,70%;13,70%;13,80%;13,80%;13,80%;13,90%;13,90%;14,00%;14,00%;14,00%;14,10%;14,10%;14,20%;14,20%;14,30%;14,30%;14,40%;14,40%;14,40%;14,50%;14,50%;14,60%;14,60%;14,70%;14,70%;14,80%;14,80%;14,90%;14,90%;15,00%;15,50%;15,60%;15,70%;15,70%;15,80%;15,80%;15,90%;15,90%;16,00%;16,00%;16,10%;15,50%;15,60%;15,60%;15,70%;15,70%;15,80%;15,80%;15,90%;15,90%;16,00%;16,00%;16,10%;16,10%;16,20%;16,20%;16,30%;16,30%;16,40%;16,50%;16,50%;16,60%;16,60%;16,70%;16,70%;16,80%;16,80%;16,90%;16,90%;17,00%;17,10%;17,10%;17,20%;17,20%;17,30%;17,30%;17,40%;17,40%;17,50%;17,60%;17,60%;17,70%;17,70%;17,80%;17,80%;17,90%;17,90%;18,00%;18,10%;18,10%;18,20%;18,20%;18,30%;18,30%;18,40%;18,40%;18,50%;18,50%;18,60%;18,70%;18,70%;18,80%;18,80%;18,90%;18,90%;19,00%;19,00%;19,10%;19,10%;19,20%;19,20%;19,30%;19,30%;19,40%;19,40%;19,50%;19,50%;19,60%;19,60%;19,70%;19,70%;19,80%;19,80%;19,90%;19,90%;20,00%;20,00%;20,10%;20,20%;20,20%;20,30%;20,40%;20,40%;20,50%;20,60%;20,60%;20,70%;20,70%;20,80%;20,90%;20,90%;21,00%;21,10%;21,10%;21,20%;21,20%;21,30%;21,40%;21,40%;21,50%;21,60%;21,60%;21,70%;21,70%;21,80%;21,90%;21,90%;22,00%;22,10%;22,10%;22,20%;22,30%;22,30%;22,40%;22,40%;22,50%;22,60%;22,60%;22,70%;22,80%;22,80%;22,90%;23,00%;23,00%
522180;URUTAI;13,60%;13,60%;13,60%;13,60%;13,70%;13,70%;13,70%;13,70%;13,80%;13,80%;13,80%;13,90%;13,90%;13,90%;13,90%;13,90%;14,00%;14,00%;14,00%;14,00%;14,10%;14,10%;14,10%;14,10%;14,20%;14,20%;14,20%;14,30%;14,30%;14,30%;14,40%;14,40%;14,40%;14,50%;14,50%;14,60%;14,60%;14,60%;14,60%;14,70%;14,70%;14,70%;14,80%;14,80%;14,80%;14,90%;14,90%;14,90%;14,90%;15,00%;15,00%;15,10%;15,10%;15,20%;15,20%;15,20%;15,30%;15,30%;15,40%;15,40%;15,50%;16,00%;16,00%;16,00%;16,10%;16,10%;16,10%;16,20%;16,20%;16,20%;16,30%;16,30%;15,90%;16,00%;16,00%;16,00%;16,10%;16,10%;16,10%;16,20%;16,20%;16,20%;16,30%;16,30%;16,30%;16,40%;16,40%;16,50%;16,50%;16,60%;16,60%;16,60%;16,70%;16,70%;16,80%;16,80%;16,80%;16,90%;16,90%;17,00%;17,00%;17,00%;17,10%;17,10%;17,20%;17,20%;17,20%;17,30%;17,30%;17,30%;17,40%;17,40%;17,40%;17,50%;17,50%;17,50%;17,60%;17,60%;17,60%;17,70%;17,70%;17,80%;17,80%;17,90%;17,90%;18,00%;18,00%;18,10%;18,10%;18,20%;18,20%;18,30%;18,30%;18,40%;18,40%;18,40%;18,40%;18,40%;18,40%;18,40%;18,40%;18,40%;18,50%;18,50%;18,50%;18,50%;18,60%;18,60%;18,70%;18,70%;18,80%;18,80%;18,90%;18,90%;19,00%;19,00%;19,10%;19,10%;19,20%;19,20%;19,20%;19,30%;19,30%;19,30%;19,40%;19,40%;19,50%;19,50%;19,50%;19,60%;19,60%;19,70%;19,70%;19,70%;19,80%;19,80%;19,90%;19,90%;20,00%;20,00%;20,00%;20,10%;20,10%;20,20%;20,30%;20,30%;20,40%;20,40%;20,50%;20,50%;20,60%;20,60%;20,70%;20,70%;20,80%;20,80%;20,90%;20,90%;21,00%;21,00%;21,10%;21,10%;21,20%;21,20%;21,30%
522185;VALPARAISO DE GOIAS;4,60%;4,60%;4,60%;4,60%;4,70%;4,70%;4,70%;4,70%;4,70%;4,70%;4,70%;4,70%;4,70%;4,80%;4,80%;4,80%;4,80%;4,80%;4,80%;4,80%;4,90%;4,90%;4,90%;4,90%;4,90%;4,90%;4,90%;4,90%;5,00%;5,00%;5,00%;5,00%;5,00%;5,00%;5,00%;5,10%;5,10%;5,10%;5,10%;5,10%;5,10%;5,10%;5,10%;5,20%;5,20%;5,20%;5,20%;5,20%;5,20%;5,20%;5,30%;5,30%;5,30%;5,30%;5,30%;5,30%;5,40%;5,40%;5,40%;5,40%;5,40%;5,60%;5,60%;5,70%;5,70%;5,70%;5,70%;5,70%;5,80%;5,80%;5,80%;5,80%;5,60%;5,60%;5,60%;5,70%;5,70%;5,70%;5,70%;5,70%;5,80%;5,80%;5,80%;5,80%;5,80%;5,80%;5,90%;5,90%;5,90%;5,90%;5,90%;6,00%;6,00%;6,00%;6,00%;6,00%;6,10%;6,10%;6,10%;6,10%;6,20%;6,20%;6,20%;6,20%;6,30%;6,30%;6,30%;6,30%;6,30%;6,40%;6,40%;6,40%;6,40%;6,50%;6,50%;6,50%;6,50%;6,50%;6,60%;6,60%;6,60%;6,60%;6,70%;6,70%;6,70%;6,70%;6,80%;6,80%;6,80%;6,80%;6,90%;6,90%;6,90%;6,90%;6,90%;7,00%;7,00%;7,00%;7,00%;7,00%;7,10%;7,10%;7,10%;7,10%;7,20%;7,20%;7,20%;7,20%;7,20%;7,30%;7,30%;7,30%;7,30%;7,40%;7,40%;7,40%;7,40%;7,50%;7,50%;7,50%;7,50%;7,60%;7,60%;7,60%;7,60%;7,70%;7,70%;7,70%;7,70%;7,80%;7,80%;7,80%;7,80%;7,90%;7,90%;7,90%;7,90%;8,00%;8,00%;8,00%;8,00%;8,10%;8,10%;8,10%;8,10%;8,20%;8,20%;8,20%;8,30%;8,30%;8,30%;8,30%;8,40%;8,40%;8,40%;8,40%;8,50%;8,50%;8,50%;8,50%;8,60%;8,60%;8,60%;8,60%;8,70%
522190;VARJAO;14,00%;14,10%;14,10%;14,20%;14,20%;14,30%;14,30%;14,30%;14,40%;14,40%;14,50%;14,50%;14,60%;14,60%;14,70%;14,70%;14,80%;14,80%;14,90%;14,90%;15,00%;15,00%;15,10%;15,10%;15,20%;15,20%;15,30%;15,30%;15,30%;15,40%;15,40%;15,50%;15,50%;15,50%;15,60%;15,60%;15,70%;15,70%;15,80%;15,80%;15,90%;15,90%;16,00%;16,00%;16,10%;16,10%;16,20%;16,20%;16,30%;16,30%;16,40%;16,40%;16,50%;16,50%;16,50%;16,60%;16,60%;16,70%;16,70%;16,80%;16,80%;17,50%;17,60%;17,70%;17,70%;17,80%;17,80%;17,90%;17,90%;18,00%;18,10%;18,10%;17,50%;17,50%;17,60%;17,70%;17,70%;17,80%;17,80%;17,90%;18,00%;18,00%;18,10%;18,10%;18,20%;18,20%;18,30%;18,40%;18,40%;18,50%;18,50%;18,60%;18,60%;18,70%;18,80%;18,80%;18,90%;18,90%;19,00%;19,10%;19,10%;19,20%;19,30%;19,30%;19,40%;19,40%;19,50%;19,60%;19,60%;19,70%;19,80%;19,80%;19,90%;19,90%;20,00%;20,10%;20,10%;20,20%;20,30%;20,30%;20,40%;20,50%;20,50%;20,60%;20,70%;20,80%;20,90%;21,00%;21,00%;21,10%;21,20%;21,30%;21,40%;21,40%;21,50%;21,50%;21,60%;21,70%;21,70%;21,80%;21,80%;21,90%;21,90%;22,00%;22,00%;22,10%;22,20%;22,20%;22,30%;22,40%;22,40%;22,50%;22,50%;22,60%;22,70%;22,70%;22,80%;22,90%;23,00%;23,00%;23,10%;23,20%;23,30%;23,40%;23,40%;23,50%;23,60%;23,70%;23,80%;23,80%;23,90%;24,00%;24,00%;24,10%;24,10%;24,20%;24,30%;24,30%;24,40%;24,50%;24,50%;24,60%;24,60%;24,70%;24,80%;24,80%;24,90%;25,00%;25,00%;25,10%;25,20%;25,20%;25,30%;25,30%;25,40%;25,50%;25,50%;25,60%;25,70%;25,70%;25,80%;25,80%;25,90%;26,00%;26,00%
522200;VIANOPOLIS;10,10%;10,10%;10,10%;10,20%;10,20%;10,20%;10,20%;10,20%;10,30%;10,30%;10,30%;10,30%;10,30%;10,40%;10,40%;10,40%;10,40%;10,50%;10,50%;10,50%;10,50%;10,60%;10,60%;10,60%;10,60%;10,60%;10,70%;10,70%;10,70%;10,70%;10,70%;10,80%;10,80%;10,80%;10,80%;10,80%;10,80%;10,90%;10,90%;10,90%;10,90%;11,00%;11,00%;11,00%;11,00%;11,10%;11,10%;11,10%;11,10%;11,20%;11,20%;11,20%;11,20%;11,30%;11,30%;11,30%;11,30%;11,30%;11,40%;11,40%;11,40%;11,70%;11,80%;11,80%;11,80%;11,90%;11,90%;11,90%;11,90%;12,00%;12,00%;12,00%;11,70%;11,70%;11,80%;11,80%;11,80%;11,90%;11,90%;11,90%;11,90%;12,00%;12,00%;12,00%;12,00%;12,10%;12,10%;12,20%;12,20%;12,20%;12,30%;12,30%;12,30%;12,40%;12,40%;12,40%;12,50%;12,50%;12,50%;12,60%;12,60%;12,60%;12,70%;12,70%;12,70%;12,80%;12,80%;12,80%;12,80%;12,90%;12,90%;13,00%;13,00%;13,00%;13,10%;13,10%;13,10%;13,20%;13,20%;13,20%;13,30%;13,30%;13,30%;13,40%;13,40%;13,40%;13,50%;13,50%;13,50%;13,60%;13,60%;13,60%;13,70%;13,70%;13,70%;13,70%;13,80%;13,80%;13,80%;13,90%;13,90%;13,90%;14,00%;14,00%;14,00%;14,10%;14,10%;14,10%;14,20%;14,20%;14,20%;14,30%;14,30%;14,30%;14,40%;14,40%;14,40%;14,50%;14,50%;14,50%;14,60%;14,60%;14,70%;14,70%;14,80%;14,80%;14,80%;14,90%;14,90%;15,00%;15,00%;15,00%;15,10%;15,10%;15,20%;15,20%;15,20%;15,30%;15,30%;15,40%;15,40%;15,50%;15,50%;15,50%;15,60%;15,60%;15,70%;15,70%;15,80%;15,80%;15,90%;15,90%;16,00%;16,00%;16,00%;16,10%;16,10%;16,20%;16,20%;16,30%;16,30%;16,40%;16,40%;16,40%;16,50%
522205;VICENTINOPOLIS;7,80%;7,80%;7,80%;7,80%;7,80%;7,80%;7,80%;7,80%;7,90%;7,90%;7,90%;7,90%;7,90%;7,90%;7,90%;8,00%;8,00%;8,00%;8,00%;8,10%;8,10%;8,10%;8,10%;8,10%;8,20%;8,20%;8,20%;8,20%;8,30%;8,30%;8,30%;8,30%;8,40%;8,40%;8,40%;8,40%;8,50%;8,50%;8,50%;8,50%;8,50%;8,60%;8,60%;8,60%;8,60%;8,70%;8,70%;8,70%;8,70%;8,80%;8,80%;8,80%;8,80%;8,90%;8,90%;8,90%;8,90%;9,00%;9,00%;9,00%;9,00%;9,40%;9,40%;9,50%;9,50%;9,50%;9,50%;9,60%;9,60%;9,60%;9,70%;9,70%;9,40%;9,40%;9,40%;9,50%;9,50%;9,50%;9,50%;9,60%;9,60%;9,60%;9,70%;9,70%;9,70%;9,70%;9,80%;9,80%;9,80%;9,90%;9,90%;9,90%;9,90%;10,00%;10,00%;10,00%;10,10%;10,10%;10,10%;10,20%;10,20%;10,20%;10,20%;10,30%;10,30%;10,30%;10,30%;10,40%;10,40%;10,40%;10,50%;10,50%;10,50%;10,50%;10,60%;10,60%;10,60%;10,60%;10,70%;10,70%;10,70%;10,70%;10,80%;10,80%;10,80%;10,80%;10,80%;10,90%;10,90%;10,90%;10,90%;11,00%;11,00%;11,00%;11,00%;11,00%;11,10%;11,10%;11,10%;11,10%;11,10%;11,20%;11,20%;11,20%;11,20%;11,20%;11,30%;11,30%;11,30%;11,30%;11,40%;11,40%;11,40%;11,50%;11,50%;11,50%;11,50%;11,60%;11,60%;11,60%;11,70%;11,70%;11,80%;11,80%;11,80%;11,90%;11,90%;11,90%;12,00%;12,00%;12,00%;12,10%;12,10%;12,10%;12,20%;12,20%;12,30%;12,30%;12,30%;12,40%;12,40%;12,40%;12,50%;12,50%;12,50%;12,60%;12,60%;12,70%;12,70%;12,70%;12,80%;12,80%;12,80%;12,90%;12,90%;12,90%;13,00%;13,00%;13,10%;13,10%;13,10%;13,20%;13,20%;13,20%;13,30%
522220;VILA BOA;5,90%;5,90%;5,90%;5,90%;5,90%;5,90%;5,90%;6,00%;6,00%;6,00%;6,00%;6,00%;6,00%;6,00%;6,10%;6,10%;6,10%;6,10%;6,10%;6,10%;6,10%;6,10%;6,20%;6,20%;6,20%;6,20%;6,20%;6,30%;6,30%;6,30%;6,30%;6,40%;6,40%;6,40%;6,40%;6,50%;6,50%;6,50%;6,50%;6,50%;6,60%;6,60%;6,60%;6,60%;6,60%;6,70%;6,70%;6,70%;6,70%;6,80%;6,80%;6,80%;6,90%;6,90%;7,00%;7,00%;7,10%;7,10%;7,10%;7,20%;7,20%;7,60%;7,60%;7,60%;7,70%;7,70%;7,80%;7,80%;7,80%;7,90%;7,90%;7,90%;7,60%;7,60%;7,60%;7,70%;7,70%;7,70%;7,80%;7,80%;7,80%;7,90%;7,90%;7,90%;8,00%;8,00%;8,10%;8,10%;8,10%;8,20%;8,20%;8,30%;8,30%;8,30%;8,40%;8,40%;8,50%;8,50%;8,60%;8,60%;8,70%;8,70%;8,80%;8,80%;8,90%;8,90%;9,00%;9,00%;9,10%;9,10%;9,20%;9,20%;9,30%;9,30%;9,40%;9,40%;9,50%;9,50%;9,60%;9,60%;9,70%;9,80%;9,80%;9,90%;9,90%;10,00%;10,00%;10,10%;10,10%;10,20%;10,20%;10,30%;10,40%;10,40%;10,40%;10,50%;10,50%;10,60%;10,60%;10,70%;10,70%;10,70%;10,80%;10,80%;10,90%;10,90%;11,00%;11,00%;11,10%;11,20%;11,20%;11,30%;11,30%;11,40%;11,40%;11,50%;11,60%;11,60%;11,70%;11,70%;11,80%;11,80%;11,90%;11,90%;12,00%;12,00%;12,10%;12,10%;12,20%;12,20%;12,30%;12,40%;12,40%;12,50%;12,50%;12,60%;12,70%;12,70%;12,80%;12,90%;12,90%;13,00%;13,00%;13,10%;13,10%;13,20%;13,20%;13,30%;13,30%;13,40%;13,50%;13,50%;13,60%;13,60%;13,70%;13,70%;13,80%;13,80%;13,90%;13,90%;14,00%;14,00%;14,10%;14,10%;14,20%
522230;VILA PROPICIO;10,60%;10,60%;10,60%;10,70%;10,70%;10,70%;10,80%;10,80%;10,80%;10,90%;10,90%;10,90%;11,00%;11,00%;11,00%;11,10%;11,10%;11,20%;11,20%;11,20%;11,30%;11,30%;11,40%;11,40%;11,40%;11,50%;11,50%;11,60%;11,60%;11,60%;11,70%;11,70%;11,70%;11,80%;11,80%;11,90%;11,90%;11,90%;12,00%;12,00%;12,00%;12,10%;12,10%;12,20%;12,20%;12,20%;12,30%;12,30%;12,30%;12,40%;12,40%;12,40%;12,50%;12,50%;12,50%;12,50%;12,60%;12,60%;12,60%;12,60%;12,70%;13,10%;13,20%;13,20%;13,20%;13,30%;13,30%;13,30%;13,40%;13,40%;13,40%;13,50%;13,10%;13,10%;13,20%;13,20%;13,20%;13,30%;13,30%;13,30%;13,40%;13,40%;13,40%;13,50%;13,50%;13,50%;13,60%;13,60%;13,60%;13,70%;13,70%;13,80%;13,80%;13,80%;13,90%;13,90%;13,90%;14,00%;14,00%;14,00%;14,10%;14,10%;14,10%;14,20%;14,20%;14,20%;14,30%;14,30%;14,30%;14,40%;14,40%;14,40%;14,40%;14,50%;14,50%;14,50%;14,50%;14,60%;14,60%;14,60%;14,60%;14,70%;14,70%;14,70%;14,70%;14,80%;14,80%;14,80%;14,80%;14,90%;14,90%;14,90%;14,90%;15,00%;15,00%;15,00%;15,10%;15,10%;15,10%;15,10%;15,20%;15,20%;15,20%;15,30%;15,30%;15,30%;15,40%;15,40%;15,40%;15,50%;15,50%;15,50%;15,50%;15,60%;15,60%;15,60%;15,70%;15,70%;15,80%;15,80%;15,90%;15,90%;16,00%;16,10%;16,10%;16,20%;16,20%;16,30%;16,30%;16,40%;16,40%;16,50%;16,50%;16,60%;16,60%;16,70%;16,80%;16,80%;16,90%;16,90%;17,00%;17,00%;17,10%;17,20%;17,20%;17,30%;17,30%;17,40%;17,50%;17,50%;17,60%;17,70%;17,70%;17,80%;17,80%;17,90%;18,00%;18,00%;18,10%;18,10%;18,20%;18,30%;18,30%;18,40%;18,50%
