cod_mun;Município;jul/09;ago/09;set/09;out/09;nov/09;dez/09;jan/10;fev/10;mar/10;abr/10;mai/10;jun/10;jul/10;ago/10;set/10;out/10;nov/10;dez/10;jan/11;fev/11;mar/11;abr/11;mai/11;jun/11;jul/11;ago/11;set/11;out/11;nov/11;dez/11;jan/12;fev/12;mar/12;abr/12;mai/12;jun/12;jul/12;ago/12;set/12;out/12;nov/12;dez/12;jan/13;fev/13;mar/13;abr/13;mai/13;jun/13;jul/13;ago/13;set/13;out/13;nov/13;dez/13;jan/14;fev/14;mar/14;abr/14;mai/14;jun/14;jul/14;ago/14;set/14;out/14;nov/14;dez/14;jan/15;fev/15;mar/15;abr/15;mai/15;jun/15;jul/15;ago/15;set/15;out/15;nov/15;dez/15;jan/16;fev/16;mar/16;abr/16;mai/16;jun/16;jul/16;ago/16;set/16;out/16;nov/16;dez/16;jan/17;fev/17;mar/17;abr/17;mai/17;jun/17;jul/17;ago/17;set/17;out/17;nov/17;dez/17;jan/18;fev/18;mar/18;abr/18;mai/18;jun/18;jul/18;ago/18;set/18;out/18;nov/18;dez/18;jan/19;fev/19;mar/19;abr/19;mai/19;jun/19;jul/19;ago/19;set/19;out/19;nov/19;dez/19;jan/20;fev/20;mar/20;abr/20;mai/20;jun/20;jul/20;ago/20;set/20;out/20;nov/20;dez/20;jan/21;fev/21;mar/21;abr/21;mai/21;jun/21;jul/21;ago/21;set/21;out/21;nov/21;dez/21;jan/22;fev/22;mar/22;abr/22;mai/22;jun/22;jul/22;ago/22;set/22;out/22;nov/22;dez/22;jan/23;fev/23;mar/23;abr/23;mai/23;jun/23;jul/23;ago/23;set/23;out/23;nov/23;dez/23;jan/24;fev/24;mar/24;abr/24;mai/24;jun/24;jul/24;ago/24;set/24;out/24;nov/24;dez/24;jan/25;fev/25;mar/25;abr/25;mai/25;jun/25;jul/25;ago/25;set/25;out/25;nov/25;dez/25;jan/26;fev/26;mar/26;abr/26;mai/26;jun/26;jul/26
520005;ABADIA DE GOIAS;21,00%;20,90%;20,90%;20,80%;20,80%;20,70%;20,70%;20,60%;20,60%;20,50%;20,50%;20,40%;20,40%;20,40%;20,30%;20,30%;20,30%;20,20%;20,20%;20,20%;20,10%;20,10%;20,10%;20,00%;20,00%;20,00%;20,00%;20,00%;19,90%;19,90%;19,90%;19,90%;19,80%;19,80%;19,80%;19,80%;19,80%;19,80%;19,80%;19,80%;19,80%;19,80%;19,80%;19,80%;19,80%;19,80%;19,80%;19,80%;19,80%;19,80%;19,80%;19,80%;19,80%;19,80%;19,80%;19,80%;19,80%;19,90%;19,90%;19,90%;19,90%;20,10%;20,20%;20,20%;20,20%;20,20%;20,20%;20,30%;20,30%;20,30%;20,30%;20,30%;20,10%;20,10%;20,20%;20,20%;20,20%;20,20%;20,20%;20,30%;20,30%;20,30%;20,30%;20,30%;20,40%;20,40%;20,40%;20,40%;20,40%;20,40%;20,40%;20,40%;20,50%;20,50%;20,50%;20,50%;20,50%;20,50%;20,50%;20,50%;20,50%;20,50%;20,50%;20,60%;20,60%;20,60%;20,60%;20,60%;20,60%;20,60%;20,60%;20,60%;20,60%;20,60%;20,60%;20,60%;20,60%;20,60%;20,60%;20,60%;20,60%;20,60%;20,60%;20,60%;20,60%;20,60%;20,60%;20,60%;20,60%;20,60%;20,60%;20,60%;20,60%;20,60%;20,60%;20,60%;20,70%;20,70%;20,70%;20,70%;20,70%;20,70%;20,70%;20,70%;20,70%;20,70%;20,70%;20,70%;20,70%;20,60%;20,60%;20,60%;20,60%;20,60%;20,60%;20,60%;20,60%;20,60%;20,60%;20,60%;20,60%;20,60%;20,60%;20,60%;20,60%;20,60%;20,60%;20,60%;20,60%;20,60%;20,60%;20,60%;20,60%;20,60%;20,60%;20,60%;20,60%;20,60%;20,60%;20,60%;20,60%;20,60%;20,60%;20,60%;20,60%;20,60%;20,60%;20,60%;20,60%;20,60%;20,60%;20,60%;20,60%;20,60%;20,60%;20,70%;20,70%;20,70%;20,70%;20,70%;20,70%;20,70%;20,70%;20,70%;20,70%
520010;ABADIANIA;19,40%;19,30%;19,30%;19,20%;19,10%;19,10%;19,00%;18,90%;18,90%;18,80%;18,80%;18,70%;18,60%;18,60%;18,50%;18,40%;18,40%;18,30%;18,30%;18,20%;18,10%;18,10%;18,00%;18,00%;17,90%;17,90%;17,80%;17,80%;17,70%;17,70%;17,60%;17,60%;17,50%;17,50%;17,40%;17,40%;17,30%;17,30%;17,30%;17,20%;17,20%;17,20%;17,10%;17,10%;17,10%;17,00%;17,00%;17,00%;16,90%;16,90%;16,90%;16,90%;16,80%;16,80%;16,80%;16,80%;16,80%;16,70%;16,70%;16,70%;16,70%;16,50%;16,50%;16,50%;16,40%;16,40%;16,40%;16,40%;16,40%;16,40%;16,40%;16,30%;16,50%;16,50%;16,50%;16,50%;16,40%;16,40%;16,40%;16,40%;16,40%;16,40%;16,40%;16,30%;16,30%;16,30%;16,30%;16,30%;16,30%;16,30%;16,30%;16,30%;16,30%;16,30%;16,20%;16,20%;16,20%;16,20%;16,20%;16,20%;16,20%;16,20%;16,20%;16,30%;16,30%;16,30%;16,30%;16,30%;16,30%;16,30%;16,30%;16,30%;16,30%;16,30%;16,30%;16,30%;16,40%;16,40%;16,40%;16,40%;16,40%;16,40%;16,40%;16,40%;16,50%;16,50%;16,50%;16,50%;16,50%;16,50%;16,50%;16,50%;16,60%;16,60%;16,60%;16,60%;16,60%;16,60%;16,60%;16,60%;16,60%;16,60%;16,60%;16,60%;16,60%;16,60%;16,60%;16,60%;16,60%;16,60%;16,70%;16,70%;16,70%;16,70%;16,70%;16,70%;16,70%;16,60%;16,60%;16,60%;16,60%;16,60%;16,60%;16,50%;16,50%;16,50%;16,50%;16,50%;16,50%;16,40%;16,40%;16,40%;16,30%;16,30%;16,30%;16,30%;16,20%;16,20%;16,20%;16,20%;16,10%;16,10%;16,10%;16,00%;16,00%;16,00%;15,90%;15,90%;15,90%;15,80%;15,80%;15,80%;15,70%;15,70%;15,70%;15,60%;15,60%;15,60%;15,50%;15,50%;15,50%;15,40%;15,40%;15,40%;15,30%
520013;ACREUNA;20,40%;20,30%;20,30%;20,20%;20,20%;20,20%;20,10%;20,10%;20,00%;20,00%;19,90%;19,90%;19,80%;19,80%;19,70%;19,70%;19,70%;19,60%;19,60%;19,50%;19,50%;19,40%;19,40%;19,30%;19,30%;19,20%;19,20%;19,10%;19,10%;19,00%;19,00%;19,00%;18,90%;18,90%;18,80%;18,80%;18,70%;18,70%;18,60%;18,60%;18,50%;18,50%;18,50%;18,40%;18,40%;18,30%;18,30%;18,20%;18,20%;18,20%;18,10%;18,10%;18,10%;18,00%;18,00%;18,00%;17,90%;17,90%;17,90%;17,80%;17,80%;17,40%;17,40%;17,40%;17,40%;17,30%;17,30%;17,30%;17,30%;17,20%;17,20%;17,20%;17,50%;17,40%;17,40%;17,40%;17,40%;17,30%;17,30%;17,30%;17,20%;17,20%;17,20%;17,20%;17,10%;17,10%;17,10%;17,10%;17,00%;17,00%;17,00%;17,00%;17,00%;16,90%;16,90%;16,90%;16,90%;16,80%;16,80%;16,80%;16,80%;16,80%;16,80%;16,70%;16,70%;16,70%;16,70%;16,70%;16,60%;16,60%;16,60%;16,60%;16,60%;16,60%;16,60%;16,60%;16,60%;16,50%;16,50%;16,50%;16,50%;16,50%;16,50%;16,50%;16,50%;16,40%;16,40%;16,40%;16,40%;16,40%;16,40%;16,40%;16,40%;16,40%;16,40%;16,30%;16,30%;16,30%;16,30%;16,30%;16,30%;16,30%;16,30%;16,30%;16,30%;16,30%;16,20%;16,20%;16,20%;16,20%;16,20%;16,20%;16,20%;16,20%;16,10%;16,10%;16,10%;16,10%;16,10%;16,10%;16,00%;16,00%;16,00%;16,00%;15,90%;15,90%;15,90%;15,90%;15,90%;15,80%;15,80%;15,80%;15,80%;15,70%;15,70%;15,70%;15,60%;15,60%;15,60%;15,60%;15,50%;15,50%;15,50%;15,50%;15,40%;15,40%;15,40%;15,30%;15,30%;15,30%;15,20%;15,20%;15,20%;15,20%;15,10%;15,10%;15,10%;15,00%;15,00%;15,00%;15,00%;14,90%;14,90%;14,90%;14,80%
520015;ADELANDIA;17,00%;16,90%;16,90%;16,90%;16,80%;16,80%;16,80%;16,70%;16,70%;16,70%;16,60%;16,60%;16,60%;16,50%;16,50%;16,50%;16,40%;16,40%;16,30%;16,30%;16,30%;16,20%;16,20%;16,10%;16,10%;16,00%;16,00%;16,00%;15,90%;15,90%;15,80%;15,80%;15,70%;15,70%;15,60%;15,60%;15,50%;15,50%;15,50%;15,40%;15,40%;15,30%;15,30%;15,30%;15,20%;15,20%;15,10%;15,10%;15,10%;15,00%;15,00%;14,90%;14,90%;14,90%;14,80%;14,80%;14,70%;14,70%;14,70%;14,60%;14,60%;14,30%;14,30%;14,30%;14,20%;14,20%;14,20%;14,20%;14,10%;14,10%;14,10%;14,00%;14,30%;14,30%;14,30%;14,30%;14,20%;14,20%;14,20%;14,20%;14,10%;14,10%;14,10%;14,00%;14,00%;14,00%;14,00%;13,90%;13,90%;13,90%;13,80%;13,80%;13,80%;13,80%;13,70%;13,70%;13,70%;13,70%;13,70%;13,60%;13,60%;13,60%;13,60%;13,60%;13,60%;13,60%;13,60%;13,60%;13,60%;13,60%;13,60%;13,60%;13,60%;13,60%;13,60%;13,60%;13,60%;13,50%;13,50%;13,50%;13,50%;13,50%;13,50%;13,50%;13,50%;13,50%;13,40%;13,40%;13,40%;13,40%;13,40%;13,30%;13,30%;13,30%;13,30%;13,30%;13,30%;13,30%;13,30%;13,30%;13,20%;13,20%;13,20%;13,20%;13,20%;13,20%;13,10%;13,10%;13,10%;13,10%;13,00%;13,00%;13,00%;13,00%;12,90%;12,90%;12,90%;12,90%;12,80%;12,80%;12,80%;12,70%;12,70%;12,70%;12,70%;12,60%;12,60%;12,60%;12,50%;12,50%;12,50%;12,40%;12,40%;12,40%;12,30%;12,30%;12,30%;12,20%;12,20%;12,20%;12,10%;12,10%;12,10%;12,00%;12,00%;11,90%;11,90%;11,90%;11,80%;11,80%;11,70%;11,70%;11,70%;11,60%;11,60%;11,50%;11,50%;11,50%;11,40%;11,40%;11,30%;11,30%;11,20%;11,20%;11,20%
520017;AGUA FRIA DE GOIAS;21,90%;21,90%;21,80%;21,80%;21,70%;21,70%;21,70%;21,60%;21,60%;21,50%;21,50%;21,40%;21,40%;21,30%;21,30%;21,20%;21,20%;21,10%;21,10%;21,00%;21,00%;20,90%;20,90%;20,80%;20,80%;20,70%;20,70%;20,60%;20,60%;20,50%;20,50%;20,40%;20,40%;20,30%;20,30%;20,20%;20,20%;20,20%;20,10%;20,10%;20,00%;20,00%;19,90%;19,90%;19,80%;19,80%;19,70%;19,70%;19,60%;19,60%;19,50%;19,50%;19,50%;19,40%;19,40%;19,40%;19,30%;19,30%;19,30%;19,20%;19,20%;18,80%;18,80%;18,70%;18,70%;18,70%;18,60%;18,60%;18,60%;18,60%;18,50%;18,50%;18,80%;18,80%;18,80%;18,70%;18,70%;18,70%;18,60%;18,60%;18,60%;18,60%;18,50%;18,50%;18,50%;18,40%;18,40%;18,40%;18,30%;18,30%;18,30%;18,30%;18,20%;18,20%;18,20%;18,10%;18,10%;18,10%;18,10%;18,00%;18,00%;18,00%;18,00%;17,90%;17,90%;17,90%;17,90%;17,80%;17,80%;17,80%;17,80%;17,80%;17,80%;17,80%;17,70%;17,70%;17,70%;17,70%;17,70%;17,70%;17,60%;17,60%;17,60%;17,60%;17,60%;17,50%;17,50%;17,50%;17,50%;17,40%;17,40%;17,40%;17,40%;17,40%;17,40%;17,30%;17,30%;17,30%;17,30%;17,30%;17,30%;17,20%;17,20%;17,20%;17,20%;17,20%;17,20%;17,10%;17,10%;17,10%;17,10%;17,10%;17,00%;17,00%;17,00%;17,00%;16,90%;16,90%;16,90%;16,90%;16,80%;16,80%;16,80%;16,70%;16,70%;16,70%;16,70%;16,60%;16,60%;16,60%;16,50%;16,50%;16,50%;16,50%;16,40%;16,40%;16,40%;16,40%;16,30%;16,30%;16,30%;16,20%;16,20%;16,20%;16,10%;16,10%;16,00%;16,00%;16,00%;15,90%;15,90%;15,90%;15,80%;15,80%;15,80%;15,70%;15,70%;15,60%;15,60%;15,60%;15,50%;15,50%;15,50%;15,40%;15,40%
520020;AGUA LIMPA;15,90%;15,80%;15,70%;15,70%;15,60%;15,60%;15,50%;15,40%;15,40%;15,30%;15,30%;15,20%;15,10%;15,10%;15,10%;15,00%;15,00%;14,90%;14,90%;14,90%;14,80%;14,80%;14,80%;14,70%;14,70%;14,60%;14,60%;14,60%;14,50%;14,50%;14,50%;14,40%;14,40%;14,40%;14,30%;14,30%;14,30%;14,20%;14,20%;14,20%;14,10%;14,10%;14,10%;14,00%;14,00%;14,00%;13,90%;13,90%;13,90%;13,80%;13,80%;13,80%;13,80%;13,80%;13,70%;13,70%;13,70%;13,70%;13,70%;13,60%;13,60%;13,60%;13,60%;13,60%;13,60%;13,60%;13,60%;13,60%;13,60%;13,60%;13,60%;13,60%;13,60%;13,60%;13,60%;13,60%;13,60%;13,60%;13,60%;13,60%;13,60%;13,60%;13,60%;13,60%;13,60%;13,60%;13,60%;13,60%;13,60%;13,60%;13,60%;13,60%;13,60%;13,60%;13,60%;13,60%;13,60%;13,60%;13,50%;13,50%;13,50%;13,50%;13,50%;13,50%;13,50%;13,50%;13,50%;13,50%;13,50%;13,50%;13,50%;13,50%;13,50%;13,60%;13,60%;13,60%;13,60%;13,60%;13,60%;13,70%;13,70%;13,70%;13,70%;13,80%;13,80%;13,80%;13,80%;13,90%;13,90%;13,90%;14,00%;14,00%;14,00%;14,00%;14,10%;14,10%;14,10%;14,10%;14,10%;14,20%;14,20%;14,20%;14,20%;14,20%;14,30%;14,30%;14,30%;14,20%;14,20%;14,20%;14,20%;14,20%;14,20%;14,20%;14,20%;14,20%;14,10%;14,10%;14,10%;14,10%;14,10%;14,10%;14,00%;14,00%;14,00%;14,00%;14,00%;14,00%;13,90%;13,90%;13,90%;13,90%;13,90%;13,80%;13,80%;13,80%;13,80%;13,70%;13,70%;13,70%;13,70%;13,60%;13,60%;13,50%;13,50%;13,40%;13,40%;13,30%;13,20%;13,20%;13,10%;13,10%;13,00%;13,00%;12,90%;12,90%;12,80%;12,70%;12,70%;12,60%;12,60%;12,50%;12,50%;12,40%;12,30%
520025;AGUAS LINDAS DE GOIAS;27,00%;26,90%;26,80%;26,70%;26,60%;26,50%;26,50%;26,40%;26,30%;26,20%;26,10%;26,10%;26,00%;25,90%;25,80%;25,80%;25,70%;25,70%;25,60%;25,50%;25,50%;25,40%;25,40%;25,30%;25,20%;25,20%;25,10%;25,10%;25,00%;25,00%;24,90%;24,90%;24,90%;24,80%;24,80%;24,70%;24,70%;24,60%;24,60%;24,50%;24,50%;24,40%;24,40%;24,40%;24,30%;24,30%;24,20%;24,20%;24,20%;24,10%;24,10%;24,00%;24,00%;24,00%;23,90%;23,90%;23,90%;23,80%;23,80%;23,80%;23,70%;23,30%;23,30%;23,30%;23,30%;23,20%;23,20%;23,20%;23,10%;23,10%;23,10%;23,00%;23,40%;23,30%;23,30%;23,30%;23,20%;23,20%;23,20%;23,20%;23,10%;23,10%;23,10%;23,00%;23,00%;23,00%;22,90%;22,90%;22,90%;22,80%;22,80%;22,80%;22,70%;22,70%;22,70%;22,60%;22,60%;22,60%;22,50%;22,50%;22,50%;22,40%;22,40%;22,40%;22,30%;22,30%;22,30%;22,20%;22,20%;22,20%;22,10%;22,10%;22,10%;22,00%;22,00%;22,00%;21,90%;21,90%;21,90%;21,80%;21,80%;21,80%;21,70%;21,70%;21,70%;21,60%;21,60%;21,50%;21,50%;21,50%;21,40%;21,40%;21,40%;21,30%;21,30%;21,30%;21,20%;21,20%;21,20%;21,10%;21,10%;21,10%;21,00%;21,00%;21,00%;20,90%;20,90%;20,90%;20,90%;20,80%;20,80%;20,80%;20,70%;20,70%;20,70%;20,70%;20,60%;20,60%;20,60%;20,50%;20,50%;20,50%;20,50%;20,40%;20,40%;20,40%;20,40%;20,30%;20,30%;20,30%;20,30%;20,30%;20,20%;20,20%;20,20%;20,20%;20,10%;20,10%;20,10%;20,10%;20,10%;20,00%;20,00%;20,00%;20,00%;19,90%;19,90%;19,90%;19,90%;19,80%;19,80%;19,80%;19,80%;19,70%;19,70%;19,70%;19,70%;19,60%;19,60%;19,60%;19,60%;19,50%;19,50%;19,50%;19,50%
520030;ALEXANIA;22,00%;21,90%;21,90%;21,80%;21,80%;21,70%;21,70%;21,60%;21,60%;21,50%;21,40%;21,40%;21,30%;21,30%;21,20%;21,20%;21,10%;21,10%;21,00%;20,90%;20,90%;20,80%;20,80%;20,70%;20,70%;20,60%;20,60%;20,50%;20,40%;20,40%;20,30%;20,30%;20,20%;20,20%;20,10%;20,10%;20,00%;20,00%;19,90%;19,90%;19,80%;19,80%;19,70%;19,70%;19,60%;19,60%;19,60%;19,50%;19,50%;19,40%;19,40%;19,40%;19,30%;19,30%;19,20%;19,20%;19,20%;19,10%;19,10%;19,10%;19,00%;18,60%;18,60%;18,60%;18,50%;18,50%;18,50%;18,40%;18,40%;18,40%;18,30%;18,30%;18,60%;18,60%;18,60%;18,60%;18,50%;18,50%;18,50%;18,40%;18,40%;18,40%;18,30%;18,30%;18,30%;18,30%;18,20%;18,20%;18,20%;18,20%;18,10%;18,10%;18,10%;18,10%;18,00%;18,00%;18,00%;18,00%;17,90%;17,90%;17,90%;17,90%;17,90%;17,80%;17,80%;17,80%;17,80%;17,80%;17,80%;17,80%;17,70%;17,70%;17,70%;17,70%;17,70%;17,70%;17,70%;17,70%;17,70%;17,70%;17,70%;17,70%;17,60%;17,60%;17,60%;17,60%;17,60%;17,60%;17,60%;17,60%;17,60%;17,60%;17,60%;17,60%;17,60%;17,50%;17,50%;17,50%;17,50%;17,50%;17,50%;17,50%;17,50%;17,50%;17,50%;17,50%;17,40%;17,40%;17,40%;17,40%;17,40%;17,40%;17,40%;17,40%;17,40%;17,40%;17,30%;17,30%;17,30%;17,30%;17,30%;17,30%;17,20%;17,20%;17,20%;17,20%;17,20%;17,20%;17,20%;17,10%;17,10%;17,10%;17,10%;17,00%;17,00%;17,00%;17,00%;16,90%;16,90%;16,90%;16,90%;16,80%;16,80%;16,80%;16,80%;16,70%;16,70%;16,70%;16,70%;16,60%;16,60%;16,60%;16,60%;16,50%;16,50%;16,50%;16,50%;16,40%;16,40%;16,40%;16,40%;16,30%;16,30%;16,30%;16,30%
520050;ALOANDIA;14,60%;14,50%;14,50%;14,40%;14,40%;14,30%;14,30%;14,20%;14,10%;14,10%;14,00%;14,00%;13,90%;13,90%;13,80%;13,80%;13,80%;13,70%;13,70%;13,70%;13,60%;13,60%;13,60%;13,50%;13,50%;13,40%;13,40%;13,40%;13,30%;13,30%;13,30%;13,20%;13,20%;13,20%;13,10%;13,10%;13,00%;13,00%;13,00%;13,00%;12,90%;12,90%;12,90%;12,90%;12,90%;12,80%;12,80%;12,80%;12,80%;12,80%;12,70%;12,70%;12,70%;12,70%;12,70%;12,70%;12,60%;12,60%;12,60%;12,60%;12,60%;12,30%;12,30%;12,30%;12,20%;12,20%;12,20%;12,20%;12,20%;12,10%;12,10%;12,10%;12,30%;12,30%;12,30%;12,30%;12,20%;12,20%;12,20%;12,20%;12,20%;12,10%;12,10%;12,10%;12,10%;12,10%;12,10%;12,10%;12,10%;12,10%;12,00%;12,00%;12,00%;12,00%;12,00%;12,00%;12,00%;12,00%;12,00%;12,10%;12,10%;12,10%;12,10%;12,10%;12,10%;12,10%;12,20%;12,20%;12,20%;12,20%;12,20%;12,20%;12,20%;12,20%;12,20%;12,20%;12,20%;12,20%;12,20%;12,20%;12,20%;12,20%;12,20%;12,20%;12,20%;12,20%;12,30%;12,30%;12,30%;12,30%;12,30%;12,30%;12,30%;12,30%;12,40%;12,40%;12,40%;12,40%;12,40%;12,40%;12,40%;12,40%;12,40%;12,40%;12,40%;12,50%;12,50%;12,50%;12,50%;12,50%;12,50%;12,50%;12,50%;12,50%;12,50%;12,60%;12,60%;12,60%;12,60%;12,60%;12,60%;12,60%;12,60%;12,60%;12,60%;12,60%;12,60%;12,70%;12,70%;12,60%;12,60%;12,60%;12,60%;12,50%;12,50%;12,50%;12,50%;12,40%;12,40%;12,40%;12,30%;12,30%;12,30%;12,30%;12,30%;12,30%;12,30%;12,30%;12,20%;12,20%;12,20%;12,20%;12,20%;12,20%;12,20%;12,20%;12,10%;12,10%;12,10%;12,10%;12,10%;12,10%;12,10%;12,00%;12,00%
520055;ALTO HORIZONTE;20,60%;20,50%;20,50%;20,50%;20,40%;20,40%;20,40%;20,30%;20,30%;20,30%;20,30%;20,20%;20,20%;20,20%;20,20%;20,10%;20,10%;20,10%;20,10%;20,00%;20,00%;20,00%;20,00%;20,00%;19,90%;19,90%;19,90%;19,90%;19,90%;19,90%;19,80%;19,80%;19,80%;19,80%;19,80%;19,80%;19,70%;19,70%;19,70%;19,70%;19,70%;19,70%;19,60%;19,60%;19,60%;19,60%;19,60%;19,60%;19,60%;19,50%;19,50%;19,50%;19,50%;19,50%;19,50%;19,50%;19,40%;19,40%;19,40%;19,40%;19,40%;19,20%;19,20%;19,20%;19,20%;19,20%;19,20%;19,20%;19,10%;19,10%;19,10%;19,10%;19,20%;19,20%;19,20%;19,20%;19,20%;19,20%;19,20%;19,20%;19,10%;19,10%;19,10%;19,10%;19,10%;19,10%;19,10%;19,10%;19,10%;19,00%;19,00%;19,00%;19,00%;19,00%;19,00%;19,00%;18,90%;18,90%;18,90%;18,90%;18,90%;18,90%;18,90%;18,90%;18,90%;18,90%;18,90%;18,90%;18,90%;18,80%;18,80%;18,80%;18,80%;18,80%;18,80%;18,80%;18,80%;18,80%;18,80%;18,70%;18,70%;18,70%;18,70%;18,70%;18,70%;18,70%;18,70%;18,60%;18,60%;18,60%;18,60%;18,60%;18,60%;18,60%;18,60%;18,60%;18,60%;18,50%;18,50%;18,50%;18,50%;18,50%;18,50%;18,50%;18,50%;18,50%;18,50%;18,40%;18,40%;18,40%;18,40%;18,40%;18,40%;18,30%;18,30%;18,30%;18,30%;18,30%;18,30%;18,30%;18,20%;18,20%;18,20%;18,20%;18,20%;18,20%;18,20%;18,20%;18,10%;18,10%;18,10%;18,10%;18,10%;18,10%;18,10%;18,10%;18,10%;18,10%;18,00%;18,00%;18,00%;18,00%;18,00%;18,00%;18,00%;18,00%;18,00%;18,00%;17,90%;17,90%;17,90%;17,90%;17,90%;17,90%;17,90%;17,90%;17,90%;17,90%;17,90%;17,80%;17,80%;17,80%;17,80%;17,80%;17,80%
520060;ALTO PARAISO DE GOIAS;23,50%;23,40%;23,40%;23,30%;23,30%;23,20%;23,20%;23,10%;23,10%;23,10%;23,00%;23,00%;22,90%;22,90%;22,80%;22,80%;22,80%;22,70%;22,70%;22,60%;22,60%;22,60%;22,50%;22,50%;22,40%;22,40%;22,40%;22,30%;22,30%;22,30%;22,20%;22,20%;22,20%;22,10%;22,10%;22,10%;22,00%;22,00%;22,00%;22,00%;21,90%;21,90%;21,90%;21,80%;21,80%;21,80%;21,80%;21,70%;21,70%;21,70%;21,70%;21,60%;21,60%;21,60%;21,50%;21,50%;21,50%;21,50%;21,40%;21,40%;21,40%;21,10%;21,10%;21,10%;21,10%;21,00%;21,00%;21,00%;21,00%;20,90%;20,90%;20,90%;21,10%;21,10%;21,10%;21,10%;21,10%;21,00%;21,00%;21,00%;21,00%;20,90%;20,90%;20,90%;20,90%;20,80%;20,80%;20,80%;20,80%;20,70%;20,70%;20,70%;20,70%;20,60%;20,60%;20,60%;20,60%;20,50%;20,50%;20,50%;20,50%;20,40%;20,40%;20,40%;20,30%;20,30%;20,30%;20,30%;20,20%;20,20%;20,20%;20,20%;20,10%;20,10%;20,10%;20,10%;20,00%;20,00%;20,00%;20,00%;19,90%;19,90%;19,90%;19,80%;19,80%;19,80%;19,70%;19,70%;19,70%;19,70%;19,60%;19,60%;19,60%;19,60%;19,50%;19,50%;19,50%;19,50%;19,40%;19,40%;19,40%;19,40%;19,40%;19,30%;19,30%;19,30%;19,30%;19,30%;19,20%;19,20%;19,20%;19,20%;19,20%;19,10%;19,10%;19,10%;19,10%;19,10%;19,10%;19,10%;19,10%;19,10%;19,00%;19,00%;19,00%;19,00%;19,00%;19,00%;19,00%;19,00%;19,00%;19,00%;19,00%;19,00%;19,00%;19,00%;19,00%;19,00%;19,00%;19,00%;19,00%;19,00%;19,00%;19,00%;19,00%;19,00%;19,00%;19,00%;19,00%;19,00%;19,00%;19,00%;19,00%;19,00%;19,00%;19,00%;19,00%;19,00%;19,00%;19,00%;19,00%;19,00%;19,00%;19,00%;19,00%
520080;ALVORADA DO NORTE;23,00%;22,90%;22,90%;22,90%;22,80%;22,80%;22,70%;22,70%;22,60%;22,60%;22,50%;22,50%;22,50%;22,40%;22,30%;22,30%;22,20%;22,20%;22,10%;22,10%;22,00%;22,00%;21,90%;21,90%;21,80%;21,80%;21,70%;21,70%;21,60%;21,60%;21,50%;21,40%;21,40%;21,30%;21,30%;21,20%;21,20%;21,10%;21,10%;21,10%;21,00%;21,00%;20,90%;20,90%;20,80%;20,80%;20,70%;20,70%;20,60%;20,60%;20,50%;20,50%;20,50%;20,40%;20,40%;20,30%;20,30%;20,30%;20,20%;20,20%;20,10%;19,70%;19,70%;19,70%;19,60%;19,60%;19,60%;19,50%;19,50%;19,50%;19,50%;19,40%;19,70%;19,70%;19,70%;19,70%;19,60%;19,60%;19,60%;19,60%;19,50%;19,50%;19,50%;19,40%;19,40%;19,40%;19,30%;19,30%;19,30%;19,20%;19,20%;19,20%;19,10%;19,10%;19,10%;19,00%;19,00%;19,00%;18,90%;18,90%;18,90%;18,80%;18,80%;18,80%;18,80%;18,70%;18,70%;18,70%;18,60%;18,60%;18,60%;18,60%;18,50%;18,50%;18,50%;18,50%;18,40%;18,40%;18,40%;18,40%;18,40%;18,30%;18,30%;18,30%;18,30%;18,20%;18,20%;18,20%;18,20%;18,20%;18,10%;18,10%;18,10%;18,10%;18,10%;18,00%;18,00%;18,00%;18,00%;17,90%;17,90%;17,90%;17,90%;17,90%;17,80%;17,80%;17,80%;17,80%;17,70%;17,70%;17,70%;17,70%;17,60%;17,60%;17,60%;17,60%;17,50%;17,50%;17,50%;17,50%;17,40%;17,40%;17,40%;17,40%;17,30%;17,30%;17,30%;17,30%;17,20%;17,20%;17,20%;17,20%;17,10%;17,10%;17,10%;17,00%;17,00%;17,00%;17,00%;16,90%;16,90%;16,90%;16,80%;16,80%;16,80%;16,80%;16,70%;16,70%;16,70%;16,60%;16,60%;16,60%;16,50%;16,50%;16,50%;16,40%;16,40%;16,40%;16,30%;16,30%;16,30%;16,20%;16,20%;16,20%;16,20%
520082;AMARALINA;19,70%;19,70%;19,60%;19,50%;19,50%;19,40%;19,30%;19,30%;19,20%;19,10%;19,10%;19,00%;18,90%;18,90%;18,80%;18,70%;18,60%;18,60%;18,50%;18,40%;18,40%;18,30%;18,20%;18,20%;18,10%;18,00%;17,90%;17,90%;17,80%;17,70%;17,70%;17,60%;17,50%;17,50%;17,40%;17,30%;17,30%;17,20%;17,10%;17,10%;17,00%;17,00%;16,90%;16,90%;16,80%;16,80%;16,70%;16,70%;16,60%;16,60%;16,50%;16,50%;16,50%;16,40%;16,40%;16,30%;16,30%;16,20%;16,20%;16,20%;16,10%;15,70%;15,60%;15,60%;15,60%;15,50%;15,50%;15,50%;15,40%;15,40%;15,40%;15,30%;15,70%;15,70%;15,60%;15,60%;15,60%;15,50%;15,50%;15,50%;15,40%;15,40%;15,40%;15,30%;15,30%;15,30%;15,20%;15,20%;15,20%;15,10%;15,10%;15,10%;15,00%;15,00%;15,00%;14,90%;14,90%;14,90%;14,80%;14,80%;14,80%;14,70%;14,70%;14,70%;14,60%;14,60%;14,60%;14,50%;14,50%;14,50%;14,50%;14,40%;14,40%;14,40%;14,40%;14,40%;14,40%;14,30%;14,30%;14,30%;14,30%;14,30%;14,30%;14,30%;14,20%;14,20%;14,20%;14,20%;14,20%;14,20%;14,20%;14,20%;14,20%;14,10%;14,10%;14,10%;14,10%;14,10%;14,00%;14,00%;14,00%;14,00%;14,00%;13,90%;13,90%;13,90%;13,90%;13,90%;13,80%;13,80%;13,80%;13,80%;13,70%;13,70%;13,70%;13,70%;13,60%;13,60%;13,50%;13,50%;13,50%;13,40%;13,40%;13,30%;13,30%;13,20%;13,20%;13,20%;13,10%;13,10%;13,00%;13,00%;12,90%;12,90%;12,90%;12,80%;12,80%;12,70%;12,70%;12,70%;12,60%;12,60%;12,50%;12,50%;12,40%;12,40%;12,30%;12,30%;12,20%;12,20%;12,10%;12,10%;12,00%;11,90%;11,90%;11,80%;11,80%;11,70%;11,70%;11,60%;11,60%;11,50%;11,50%;11,40%;11,40%
520085;AMERICANO DO BRASIL;18,20%;18,20%;18,10%;18,10%;18,00%;18,00%;17,90%;17,80%;17,80%;17,70%;17,70%;17,60%;17,60%;17,50%;17,50%;17,40%;17,40%;17,30%;17,30%;17,20%;17,20%;17,10%;17,10%;17,00%;16,90%;16,90%;16,80%;16,80%;16,70%;16,70%;16,60%;16,60%;16,50%;16,50%;16,40%;16,30%;16,30%;16,20%;16,20%;16,10%;16,10%;16,00%;16,00%;15,90%;15,90%;15,80%;15,80%;15,70%;15,70%;15,60%;15,60%;15,50%;15,50%;15,40%;15,40%;15,30%;15,30%;15,30%;15,20%;15,20%;15,10%;14,60%;14,60%;14,60%;14,50%;14,50%;14,40%;14,40%;14,40%;14,30%;14,30%;14,20%;14,70%;14,60%;14,60%;14,60%;14,50%;14,50%;14,40%;14,40%;14,40%;14,30%;14,30%;14,20%;14,20%;14,20%;14,10%;14,10%;14,10%;14,00%;14,00%;14,00%;13,90%;13,90%;13,90%;13,80%;13,80%;13,80%;13,70%;13,70%;13,70%;13,70%;13,60%;13,60%;13,60%;13,60%;13,50%;13,50%;13,50%;13,50%;13,40%;13,40%;13,40%;13,40%;13,40%;13,30%;13,30%;13,30%;13,30%;13,20%;13,20%;13,20%;13,20%;13,20%;13,10%;13,10%;13,10%;13,10%;13,00%;13,00%;13,00%;13,00%;13,00%;12,90%;12,90%;12,90%;12,90%;12,90%;12,90%;12,90%;12,90%;12,90%;12,80%;12,80%;12,80%;12,80%;12,80%;12,80%;12,80%;12,80%;12,70%;12,70%;12,70%;12,70%;12,70%;12,70%;12,70%;12,60%;12,60%;12,60%;12,60%;12,50%;12,50%;12,50%;12,50%;12,50%;12,40%;12,40%;12,40%;12,40%;12,30%;12,30%;12,30%;12,30%;12,20%;12,20%;12,20%;12,20%;12,10%;12,10%;12,10%;12,10%;12,00%;12,00%;12,00%;12,00%;11,90%;11,90%;11,90%;11,80%;11,80%;11,80%;11,70%;11,70%;11,70%;11,70%;11,60%;11,60%;11,60%;11,50%;11,50%;11,50%;11,50%;11,40%;11,40%
520090;AMORINOPOLIS;15,60%;15,60%;15,50%;15,50%;15,40%;15,40%;15,30%;15,30%;15,20%;15,20%;15,10%;15,10%;15,00%;15,00%;14,90%;14,80%;14,80%;14,70%;14,70%;14,60%;14,60%;14,50%;14,40%;14,40%;14,30%;14,30%;14,20%;14,10%;14,10%;14,00%;13,90%;13,90%;13,80%;13,70%;13,70%;13,60%;13,50%;13,50%;13,40%;13,40%;13,30%;13,20%;13,20%;13,10%;13,10%;13,00%;13,00%;12,90%;12,80%;12,80%;12,80%;12,70%;12,70%;12,60%;12,60%;12,60%;12,50%;12,50%;12,50%;12,40%;12,40%;11,90%;11,90%;11,90%;11,90%;11,80%;11,80%;11,80%;11,70%;11,70%;11,70%;11,70%;12,00%;11,90%;11,90%;11,90%;11,90%;11,80%;11,80%;11,80%;11,80%;11,70%;11,70%;11,70%;11,60%;11,60%;11,60%;11,60%;11,50%;11,50%;11,50%;11,50%;11,40%;11,40%;11,40%;11,40%;11,30%;11,30%;11,30%;11,30%;11,30%;11,30%;11,30%;11,30%;11,30%;11,30%;11,30%;11,30%;11,30%;11,30%;11,30%;11,20%;11,20%;11,20%;11,20%;11,20%;11,20%;11,20%;11,20%;11,20%;11,20%;11,20%;11,20%;11,20%;11,20%;11,20%;11,20%;11,20%;11,20%;11,20%;11,20%;11,20%;11,20%;11,20%;11,20%;11,20%;11,20%;11,20%;11,20%;11,20%;11,20%;11,20%;11,20%;11,20%;11,20%;11,20%;11,20%;11,20%;11,20%;11,20%;11,20%;11,20%;11,20%;11,20%;11,20%;11,20%;11,20%;11,10%;11,10%;11,10%;11,10%;11,00%;11,00%;11,00%;11,00%;10,90%;10,90%;10,90%;10,90%;10,80%;10,80%;10,80%;10,70%;10,70%;10,70%;10,70%;10,60%;10,60%;10,60%;10,60%;10,50%;10,50%;10,50%;10,40%;10,40%;10,30%;10,30%;10,30%;10,20%;10,20%;10,20%;10,10%;10,10%;10,00%;10,00%;10,00%;9,90%;9,90%;9,90%;9,80%;9,80%;9,70%;9,70%;9,70%;9,60%
520110;ANAPOLIS;19,00%;19,00%;18,90%;18,90%;18,90%;18,80%;18,80%;18,80%;18,70%;18,70%;18,60%;18,60%;18,60%;18,50%;18,50%;18,50%;18,40%;18,40%;18,40%;18,30%;18,30%;18,30%;18,20%;18,20%;18,10%;18,10%;18,10%;18,00%;18,00%;18,00%;17,90%;17,90%;17,90%;17,90%;17,80%;17,80%;17,80%;17,70%;17,70%;17,70%;17,60%;17,60%;17,60%;17,60%;17,50%;17,50%;17,50%;17,40%;17,40%;17,40%;17,40%;17,30%;17,30%;17,30%;17,30%;17,30%;17,20%;17,20%;17,20%;17,20%;17,20%;16,90%;16,90%;16,90%;16,90%;16,90%;16,90%;16,90%;16,80%;16,80%;16,80%;16,80%;17,00%;16,90%;16,90%;16,90%;16,90%;16,90%;16,90%;16,90%;16,80%;16,80%;16,80%;16,80%;16,80%;16,80%;16,70%;16,70%;16,70%;16,70%;16,70%;16,70%;16,70%;16,60%;16,60%;16,60%;16,60%;16,60%;16,60%;16,60%;16,60%;16,60%;16,50%;16,50%;16,50%;16,50%;16,50%;16,50%;16,50%;16,50%;16,50%;16,50%;16,50%;16,50%;16,50%;16,50%;16,50%;16,40%;16,40%;16,40%;16,40%;16,40%;16,40%;16,40%;16,40%;16,40%;16,40%;16,40%;16,40%;16,40%;16,40%;16,40%;16,40%;16,40%;16,40%;16,40%;16,30%;16,30%;16,30%;16,30%;16,30%;16,30%;16,30%;16,30%;16,30%;16,30%;16,30%;16,30%;16,30%;16,30%;16,30%;16,30%;16,30%;16,20%;16,20%;16,20%;16,20%;16,20%;16,20%;16,20%;16,20%;16,20%;16,20%;16,10%;16,10%;16,10%;16,10%;16,10%;16,10%;16,10%;16,10%;16,00%;16,00%;16,00%;16,00%;16,00%;16,00%;15,90%;15,90%;15,90%;15,90%;15,90%;15,90%;15,80%;15,80%;15,80%;15,80%;15,80%;15,80%;15,70%;15,70%;15,70%;15,70%;15,70%;15,60%;15,60%;15,60%;15,60%;15,60%;15,50%;15,50%;15,50%;15,50%;15,50%;15,50%
520120;ANHANGUERA;16,80%;16,80%;16,80%;16,80%;16,80%;16,70%;16,70%;16,70%;16,70%;16,70%;16,70%;16,60%;16,60%;16,60%;16,50%;16,40%;16,40%;16,30%;16,30%;16,20%;16,20%;16,10%;16,10%;16,00%;15,90%;15,90%;15,90%;15,80%;15,80%;15,80%;15,70%;15,70%;15,70%;15,60%;15,60%;15,60%;15,60%;15,50%;15,40%;15,30%;15,30%;15,20%;15,10%;15,00%;15,00%;14,90%;14,80%;14,70%;14,70%;14,60%;14,60%;14,60%;14,60%;14,60%;14,50%;14,50%;14,50%;14,50%;14,50%;14,40%;14,40%;14,10%;14,00%;14,00%;14,00%;14,00%;13,90%;13,90%;13,90%;13,80%;13,80%;13,80%;14,10%;14,10%;14,00%;14,00%;14,00%;13,90%;13,90%;13,90%;13,90%;13,80%;13,80%;13,80%;13,70%;13,70%;13,70%;13,70%;13,70%;13,70%;13,60%;13,60%;13,60%;13,60%;13,60%;13,60%;13,50%;13,50%;13,50%;13,50%;13,50%;13,50%;13,50%;13,50%;13,50%;13,50%;13,50%;13,50%;13,50%;13,40%;13,40%;13,40%;13,40%;13,30%;13,30%;13,30%;13,20%;13,20%;13,20%;13,20%;13,10%;13,10%;13,10%;13,10%;13,10%;13,00%;13,00%;13,00%;13,00%;13,00%;12,90%;12,90%;12,90%;12,90%;12,90%;12,90%;12,90%;12,90%;12,90%;12,90%;12,90%;12,90%;12,90%;12,90%;12,90%;12,80%;12,80%;12,80%;12,80%;12,80%;12,70%;12,70%;12,70%;12,70%;12,70%;12,60%;12,60%;12,60%;12,50%;12,50%;12,50%;12,40%;12,40%;12,30%;12,30%;12,30%;12,20%;12,20%;12,10%;12,10%;12,00%;12,00%;11,90%;11,90%;11,80%;11,80%;11,70%;11,70%;11,60%;11,60%;11,50%;11,50%;11,50%;11,50%;11,50%;11,50%;11,50%;11,40%;11,40%;11,40%;11,40%;11,40%;11,40%;11,40%;11,40%;11,40%;11,40%;11,30%;11,30%;11,30%;11,30%;11,30%;11,30%;11,30%;11,30%
520130;ANICUNS;17,10%;17,10%;17,00%;17,00%;17,00%;16,90%;16,90%;16,90%;16,80%;16,80%;16,70%;16,70%;16,70%;16,60%;16,60%;16,60%;16,50%;16,50%;16,40%;16,40%;16,40%;16,30%;16,30%;16,30%;16,20%;16,20%;16,10%;16,10%;16,10%;16,00%;16,00%;15,90%;15,90%;15,90%;15,80%;15,80%;15,80%;15,70%;15,70%;15,60%;15,60%;15,60%;15,50%;15,50%;15,50%;15,40%;15,40%;15,40%;15,30%;15,30%;15,30%;15,20%;15,20%;15,20%;15,10%;15,10%;15,10%;15,10%;15,00%;15,00%;15,00%;14,70%;14,70%;14,60%;14,60%;14,60%;14,60%;14,50%;14,50%;14,50%;14,50%;14,40%;14,70%;14,70%;14,70%;14,60%;14,60%;14,60%;14,60%;14,50%;14,50%;14,50%;14,50%;14,40%;14,40%;14,40%;14,40%;14,30%;14,30%;14,30%;14,30%;14,30%;14,20%;14,20%;14,20%;14,20%;14,20%;14,20%;14,10%;14,10%;14,10%;14,10%;14,10%;14,10%;14,10%;14,10%;14,10%;14,00%;14,00%;14,00%;14,00%;14,00%;14,00%;14,00%;14,00%;14,00%;14,00%;14,00%;14,00%;14,00%;14,00%;14,00%;14,00%;14,00%;14,00%;13,90%;13,90%;13,90%;13,90%;13,90%;13,90%;13,90%;13,90%;13,90%;13,90%;13,90%;13,90%;13,90%;13,90%;13,90%;13,90%;13,90%;13,90%;13,90%;13,90%;13,90%;13,90%;13,90%;13,80%;13,80%;13,80%;13,80%;13,80%;13,80%;13,80%;13,80%;13,80%;13,70%;13,70%;13,70%;13,70%;13,70%;13,70%;13,60%;13,60%;13,60%;13,60%;13,60%;13,50%;13,50%;13,50%;13,50%;13,40%;13,40%;13,40%;13,30%;13,30%;13,30%;13,30%;13,20%;13,20%;13,20%;13,20%;13,10%;13,10%;13,10%;13,00%;13,00%;13,00%;13,00%;12,90%;12,90%;12,90%;12,90%;12,80%;12,80%;12,80%;12,80%;12,70%;12,70%;12,70%;12,70%;12,60%;12,60%;12,60%
520140;APARECIDA DE GOIANIA;21,50%;21,50%;21,40%;21,40%;21,30%;21,30%;21,20%;21,20%;21,10%;21,10%;21,00%;21,00%;21,00%;20,90%;20,90%;20,80%;20,80%;20,80%;20,70%;20,70%;20,60%;20,60%;20,60%;20,50%;20,50%;20,50%;20,40%;20,40%;20,30%;20,30%;20,30%;20,20%;20,20%;20,20%;20,10%;20,10%;20,10%;20,00%;20,00%;20,00%;19,90%;19,90%;19,90%;19,80%;19,80%;19,80%;19,70%;19,70%;19,70%;19,60%;19,60%;19,60%;19,60%;19,50%;19,50%;19,50%;19,40%;19,40%;19,40%;19,40%;19,30%;19,00%;19,00%;19,00%;19,00%;18,90%;18,90%;18,90%;18,90%;18,80%;18,80%;18,80%;19,10%;19,00%;19,00%;19,00%;19,00%;18,90%;18,90%;18,90%;18,90%;18,80%;18,80%;18,80%;18,80%;18,70%;18,70%;18,70%;18,70%;18,60%;18,60%;18,60%;18,60%;18,50%;18,50%;18,50%;18,40%;18,40%;18,40%;18,40%;18,30%;18,30%;18,30%;18,30%;18,20%;18,20%;18,20%;18,20%;18,10%;18,10%;18,10%;18,00%;18,00%;18,00%;18,00%;17,90%;17,90%;17,90%;17,90%;17,80%;17,80%;17,80%;17,80%;17,70%;17,70%;17,70%;17,70%;17,60%;17,60%;17,60%;17,50%;17,50%;17,50%;17,50%;17,40%;17,40%;17,40%;17,40%;17,30%;17,30%;17,30%;17,30%;17,20%;17,20%;17,20%;17,20%;17,10%;17,10%;17,10%;17,10%;17,00%;17,00%;17,00%;17,00%;16,90%;16,90%;16,90%;16,90%;16,80%;16,80%;16,80%;16,80%;16,70%;16,70%;16,70%;16,60%;16,60%;16,60%;16,60%;16,50%;16,50%;16,50%;16,50%;16,40%;16,40%;16,40%;16,40%;16,40%;16,30%;16,30%;16,30%;16,30%;16,20%;16,20%;16,20%;16,10%;16,10%;16,10%;16,10%;16,00%;16,00%;16,00%;15,90%;15,90%;15,90%;15,90%;15,80%;15,80%;15,80%;15,80%;15,70%;15,70%;15,70%;15,60%;15,60%
520145;APARECIDA DO RIO DOCE;18,90%;18,90%;18,90%;18,80%;18,80%;18,70%;18,70%;18,70%;18,60%;18,60%;18,60%;18,50%;18,50%;18,50%;18,40%;18,40%;18,30%;18,30%;18,30%;18,20%;18,20%;18,20%;18,10%;18,10%;18,10%;18,00%;18,00%;17,90%;17,90%;17,90%;17,80%;17,80%;17,70%;17,70%;17,70%;17,60%;17,60%;17,50%;17,50%;17,40%;17,40%;17,30%;17,30%;17,20%;17,20%;17,20%;17,10%;17,10%;17,00%;17,00%;17,00%;16,90%;16,90%;16,80%;16,80%;16,80%;16,70%;16,70%;16,70%;16,60%;16,60%;16,30%;16,30%;16,30%;16,30%;16,20%;16,20%;16,20%;16,20%;16,20%;16,10%;16,10%;16,40%;16,30%;16,30%;16,30%;16,30%;16,20%;16,20%;16,20%;16,20%;16,20%;16,10%;16,10%;16,10%;16,10%;16,00%;16,00%;16,00%;16,00%;15,90%;15,90%;15,90%;15,90%;15,80%;15,80%;15,80%;15,80%;15,80%;15,70%;15,70%;15,70%;15,70%;15,70%;15,70%;15,60%;15,60%;15,60%;15,60%;15,60%;15,60%;15,60%;15,60%;15,50%;15,50%;15,50%;15,50%;15,50%;15,50%;15,50%;15,50%;15,50%;15,50%;15,50%;15,40%;15,40%;15,40%;15,40%;15,40%;15,40%;15,40%;15,40%;15,40%;15,40%;15,40%;15,40%;15,40%;15,40%;15,40%;15,40%;15,40%;15,40%;15,40%;15,40%;15,40%;15,40%;15,40%;15,40%;15,40%;15,40%;15,40%;15,40%;15,40%;15,40%;15,40%;15,40%;15,40%;15,40%;15,40%;15,40%;15,40%;15,40%;15,40%;15,40%;15,40%;15,40%;15,40%;15,40%;15,40%;15,40%;15,30%;15,30%;15,30%;15,30%;15,30%;15,30%;15,30%;15,20%;15,20%;15,20%;15,20%;15,20%;15,20%;15,20%;15,20%;15,20%;15,20%;15,20%;15,20%;15,20%;15,20%;15,20%;15,20%;15,20%;15,20%;15,20%;15,20%;15,20%;15,20%;15,20%;15,20%;15,10%;15,10%;15,10%;15,10%
520150;APORE;19,70%;19,70%;19,70%;19,70%;19,70%;19,70%;19,60%;19,60%;19,60%;19,60%;19,60%;19,60%;19,60%;19,60%;19,60%;19,60%;19,50%;19,50%;19,50%;19,50%;19,50%;19,50%;19,50%;19,50%;19,40%;19,40%;19,40%;19,40%;19,40%;19,40%;19,40%;19,40%;19,40%;19,40%;19,40%;19,40%;19,40%;19,40%;19,30%;19,30%;19,30%;19,30%;19,30%;19,30%;19,30%;19,30%;19,30%;19,20%;19,20%;19,20%;19,20%;19,20%;19,20%;19,20%;19,10%;19,10%;19,10%;19,10%;19,10%;19,10%;19,10%;19,10%;19,10%;19,10%;19,10%;19,10%;19,10%;19,10%;19,10%;19,10%;19,10%;19,10%;19,10%;19,10%;19,10%;19,10%;19,10%;19,10%;19,10%;19,10%;19,10%;19,10%;19,10%;19,10%;19,10%;19,00%;19,00%;19,00%;19,00%;19,00%;19,00%;19,00%;19,00%;19,00%;18,90%;18,90%;18,90%;18,90%;18,90%;18,90%;18,90%;18,90%;18,90%;18,90%;18,80%;18,80%;18,80%;18,80%;18,80%;18,80%;18,80%;18,80%;18,80%;18,80%;18,70%;18,70%;18,70%;18,70%;18,70%;18,70%;18,70%;18,70%;18,60%;18,60%;18,60%;18,60%;18,60%;18,50%;18,50%;18,50%;18,50%;18,50%;18,50%;18,40%;18,40%;18,40%;18,40%;18,40%;18,40%;18,40%;18,30%;18,30%;18,30%;18,30%;18,30%;18,30%;18,30%;18,20%;18,20%;18,20%;18,20%;18,20%;18,10%;18,10%;18,10%;18,10%;18,10%;18,10%;18,00%;18,00%;18,00%;18,00%;18,00%;17,90%;17,90%;17,90%;17,90%;17,80%;17,80%;17,80%;17,80%;17,80%;17,70%;17,70%;17,70%;17,70%;17,70%;17,60%;17,60%;17,60%;17,60%;17,50%;17,50%;17,50%;17,50%;17,50%;17,50%;17,40%;17,40%;17,40%;17,40%;17,40%;17,40%;17,30%;17,30%;17,30%;17,30%;17,30%;17,30%;17,20%;17,20%;17,20%;17,20%;17,20%;17,20%
520160;ARACU;16,00%;16,00%;15,90%;15,90%;15,80%;15,70%;15,70%;15,60%;15,60%;15,50%;15,50%;15,40%;15,30%;15,30%;15,20%;15,20%;15,10%;15,10%;15,00%;15,00%;14,90%;14,80%;14,80%;14,70%;14,70%;14,60%;14,60%;14,60%;14,50%;14,50%;14,40%;14,40%;14,40%;14,30%;14,30%;14,20%;14,20%;14,20%;14,10%;14,10%;14,00%;14,00%;14,00%;13,90%;13,90%;13,90%;13,80%;13,80%;13,70%;13,70%;13,70%;13,70%;13,60%;13,60%;13,60%;13,60%;13,50%;13,50%;13,50%;13,50%;13,40%;13,10%;13,10%;13,10%;13,00%;13,00%;13,00%;13,00%;13,00%;12,90%;12,90%;12,90%;13,10%;13,10%;13,10%;13,10%;13,00%;13,00%;13,00%;13,00%;13,00%;13,00%;12,90%;12,90%;12,90%;12,90%;12,90%;12,90%;12,80%;12,80%;12,80%;12,80%;12,80%;12,80%;12,70%;12,70%;12,70%;12,70%;12,70%;12,70%;12,70%;12,70%;12,70%;12,70%;12,70%;12,70%;12,70%;12,70%;12,70%;12,70%;12,70%;12,70%;12,70%;12,70%;12,70%;12,70%;12,70%;12,70%;12,70%;12,70%;12,70%;12,70%;12,70%;12,70%;12,70%;12,70%;12,70%;12,70%;12,70%;12,70%;12,70%;12,70%;12,70%;12,70%;12,70%;12,70%;12,70%;12,70%;12,70%;12,70%;12,70%;12,80%;12,80%;12,80%;12,80%;12,80%;12,80%;12,80%;12,70%;12,70%;12,70%;12,70%;12,70%;12,70%;12,70%;12,70%;12,70%;12,70%;12,70%;12,60%;12,60%;12,60%;12,60%;12,50%;12,50%;12,50%;12,50%;12,50%;12,40%;12,40%;12,40%;12,40%;12,40%;12,30%;12,30%;12,30%;12,30%;12,20%;12,20%;12,20%;12,20%;12,20%;12,10%;12,10%;12,10%;12,10%;12,00%;12,00%;12,00%;12,00%;11,90%;11,90%;11,90%;11,80%;11,80%;11,80%;11,80%;11,70%;11,70%;11,70%;11,70%;11,60%;11,60%;11,60%;11,60%
520170;ARAGARCAS;18,80%;18,80%;18,70%;18,70%;18,70%;18,60%;18,60%;18,50%;18,50%;18,40%;18,40%;18,30%;18,30%;18,30%;18,20%;18,20%;18,10%;18,10%;18,10%;18,00%;18,00%;17,90%;17,90%;17,80%;17,80%;17,80%;17,70%;17,70%;17,70%;17,60%;17,60%;17,60%;17,50%;17,50%;17,40%;17,40%;17,40%;17,30%;17,30%;17,30%;17,20%;17,20%;17,20%;17,10%;17,10%;17,10%;17,00%;17,00%;17,00%;16,90%;16,90%;16,90%;16,80%;16,80%;16,80%;16,80%;16,70%;16,70%;16,70%;16,70%;16,60%;16,40%;16,40%;16,30%;16,30%;16,30%;16,30%;16,30%;16,20%;16,20%;16,20%;16,20%;16,40%;16,40%;16,40%;16,30%;16,30%;16,30%;16,30%;16,30%;16,20%;16,20%;16,20%;16,20%;16,20%;16,20%;16,10%;16,10%;16,10%;16,10%;16,10%;16,00%;16,00%;16,00%;16,00%;16,00%;15,90%;15,90%;15,90%;15,90%;15,90%;15,90%;15,90%;15,80%;15,80%;15,80%;15,80%;15,80%;15,80%;15,80%;15,80%;15,80%;15,70%;15,70%;15,70%;15,70%;15,70%;15,70%;15,70%;15,70%;15,70%;15,70%;15,70%;15,70%;15,70%;15,70%;15,60%;15,60%;15,60%;15,60%;15,60%;15,60%;15,60%;15,60%;15,60%;15,60%;15,60%;15,60%;15,60%;15,50%;15,50%;15,50%;15,50%;15,50%;15,50%;15,50%;15,50%;15,50%;15,40%;15,40%;15,40%;15,40%;15,40%;15,40%;15,40%;15,30%;15,30%;15,30%;15,30%;15,30%;15,20%;15,20%;15,20%;15,20%;15,10%;15,10%;15,10%;15,10%;15,00%;15,00%;15,00%;14,90%;14,90%;14,90%;14,90%;14,80%;14,80%;14,80%;14,70%;14,70%;14,70%;14,60%;14,60%;14,60%;14,50%;14,50%;14,50%;14,40%;14,40%;14,40%;14,30%;14,30%;14,30%;14,20%;14,20%;14,20%;14,10%;14,10%;14,10%;14,00%;14,00%;14,00%;13,90%;13,90%;13,90%
520180;ARAGOIANIA;19,70%;19,60%;19,60%;19,50%;19,50%;19,50%;19,40%;19,40%;19,40%;19,30%;19,30%;19,20%;19,20%;19,20%;19,10%;19,10%;19,10%;19,00%;19,00%;19,00%;18,90%;18,90%;18,90%;18,80%;18,80%;18,80%;18,70%;18,70%;18,60%;18,60%;18,60%;18,50%;18,50%;18,50%;18,40%;18,40%;18,40%;18,30%;18,30%;18,30%;18,30%;18,20%;18,20%;18,20%;18,10%;18,10%;18,10%;18,10%;18,00%;18,00%;18,00%;17,90%;17,90%;17,90%;17,90%;17,80%;17,80%;17,80%;17,80%;17,70%;17,70%;17,40%;17,40%;17,40%;17,40%;17,30%;17,30%;17,30%;17,30%;17,30%;17,20%;17,20%;17,40%;17,40%;17,40%;17,40%;17,40%;17,30%;17,30%;17,30%;17,30%;17,30%;17,20%;17,20%;17,20%;17,20%;17,20%;17,10%;17,10%;17,10%;17,10%;17,10%;17,00%;17,00%;17,00%;17,00%;16,90%;16,90%;16,90%;16,90%;16,90%;16,80%;16,80%;16,80%;16,80%;16,80%;16,70%;16,70%;16,70%;16,70%;16,70%;16,60%;16,60%;16,60%;16,60%;16,60%;16,60%;16,60%;16,50%;16,50%;16,50%;16,50%;16,50%;16,50%;16,40%;16,40%;16,40%;16,40%;16,40%;16,30%;16,30%;16,30%;16,30%;16,30%;16,30%;16,30%;16,20%;16,20%;16,20%;16,20%;16,20%;16,20%;16,10%;16,10%;16,10%;16,10%;16,10%;16,10%;16,10%;16,00%;16,00%;16,00%;16,00%;16,00%;16,00%;16,00%;15,90%;15,90%;15,90%;15,90%;15,90%;15,90%;15,90%;15,90%;15,80%;15,80%;15,80%;15,80%;15,80%;15,80%;15,80%;15,80%;15,80%;15,70%;15,70%;15,70%;15,70%;15,70%;15,70%;15,70%;15,70%;15,60%;15,60%;15,60%;15,60%;15,60%;15,60%;15,60%;15,50%;15,50%;15,50%;15,50%;15,50%;15,50%;15,40%;15,40%;15,40%;15,40%;15,40%;15,40%;15,40%;15,30%;15,30%;15,30%;15,30%
520215;ARAGUAPAZ;19,20%;19,20%;19,10%;19,10%;19,00%;19,00%;18,90%;18,90%;18,80%;18,80%;18,70%;18,70%;18,70%;18,60%;18,60%;18,50%;18,50%;18,40%;18,40%;18,30%;18,30%;18,30%;18,20%;18,20%;18,10%;18,10%;18,00%;18,00%;17,90%;17,90%;17,80%;17,80%;17,70%;17,70%;17,70%;17,60%;17,60%;17,50%;17,50%;17,40%;17,40%;17,30%;17,30%;17,20%;17,20%;17,10%;17,10%;17,00%;17,00%;17,00%;16,90%;16,90%;16,80%;16,80%;16,80%;16,70%;16,70%;16,70%;16,60%;16,60%;16,50%;16,10%;16,10%;16,00%;16,00%;16,00%;16,00%;15,90%;15,90%;15,90%;15,80%;15,80%;16,10%;16,10%;16,10%;16,00%;16,00%;16,00%;16,00%;15,90%;15,90%;15,90%;15,80%;15,80%;15,80%;15,70%;15,70%;15,70%;15,70%;15,60%;15,60%;15,60%;15,50%;15,50%;15,50%;15,40%;15,40%;15,40%;15,40%;15,40%;15,30%;15,30%;15,30%;15,30%;15,20%;15,20%;15,20%;15,20%;15,20%;15,10%;15,10%;15,10%;15,10%;15,10%;15,10%;15,10%;15,00%;15,00%;15,00%;15,00%;15,00%;15,00%;15,00%;15,00%;14,90%;14,90%;14,90%;14,90%;14,90%;14,90%;14,90%;14,90%;14,90%;14,80%;14,80%;14,80%;14,80%;14,80%;14,80%;14,70%;14,70%;14,70%;14,70%;14,70%;14,60%;14,60%;14,60%;14,60%;14,60%;14,60%;14,60%;14,50%;14,50%;14,50%;14,50%;14,50%;14,50%;14,40%;14,40%;14,40%;14,40%;14,30%;14,30%;14,30%;14,30%;14,30%;14,20%;14,20%;14,20%;14,10%;14,10%;14,10%;14,00%;14,00%;14,00%;13,90%;13,90%;13,90%;13,90%;13,80%;13,80%;13,80%;13,70%;13,70%;13,70%;13,60%;13,60%;13,60%;13,50%;13,50%;13,50%;13,40%;13,40%;13,40%;13,30%;13,30%;13,30%;13,20%;13,20%;13,20%;13,10%;13,10%;13,10%;13,00%;13,00%
520235;ARENOPOLIS;16,30%;16,20%;16,20%;16,10%;16,10%;16,10%;16,00%;16,00%;15,90%;15,90%;15,90%;15,80%;15,80%;15,70%;15,70%;15,70%;15,60%;15,60%;15,50%;15,50%;15,40%;15,40%;15,30%;15,30%;15,20%;15,20%;15,10%;15,10%;15,00%;15,00%;14,90%;14,90%;14,90%;14,80%;14,80%;14,70%;14,70%;14,60%;14,60%;14,60%;14,50%;14,50%;14,50%;14,40%;14,40%;14,40%;14,30%;14,30%;14,30%;14,20%;14,20%;14,20%;14,10%;14,10%;14,10%;14,00%;14,00%;14,00%;13,90%;13,90%;13,90%;13,60%;13,60%;13,60%;13,50%;13,50%;13,50%;13,50%;13,40%;13,40%;13,40%;13,30%;13,60%;13,60%;13,60%;13,60%;13,50%;13,50%;13,50%;13,40%;13,40%;13,40%;13,40%;13,30%;13,30%;13,30%;13,30%;13,30%;13,30%;13,30%;13,20%;13,20%;13,20%;13,20%;13,20%;13,20%;13,20%;13,20%;13,20%;13,20%;13,20%;13,20%;13,20%;13,20%;13,20%;13,20%;13,20%;13,20%;13,20%;13,20%;13,20%;13,20%;13,20%;13,20%;13,20%;13,20%;13,20%;13,20%;13,20%;13,20%;13,20%;13,20%;13,20%;13,30%;13,30%;13,30%;13,30%;13,30%;13,30%;13,30%;13,30%;13,40%;13,40%;13,40%;13,40%;13,40%;13,40%;13,40%;13,40%;13,40%;13,40%;13,40%;13,40%;13,40%;13,40%;13,40%;13,40%;13,40%;13,40%;13,40%;13,40%;13,40%;13,40%;13,40%;13,40%;13,40%;13,40%;13,40%;13,40%;13,30%;13,30%;13,30%;13,30%;13,30%;13,20%;13,20%;13,20%;13,20%;13,10%;13,10%;13,10%;13,00%;13,00%;13,00%;12,90%;12,90%;12,80%;12,80%;12,80%;12,70%;12,70%;12,70%;12,60%;12,60%;12,60%;12,50%;12,50%;12,50%;12,50%;12,40%;12,40%;12,40%;12,30%;12,30%;12,30%;12,20%;12,20%;12,20%;12,10%;12,10%;12,10%;12,00%;12,00%;12,00%;12,00%
520250;ARUANA;23,00%;22,90%;22,80%;22,80%;22,70%;22,70%;22,60%;22,60%;22,50%;22,50%;22,40%;22,40%;22,30%;22,30%;22,20%;22,20%;22,10%;22,10%;22,00%;22,00%;21,90%;21,90%;21,80%;21,80%;21,70%;21,70%;21,60%;21,50%;21,50%;21,40%;21,40%;21,30%;21,20%;21,20%;21,10%;21,10%;21,00%;21,00%;20,90%;20,90%;20,80%;20,80%;20,70%;20,70%;20,60%;20,60%;20,50%;20,50%;20,40%;20,40%;20,40%;20,30%;20,30%;20,20%;20,20%;20,10%;20,10%;20,10%;20,00%;20,00%;19,90%;19,50%;19,50%;19,40%;19,40%;19,40%;19,30%;19,30%;19,30%;19,20%;19,20%;19,20%;19,50%;19,50%;19,50%;19,40%;19,40%;19,40%;19,30%;19,30%;19,30%;19,20%;19,20%;19,20%;19,10%;19,10%;19,10%;19,00%;19,00%;19,00%;18,90%;18,90%;18,90%;18,80%;18,80%;18,80%;18,70%;18,70%;18,70%;18,60%;18,60%;18,60%;18,50%;18,50%;18,50%;18,40%;18,40%;18,40%;18,30%;18,30%;18,30%;18,20%;18,20%;18,20%;18,10%;18,10%;18,10%;18,00%;18,00%;18,00%;18,00%;17,90%;17,90%;17,90%;17,80%;17,80%;17,80%;17,70%;17,70%;17,70%;17,60%;17,60%;17,60%;17,50%;17,50%;17,50%;17,40%;17,40%;17,40%;17,40%;17,30%;17,30%;17,30%;17,20%;17,20%;17,20%;17,10%;17,10%;17,10%;17,00%;17,00%;17,00%;16,90%;16,90%;16,90%;16,80%;16,80%;16,70%;16,70%;16,70%;16,60%;16,60%;16,60%;16,50%;16,50%;16,40%;16,40%;16,40%;16,30%;16,30%;16,20%;16,20%;16,20%;16,10%;16,10%;16,00%;16,00%;15,90%;15,90%;15,90%;15,80%;15,80%;15,70%;15,70%;15,60%;15,60%;15,50%;15,50%;15,40%;15,40%;15,30%;15,30%;15,20%;15,20%;15,10%;15,10%;15,00%;15,00%;15,00%;14,90%;14,90%;14,80%;14,80%;14,70%;14,70%
520260;AURILANDIA;13,60%;13,60%;13,50%;13,50%;13,50%;13,40%;13,40%;13,40%;13,30%;13,30%;13,20%;13,20%;13,20%;13,10%;13,10%;13,10%;13,00%;13,00%;13,00%;12,90%;12,90%;12,90%;12,80%;12,80%;12,80%;12,70%;12,70%;12,60%;12,60%;12,60%;12,50%;12,50%;12,40%;12,40%;12,30%;12,30%;12,20%;12,20%;12,20%;12,20%;12,10%;12,10%;12,10%;12,10%;12,00%;12,00%;12,00%;12,00%;11,90%;11,90%;11,90%;11,90%;11,80%;11,80%;11,80%;11,80%;11,70%;11,70%;11,70%;11,70%;11,60%;11,30%;11,30%;11,30%;11,30%;11,30%;11,20%;11,20%;11,20%;11,20%;11,20%;11,20%;11,30%;11,30%;11,30%;11,30%;11,30%;11,30%;11,20%;11,20%;11,20%;11,20%;11,20%;11,20%;11,20%;11,20%;11,10%;11,10%;11,10%;11,10%;11,10%;11,10%;11,10%;11,10%;11,10%;11,10%;11,10%;11,10%;11,10%;11,00%;11,00%;11,00%;11,00%;11,00%;11,00%;11,00%;11,00%;11,00%;11,00%;11,00%;11,00%;11,00%;11,10%;11,10%;11,10%;11,10%;11,10%;11,10%;11,20%;11,20%;11,20%;11,20%;11,20%;11,20%;11,20%;11,20%;11,20%;11,20%;11,20%;11,20%;11,20%;11,20%;11,20%;11,30%;11,30%;11,30%;11,30%;11,30%;11,30%;11,30%;11,30%;11,40%;11,40%;11,40%;11,40%;11,40%;11,40%;11,40%;11,40%;11,40%;11,40%;11,40%;11,40%;11,40%;11,40%;11,40%;11,40%;11,40%;11,40%;11,40%;11,30%;11,30%;11,30%;11,30%;11,30%;11,20%;11,20%;11,20%;11,20%;11,20%;11,20%;11,10%;11,10%;11,10%;11,10%;11,10%;11,10%;11,00%;11,00%;11,00%;11,00%;11,00%;11,00%;10,90%;10,90%;10,90%;10,90%;10,90%;10,90%;10,80%;10,80%;10,80%;10,80%;10,80%;10,70%;10,70%;10,70%;10,70%;10,70%;10,70%;10,60%;10,60%;10,60%;10,60%;10,60%
520280;AVELINOPOLIS;17,20%;17,20%;17,20%;17,10%;17,10%;17,10%;17,00%;17,00%;17,00%;16,90%;16,90%;16,90%;16,80%;16,80%;16,80%;16,80%;16,70%;16,70%;16,70%;16,70%;16,70%;16,60%;16,60%;16,60%;16,60%;16,50%;16,50%;16,50%;16,40%;16,40%;16,40%;16,30%;16,30%;16,30%;16,20%;16,20%;16,20%;16,10%;16,10%;16,00%;16,00%;16,00%;15,90%;15,90%;15,80%;15,80%;15,80%;15,70%;15,70%;15,70%;15,60%;15,60%;15,60%;15,50%;15,50%;15,50%;15,50%;15,40%;15,40%;15,40%;15,40%;14,90%;14,90%;14,80%;14,80%;14,80%;14,80%;14,80%;14,80%;14,70%;14,70%;14,70%;14,90%;14,90%;14,90%;14,90%;14,80%;14,80%;14,80%;14,80%;14,80%;14,80%;14,70%;14,70%;14,70%;14,70%;14,60%;14,60%;14,50%;14,50%;14,50%;14,40%;14,40%;14,30%;14,30%;14,20%;14,20%;14,20%;14,20%;14,20%;14,10%;14,10%;14,10%;14,10%;14,10%;14,10%;14,00%;14,00%;14,00%;14,00%;13,90%;13,90%;13,90%;13,80%;13,80%;13,80%;13,70%;13,70%;13,70%;13,60%;13,60%;13,60%;13,50%;13,50%;13,50%;13,40%;13,40%;13,40%;13,30%;13,30%;13,30%;13,20%;13,20%;13,20%;13,20%;13,10%;13,10%;13,10%;13,10%;13,00%;13,00%;13,00%;12,90%;12,90%;12,90%;12,90%;12,90%;12,80%;12,80%;12,80%;12,80%;12,70%;12,70%;12,70%;12,70%;12,70%;12,60%;12,60%;12,60%;12,60%;12,60%;12,50%;12,50%;12,50%;12,50%;12,50%;12,50%;12,40%;12,40%;12,40%;12,40%;12,40%;12,30%;12,30%;12,30%;12,30%;12,20%;12,20%;12,20%;12,20%;12,10%;12,10%;12,10%;12,10%;12,00%;12,00%;12,00%;11,90%;11,90%;11,90%;11,90%;11,80%;11,80%;11,80%;11,70%;11,70%;11,70%;11,60%;11,60%;11,60%;11,60%;11,50%;11,50%;11,50%;11,40%
520310;BALIZA;18,20%;18,10%;18,10%;18,00%;18,00%;17,90%;17,80%;17,80%;17,70%;17,70%;17,60%;17,50%;17,50%;17,40%;17,40%;17,30%;17,30%;17,20%;17,20%;17,20%;17,10%;17,10%;17,00%;17,00%;16,90%;16,90%;16,80%;16,80%;16,70%;16,70%;16,60%;16,60%;16,50%;16,50%;16,40%;16,40%;16,30%;16,30%;16,20%;16,20%;16,10%;16,10%;16,10%;16,00%;16,00%;16,00%;15,90%;15,90%;15,80%;15,80%;15,80%;15,80%;15,70%;15,70%;15,70%;15,70%;15,60%;15,60%;15,60%;15,50%;15,50%;15,20%;15,20%;15,20%;15,20%;15,20%;15,10%;15,10%;15,10%;15,10%;15,10%;15,00%;15,30%;15,20%;15,20%;15,20%;15,20%;15,20%;15,10%;15,10%;15,10%;15,10%;15,10%;15,00%;15,00%;15,00%;15,00%;15,00%;14,90%;14,90%;14,90%;14,90%;14,80%;14,80%;14,80%;14,80%;14,70%;14,70%;14,70%;14,70%;14,70%;14,70%;14,70%;14,60%;14,60%;14,60%;14,60%;14,60%;14,60%;14,60%;14,60%;14,60%;14,60%;14,60%;14,60%;14,60%;14,60%;14,60%;14,60%;14,60%;14,60%;14,60%;14,60%;14,60%;14,60%;14,60%;14,60%;14,60%;14,60%;14,60%;14,60%;14,60%;14,60%;14,60%;14,60%;14,60%;14,60%;14,60%;14,60%;14,60%;14,60%;14,70%;14,70%;14,70%;14,70%;14,70%;14,60%;14,60%;14,60%;14,60%;14,60%;14,60%;14,50%;14,50%;14,50%;14,50%;14,50%;14,40%;14,40%;14,40%;14,40%;14,40%;14,30%;14,30%;14,30%;14,30%;14,20%;14,20%;14,20%;14,20%;14,10%;14,10%;14,10%;14,00%;14,00%;14,00%;13,90%;13,90%;13,90%;13,90%;13,80%;13,80%;13,80%;13,80%;13,70%;13,70%;13,70%;13,70%;13,60%;13,60%;13,60%;13,60%;13,60%;13,50%;13,50%;13,50%;13,50%;13,40%;13,40%;13,40%;13,40%;13,30%;13,30%;13,30%;13,30%
520320;BARRO ALTO;20,50%;20,50%;20,50%;20,40%;20,40%;20,30%;20,30%;20,20%;20,20%;20,10%;20,10%;20,00%;20,00%;19,90%;19,90%;19,80%;19,80%;19,80%;19,70%;19,70%;19,60%;19,60%;19,50%;19,50%;19,40%;19,40%;19,30%;19,30%;19,30%;19,20%;19,20%;19,10%;19,10%;19,10%;19,00%;19,00%;18,90%;18,90%;18,90%;18,80%;18,80%;18,80%;18,80%;18,70%;18,70%;18,70%;18,60%;18,60%;18,60%;18,60%;18,50%;18,50%;18,50%;18,50%;18,40%;18,40%;18,40%;18,40%;18,30%;18,30%;18,30%;18,10%;18,00%;18,00%;18,00%;18,00%;18,00%;18,00%;17,90%;17,90%;17,90%;17,90%;18,10%;18,10%;18,00%;18,00%;18,00%;18,00%;18,00%;18,00%;17,90%;17,90%;17,90%;17,90%;17,90%;17,90%;17,80%;17,80%;17,80%;17,80%;17,80%;17,80%;17,80%;17,70%;17,70%;17,70%;17,70%;17,70%;17,70%;17,70%;17,70%;17,70%;17,70%;17,70%;17,70%;17,60%;17,60%;17,60%;17,60%;17,60%;17,60%;17,60%;17,60%;17,60%;17,60%;17,60%;17,60%;17,60%;17,60%;17,60%;17,60%;17,60%;17,60%;17,60%;17,60%;17,60%;17,60%;17,60%;17,60%;17,60%;17,60%;17,60%;17,60%;17,60%;17,60%;17,60%;17,60%;17,60%;17,60%;17,60%;17,60%;17,60%;17,60%;17,60%;17,60%;17,60%;17,60%;17,60%;17,50%;17,50%;17,50%;17,50%;17,50%;17,50%;17,50%;17,50%;17,50%;17,50%;17,50%;17,50%;17,50%;17,40%;17,40%;17,40%;17,40%;17,40%;17,40%;17,40%;17,40%;17,40%;17,40%;17,30%;17,30%;17,30%;17,30%;17,30%;17,30%;17,30%;17,30%;17,30%;17,20%;17,20%;17,20%;17,20%;17,20%;17,10%;17,10%;17,10%;17,10%;17,10%;17,10%;17,00%;17,00%;17,00%;17,00%;17,00%;17,00%;16,90%;16,90%;16,90%;16,90%;16,90%;16,90%;16,80%;16,80%
520330;BELA VISTA DE GOIAS;18,20%;18,20%;18,10%;18,10%;18,10%;18,00%;18,00%;18,00%;17,90%;17,90%;17,90%;17,80%;17,80%;17,80%;17,70%;17,70%;17,70%;17,60%;17,60%;17,60%;17,50%;17,50%;17,50%;17,40%;17,40%;17,40%;17,30%;17,30%;17,30%;17,20%;17,20%;17,20%;17,20%;17,10%;17,10%;17,10%;17,00%;17,00%;17,00%;17,00%;16,90%;16,90%;16,90%;16,90%;16,80%;16,80%;16,80%;16,70%;16,70%;16,70%;16,70%;16,70%;16,60%;16,60%;16,60%;16,60%;16,60%;16,50%;16,50%;16,50%;16,50%;16,30%;16,30%;16,30%;16,30%;16,20%;16,20%;16,20%;16,20%;16,20%;16,20%;16,10%;16,30%;16,30%;16,30%;16,30%;16,20%;16,20%;16,20%;16,20%;16,20%;16,20%;16,20%;16,10%;16,10%;16,10%;16,10%;16,10%;16,10%;16,00%;16,00%;16,00%;16,00%;16,00%;16,00%;15,90%;15,90%;15,90%;15,90%;15,90%;15,90%;15,90%;15,80%;15,80%;15,80%;15,80%;15,80%;15,80%;15,80%;15,80%;15,70%;15,70%;15,70%;15,70%;15,70%;15,70%;15,70%;15,60%;15,60%;15,60%;15,60%;15,60%;15,60%;15,60%;15,60%;15,50%;15,50%;15,50%;15,50%;15,50%;15,50%;15,50%;15,50%;15,40%;15,40%;15,40%;15,40%;15,40%;15,40%;15,40%;15,40%;15,30%;15,30%;15,30%;15,30%;15,30%;15,30%;15,30%;15,30%;15,20%;15,20%;15,20%;15,20%;15,20%;15,20%;15,20%;15,20%;15,10%;15,10%;15,10%;15,10%;15,10%;15,10%;15,00%;15,00%;15,00%;15,00%;15,00%;15,00%;15,00%;14,90%;14,90%;14,90%;14,90%;14,90%;14,90%;14,90%;14,90%;14,80%;14,80%;14,80%;14,80%;14,80%;14,80%;14,70%;14,70%;14,70%;14,70%;14,70%;14,60%;14,60%;14,60%;14,60%;14,60%;14,60%;14,50%;14,50%;14,50%;14,50%;14,50%;14,40%;14,40%;14,40%;14,40%;14,40%
520340;BOM JARDIM DE GOIAS;17,80%;17,70%;17,70%;17,60%;17,60%;17,60%;17,50%;17,50%;17,40%;17,40%;17,30%;17,30%;17,20%;17,20%;17,10%;17,10%;17,00%;17,00%;16,90%;16,90%;16,80%;16,80%;16,70%;16,70%;16,60%;16,60%;16,50%;16,50%;16,40%;16,40%;16,30%;16,30%;16,20%;16,20%;16,10%;16,10%;16,00%;16,00%;15,90%;15,90%;15,80%;15,80%;15,70%;15,70%;15,60%;15,60%;15,50%;15,50%;15,40%;15,40%;15,40%;15,30%;15,30%;15,20%;15,20%;15,10%;15,10%;15,10%;15,00%;15,00%;14,90%;14,50%;14,50%;14,40%;14,40%;14,40%;14,30%;14,30%;14,30%;14,20%;14,20%;14,20%;14,50%;14,50%;14,50%;14,40%;14,40%;14,40%;14,30%;14,30%;14,30%;14,20%;14,20%;14,20%;14,10%;14,10%;14,10%;14,10%;14,00%;14,00%;14,00%;14,00%;13,90%;13,90%;13,90%;13,80%;13,80%;13,80%;13,80%;13,80%;13,70%;13,70%;13,70%;13,70%;13,70%;13,70%;13,60%;13,60%;13,60%;13,60%;13,60%;13,60%;13,60%;13,60%;13,50%;13,50%;13,50%;13,50%;13,50%;13,50%;13,50%;13,50%;13,50%;13,50%;13,50%;13,40%;13,40%;13,40%;13,40%;13,40%;13,40%;13,40%;13,40%;13,40%;13,40%;13,30%;13,30%;13,30%;13,30%;13,30%;13,30%;13,30%;13,30%;13,30%;13,20%;13,20%;13,20%;13,20%;13,20%;13,20%;13,20%;13,20%;13,20%;13,20%;13,10%;13,10%;13,10%;13,10%;13,10%;13,10%;13,00%;13,00%;13,00%;13,00%;13,00%;12,90%;12,90%;12,90%;12,90%;12,90%;12,80%;12,80%;12,80%;12,80%;12,70%;12,70%;12,70%;12,70%;12,60%;12,60%;12,60%;12,60%;12,50%;12,50%;12,50%;12,50%;12,40%;12,40%;12,40%;12,40%;12,40%;12,30%;12,30%;12,30%;12,30%;12,20%;12,20%;12,20%;12,20%;12,10%;12,10%;12,10%;12,10%;12,00%;12,00%
520350;BOM JESUS DE GOIAS;20,40%;20,30%;20,30%;20,30%;20,30%;20,20%;20,20%;20,20%;20,20%;20,10%;20,10%;20,10%;20,10%;20,00%;20,00%;20,00%;20,00%;19,90%;19,90%;19,90%;19,90%;19,80%;19,80%;19,80%;19,80%;19,70%;19,70%;19,70%;19,70%;19,60%;19,60%;19,60%;19,50%;19,50%;19,50%;19,50%;19,40%;19,40%;19,40%;19,30%;19,30%;19,30%;19,30%;19,20%;19,20%;19,20%;19,10%;19,10%;19,10%;19,10%;19,00%;19,00%;19,00%;19,00%;18,90%;18,90%;18,90%;18,90%;18,90%;18,80%;18,80%;18,60%;18,50%;18,50%;18,50%;18,50%;18,40%;18,40%;18,40%;18,40%;18,40%;18,30%;18,60%;18,50%;18,50%;18,50%;18,50%;18,50%;18,40%;18,40%;18,40%;18,40%;18,40%;18,30%;18,30%;18,30%;18,30%;18,20%;18,20%;18,20%;18,20%;18,20%;18,10%;18,10%;18,10%;18,10%;18,00%;18,00%;18,00%;18,00%;17,90%;17,90%;17,90%;17,90%;17,80%;17,80%;17,80%;17,80%;17,70%;17,70%;17,70%;17,70%;17,60%;17,60%;17,60%;17,60%;17,60%;17,50%;17,50%;17,50%;17,50%;17,50%;17,40%;17,40%;17,40%;17,40%;17,30%;17,30%;17,30%;17,30%;17,20%;17,20%;17,20%;17,20%;17,20%;17,10%;17,10%;17,10%;17,10%;17,00%;17,00%;17,00%;17,00%;17,00%;16,90%;16,90%;16,90%;16,90%;16,90%;16,90%;16,80%;16,80%;16,80%;16,80%;16,80%;16,70%;16,70%;16,70%;16,70%;16,70%;16,70%;16,60%;16,60%;16,60%;16,60%;16,60%;16,50%;16,50%;16,50%;16,50%;16,50%;16,50%;16,40%;16,40%;16,40%;16,40%;16,40%;16,40%;16,30%;16,30%;16,30%;16,30%;16,30%;16,30%;16,20%;16,20%;16,20%;16,20%;16,20%;16,10%;16,10%;16,10%;16,10%;16,10%;16,00%;16,00%;16,00%;16,00%;16,00%;16,00%;15,90%;15,90%;15,90%;15,90%;15,90%
520355;BONFINOPOLIS;21,20%;21,10%;21,10%;21,00%;21,00%;20,90%;20,90%;20,80%;20,80%;20,70%;20,70%;20,60%;20,60%;20,50%;20,50%;20,40%;20,40%;20,30%;20,30%;20,20%;20,20%;20,10%;20,10%;20,00%;20,00%;19,90%;19,90%;19,90%;19,80%;19,80%;19,70%;19,70%;19,60%;19,60%;19,50%;19,50%;19,50%;19,40%;19,40%;19,30%;19,30%;19,20%;19,20%;19,20%;19,10%;19,10%;19,00%;19,00%;18,90%;18,90%;18,90%;18,80%;18,80%;18,80%;18,70%;18,70%;18,60%;18,60%;18,60%;18,50%;18,50%;18,10%;18,10%;18,00%;18,00%;18,00%;18,00%;17,90%;17,90%;17,90%;17,80%;17,80%;18,10%;18,10%;18,10%;18,00%;18,00%;18,00%;18,00%;17,90%;17,90%;17,90%;17,80%;17,80%;17,80%;17,80%;17,70%;17,70%;17,70%;17,60%;17,60%;17,60%;17,50%;17,50%;17,50%;17,40%;17,40%;17,40%;17,30%;17,30%;17,30%;17,30%;17,20%;17,20%;17,20%;17,20%;17,20%;17,10%;17,10%;17,10%;17,10%;17,00%;17,00%;17,00%;16,90%;16,90%;16,90%;16,90%;16,80%;16,80%;16,80%;16,80%;16,80%;16,70%;16,70%;16,70%;16,70%;16,60%;16,60%;16,60%;16,60%;16,50%;16,50%;16,50%;16,50%;16,50%;16,40%;16,40%;16,40%;16,40%;16,30%;16,30%;16,30%;16,30%;16,30%;16,20%;16,20%;16,20%;16,20%;16,20%;16,10%;16,10%;16,10%;16,10%;16,00%;16,00%;16,00%;16,00%;16,00%;15,90%;15,90%;15,90%;15,80%;15,80%;15,80%;15,80%;15,70%;15,70%;15,70%;15,70%;15,70%;15,60%;15,60%;15,60%;15,60%;15,50%;15,50%;15,50%;15,50%;15,50%;15,40%;15,40%;15,40%;15,40%;15,30%;15,30%;15,30%;15,30%;15,30%;15,20%;15,20%;15,20%;15,20%;15,10%;15,10%;15,10%;15,10%;15,10%;15,00%;15,00%;15,00%;15,00%;14,90%;14,90%;14,90%
520357;BONOPOLIS;22,10%;22,00%;21,90%;21,80%;21,80%;21,70%;21,60%;21,50%;21,40%;21,40%;21,30%;21,20%;21,10%;21,00%;21,00%;20,90%;20,80%;20,70%;20,70%;20,60%;20,50%;20,40%;20,40%;20,30%;20,20%;20,10%;20,10%;20,00%;19,90%;19,90%;19,80%;19,70%;19,70%;19,60%;19,60%;19,50%;19,40%;19,40%;19,30%;19,20%;19,20%;19,10%;19,00%;19,00%;18,90%;18,80%;18,80%;18,70%;18,60%;18,60%;18,50%;18,50%;18,50%;18,40%;18,40%;18,30%;18,30%;18,20%;18,20%;18,10%;18,10%;17,60%;17,60%;17,60%;17,50%;17,50%;17,50%;17,40%;17,40%;17,40%;17,30%;17,30%;17,70%;17,60%;17,60%;17,60%;17,50%;17,50%;17,50%;17,40%;17,40%;17,40%;17,30%;17,30%;17,30%;17,20%;17,20%;17,20%;17,10%;17,10%;17,10%;17,00%;17,00%;17,00%;16,90%;16,90%;16,80%;16,80%;16,80%;16,80%;16,80%;16,80%;16,80%;16,70%;16,70%;16,70%;16,70%;16,70%;16,70%;16,60%;16,60%;16,60%;16,60%;16,60%;16,50%;16,50%;16,50%;16,50%;16,40%;16,40%;16,40%;16,40%;16,40%;16,40%;16,30%;16,30%;16,30%;16,30%;16,30%;16,30%;16,20%;16,20%;16,20%;16,20%;16,20%;16,20%;16,20%;16,20%;16,10%;16,10%;16,10%;16,10%;16,10%;16,10%;16,10%;16,10%;16,10%;16,10%;16,00%;16,00%;16,00%;16,00%;16,00%;16,00%;16,00%;16,00%;16,00%;15,90%;15,90%;15,90%;15,90%;15,90%;15,90%;15,90%;15,90%;15,80%;15,80%;15,80%;15,80%;15,80%;15,80%;15,70%;15,70%;15,70%;15,60%;15,60%;15,60%;15,60%;15,50%;15,50%;15,50%;15,40%;15,40%;15,40%;15,30%;15,30%;15,20%;15,20%;15,20%;15,10%;15,10%;15,00%;15,00%;14,90%;14,90%;14,90%;14,80%;14,80%;14,70%;14,70%;14,70%;14,60%;14,60%;14,50%;14,50%
520360;BRAZABRANTES;17,00%;17,00%;16,90%;16,90%;16,80%;16,70%;16,70%;16,60%;16,60%;16,50%;16,50%;16,40%;16,40%;16,30%;16,30%;16,30%;16,20%;16,20%;16,10%;16,10%;16,10%;16,00%;16,00%;16,00%;15,90%;15,90%;15,80%;15,80%;15,80%;15,70%;15,70%;15,70%;15,60%;15,60%;15,50%;15,50%;15,50%;15,40%;15,40%;15,40%;15,30%;15,30%;15,30%;15,30%;15,20%;15,20%;15,20%;15,10%;15,10%;15,10%;15,10%;15,00%;15,00%;15,00%;15,00%;15,00%;14,90%;14,90%;14,90%;14,90%;14,90%;14,70%;14,70%;14,70%;14,70%;14,70%;14,70%;14,70%;14,70%;14,70%;14,70%;14,60%;14,70%;14,70%;14,70%;14,70%;14,70%;14,70%;14,70%;14,70%;14,70%;14,70%;14,70%;14,60%;14,60%;14,60%;14,60%;14,60%;14,60%;14,60%;14,60%;14,60%;14,60%;14,50%;14,50%;14,50%;14,50%;14,50%;14,50%;14,50%;14,50%;14,50%;14,50%;14,50%;14,50%;14,50%;14,50%;14,50%;14,50%;14,50%;14,50%;14,50%;14,50%;14,50%;14,50%;14,50%;14,50%;14,50%;14,50%;14,50%;14,50%;14,50%;14,50%;14,50%;14,50%;14,60%;14,60%;14,60%;14,60%;14,60%;14,60%;14,60%;14,60%;14,60%;14,60%;14,60%;14,60%;14,60%;14,60%;14,60%;14,60%;14,60%;14,60%;14,50%;14,50%;14,50%;14,50%;14,50%;14,50%;14,50%;14,50%;14,50%;14,50%;14,50%;14,50%;14,50%;14,50%;14,50%;14,50%;14,50%;14,50%;14,40%;14,40%;14,40%;14,40%;14,40%;14,40%;14,30%;14,30%;14,30%;14,30%;14,30%;14,20%;14,20%;14,20%;14,20%;14,10%;14,10%;14,10%;14,10%;14,10%;14,00%;14,00%;14,00%;14,00%;13,90%;13,90%;13,90%;13,90%;13,80%;13,80%;13,80%;13,80%;13,70%;13,70%;13,70%;13,70%;13,60%;13,60%;13,60%;13,60%;13,50%;13,50%;13,50%;13,50%
520380;BRITANIA;19,00%;18,90%;18,90%;18,80%;18,80%;18,70%;18,70%;18,60%;18,60%;18,50%;18,50%;18,40%;18,40%;18,30%;18,30%;18,20%;18,10%;18,10%;18,00%;18,00%;17,90%;17,80%;17,80%;17,70%;17,60%;17,60%;17,50%;17,50%;17,40%;17,40%;17,30%;17,30%;17,20%;17,20%;17,10%;17,10%;17,00%;17,00%;16,90%;16,90%;16,80%;16,80%;16,70%;16,70%;16,70%;16,60%;16,60%;16,50%;16,50%;16,50%;16,40%;16,40%;16,40%;16,30%;16,30%;16,30%;16,30%;16,20%;16,20%;16,20%;16,10%;15,80%;15,80%;15,70%;15,70%;15,70%;15,70%;15,60%;15,60%;15,60%;15,60%;15,60%;15,80%;15,80%;15,80%;15,70%;15,70%;15,70%;15,70%;15,70%;15,60%;15,60%;15,60%;15,60%;15,50%;15,50%;15,50%;15,50%;15,50%;15,50%;15,40%;15,40%;15,40%;15,40%;15,40%;15,40%;15,30%;15,30%;15,30%;15,30%;15,40%;15,40%;15,40%;15,40%;15,40%;15,40%;15,40%;15,40%;15,40%;15,40%;15,40%;15,40%;15,40%;15,40%;15,40%;15,40%;15,40%;15,40%;15,40%;15,40%;15,40%;15,40%;15,40%;15,40%;15,40%;15,40%;15,50%;15,50%;15,50%;15,50%;15,50%;15,50%;15,50%;15,50%;15,50%;15,50%;15,50%;15,60%;15,60%;15,60%;15,60%;15,60%;15,60%;15,60%;15,60%;15,60%;15,60%;15,60%;15,60%;15,60%;15,70%;15,70%;15,70%;15,70%;15,70%;15,70%;15,70%;15,70%;15,60%;15,60%;15,60%;15,60%;15,60%;15,60%;15,50%;15,50%;15,50%;15,50%;15,50%;15,40%;15,40%;15,40%;15,40%;15,30%;15,30%;15,30%;15,30%;15,30%;15,20%;15,20%;15,20%;15,20%;15,10%;15,10%;15,10%;15,00%;15,00%;15,00%;15,00%;14,90%;14,90%;14,90%;14,80%;14,80%;14,80%;14,70%;14,70%;14,70%;14,70%;14,60%;14,60%;14,60%;14,50%;14,50%;14,50%
520390;BURITI ALEGRE;17,00%;17,00%;17,00%;16,90%;16,90%;16,90%;16,80%;16,80%;16,80%;16,70%;16,70%;16,70%;16,60%;16,60%;16,60%;16,60%;16,50%;16,50%;16,50%;16,40%;16,40%;16,40%;16,30%;16,30%;16,30%;16,20%;16,20%;16,20%;16,20%;16,10%;16,10%;16,10%;16,00%;16,00%;16,00%;16,00%;15,90%;15,90%;15,90%;15,80%;15,80%;15,80%;15,80%;15,70%;15,70%;15,70%;15,60%;15,60%;15,60%;15,60%;15,50%;15,50%;15,50%;15,50%;15,50%;15,40%;15,40%;15,40%;15,40%;15,40%;15,30%;15,10%;15,00%;15,00%;15,00%;15,00%;15,00%;15,00%;14,90%;14,90%;14,90%;14,90%;15,10%;15,10%;15,00%;15,00%;15,00%;15,00%;15,00%;15,00%;14,90%;14,90%;14,90%;14,90%;14,90%;14,80%;14,80%;14,80%;14,80%;14,80%;14,80%;14,80%;14,70%;14,70%;14,70%;14,70%;14,70%;14,70%;14,70%;14,70%;14,70%;14,60%;14,60%;14,60%;14,60%;14,60%;14,60%;14,60%;14,60%;14,60%;14,60%;14,60%;14,60%;14,60%;14,60%;14,60%;14,60%;14,60%;14,60%;14,60%;14,60%;14,60%;14,60%;14,60%;14,60%;14,60%;14,60%;14,60%;14,60%;14,60%;14,60%;14,60%;14,60%;14,60%;14,60%;14,60%;14,50%;14,50%;14,50%;14,50%;14,50%;14,50%;14,50%;14,50%;14,50%;14,50%;14,50%;14,50%;14,50%;14,50%;14,50%;14,50%;14,50%;14,50%;14,50%;14,50%;14,50%;14,50%;14,50%;14,50%;14,50%;14,50%;14,50%;14,50%;14,50%;14,40%;14,40%;14,40%;14,40%;14,40%;14,40%;14,40%;14,40%;14,40%;14,40%;14,40%;14,40%;14,40%;14,40%;14,40%;14,40%;14,40%;14,30%;14,30%;14,30%;14,30%;14,30%;14,30%;14,30%;14,30%;14,30%;14,30%;14,30%;14,30%;14,30%;14,30%;14,30%;14,30%;14,30%;14,30%;14,30%;14,30%;14,30%;14,20%;14,20%
520393;BURITI DE GOIAS;16,30%;16,30%;16,20%;16,10%;16,10%;16,00%;16,00%;15,90%;15,90%;15,80%;15,70%;15,70%;15,60%;15,60%;15,50%;15,50%;15,40%;15,40%;15,30%;15,30%;15,20%;15,10%;15,10%;15,00%;15,00%;14,90%;14,90%;14,80%;14,80%;14,80%;14,70%;14,70%;14,60%;14,60%;14,50%;14,50%;14,40%;14,40%;14,40%;14,30%;14,30%;14,20%;14,20%;14,20%;14,10%;14,10%;14,10%;14,00%;14,00%;14,00%;13,90%;13,90%;13,90%;13,90%;13,90%;13,80%;13,80%;13,80%;13,80%;13,80%;13,70%;13,40%;13,40%;13,40%;13,40%;13,30%;13,30%;13,30%;13,30%;13,30%;13,30%;13,30%;13,40%;13,40%;13,40%;13,40%;13,40%;13,40%;13,30%;13,30%;13,30%;13,30%;13,30%;13,30%;13,30%;13,20%;13,20%;13,20%;13,20%;13,20%;13,20%;13,20%;13,10%;13,10%;13,10%;13,10%;13,10%;13,10%;13,10%;13,10%;13,10%;13,10%;13,10%;13,10%;13,10%;13,10%;13,10%;13,10%;13,10%;13,10%;13,10%;13,20%;13,20%;13,20%;13,20%;13,20%;13,30%;13,30%;13,30%;13,30%;13,30%;13,30%;13,30%;13,30%;13,40%;13,40%;13,40%;13,40%;13,40%;13,40%;13,40%;13,40%;13,40%;13,40%;13,40%;13,40%;13,50%;13,50%;13,50%;13,50%;13,50%;13,60%;13,60%;13,60%;13,60%;13,60%;13,60%;13,60%;13,60%;13,60%;13,60%;13,60%;13,60%;13,60%;13,60%;13,60%;13,60%;13,60%;13,60%;13,60%;13,60%;13,60%;13,60%;13,60%;13,50%;13,50%;13,50%;13,50%;13,50%;13,50%;13,50%;13,40%;13,40%;13,40%;13,40%;13,40%;13,30%;13,30%;13,30%;13,30%;13,30%;13,20%;13,20%;13,20%;13,20%;13,10%;13,10%;13,10%;13,00%;13,00%;13,00%;13,00%;12,90%;12,90%;12,90%;12,80%;12,80%;12,80%;12,80%;12,70%;12,70%;12,70%;12,60%;12,60%;12,60%
520396;BURITINOPOLIS;21,90%;21,80%;21,80%;21,70%;21,70%;21,70%;21,60%;21,60%;21,50%;21,50%;21,40%;21,40%;21,40%;21,30%;21,30%;21,20%;21,20%;21,10%;21,10%;21,00%;21,00%;20,90%;20,90%;20,80%;20,80%;20,70%;20,70%;20,60%;20,60%;20,50%;20,50%;20,40%;20,40%;20,30%;20,30%;20,20%;20,20%;20,10%;20,10%;20,00%;20,00%;19,90%;19,90%;19,80%;19,80%;19,70%;19,70%;19,70%;19,60%;19,60%;19,50%;19,50%;19,40%;19,40%;19,40%;19,30%;19,30%;19,20%;19,20%;19,20%;19,10%;18,70%;18,60%;18,60%;18,50%;18,50%;18,40%;18,40%;18,40%;18,30%;18,30%;18,20%;18,70%;18,70%;18,60%;18,60%;18,50%;18,50%;18,40%;18,40%;18,40%;18,30%;18,30%;18,20%;18,20%;18,20%;18,10%;18,10%;18,10%;18,00%;18,00%;18,00%;18,00%;17,90%;17,90%;17,90%;17,90%;17,80%;17,80%;17,80%;17,70%;17,70%;17,70%;17,70%;17,60%;17,60%;17,60%;17,50%;17,50%;17,50%;17,50%;17,50%;17,50%;17,40%;17,40%;17,40%;17,40%;17,40%;17,40%;17,40%;17,30%;17,30%;17,30%;17,30%;17,30%;17,30%;17,30%;17,20%;17,20%;17,20%;17,20%;17,20%;17,20%;17,10%;17,10%;17,10%;17,10%;17,10%;17,10%;17,00%;17,00%;17,00%;17,00%;17,00%;17,00%;16,90%;16,90%;16,90%;16,90%;16,90%;16,90%;16,80%;16,80%;16,80%;16,80%;16,80%;16,80%;16,70%;16,70%;16,70%;16,70%;16,70%;16,70%;16,60%;16,60%;16,60%;16,60%;16,60%;16,60%;16,50%;16,50%;16,50%;16,40%;16,40%;16,40%;16,30%;16,30%;16,30%;16,20%;16,20%;16,20%;16,10%;16,10%;16,10%;16,10%;16,00%;16,00%;16,00%;15,90%;15,90%;15,90%;15,90%;15,80%;15,80%;15,80%;15,70%;15,70%;15,70%;15,70%;15,60%;15,60%;15,60%;15,50%;15,50%;15,50%
520400;CABECEIRAS;22,30%;22,20%;22,20%;22,10%;22,00%;22,00%;21,90%;21,90%;21,80%;21,70%;21,70%;21,60%;21,60%;21,50%;21,40%;21,40%;21,30%;21,30%;21,20%;21,10%;21,10%;21,00%;21,00%;20,90%;20,80%;20,80%;20,70%;20,70%;20,60%;20,60%;20,50%;20,50%;20,40%;20,30%;20,30%;20,20%;20,20%;20,10%;20,10%;20,00%;20,00%;19,90%;19,90%;19,80%;19,80%;19,70%;19,70%;19,70%;19,60%;19,60%;19,50%;19,50%;19,40%;19,40%;19,40%;19,30%;19,30%;19,30%;19,20%;19,20%;19,10%;18,70%;18,70%;18,70%;18,70%;18,60%;18,60%;18,60%;18,50%;18,50%;18,50%;18,40%;18,80%;18,70%;18,70%;18,70%;18,70%;18,60%;18,60%;18,60%;18,50%;18,50%;18,50%;18,40%;18,40%;18,40%;18,30%;18,30%;18,30%;18,30%;18,20%;18,20%;18,20%;18,10%;18,10%;18,10%;18,10%;18,00%;18,00%;18,00%;18,00%;17,90%;17,90%;17,90%;17,90%;17,90%;17,80%;17,80%;17,80%;17,80%;17,80%;17,80%;17,70%;17,70%;17,70%;17,70%;17,70%;17,60%;17,60%;17,60%;17,60%;17,60%;17,60%;17,50%;17,50%;17,50%;17,50%;17,50%;17,40%;17,40%;17,40%;17,40%;17,40%;17,30%;17,30%;17,30%;17,30%;17,30%;17,20%;17,20%;17,20%;17,20%;17,20%;17,10%;17,10%;17,10%;17,10%;17,10%;17,00%;17,00%;17,00%;17,00%;17,00%;16,90%;16,90%;16,90%;16,90%;16,90%;16,80%;16,80%;16,80%;16,70%;16,70%;16,70%;16,60%;16,60%;16,60%;16,50%;16,50%;16,50%;16,40%;16,40%;16,40%;16,40%;16,30%;16,30%;16,30%;16,20%;16,20%;16,20%;16,20%;16,10%;16,10%;16,10%;16,00%;16,00%;16,00%;15,90%;15,90%;15,90%;15,80%;15,80%;15,80%;15,70%;15,70%;15,70%;15,60%;15,60%;15,60%;15,50%;15,50%;15,50%;15,40%;15,40%;15,40%
520410;CACHOEIRA ALTA;18,20%;18,20%;18,20%;18,20%;18,10%;18,10%;18,10%;18,10%;18,10%;18,00%;18,00%;18,00%;18,00%;18,00%;18,00%;17,90%;17,90%;17,90%;17,90%;17,90%;17,80%;17,80%;17,80%;17,80%;17,80%;17,80%;17,70%;17,70%;17,70%;17,70%;17,70%;17,60%;17,60%;17,60%;17,60%;17,60%;17,60%;17,50%;17,50%;17,50%;17,50%;17,50%;17,40%;17,40%;17,40%;17,40%;17,40%;17,40%;17,30%;17,30%;17,30%;17,30%;17,30%;17,30%;17,30%;17,20%;17,20%;17,20%;17,20%;17,20%;17,20%;17,10%;17,00%;17,00%;17,00%;17,00%;17,00%;17,00%;17,00%;17,00%;17,00%;16,90%;17,10%;17,10%;17,00%;17,00%;17,00%;17,00%;17,00%;17,00%;17,00%;17,00%;17,00%;16,90%;16,90%;16,90%;16,90%;16,90%;16,90%;16,90%;16,90%;16,80%;16,80%;16,80%;16,80%;16,80%;16,80%;16,80%;16,70%;16,70%;16,70%;16,70%;16,70%;16,70%;16,70%;16,60%;16,60%;16,60%;16,60%;16,60%;16,60%;16,60%;16,60%;16,50%;16,50%;16,50%;16,50%;16,50%;16,50%;16,50%;16,50%;16,40%;16,40%;16,40%;16,40%;16,40%;16,40%;16,30%;16,30%;16,30%;16,30%;16,30%;16,30%;16,30%;16,20%;16,20%;16,20%;16,20%;16,20%;16,20%;16,20%;16,20%;16,10%;16,10%;16,10%;16,10%;16,10%;16,10%;16,10%;16,10%;16,10%;16,00%;16,00%;16,00%;16,00%;16,00%;16,00%;16,00%;16,00%;15,90%;15,90%;15,90%;15,90%;15,90%;15,90%;15,80%;15,80%;15,80%;15,80%;15,80%;15,80%;15,70%;15,70%;15,70%;15,70%;15,70%;15,70%;15,60%;15,60%;15,60%;15,60%;15,60%;15,50%;15,50%;15,50%;15,50%;15,50%;15,50%;15,40%;15,40%;15,40%;15,40%;15,40%;15,30%;15,30%;15,30%;15,30%;15,30%;15,30%;15,20%;15,20%;15,20%;15,20%;15,20%;15,10%
520420;CACHOEIRA DE GOIAS;18,40%;18,30%;18,30%;18,20%;18,10%;18,10%;18,00%;17,90%;17,90%;17,80%;17,70%;17,60%;17,60%;17,50%;17,40%;17,40%;17,30%;17,20%;17,20%;17,10%;17,00%;17,00%;16,90%;16,80%;16,70%;16,70%;16,60%;16,60%;16,50%;16,50%;16,40%;16,40%;16,30%;16,30%;16,20%;16,10%;16,10%;16,00%;16,00%;15,90%;15,90%;15,80%;15,80%;15,70%;15,70%;15,60%;15,60%;15,50%;15,50%;15,40%;15,40%;15,30%;15,30%;15,20%;15,20%;15,10%;15,10%;15,10%;15,00%;15,00%;14,90%;14,70%;14,70%;14,60%;14,60%;14,50%;14,50%;14,50%;14,40%;14,40%;14,40%;14,30%;14,70%;14,70%;14,60%;14,60%;14,60%;14,50%;14,50%;14,40%;14,40%;14,40%;14,30%;14,30%;14,30%;14,20%;14,20%;14,10%;14,10%;14,00%;14,00%;14,00%;13,90%;13,90%;13,80%;13,80%;13,80%;13,70%;13,70%;13,70%;13,70%;13,70%;13,70%;13,70%;13,70%;13,70%;13,70%;13,70%;13,60%;13,60%;13,60%;13,50%;13,50%;13,50%;13,40%;13,40%;13,40%;13,30%;13,30%;13,30%;13,20%;13,20%;13,20%;13,10%;13,10%;13,10%;13,00%;13,00%;13,00%;12,90%;12,90%;12,90%;12,80%;12,80%;12,80%;12,80%;12,70%;12,70%;12,70%;12,70%;12,60%;12,60%;12,60%;12,60%;12,50%;12,50%;12,50%;12,50%;12,50%;12,50%;12,50%;12,40%;12,40%;12,40%;12,40%;12,40%;12,40%;12,40%;12,30%;12,30%;12,30%;12,30%;12,20%;12,20%;12,20%;12,20%;12,10%;12,10%;12,10%;12,00%;12,00%;11,90%;11,90%;11,80%;11,80%;11,70%;11,60%;11,60%;11,50%;11,50%;11,40%;11,40%;11,40%;11,30%;11,30%;11,30%;11,20%;11,20%;11,20%;11,20%;11,10%;11,10%;11,10%;11,10%;11,00%;11,00%;11,00%;10,90%;10,90%;10,90%;10,90%;10,80%;10,80%;10,80%;10,70%
520425;CACHOEIRA DOURADA;18,00%;17,90%;17,90%;17,90%;17,80%;17,80%;17,80%;17,70%;17,70%;17,60%;17,60%;17,60%;17,50%;17,50%;17,40%;17,40%;17,30%;17,30%;17,30%;17,20%;17,20%;17,10%;17,10%;17,00%;17,00%;16,90%;16,90%;16,80%;16,80%;16,80%;16,70%;16,70%;16,60%;16,60%;16,50%;16,50%;16,40%;16,40%;16,30%;16,30%;16,30%;16,20%;16,20%;16,10%;16,10%;16,00%;16,00%;16,00%;15,90%;15,90%;15,80%;15,80%;15,80%;15,70%;15,70%;15,70%;15,70%;15,60%;15,60%;15,60%;15,50%;15,10%;15,10%;15,10%;15,10%;15,00%;15,00%;15,00%;15,00%;14,90%;14,90%;14,90%;15,20%;15,10%;15,10%;15,10%;15,10%;15,00%;15,00%;15,00%;15,00%;14,90%;14,90%;14,90%;14,90%;14,90%;14,80%;14,80%;14,80%;14,80%;14,80%;14,70%;14,70%;14,70%;14,70%;14,70%;14,60%;14,60%;14,60%;14,60%;14,60%;14,60%;14,60%;14,60%;14,50%;14,50%;14,50%;14,50%;14,50%;14,50%;14,50%;14,50%;14,50%;14,50%;14,50%;14,50%;14,50%;14,50%;14,50%;14,50%;14,50%;14,50%;14,50%;14,50%;14,50%;14,50%;14,50%;14,50%;14,50%;14,50%;14,50%;14,50%;14,50%;14,50%;14,50%;14,50%;14,50%;14,50%;14,50%;14,50%;14,50%;14,50%;14,50%;14,50%;14,50%;14,50%;14,40%;14,40%;14,40%;14,40%;14,40%;14,40%;14,40%;14,40%;14,30%;14,30%;14,30%;14,30%;14,30%;14,20%;14,20%;14,20%;14,10%;14,10%;14,10%;14,00%;14,00%;14,00%;13,90%;13,90%;13,90%;13,90%;13,80%;13,80%;13,80%;13,70%;13,70%;13,70%;13,60%;13,60%;13,60%;13,50%;13,50%;13,40%;13,40%;13,30%;13,30%;13,20%;13,20%;13,10%;13,10%;13,00%;13,00%;12,90%;12,90%;12,90%;12,80%;12,80%;12,70%;12,70%;12,60%;12,60%;12,50%;12,50%;12,40%
520430;CACU;16,70%;16,60%;16,60%;16,60%;16,50%;16,50%;16,50%;16,50%;16,40%;16,40%;16,40%;16,30%;16,30%;16,30%;16,30%;16,20%;16,20%;16,20%;16,20%;16,10%;16,10%;16,10%;16,10%;16,00%;16,00%;16,00%;16,00%;16,00%;15,90%;15,90%;15,90%;15,90%;15,80%;15,80%;15,80%;15,80%;15,80%;15,70%;15,70%;15,70%;15,70%;15,70%;15,60%;15,60%;15,60%;15,60%;15,50%;15,50%;15,50%;15,50%;15,50%;15,50%;15,40%;15,40%;15,40%;15,40%;15,40%;15,40%;15,40%;15,30%;15,30%;15,20%;15,20%;15,20%;15,10%;15,10%;15,10%;15,10%;15,10%;15,10%;15,10%;15,00%;15,20%;15,20%;15,20%;15,20%;15,10%;15,10%;15,10%;15,10%;15,10%;15,10%;15,10%;15,00%;15,00%;15,00%;15,00%;15,00%;15,00%;15,00%;15,00%;14,90%;14,90%;14,90%;14,90%;14,90%;14,90%;14,90%;14,90%;14,90%;14,90%;14,80%;14,80%;14,80%;14,80%;14,80%;14,80%;14,80%;14,80%;14,80%;14,80%;14,80%;14,80%;14,80%;14,80%;14,80%;14,80%;14,80%;14,80%;14,80%;14,80%;14,80%;14,80%;14,80%;14,80%;14,80%;14,80%;14,80%;14,80%;14,80%;14,80%;14,80%;14,80%;14,80%;14,80%;14,80%;14,80%;14,80%;14,80%;14,80%;14,80%;14,80%;14,80%;14,80%;14,80%;14,80%;14,80%;14,80%;14,80%;14,80%;14,80%;14,80%;14,70%;14,70%;14,70%;14,70%;14,70%;14,70%;14,70%;14,70%;14,70%;14,70%;14,70%;14,70%;14,70%;14,60%;14,60%;14,60%;14,60%;14,60%;14,60%;14,60%;14,50%;14,50%;14,50%;14,50%;14,50%;14,40%;14,40%;14,40%;14,40%;14,40%;14,40%;14,30%;14,30%;14,30%;14,30%;14,30%;14,30%;14,30%;14,30%;14,20%;14,20%;14,20%;14,20%;14,20%;14,20%;14,20%;14,20%;14,10%;14,10%;14,10%;14,10%;14,10%;14,10%
520440;CAIAPONIA;17,20%;17,10%;17,10%;17,00%;17,00%;16,90%;16,90%;16,90%;16,80%;16,80%;16,70%;16,70%;16,60%;16,60%;16,50%;16,50%;16,50%;16,40%;16,40%;16,30%;16,30%;16,20%;16,20%;16,20%;16,10%;16,10%;16,00%;16,00%;16,00%;15,90%;15,90%;15,80%;15,80%;15,80%;15,70%;15,70%;15,60%;15,60%;15,60%;15,50%;15,50%;15,50%;15,40%;15,40%;15,40%;15,30%;15,30%;15,30%;15,20%;15,20%;15,20%;15,20%;15,10%;15,10%;15,10%;15,00%;15,00%;15,00%;15,00%;14,90%;14,90%;14,60%;14,60%;14,60%;14,60%;14,60%;14,50%;14,50%;14,50%;14,50%;14,50%;14,40%;14,70%;14,60%;14,60%;14,60%;14,60%;14,60%;14,50%;14,50%;14,50%;14,50%;14,50%;14,40%;14,40%;14,40%;14,40%;14,40%;14,30%;14,30%;14,30%;14,30%;14,30%;14,30%;14,20%;14,20%;14,20%;14,20%;14,20%;14,20%;14,20%;14,20%;14,20%;14,20%;14,20%;14,10%;14,10%;14,10%;14,10%;14,10%;14,10%;14,10%;14,10%;14,10%;14,10%;14,10%;14,10%;14,10%;14,10%;14,10%;14,10%;14,10%;14,10%;14,10%;14,10%;14,10%;14,10%;14,10%;14,10%;14,10%;14,10%;14,10%;14,10%;14,10%;14,10%;14,10%;14,10%;14,10%;14,10%;14,10%;14,10%;14,10%;14,10%;14,10%;14,10%;14,10%;14,10%;14,10%;14,10%;14,10%;14,10%;14,10%;14,10%;14,10%;14,10%;14,10%;14,10%;14,10%;14,10%;14,10%;14,00%;14,00%;14,00%;14,00%;14,00%;14,00%;14,00%;14,00%;13,90%;13,90%;13,90%;13,90%;13,90%;13,90%;13,80%;13,80%;13,80%;13,80%;13,80%;13,70%;13,70%;13,70%;13,70%;13,70%;13,70%;13,60%;13,60%;13,60%;13,60%;13,50%;13,50%;13,50%;13,50%;13,50%;13,40%;13,40%;13,40%;13,40%;13,40%;13,30%;13,30%;13,30%;13,30%;13,30%;13,20%
520450;CALDAS NOVAS;19,90%;19,90%;19,80%;19,80%;19,70%;19,70%;19,60%;19,60%;19,60%;19,50%;19,50%;19,40%;19,40%;19,30%;19,30%;19,30%;19,20%;19,20%;19,10%;19,10%;19,10%;19,00%;19,00%;19,00%;18,90%;18,90%;18,90%;18,80%;18,80%;18,80%;18,70%;18,70%;18,70%;18,60%;18,60%;18,60%;18,50%;18,50%;18,50%;18,50%;18,40%;18,40%;18,40%;18,40%;18,30%;18,30%;18,30%;18,20%;18,20%;18,20%;18,20%;18,20%;18,10%;18,10%;18,10%;18,10%;18,10%;18,00%;18,00%;18,00%;18,00%;17,80%;17,80%;17,80%;17,80%;17,70%;17,70%;17,70%;17,70%;17,70%;17,70%;17,70%;17,80%;17,80%;17,80%;17,80%;17,80%;17,70%;17,70%;17,70%;17,70%;17,70%;17,70%;17,70%;17,60%;17,60%;17,60%;17,60%;17,60%;17,60%;17,50%;17,50%;17,50%;17,50%;17,50%;17,50%;17,40%;17,40%;17,40%;17,40%;17,40%;17,40%;17,30%;17,30%;17,30%;17,30%;17,30%;17,30%;17,30%;17,20%;17,20%;17,20%;17,20%;17,20%;17,20%;17,10%;17,10%;17,10%;17,10%;17,10%;17,10%;17,10%;17,00%;17,00%;17,00%;17,00%;17,00%;17,00%;16,90%;16,90%;16,90%;16,90%;16,90%;16,90%;16,80%;16,80%;16,80%;16,80%;16,80%;16,80%;16,80%;16,70%;16,70%;16,70%;16,70%;16,70%;16,70%;16,60%;16,60%;16,60%;16,60%;16,60%;16,60%;16,60%;16,50%;16,50%;16,50%;16,50%;16,50%;16,50%;16,40%;16,40%;16,40%;16,40%;16,40%;16,40%;16,30%;16,30%;16,30%;16,30%;16,30%;16,30%;16,20%;16,20%;16,20%;16,20%;16,20%;16,10%;16,10%;16,10%;16,10%;16,10%;16,10%;16,00%;16,00%;16,00%;16,00%;16,00%;15,90%;15,90%;15,90%;15,90%;15,90%;15,90%;15,80%;15,80%;15,80%;15,80%;15,80%;15,70%;15,70%;15,70%;15,70%;15,70%;15,70%
520455;CALDAZINHA;18,10%;18,00%;18,00%;17,90%;17,90%;17,80%;17,70%;17,70%;17,60%;17,60%;17,50%;17,50%;17,40%;17,40%;17,30%;17,30%;17,20%;17,20%;17,20%;17,10%;17,10%;17,00%;17,00%;16,90%;16,90%;16,90%;16,80%;16,80%;16,80%;16,70%;16,70%;16,70%;16,60%;16,60%;16,60%;16,50%;16,50%;16,50%;16,40%;16,40%;16,40%;16,30%;16,30%;16,30%;16,20%;16,20%;16,20%;16,20%;16,10%;16,10%;16,10%;16,10%;16,10%;16,10%;16,10%;16,00%;16,00%;16,00%;16,00%;16,00%;16,00%;15,90%;15,90%;15,90%;15,90%;15,90%;15,90%;15,90%;15,90%;15,90%;15,90%;15,90%;15,90%;15,90%;15,90%;15,90%;15,90%;15,90%;15,90%;15,90%;15,90%;15,90%;15,90%;15,90%;15,80%;15,80%;15,80%;15,80%;15,80%;15,80%;15,80%;15,80%;15,70%;15,70%;15,70%;15,70%;15,70%;15,70%;15,70%;15,70%;15,70%;15,70%;15,70%;15,60%;15,60%;15,60%;15,60%;15,60%;15,60%;15,60%;15,60%;15,60%;15,60%;15,60%;15,60%;15,60%;15,60%;15,60%;15,60%;15,60%;15,60%;15,60%;15,50%;15,50%;15,50%;15,50%;15,50%;15,50%;15,50%;15,50%;15,50%;15,40%;15,40%;15,40%;15,40%;15,40%;15,40%;15,40%;15,40%;15,40%;15,40%;15,40%;15,30%;15,30%;15,30%;15,30%;15,30%;15,30%;15,20%;15,20%;15,20%;15,10%;15,10%;15,10%;15,10%;15,10%;15,00%;15,00%;15,00%;14,90%;14,90%;14,90%;14,80%;14,80%;14,80%;14,80%;14,70%;14,70%;14,70%;14,60%;14,60%;14,50%;14,50%;14,50%;14,40%;14,40%;14,30%;14,30%;14,30%;14,20%;14,20%;14,10%;14,10%;14,10%;14,00%;14,00%;13,90%;13,90%;13,80%;13,80%;13,70%;13,70%;13,60%;13,60%;13,50%;13,50%;13,50%;13,40%;13,40%;13,30%;13,30%;13,20%;13,20%;13,10%;13,10%
520460;CAMPESTRE DE GOIAS;18,90%;18,80%;18,70%;18,70%;18,60%;18,50%;18,50%;18,40%;18,40%;18,30%;18,20%;18,20%;18,10%;18,00%;18,00%;17,90%;17,80%;17,80%;17,70%;17,70%;17,60%;17,50%;17,50%;17,40%;17,30%;17,30%;17,30%;17,20%;17,20%;17,10%;17,10%;17,10%;17,00%;17,00%;16,90%;16,90%;16,80%;16,80%;16,80%;16,80%;16,70%;16,70%;16,70%;16,60%;16,60%;16,60%;16,50%;16,50%;16,50%;16,40%;16,40%;16,40%;16,40%;16,30%;16,30%;16,30%;16,30%;16,30%;16,20%;16,20%;16,20%;15,90%;15,90%;15,90%;15,90%;15,90%;15,80%;15,80%;15,80%;15,80%;15,80%;15,70%;16,00%;15,90%;15,90%;15,90%;15,90%;15,90%;15,80%;15,80%;15,80%;15,80%;15,80%;15,70%;15,70%;15,70%;15,70%;15,70%;15,70%;15,70%;15,70%;15,60%;15,60%;15,60%;15,60%;15,60%;15,60%;15,60%;15,60%;15,60%;15,60%;15,60%;15,60%;15,60%;15,60%;15,60%;15,60%;15,70%;15,70%;15,70%;15,70%;15,70%;15,70%;15,80%;15,80%;15,80%;15,80%;15,80%;15,80%;15,90%;15,90%;15,90%;15,90%;15,90%;15,90%;16,00%;16,00%;16,00%;16,00%;16,00%;16,00%;16,10%;16,10%;16,10%;16,10%;16,10%;16,10%;16,20%;16,20%;16,20%;16,20%;16,20%;16,20%;16,20%;16,30%;16,30%;16,30%;16,30%;16,30%;16,30%;16,30%;16,40%;16,40%;16,40%;16,40%;16,40%;16,40%;16,40%;16,40%;16,40%;16,40%;16,40%;16,40%;16,40%;16,30%;16,30%;16,30%;16,30%;16,30%;16,30%;16,30%;16,20%;16,20%;16,20%;16,20%;16,20%;16,20%;16,10%;16,10%;16,10%;16,10%;16,10%;16,00%;16,00%;16,00%;16,00%;15,90%;15,90%;15,90%;15,90%;15,80%;15,80%;15,80%;15,80%;15,70%;15,70%;15,70%;15,60%;15,60%;15,60%;15,60%;15,50%;15,50%;15,50%;15,50%
520465;CAMPINACU;19,20%;19,20%;19,10%;19,00%;19,00%;18,90%;18,90%;18,80%;18,80%;18,70%;18,70%;18,60%;18,60%;18,50%;18,50%;18,40%;18,30%;18,30%;18,20%;18,10%;18,10%;18,00%;17,90%;17,90%;17,80%;17,80%;17,70%;17,70%;17,70%;17,60%;17,60%;17,50%;17,50%;17,50%;17,40%;17,40%;17,40%;17,30%;17,30%;17,20%;17,20%;17,20%;17,10%;17,10%;17,00%;17,00%;16,90%;16,90%;16,90%;16,80%;16,80%;16,80%;16,80%;16,70%;16,70%;16,70%;16,70%;16,60%;16,60%;16,60%;16,60%;16,30%;16,30%;16,30%;16,30%;16,20%;16,20%;16,20%;16,20%;16,20%;16,20%;16,10%;16,30%;16,30%;16,30%;16,30%;16,30%;16,20%;16,20%;16,20%;16,20%;16,20%;16,20%;16,10%;16,10%;16,10%;16,10%;16,10%;16,00%;16,00%;16,00%;16,00%;16,00%;16,00%;15,90%;15,90%;15,90%;15,90%;15,90%;15,90%;15,90%;15,90%;15,80%;15,80%;15,80%;15,80%;15,80%;15,80%;15,80%;15,80%;15,80%;15,80%;15,80%;15,80%;15,80%;15,80%;15,80%;15,80%;15,80%;15,80%;15,80%;15,70%;15,70%;15,70%;15,70%;15,70%;15,70%;15,70%;15,70%;15,70%;15,70%;15,70%;15,70%;15,70%;15,70%;15,70%;15,60%;15,60%;15,60%;15,60%;15,60%;15,60%;15,60%;15,60%;15,60%;15,60%;15,60%;15,60%;15,60%;15,60%;15,60%;15,60%;15,60%;15,50%;15,50%;15,50%;15,50%;15,50%;15,50%;15,40%;15,40%;15,40%;15,30%;15,30%;15,30%;15,20%;15,20%;15,10%;15,10%;15,10%;15,00%;15,00%;15,00%;14,90%;14,90%;14,90%;14,80%;14,80%;14,80%;14,70%;14,70%;14,70%;14,60%;14,60%;14,60%;14,50%;14,50%;14,50%;14,40%;14,40%;14,30%;14,30%;14,30%;14,20%;14,20%;14,20%;14,10%;14,10%;14,10%;14,00%;14,00%;14,00%;13,90%;13,90%;13,90%
520470;CAMPINORTE;20,20%;20,20%;20,10%;20,10%;20,00%;20,00%;20,00%;19,90%;19,90%;19,90%;19,80%;19,80%;19,80%;19,70%;19,70%;19,60%;19,60%;19,60%;19,50%;19,50%;19,50%;19,40%;19,40%;19,30%;19,30%;19,30%;19,20%;19,20%;19,10%;19,10%;19,10%;19,00%;19,00%;18,90%;18,90%;18,90%;18,80%;18,80%;18,70%;18,70%;18,70%;18,60%;18,60%;18,60%;18,50%;18,50%;18,50%;18,40%;18,40%;18,40%;18,30%;18,30%;18,30%;18,20%;18,20%;18,20%;18,10%;18,10%;18,10%;18,10%;18,00%;17,70%;17,70%;17,70%;17,60%;17,60%;17,60%;17,60%;17,60%;17,50%;17,50%;17,50%;17,70%;17,70%;17,70%;17,70%;17,60%;17,60%;17,60%;17,60%;17,60%;17,50%;17,50%;17,50%;17,50%;17,50%;17,40%;17,40%;17,40%;17,40%;17,40%;17,30%;17,30%;17,30%;17,30%;17,30%;17,30%;17,20%;17,20%;17,20%;17,20%;17,20%;17,20%;17,20%;17,20%;17,20%;17,20%;17,10%;17,10%;17,10%;17,10%;17,10%;17,10%;17,10%;17,10%;17,10%;17,10%;17,10%;17,10%;17,10%;17,10%;17,00%;17,00%;17,00%;17,00%;17,00%;17,00%;17,00%;17,00%;17,00%;17,00%;17,00%;17,00%;17,00%;17,00%;17,00%;17,00%;17,00%;17,00%;17,00%;17,00%;17,00%;17,00%;17,00%;17,00%;17,00%;17,00%;17,00%;17,00%;17,00%;17,00%;17,00%;17,00%;17,00%;17,00%;17,00%;17,00%;16,90%;16,90%;16,90%;16,90%;16,90%;16,90%;16,90%;16,90%;16,80%;16,80%;16,80%;16,80%;16,80%;16,80%;16,80%;16,80%;16,70%;16,70%;16,70%;16,70%;16,70%;16,70%;16,70%;16,70%;16,60%;16,60%;16,60%;16,60%;16,60%;16,60%;16,60%;16,50%;16,50%;16,50%;16,50%;16,50%;16,50%;16,50%;16,40%;16,40%;16,40%;16,40%;16,40%;16,40%;16,40%;16,30%;16,30%;16,30%
520480;CAMPO ALEGRE DE GOIAS;21,20%;21,20%;21,20%;21,20%;21,20%;21,20%;21,10%;21,10%;21,10%;21,10%;21,10%;21,10%;21,10%;21,10%;21,00%;21,00%;21,00%;21,00%;21,00%;20,90%;20,90%;20,90%;20,90%;20,90%;20,90%;20,80%;20,80%;20,80%;20,80%;20,80%;20,80%;20,70%;20,70%;20,70%;20,70%;20,70%;20,60%;20,60%;20,60%;20,60%;20,50%;20,50%;20,50%;20,50%;20,40%;20,40%;20,40%;20,40%;20,30%;20,30%;20,30%;20,30%;20,20%;20,20%;20,20%;20,10%;20,10%;20,10%;20,10%;20,00%;20,00%;19,70%;19,70%;19,70%;19,70%;19,70%;19,60%;19,60%;19,60%;19,60%;19,60%;19,50%;19,80%;19,70%;19,70%;19,70%;19,70%;19,70%;19,60%;19,60%;19,60%;19,60%;19,60%;19,50%;19,50%;19,50%;19,50%;19,40%;19,40%;19,40%;19,30%;19,30%;19,30%;19,30%;19,20%;19,20%;19,20%;19,10%;19,10%;19,10%;19,00%;19,00%;19,00%;18,90%;18,90%;18,90%;18,80%;18,80%;18,80%;18,70%;18,70%;18,70%;18,60%;18,60%;18,60%;18,50%;18,50%;18,50%;18,40%;18,40%;18,40%;18,30%;18,30%;18,20%;18,20%;18,10%;18,10%;18,10%;18,00%;18,00%;17,90%;17,90%;17,90%;17,80%;17,80%;17,70%;17,70%;17,70%;17,60%;17,60%;17,60%;17,50%;17,50%;17,40%;17,40%;17,40%;17,30%;17,30%;17,30%;17,30%;17,20%;17,20%;17,20%;17,10%;17,10%;17,10%;17,00%;17,00%;17,00%;16,90%;16,90%;16,90%;16,80%;16,80%;16,70%;16,70%;16,70%;16,60%;16,60%;16,60%;16,50%;16,50%;16,50%;16,50%;16,40%;16,40%;16,40%;16,40%;16,30%;16,30%;16,30%;16,20%;16,20%;16,20%;16,10%;16,10%;16,10%;16,00%;16,00%;16,00%;15,90%;15,90%;15,90%;15,80%;15,80%;15,80%;15,70%;15,70%;15,70%;15,60%;15,60%;15,60%;15,50%;15,50%;15,40%
520485;CAMPO LIMPO DE GOIAS;22,60%;22,60%;22,60%;22,50%;22,50%;22,50%;22,50%;22,50%;22,40%;22,40%;22,40%;22,40%;22,30%;22,30%;22,30%;22,30%;22,20%;22,20%;22,20%;22,20%;22,10%;22,10%;22,10%;22,10%;22,00%;22,00%;22,00%;22,00%;21,90%;21,90%;21,90%;21,90%;21,80%;21,80%;21,80%;21,80%;21,70%;21,70%;21,70%;21,70%;21,60%;21,60%;21,60%;21,60%;21,50%;21,50%;21,50%;21,50%;21,40%;21,40%;21,40%;21,40%;21,40%;21,30%;21,30%;21,30%;21,30%;21,30%;21,20%;21,20%;21,20%;21,10%;21,10%;21,10%;21,00%;21,00%;21,00%;21,00%;21,00%;21,00%;20,90%;20,90%;21,10%;21,10%;21,10%;21,10%;21,00%;21,00%;21,00%;21,00%;21,00%;20,90%;20,90%;20,90%;20,90%;20,90%;20,90%;20,80%;20,80%;20,80%;20,80%;20,80%;20,80%;20,70%;20,70%;20,70%;20,70%;20,70%;20,70%;20,60%;20,60%;20,60%;20,60%;20,50%;20,50%;20,50%;20,50%;20,50%;20,40%;20,40%;20,40%;20,40%;20,30%;20,30%;20,30%;20,30%;20,20%;20,20%;20,20%;20,20%;20,10%;20,10%;20,10%;20,10%;20,00%;20,00%;20,00%;20,00%;19,90%;19,90%;19,90%;19,90%;19,80%;19,80%;19,80%;19,80%;19,70%;19,70%;19,70%;19,70%;19,60%;19,60%;19,60%;19,50%;19,50%;19,50%;19,50%;19,50%;19,40%;19,40%;19,40%;19,40%;19,40%;19,40%;19,30%;19,30%;19,30%;19,30%;19,20%;19,20%;19,20%;19,20%;19,10%;19,10%;19,10%;19,10%;19,00%;19,00%;19,00%;19,00%;18,90%;18,90%;18,90%;18,90%;18,90%;18,90%;18,80%;18,80%;18,80%;18,80%;18,80%;18,80%;18,70%;18,70%;18,70%;18,70%;18,70%;18,60%;18,60%;18,60%;18,60%;18,60%;18,50%;18,50%;18,50%;18,50%;18,50%;18,50%;18,40%;18,40%;18,40%;18,40%;18,40%;18,30%;18,30%
520490;CAMPOS BELOS;22,50%;22,50%;22,40%;22,40%;22,40%;22,30%;22,30%;22,20%;22,20%;22,20%;22,10%;22,10%;22,00%;22,00%;22,00%;21,90%;21,90%;21,80%;21,80%;21,80%;21,70%;21,70%;21,70%;21,60%;21,60%;21,50%;21,50%;21,50%;21,40%;21,40%;21,30%;21,30%;21,30%;21,20%;21,20%;21,10%;21,10%;21,10%;21,00%;21,00%;20,90%;20,90%;20,90%;20,80%;20,80%;20,70%;20,70%;20,70%;20,60%;20,60%;20,60%;20,50%;20,50%;20,50%;20,40%;20,40%;20,40%;20,30%;20,30%;20,30%;20,20%;19,90%;19,90%;19,90%;19,80%;19,80%;19,80%;19,80%;19,70%;19,70%;19,70%;19,70%;19,90%;19,90%;19,90%;19,90%;19,80%;19,80%;19,80%;19,80%;19,70%;19,70%;19,70%;19,70%;19,60%;19,60%;19,60%;19,60%;19,50%;19,50%;19,50%;19,40%;19,40%;19,40%;19,40%;19,30%;19,30%;19,30%;19,20%;19,20%;19,20%;19,20%;19,10%;19,10%;19,10%;19,00%;19,00%;19,00%;19,00%;18,90%;18,90%;18,90%;18,90%;18,80%;18,80%;18,80%;18,80%;18,70%;18,70%;18,70%;18,70%;18,60%;18,60%;18,60%;18,60%;18,50%;18,50%;18,50%;18,40%;18,40%;18,40%;18,40%;18,30%;18,30%;18,30%;18,30%;18,20%;18,20%;18,20%;18,20%;18,10%;18,10%;18,10%;18,10%;18,00%;18,00%;18,00%;17,90%;17,90%;17,90%;17,90%;17,80%;17,80%;17,80%;17,80%;17,70%;17,70%;17,70%;17,60%;17,60%;17,60%;17,50%;17,50%;17,50%;17,40%;17,40%;17,40%;17,30%;17,30%;17,20%;17,20%;17,20%;17,10%;17,10%;17,00%;17,00%;17,00%;16,90%;16,90%;16,80%;16,80%;16,70%;16,70%;16,70%;16,60%;16,60%;16,60%;16,50%;16,50%;16,40%;16,40%;16,40%;16,30%;16,30%;16,20%;16,20%;16,20%;16,10%;16,10%;16,00%;16,00%;16,00%;15,90%;15,90%;15,90%
520495;CAMPOS VERDES;18,90%;18,90%;18,80%;18,70%;18,60%;18,60%;18,50%;18,40%;18,40%;18,30%;18,20%;18,20%;18,10%;18,00%;17,90%;17,90%;17,80%;17,80%;17,70%;17,60%;17,60%;17,50%;17,40%;17,40%;17,30%;17,20%;17,20%;17,10%;17,10%;17,00%;17,00%;16,90%;16,90%;16,80%;16,80%;16,70%;16,70%;16,60%;16,60%;16,60%;16,50%;16,50%;16,40%;16,40%;16,30%;16,30%;16,20%;16,20%;16,10%;16,10%;16,10%;16,10%;16,00%;16,00%;16,00%;16,00%;15,90%;15,90%;15,90%;15,80%;15,80%;15,40%;15,40%;15,40%;15,30%;15,30%;15,30%;15,30%;15,30%;15,20%;15,20%;15,20%;15,40%;15,40%;15,40%;15,40%;15,30%;15,30%;15,30%;15,30%;15,30%;15,20%;15,20%;15,20%;15,20%;15,20%;15,20%;15,20%;15,10%;15,10%;15,10%;15,10%;15,10%;15,10%;15,10%;15,10%;15,00%;15,00%;15,00%;15,00%;15,00%;15,00%;15,00%;15,00%;15,00%;15,00%;15,00%;14,90%;14,90%;14,90%;15,00%;15,00%;15,00%;15,00%;15,00%;15,00%;15,00%;15,00%;15,00%;15,00%;15,10%;15,10%;15,10%;15,10%;15,10%;15,10%;15,10%;15,10%;15,10%;15,10%;15,10%;15,10%;15,10%;15,10%;15,10%;15,10%;15,10%;15,10%;15,10%;15,10%;15,20%;15,20%;15,20%;15,20%;15,20%;15,20%;15,20%;15,20%;15,20%;15,20%;15,10%;15,10%;15,10%;15,10%;15,10%;15,10%;15,10%;15,10%;15,10%;15,10%;15,10%;15,00%;15,00%;15,00%;15,00%;15,00%;14,90%;14,90%;14,90%;14,90%;14,90%;14,80%;14,80%;14,80%;14,70%;14,70%;14,70%;14,60%;14,60%;14,60%;14,50%;14,50%;14,50%;14,40%;14,40%;14,30%;14,30%;14,30%;14,20%;14,20%;14,10%;14,10%;14,10%;14,00%;14,00%;13,90%;13,90%;13,80%;13,80%;13,80%;13,70%;13,70%;13,60%;13,60%;13,50%
520500;CARMO DO RIO VERDE;18,00%;18,00%;18,00%;17,90%;17,90%;17,80%;17,80%;17,80%;17,70%;17,70%;17,60%;17,60%;17,60%;17,50%;17,50%;17,40%;17,40%;17,30%;17,30%;17,30%;17,20%;17,20%;17,10%;17,10%;17,00%;17,00%;16,90%;16,90%;16,80%;16,80%;16,80%;16,70%;16,70%;16,60%;16,60%;16,50%;16,50%;16,40%;16,40%;16,40%;16,30%;16,30%;16,20%;16,20%;16,20%;16,10%;16,10%;16,00%;16,00%;16,00%;15,90%;15,90%;15,80%;15,80%;15,80%;15,70%;15,70%;15,70%;15,60%;15,60%;15,50%;15,20%;15,10%;15,10%;15,10%;15,00%;15,00%;15,00%;15,00%;14,90%;14,90%;14,90%;15,20%;15,20%;15,10%;15,10%;15,10%;15,00%;15,00%;15,00%;15,00%;14,90%;14,90%;14,90%;14,80%;14,80%;14,80%;14,80%;14,80%;14,70%;14,70%;14,70%;14,70%;14,60%;14,60%;14,60%;14,60%;14,60%;14,60%;14,50%;14,50%;14,50%;14,50%;14,50%;14,50%;14,50%;14,40%;14,40%;14,40%;14,40%;14,40%;14,40%;14,40%;14,40%;14,40%;14,40%;14,40%;14,40%;14,40%;14,40%;14,40%;14,40%;14,40%;14,40%;14,30%;14,30%;14,30%;14,30%;14,30%;14,30%;14,30%;14,30%;14,30%;14,30%;14,30%;14,30%;14,30%;14,30%;14,30%;14,30%;14,30%;14,30%;14,30%;14,30%;14,30%;14,30%;14,30%;14,30%;14,30%;14,30%;14,20%;14,20%;14,20%;14,20%;14,20%;14,20%;14,20%;14,20%;14,20%;14,10%;14,10%;14,10%;14,10%;14,10%;14,10%;14,10%;14,10%;14,00%;14,00%;14,00%;14,00%;14,00%;14,00%;13,90%;13,90%;13,90%;13,90%;13,90%;13,80%;13,80%;13,80%;13,80%;13,80%;13,70%;13,70%;13,70%;13,70%;13,70%;13,60%;13,60%;13,60%;13,60%;13,60%;13,50%;13,50%;13,50%;13,50%;13,50%;13,40%;13,40%;13,40%;13,40%;13,30%;13,30%;13,30%
520505;CASTELANDIA;18,30%;18,30%;18,20%;18,20%;18,10%;18,10%;18,10%;18,00%;18,00%;17,90%;17,90%;17,90%;17,80%;17,80%;17,70%;17,70%;17,60%;17,60%;17,50%;17,50%;17,40%;17,40%;17,30%;17,30%;17,20%;17,20%;17,10%;17,10%;17,00%;17,00%;17,00%;16,90%;16,90%;16,80%;16,80%;16,80%;16,70%;16,70%;16,60%;16,60%;16,60%;16,50%;16,50%;16,40%;16,40%;16,30%;16,30%;16,30%;16,20%;16,20%;16,10%;16,10%;16,10%;16,00%;16,00%;15,90%;15,90%;15,90%;15,80%;15,80%;15,70%;15,20%;15,20%;15,20%;15,20%;15,10%;15,10%;15,10%;15,10%;15,00%;15,00%;15,00%;15,30%;15,30%;15,20%;15,20%;15,20%;15,10%;15,10%;15,10%;15,10%;15,00%;15,00%;15,00%;15,00%;14,90%;14,90%;14,90%;14,90%;14,80%;14,80%;14,80%;14,80%;14,80%;14,70%;14,70%;14,70%;14,70%;14,60%;14,60%;14,60%;14,50%;14,50%;14,50%;14,40%;14,40%;14,40%;14,30%;14,30%;14,30%;14,30%;14,20%;14,20%;14,20%;14,20%;14,20%;14,20%;14,20%;14,10%;14,10%;14,10%;14,10%;14,10%;14,10%;14,10%;14,10%;14,10%;14,10%;14,10%;14,10%;14,10%;14,10%;14,10%;14,10%;14,10%;14,10%;14,10%;14,10%;14,10%;14,10%;14,10%;14,00%;14,00%;14,00%;14,00%;14,00%;14,00%;14,00%;14,00%;14,00%;13,90%;13,90%;13,90%;13,90%;13,90%;13,90%;13,90%;13,90%;13,80%;13,80%;13,80%;13,80%;13,70%;13,70%;13,70%;13,70%;13,60%;13,60%;13,60%;13,60%;13,50%;13,50%;13,50%;13,40%;13,40%;13,40%;13,40%;13,30%;13,30%;13,30%;13,20%;13,20%;13,20%;13,20%;13,20%;13,20%;13,20%;13,10%;13,10%;13,10%;13,10%;13,10%;13,10%;13,00%;13,00%;13,00%;13,00%;13,00%;13,00%;12,90%;12,90%;12,90%;12,90%;12,90%;12,90%
520510;CATALAO;17,60%;17,60%;17,60%;17,60%;17,50%;17,50%;17,50%;17,50%;17,50%;17,40%;17,40%;17,40%;17,40%;17,30%;17,30%;17,30%;17,30%;17,30%;17,30%;17,20%;17,20%;17,20%;17,20%;17,20%;17,10%;17,10%;17,10%;17,10%;17,10%;17,00%;17,00%;17,00%;17,00%;17,00%;16,90%;16,90%;16,90%;16,90%;16,90%;16,80%;16,80%;16,80%;16,80%;16,80%;16,70%;16,70%;16,70%;16,70%;16,70%;16,60%;16,60%;16,60%;16,60%;16,60%;16,60%;16,60%;16,50%;16,50%;16,50%;16,50%;16,50%;16,40%;16,40%;16,40%;16,30%;16,30%;16,30%;16,30%;16,30%;16,30%;16,30%;16,30%;16,40%;16,40%;16,40%;16,30%;16,30%;16,30%;16,30%;16,30%;16,30%;16,30%;16,30%;16,30%;16,20%;16,20%;16,20%;16,20%;16,20%;16,20%;16,20%;16,20%;16,10%;16,10%;16,10%;16,10%;16,10%;16,10%;16,10%;16,10%;16,00%;16,00%;16,00%;16,00%;16,00%;16,00%;16,00%;16,00%;15,90%;15,90%;15,90%;15,90%;15,90%;15,90%;15,90%;15,90%;15,80%;15,80%;15,80%;15,80%;15,80%;15,80%;15,80%;15,80%;15,70%;15,70%;15,70%;15,70%;15,70%;15,70%;15,70%;15,70%;15,60%;15,60%;15,60%;15,60%;15,60%;15,60%;15,60%;15,60%;15,50%;15,50%;15,50%;15,50%;15,50%;15,50%;15,50%;15,50%;15,40%;15,40%;15,40%;15,40%;15,40%;15,40%;15,40%;15,40%;15,30%;15,30%;15,30%;15,30%;15,30%;15,30%;15,30%;15,20%;15,20%;15,20%;15,20%;15,20%;15,20%;15,20%;15,10%;15,10%;15,10%;15,10%;15,10%;15,10%;15,00%;15,00%;15,00%;15,00%;15,00%;15,00%;14,90%;14,90%;14,90%;14,90%;14,90%;14,90%;14,80%;14,80%;14,80%;14,80%;14,80%;14,70%;14,70%;14,70%;14,70%;14,70%;14,60%;14,60%;14,60%;14,60%;14,60%;14,60%;14,50%
520520;CATURAI;18,60%;18,60%;18,60%;18,60%;18,50%;18,50%;18,50%;18,50%;18,40%;18,40%;18,40%;18,40%;18,40%;18,30%;18,30%;18,30%;18,30%;18,30%;18,20%;18,20%;18,20%;18,20%;18,20%;18,10%;18,10%;18,10%;18,10%;18,00%;18,00%;18,00%;17,90%;17,90%;17,90%;17,90%;17,80%;17,80%;17,80%;17,70%;17,70%;17,70%;17,70%;17,60%;17,60%;17,60%;17,60%;17,60%;17,50%;17,50%;17,50%;17,50%;17,40%;17,40%;17,40%;17,40%;17,30%;17,30%;17,30%;17,30%;17,20%;17,20%;17,20%;17,00%;17,00%;17,00%;17,00%;16,90%;16,90%;16,90%;16,90%;16,80%;16,80%;16,80%;17,00%;17,00%;17,00%;17,00%;17,00%;16,90%;16,90%;16,90%;16,90%;16,80%;16,80%;16,80%;16,80%;16,70%;16,70%;16,70%;16,70%;16,60%;16,60%;16,60%;16,60%;16,50%;16,50%;16,50%;16,50%;16,50%;16,40%;16,40%;16,40%;16,30%;16,30%;16,30%;16,30%;16,20%;16,20%;16,20%;16,20%;16,10%;16,10%;16,10%;16,00%;16,00%;16,00%;15,90%;15,90%;15,90%;15,80%;15,80%;15,80%;15,70%;15,70%;15,70%;15,60%;15,60%;15,60%;15,50%;15,50%;15,50%;15,40%;15,40%;15,40%;15,30%;15,30%;15,30%;15,30%;15,20%;15,20%;15,20%;15,10%;15,10%;15,10%;15,10%;15,00%;15,00%;15,00%;14,90%;14,90%;14,90%;14,80%;14,80%;14,80%;14,80%;14,70%;14,70%;14,70%;14,60%;14,60%;14,50%;14,50%;14,50%;14,40%;14,40%;14,30%;14,30%;14,30%;14,20%;14,20%;14,20%;14,10%;14,10%;14,10%;14,00%;14,00%;14,00%;13,90%;13,90%;13,90%;13,90%;13,80%;13,80%;13,70%;13,70%;13,70%;13,60%;13,60%;13,60%;13,50%;13,50%;13,50%;13,40%;13,40%;13,40%;13,30%;13,30%;13,30%;13,20%;13,20%;13,20%;13,10%;13,10%;13,00%;13,00%;13,00%
520530;CAVALCANTE;26,90%;26,90%;26,80%;26,70%;26,70%;26,60%;26,50%;26,50%;26,40%;26,30%;26,20%;26,20%;26,10%;26,00%;26,00%;25,90%;25,80%;25,80%;25,70%;25,70%;25,60%;25,50%;25,50%;25,40%;25,30%;25,30%;25,20%;25,20%;25,10%;25,00%;25,00%;24,90%;24,90%;24,80%;24,70%;24,70%;24,60%;24,60%;24,50%;24,50%;24,40%;24,40%;24,30%;24,20%;24,20%;24,10%;24,10%;24,00%;24,00%;23,90%;23,90%;23,80%;23,80%;23,80%;23,70%;23,70%;23,60%;23,60%;23,50%;23,50%;23,50%;22,90%;22,90%;22,80%;22,80%;22,80%;22,70%;22,70%;22,70%;22,60%;22,60%;22,50%;23,00%;22,90%;22,90%;22,90%;22,80%;22,80%;22,70%;22,70%;22,70%;22,60%;22,60%;22,50%;22,50%;22,50%;22,40%;22,40%;22,30%;22,30%;22,30%;22,20%;22,20%;22,10%;22,10%;22,00%;22,00%;22,00%;21,90%;21,90%;21,80%;21,80%;21,80%;21,70%;21,70%;21,70%;21,60%;21,60%;21,50%;21,50%;21,50%;21,40%;21,40%;21,30%;21,30%;21,30%;21,20%;21,20%;21,10%;21,10%;21,10%;21,00%;21,00%;20,90%;20,90%;20,90%;20,80%;20,80%;20,70%;20,70%;20,70%;20,60%;20,60%;20,50%;20,50%;20,40%;20,40%;20,40%;20,30%;20,30%;20,30%;20,20%;20,20%;20,10%;20,10%;20,10%;20,00%;20,00%;19,90%;19,90%;19,90%;19,80%;19,80%;19,80%;19,70%;19,70%;19,70%;19,60%;19,60%;19,50%;19,50%;19,50%;19,40%;19,40%;19,30%;19,30%;19,20%;19,20%;19,20%;19,10%;19,10%;19,00%;19,00%;19,00%;18,90%;18,90%;18,90%;18,80%;18,80%;18,70%;18,70%;18,70%;18,60%;18,60%;18,50%;18,50%;18,40%;18,40%;18,40%;18,30%;18,30%;18,20%;18,20%;18,10%;18,10%;18,10%;18,00%;18,00%;17,90%;17,90%;17,90%;17,80%;17,80%;17,70%;17,70%
520540;CERES;16,40%;16,30%;16,30%;16,20%;16,20%;16,10%;16,10%;16,00%;16,00%;16,00%;15,90%;15,90%;15,80%;15,80%;15,70%;15,70%;15,60%;15,60%;15,60%;15,50%;15,50%;15,40%;15,40%;15,40%;15,30%;15,30%;15,20%;15,20%;15,10%;15,10%;15,10%;15,00%;15,00%;14,90%;14,90%;14,90%;14,80%;14,80%;14,70%;14,70%;14,70%;14,60%;14,60%;14,60%;14,60%;14,50%;14,50%;14,50%;14,40%;14,40%;14,40%;14,30%;14,30%;14,30%;14,30%;14,30%;14,20%;14,20%;14,20%;14,20%;14,10%;13,90%;13,90%;13,90%;13,90%;13,80%;13,80%;13,80%;13,80%;13,80%;13,80%;13,80%;13,90%;13,90%;13,90%;13,90%;13,90%;13,80%;13,80%;13,80%;13,80%;13,80%;13,80%;13,80%;13,70%;13,70%;13,70%;13,70%;13,70%;13,70%;13,70%;13,70%;13,70%;13,60%;13,60%;13,60%;13,60%;13,60%;13,60%;13,60%;13,60%;13,60%;13,60%;13,60%;13,60%;13,60%;13,60%;13,60%;13,60%;13,60%;13,60%;13,60%;13,60%;13,70%;13,70%;13,70%;13,70%;13,70%;13,70%;13,70%;13,70%;13,70%;13,70%;13,80%;13,80%;13,80%;13,80%;13,80%;13,80%;13,80%;13,80%;13,80%;13,90%;13,90%;13,90%;13,90%;13,90%;13,90%;13,90%;13,90%;13,90%;13,90%;13,90%;14,00%;14,00%;14,00%;14,00%;14,00%;14,00%;14,00%;14,00%;14,00%;14,00%;14,00%;14,00%;14,00%;14,00%;14,00%;14,00%;14,00%;14,00%;14,00%;14,00%;14,00%;14,00%;14,00%;14,00%;14,00%;13,90%;13,90%;13,90%;13,90%;13,90%;13,90%;13,90%;13,80%;13,80%;13,80%;13,80%;13,80%;13,80%;13,70%;13,70%;13,70%;13,70%;13,70%;13,60%;13,60%;13,60%;13,60%;13,60%;13,50%;13,50%;13,50%;13,50%;13,50%;13,40%;13,40%;13,40%;13,40%;13,40%;13,30%;13,30%;13,30%;13,30%
520545;CEZARINA;18,20%;18,10%;18,10%;18,00%;18,00%;17,90%;17,90%;17,80%;17,70%;17,70%;17,60%;17,60%;17,50%;17,50%;17,50%;17,40%;17,40%;17,30%;17,30%;17,20%;17,20%;17,10%;17,10%;17,00%;17,00%;16,90%;16,90%;16,90%;16,80%;16,80%;16,70%;16,70%;16,70%;16,60%;16,60%;16,50%;16,50%;16,50%;16,40%;16,40%;16,40%;16,30%;16,30%;16,30%;16,30%;16,20%;16,20%;16,20%;16,10%;16,10%;16,10%;16,10%;16,00%;16,00%;16,00%;16,00%;15,90%;15,90%;15,90%;15,90%;15,80%;15,60%;15,60%;15,60%;15,60%;15,50%;15,50%;15,50%;15,50%;15,50%;15,50%;15,50%;15,60%;15,60%;15,60%;15,60%;15,60%;15,60%;15,50%;15,50%;15,50%;15,50%;15,50%;15,50%;15,50%;15,50%;15,40%;15,40%;15,40%;15,40%;15,40%;15,40%;15,40%;15,30%;15,30%;15,30%;15,30%;15,30%;15,30%;15,30%;15,30%;15,30%;15,30%;15,30%;15,30%;15,30%;15,30%;15,20%;15,20%;15,20%;15,20%;15,20%;15,20%;15,20%;15,20%;15,20%;15,20%;15,20%;15,20%;15,20%;15,20%;15,20%;15,20%;15,20%;15,20%;15,20%;15,20%;15,20%;15,20%;15,20%;15,20%;15,20%;15,20%;15,20%;15,20%;15,20%;15,20%;15,20%;15,20%;15,20%;15,20%;15,20%;15,10%;15,10%;15,10%;15,10%;15,10%;15,10%;15,10%;15,10%;15,10%;15,10%;15,10%;15,00%;15,00%;15,00%;15,00%;15,00%;15,00%;14,90%;14,90%;14,90%;14,90%;14,80%;14,80%;14,80%;14,80%;14,70%;14,70%;14,70%;14,70%;14,60%;14,60%;14,60%;14,60%;14,60%;14,50%;14,50%;14,50%;14,50%;14,40%;14,40%;14,40%;14,30%;14,30%;14,30%;14,20%;14,20%;14,20%;14,10%;14,10%;14,10%;14,00%;14,00%;14,00%;13,90%;13,90%;13,90%;13,80%;13,80%;13,80%;13,70%;13,70%;13,70%;13,60%
520547;CHAPADAO DO CEU;23,20%;23,20%;23,20%;23,20%;23,20%;23,10%;23,10%;23,10%;23,10%;23,10%;23,00%;23,00%;23,00%;23,00%;23,00%;23,00%;22,90%;22,90%;22,90%;22,90%;22,90%;22,90%;22,90%;22,90%;22,90%;22,80%;22,80%;22,80%;22,80%;22,80%;22,80%;22,70%;22,70%;22,70%;22,70%;22,70%;22,70%;22,70%;22,60%;22,60%;22,60%;22,60%;22,60%;22,60%;22,50%;22,50%;22,50%;22,50%;22,50%;22,50%;22,50%;22,50%;22,40%;22,40%;22,40%;22,40%;22,40%;22,40%;22,40%;22,40%;22,30%;22,30%;22,20%;22,20%;22,20%;22,20%;22,20%;22,20%;22,20%;22,20%;22,20%;22,10%;22,30%;22,30%;22,20%;22,20%;22,20%;22,20%;22,20%;22,20%;22,20%;22,20%;22,10%;22,10%;22,10%;22,10%;22,10%;22,10%;22,10%;22,10%;22,00%;22,00%;22,00%;22,00%;22,00%;22,00%;22,00%;22,00%;21,90%;21,90%;21,90%;21,90%;21,90%;21,90%;21,90%;21,80%;21,80%;21,80%;21,80%;21,80%;21,80%;21,80%;21,70%;21,70%;21,70%;21,70%;21,70%;21,70%;21,70%;21,70%;21,60%;21,60%;21,60%;21,60%;21,60%;21,60%;21,50%;21,50%;21,50%;21,50%;21,50%;21,50%;21,40%;21,40%;21,40%;21,40%;21,40%;21,40%;21,40%;21,30%;21,30%;21,30%;21,30%;21,30%;21,30%;21,30%;21,30%;21,20%;21,20%;21,20%;21,20%;21,20%;21,20%;21,20%;21,20%;21,20%;21,20%;21,20%;21,20%;21,20%;21,10%;21,10%;21,10%;21,10%;21,10%;21,10%;21,10%;21,10%;21,10%;21,10%;21,10%;21,10%;21,10%;21,10%;21,10%;21,10%;21,10%;21,10%;21,10%;21,10%;21,10%;21,20%;21,20%;21,20%;21,20%;21,20%;21,20%;21,20%;21,20%;21,20%;21,30%;21,30%;21,30%;21,30%;21,30%;21,30%;21,30%;21,30%;21,30%;21,30%;21,40%;21,40%;21,40%;21,40%;21,40%
520549;CIDADE OCIDENTAL;24,30%;24,20%;24,20%;24,10%;24,10%;24,00%;24,00%;23,90%;23,90%;23,80%;23,80%;23,80%;23,70%;23,70%;23,60%;23,60%;23,60%;23,50%;23,50%;23,50%;23,40%;23,40%;23,40%;23,30%;23,30%;23,30%;23,20%;23,20%;23,20%;23,10%;23,10%;23,10%;23,00%;23,00%;23,00%;22,90%;22,90%;22,90%;22,90%;22,80%;22,80%;22,80%;22,70%;22,70%;22,70%;22,70%;22,60%;22,60%;22,60%;22,60%;22,50%;22,50%;22,50%;22,50%;22,50%;22,40%;22,40%;22,40%;22,40%;22,30%;22,30%;22,10%;22,10%;22,10%;22,10%;22,10%;22,00%;22,00%;22,00%;22,00%;22,00%;21,90%;22,10%;22,10%;22,10%;22,10%;22,10%;22,10%;22,00%;22,00%;22,00%;22,00%;22,00%;21,90%;21,90%;21,90%;21,90%;21,80%;21,80%;21,80%;21,80%;21,70%;21,70%;21,70%;21,70%;21,70%;21,60%;21,60%;21,60%;21,50%;21,50%;21,50%;21,50%;21,40%;21,40%;21,40%;21,30%;21,30%;21,30%;21,30%;21,20%;21,20%;21,20%;21,10%;21,10%;21,10%;21,00%;21,00%;21,00%;21,00%;20,90%;20,90%;20,90%;20,80%;20,80%;20,80%;20,70%;20,70%;20,70%;20,60%;20,60%;20,60%;20,50%;20,50%;20,50%;20,40%;20,40%;20,40%;20,30%;20,30%;20,30%;20,20%;20,20%;20,20%;20,20%;20,10%;20,10%;20,10%;20,00%;20,00%;20,00%;20,00%;19,90%;19,90%;19,90%;19,90%;19,80%;19,80%;19,80%;19,80%;19,80%;19,70%;19,70%;19,70%;19,70%;19,70%;19,60%;19,60%;19,60%;19,60%;19,60%;19,60%;19,50%;19,50%;19,50%;19,50%;19,50%;19,50%;19,40%;19,40%;19,40%;19,40%;19,40%;19,40%;19,40%;19,30%;19,30%;19,30%;19,30%;19,30%;19,30%;19,30%;19,20%;19,20%;19,20%;19,20%;19,20%;19,20%;19,20%;19,10%;19,10%;19,10%;19,10%;19,10%;19,10%
520551;COCALZINHO DE GOIAS;22,40%;22,30%;22,30%;22,20%;22,20%;22,10%;22,10%;22,00%;22,00%;21,90%;21,90%;21,80%;21,80%;21,70%;21,70%;21,60%;21,60%;21,60%;21,50%;21,50%;21,40%;21,40%;21,30%;21,30%;21,30%;21,20%;21,20%;21,10%;21,10%;21,00%;21,00%;21,00%;20,90%;20,90%;20,80%;20,80%;20,80%;20,70%;20,70%;20,60%;20,60%;20,60%;20,50%;20,50%;20,40%;20,40%;20,40%;20,30%;20,30%;20,30%;20,20%;20,20%;20,20%;20,10%;20,10%;20,10%;20,00%;20,00%;20,00%;19,90%;19,90%;19,50%;19,50%;19,50%;19,40%;19,40%;19,40%;19,40%;19,30%;19,30%;19,30%;19,30%;19,60%;19,50%;19,50%;19,50%;19,40%;19,40%;19,40%;19,40%;19,30%;19,30%;19,30%;19,30%;19,20%;19,20%;19,20%;19,10%;19,10%;19,10%;19,00%;19,00%;19,00%;18,90%;18,90%;18,90%;18,90%;18,80%;18,80%;18,80%;18,70%;18,70%;18,70%;18,70%;18,60%;18,60%;18,60%;18,60%;18,50%;18,50%;18,50%;18,40%;18,40%;18,40%;18,30%;18,30%;18,30%;18,30%;18,20%;18,20%;18,20%;18,10%;18,10%;18,10%;18,10%;18,00%;18,00%;18,00%;17,90%;17,90%;17,90%;17,90%;17,80%;17,80%;17,80%;17,80%;17,70%;17,70%;17,70%;17,60%;17,60%;17,60%;17,60%;17,50%;17,50%;17,50%;17,50%;17,40%;17,40%;17,40%;17,40%;17,30%;17,30%;17,30%;17,30%;17,20%;17,20%;17,20%;17,20%;17,10%;17,10%;17,10%;17,10%;17,10%;17,00%;17,00%;17,00%;17,00%;16,90%;16,90%;16,90%;16,90%;16,80%;16,80%;16,80%;16,80%;16,70%;16,70%;16,70%;16,70%;16,70%;16,60%;16,60%;16,60%;16,60%;16,50%;16,50%;16,50%;16,40%;16,40%;16,40%;16,40%;16,30%;16,30%;16,30%;16,30%;16,20%;16,20%;16,20%;16,20%;16,10%;16,10%;16,10%;16,10%;16,00%
520552;COLINAS DO SUL;23,60%;23,60%;23,50%;23,50%;23,40%;23,40%;23,30%;23,30%;23,20%;23,20%;23,10%;23,10%;23,00%;23,00%;22,90%;22,90%;22,80%;22,70%;22,70%;22,60%;22,60%;22,50%;22,50%;22,40%;22,30%;22,30%;22,20%;22,20%;22,10%;22,10%;22,00%;22,00%;21,90%;21,90%;21,80%;21,80%;21,70%;21,70%;21,70%;21,60%;21,60%;21,50%;21,50%;21,50%;21,40%;21,40%;21,40%;21,30%;21,30%;21,20%;21,20%;21,20%;21,20%;21,10%;21,10%;21,10%;21,10%;21,00%;21,00%;21,00%;21,00%;20,70%;20,70%;20,60%;20,60%;20,60%;20,50%;20,50%;20,50%;20,40%;20,40%;20,40%;20,70%;20,70%;20,60%;20,60%;20,60%;20,60%;20,50%;20,50%;20,50%;20,40%;20,40%;20,40%;20,30%;20,30%;20,30%;20,30%;20,20%;20,20%;20,20%;20,20%;20,20%;20,10%;20,10%;20,10%;20,10%;20,00%;20,00%;20,00%;20,00%;19,90%;19,90%;19,90%;19,90%;19,80%;19,80%;19,80%;19,70%;19,70%;19,70%;19,70%;19,70%;19,60%;19,60%;19,60%;19,60%;19,60%;19,50%;19,50%;19,50%;19,50%;19,50%;19,40%;19,40%;19,40%;19,40%;19,40%;19,30%;19,30%;19,30%;19,30%;19,20%;19,20%;19,20%;19,20%;19,10%;19,10%;19,10%;19,00%;19,00%;19,00%;19,00%;18,90%;18,90%;18,90%;18,90%;18,80%;18,80%;18,80%;18,80%;18,70%;18,70%;18,70%;18,70%;18,70%;18,60%;18,60%;18,60%;18,50%;18,50%;18,50%;18,40%;18,40%;18,40%;18,30%;18,30%;18,30%;18,20%;18,20%;18,20%;18,20%;18,20%;18,10%;18,10%;18,10%;18,10%;18,10%;18,00%;18,00%;18,00%;18,00%;17,90%;17,90%;17,80%;17,80%;17,80%;17,70%;17,70%;17,60%;17,60%;17,50%;17,50%;17,50%;17,40%;17,40%;17,30%;17,30%;17,30%;17,20%;17,20%;17,10%;17,10%;17,00%;17,00%
520570;CORREGO DO OURO;17,70%;17,70%;17,60%;17,60%;17,50%;17,50%;17,40%;17,40%;17,30%;17,30%;17,20%;17,20%;17,10%;17,10%;17,00%;16,90%;16,90%;16,80%;16,70%;16,70%;16,60%;16,60%;16,50%;16,40%;16,40%;16,30%;16,20%;16,10%;16,00%;15,90%;15,80%;15,70%;15,60%;15,60%;15,50%;15,40%;15,30%;15,20%;15,20%;15,10%;15,10%;15,00%;14,90%;14,90%;14,80%;14,80%;14,70%;14,70%;14,60%;14,50%;14,50%;14,40%;14,40%;14,30%;14,20%;14,20%;14,10%;14,10%;14,00%;13,90%;13,90%;13,20%;13,10%;13,10%;13,00%;13,00%;12,90%;12,90%;12,80%;12,80%;12,70%;12,60%;13,30%;13,20%;13,10%;13,10%;13,00%;13,00%;12,90%;12,90%;12,80%;12,70%;12,70%;12,60%;12,60%;12,50%;12,50%;12,50%;12,50%;12,40%;12,40%;12,40%;12,30%;12,30%;12,30%;12,20%;12,20%;12,20%;12,20%;12,20%;12,20%;12,20%;12,20%;12,20%;12,20%;12,20%;12,20%;12,20%;12,20%;12,20%;12,20%;12,20%;12,20%;12,20%;12,20%;12,20%;12,20%;12,20%;12,20%;12,20%;12,20%;12,20%;12,20%;12,20%;12,20%;12,30%;12,30%;12,30%;12,30%;12,30%;12,30%;12,30%;12,40%;12,40%;12,30%;12,30%;12,30%;12,30%;12,30%;12,30%;12,30%;12,30%;12,30%;12,30%;12,30%;12,30%;12,30%;12,30%;12,30%;12,30%;12,30%;12,40%;12,40%;12,40%;12,40%;12,40%;12,40%;12,40%;12,40%;12,30%;12,30%;12,30%;12,30%;12,30%;12,30%;12,20%;12,20%;12,20%;12,20%;12,20%;12,10%;12,10%;12,10%;12,00%;12,00%;12,00%;11,90%;11,90%;11,90%;11,80%;11,80%;11,80%;11,70%;11,70%;11,60%;11,60%;11,50%;11,50%;11,40%;11,40%;11,40%;11,30%;11,30%;11,20%;11,20%;11,10%;11,10%;11,00%;11,00%;10,90%;10,90%;10,90%;10,80%;10,80%;10,70%
520580;CORUMBA DE GOIAS;20,40%;20,30%;20,30%;20,30%;20,20%;20,20%;20,10%;20,10%;20,10%;20,00%;20,00%;19,90%;19,90%;19,80%;19,80%;19,70%;19,70%;19,70%;19,60%;19,60%;19,50%;19,50%;19,40%;19,40%;19,30%;19,30%;19,20%;19,20%;19,20%;19,10%;19,10%;19,00%;19,00%;18,90%;18,90%;18,80%;18,80%;18,80%;18,70%;18,70%;18,60%;18,60%;18,50%;18,50%;18,40%;18,40%;18,40%;18,30%;18,30%;18,20%;18,20%;18,20%;18,10%;18,10%;18,00%;18,00%;18,00%;17,90%;17,90%;17,90%;17,80%;17,40%;17,40%;17,30%;17,30%;17,30%;17,30%;17,20%;17,20%;17,20%;17,10%;17,10%;17,40%;17,40%;17,40%;17,30%;17,30%;17,30%;17,30%;17,20%;17,20%;17,20%;17,10%;17,10%;17,10%;17,00%;17,00%;17,00%;16,90%;16,90%;16,90%;16,80%;16,80%;16,80%;16,70%;16,70%;16,70%;16,60%;16,60%;16,60%;16,50%;16,50%;16,50%;16,40%;16,40%;16,40%;16,40%;16,30%;16,30%;16,30%;16,20%;16,20%;16,20%;16,10%;16,10%;16,10%;16,00%;16,00%;16,00%;16,00%;15,90%;15,90%;15,90%;15,80%;15,80%;15,80%;15,80%;15,70%;15,70%;15,70%;15,70%;15,60%;15,60%;15,60%;15,50%;15,50%;15,50%;15,50%;15,40%;15,40%;15,40%;15,30%;15,30%;15,30%;15,30%;15,20%;15,20%;15,20%;15,20%;15,10%;15,10%;15,10%;15,10%;15,00%;15,00%;15,00%;15,00%;14,90%;14,90%;14,90%;14,90%;14,80%;14,80%;14,80%;14,70%;14,70%;14,70%;14,70%;14,60%;14,60%;14,60%;14,50%;14,50%;14,50%;14,40%;14,40%;14,40%;14,30%;14,30%;14,30%;14,30%;14,20%;14,20%;14,20%;14,10%;14,10%;14,10%;14,10%;14,00%;14,00%;14,00%;13,90%;13,90%;13,90%;13,90%;13,80%;13,80%;13,80%;13,70%;13,70%;13,70%;13,70%;13,60%;13,60%;13,60%
520590;CORUMBAIBA;17,90%;17,80%;17,80%;17,80%;17,70%;17,70%;17,70%;17,60%;17,60%;17,60%;17,50%;17,50%;17,50%;17,40%;17,40%;17,40%;17,30%;17,30%;17,30%;17,30%;17,20%;17,20%;17,20%;17,10%;17,10%;17,10%;17,00%;17,00%;17,00%;17,00%;16,90%;16,90%;16,90%;16,80%;16,80%;16,80%;16,70%;16,70%;16,70%;16,70%;16,60%;16,60%;16,60%;16,60%;16,60%;16,50%;16,50%;16,50%;16,50%;16,40%;16,40%;16,40%;16,40%;16,40%;16,30%;16,30%;16,30%;16,30%;16,20%;16,20%;16,20%;16,10%;16,10%;16,10%;16,00%;16,00%;16,00%;16,00%;16,00%;16,00%;16,00%;16,00%;16,10%;16,10%;16,10%;16,10%;16,00%;16,00%;16,00%;16,00%;16,00%;16,00%;16,00%;16,00%;15,90%;15,90%;15,90%;15,90%;15,90%;15,90%;15,90%;15,90%;15,90%;15,90%;15,80%;15,80%;15,80%;15,80%;15,80%;15,80%;15,80%;15,80%;15,70%;15,70%;15,70%;15,70%;15,70%;15,70%;15,70%;15,70%;15,60%;15,60%;15,60%;15,60%;15,60%;15,60%;15,60%;15,60%;15,60%;15,60%;15,60%;15,60%;15,50%;15,50%;15,50%;15,50%;15,50%;15,50%;15,50%;15,50%;15,50%;15,50%;15,50%;15,40%;15,40%;15,40%;15,40%;15,40%;15,40%;15,40%;15,40%;15,40%;15,40%;15,30%;15,30%;15,30%;15,30%;15,30%;15,30%;15,30%;15,30%;15,20%;15,20%;15,20%;15,20%;15,20%;15,20%;15,10%;15,10%;15,10%;15,10%;15,10%;15,10%;15,00%;15,00%;15,00%;15,00%;15,00%;14,90%;14,90%;14,90%;14,90%;14,90%;14,90%;14,90%;14,80%;14,80%;14,80%;14,80%;14,80%;14,80%;14,70%;14,70%;14,70%;14,70%;14,60%;14,60%;14,60%;14,60%;14,50%;14,50%;14,50%;14,40%;14,40%;14,40%;14,40%;14,30%;14,30%;14,30%;14,30%;14,20%;14,20%;14,20%;14,20%;14,10%
520620;CRISTALINA;23,60%;23,60%;23,50%;23,50%;23,40%;23,40%;23,30%;23,30%;23,20%;23,20%;23,10%;23,10%;23,00%;23,00%;22,90%;22,90%;22,80%;22,80%;22,80%;22,70%;22,70%;22,60%;22,60%;22,50%;22,50%;22,40%;22,40%;22,40%;22,30%;22,30%;22,20%;22,20%;22,20%;22,10%;22,10%;22,00%;22,00%;22,00%;21,90%;21,90%;21,90%;21,80%;21,80%;21,70%;21,70%;21,70%;21,60%;21,60%;21,60%;21,50%;21,50%;21,50%;21,50%;21,40%;21,40%;21,40%;21,30%;21,30%;21,30%;21,30%;21,20%;20,90%;20,90%;20,90%;20,90%;20,80%;20,80%;20,80%;20,80%;20,80%;20,70%;20,70%;21,00%;20,90%;20,90%;20,90%;20,90%;20,80%;20,80%;20,80%;20,80%;20,80%;20,70%;20,70%;20,70%;20,70%;20,60%;20,60%;20,60%;20,60%;20,60%;20,50%;20,50%;20,50%;20,50%;20,50%;20,40%;20,40%;20,40%;20,40%;20,40%;20,40%;20,30%;20,30%;20,30%;20,30%;20,30%;20,30%;20,20%;20,20%;20,20%;20,20%;20,20%;20,20%;20,20%;20,20%;20,10%;20,10%;20,10%;20,10%;20,10%;20,10%;20,10%;20,10%;20,10%;20,00%;20,00%;20,00%;20,00%;20,00%;20,00%;20,00%;20,00%;19,90%;19,90%;19,90%;19,90%;19,90%;19,90%;19,90%;19,90%;19,90%;19,80%;19,80%;19,80%;19,80%;19,80%;19,80%;19,80%;19,80%;19,80%;19,80%;19,80%;19,80%;19,70%;19,70%;19,70%;19,70%;19,70%;19,70%;19,70%;19,70%;19,70%;19,70%;19,70%;19,70%;19,60%;19,60%;19,60%;19,60%;19,60%;19,60%;19,60%;19,60%;19,60%;19,60%;19,60%;19,50%;19,50%;19,50%;19,50%;19,50%;19,50%;19,50%;19,50%;19,50%;19,50%;19,40%;19,40%;19,40%;19,40%;19,40%;19,40%;19,40%;19,40%;19,40%;19,40%;19,40%;19,30%;19,30%;19,30%;19,30%;19,30%;19,30%;19,30%
520630;CRISTIANOPOLIS;17,30%;17,30%;17,20%;17,20%;17,20%;17,10%;17,10%;17,10%;17,10%;17,00%;17,00%;17,00%;16,90%;16,90%;16,90%;16,90%;16,90%;16,90%;16,80%;16,80%;16,80%;16,80%;16,80%;16,80%;16,70%;16,70%;16,70%;16,70%;16,60%;16,60%;16,60%;16,60%;16,50%;16,50%;16,50%;16,40%;16,40%;16,40%;16,40%;16,30%;16,30%;16,30%;16,30%;16,20%;16,20%;16,20%;16,20%;16,20%;16,10%;16,10%;16,10%;16,00%;16,00%;16,00%;16,00%;15,90%;15,90%;15,90%;15,90%;15,80%;15,80%;15,60%;15,50%;15,50%;15,50%;15,50%;15,40%;15,40%;15,40%;15,40%;15,30%;15,30%;15,60%;15,60%;15,50%;15,50%;15,50%;15,50%;15,40%;15,40%;15,40%;15,30%;15,30%;15,30%;15,30%;15,20%;15,20%;15,20%;15,20%;15,10%;15,10%;15,10%;15,00%;15,00%;15,00%;15,00%;14,90%;14,90%;14,90%;14,90%;14,90%;14,90%;14,80%;14,80%;14,80%;14,80%;14,80%;14,80%;14,70%;14,70%;14,70%;14,70%;14,60%;14,60%;14,60%;14,50%;14,50%;14,50%;14,50%;14,40%;14,40%;14,40%;14,40%;14,30%;14,30%;14,30%;14,20%;14,20%;14,20%;14,20%;14,10%;14,10%;14,10%;14,00%;14,00%;14,00%;14,00%;13,90%;13,90%;13,90%;13,90%;13,80%;13,80%;13,80%;13,70%;13,70%;13,70%;13,70%;13,70%;13,70%;13,70%;13,60%;13,60%;13,60%;13,60%;13,60%;13,60%;13,60%;13,60%;13,50%;13,50%;13,50%;13,50%;13,50%;13,50%;13,40%;13,40%;13,40%;13,40%;13,40%;13,40%;13,40%;13,40%;13,30%;13,30%;13,30%;13,30%;13,30%;13,30%;13,30%;13,30%;13,30%;13,30%;13,20%;13,20%;13,20%;13,20%;13,20%;13,20%;13,20%;13,20%;13,20%;13,20%;13,20%;13,10%;13,10%;13,10%;13,10%;13,10%;13,10%;13,10%;13,10%;13,10%;13,10%;13,00%
520640;CRIXAS;18,90%;18,90%;18,80%;18,80%;18,80%;18,70%;18,70%;18,60%;18,60%;18,50%;18,50%;18,50%;18,40%;18,40%;18,30%;18,30%;18,20%;18,20%;18,10%;18,10%;18,10%;18,00%;18,00%;17,90%;17,90%;17,80%;17,80%;17,80%;17,70%;17,70%;17,70%;17,60%;17,60%;17,50%;17,50%;17,50%;17,40%;17,40%;17,40%;17,30%;17,30%;17,30%;17,20%;17,20%;17,20%;17,10%;17,10%;17,10%;17,00%;17,00%;17,00%;17,00%;16,90%;16,90%;16,90%;16,90%;16,90%;16,80%;16,80%;16,80%;16,80%;16,50%;16,50%;16,50%;16,50%;16,50%;16,40%;16,40%;16,40%;16,40%;16,40%;16,40%;16,50%;16,50%;16,50%;16,50%;16,50%;16,50%;16,40%;16,40%;16,40%;16,40%;16,40%;16,40%;16,30%;16,30%;16,30%;16,30%;16,30%;16,30%;16,30%;16,20%;16,20%;16,20%;16,20%;16,20%;16,20%;16,20%;16,20%;16,20%;16,20%;16,10%;16,10%;16,10%;16,10%;16,10%;16,10%;16,10%;16,10%;16,10%;16,10%;16,10%;16,10%;16,10%;16,10%;16,10%;16,10%;16,10%;16,10%;16,10%;16,10%;16,10%;16,10%;16,10%;16,10%;16,10%;16,10%;16,10%;16,10%;16,10%;16,10%;16,10%;16,10%;16,10%;16,10%;16,10%;16,10%;16,10%;16,10%;16,10%;16,10%;16,10%;16,10%;16,00%;16,00%;16,00%;16,00%;16,00%;16,00%;16,00%;16,00%;16,00%;16,00%;16,00%;16,00%;16,00%;16,00%;16,00%;15,90%;15,90%;15,90%;15,90%;15,90%;15,90%;15,90%;15,80%;15,80%;15,80%;15,80%;15,80%;15,70%;15,70%;15,70%;15,70%;15,70%;15,70%;15,60%;15,60%;15,60%;15,60%;15,60%;15,50%;15,50%;15,50%;15,50%;15,50%;15,40%;15,40%;15,40%;15,40%;15,30%;15,30%;15,30%;15,30%;15,30%;15,20%;15,20%;15,20%;15,20%;15,10%;15,10%;15,10%;15,10%;15,10%;15,00%
520650;CROMINIA;16,80%;16,70%;16,70%;16,70%;16,70%;16,60%;16,60%;16,60%;16,50%;16,50%;16,50%;16,50%;16,40%;16,40%;16,40%;16,30%;16,30%;16,30%;16,20%;16,20%;16,20%;16,20%;16,10%;16,10%;16,10%;16,00%;16,00%;15,90%;15,90%;15,80%;15,80%;15,70%;15,70%;15,70%;15,60%;15,60%;15,50%;15,50%;15,50%;15,40%;15,40%;15,40%;15,30%;15,30%;15,30%;15,20%;15,20%;15,20%;15,10%;15,10%;15,10%;15,10%;15,00%;15,00%;15,00%;15,00%;14,90%;14,90%;14,90%;14,90%;14,80%;14,70%;14,60%;14,60%;14,60%;14,60%;14,50%;14,50%;14,50%;14,50%;14,50%;14,40%;14,70%;14,60%;14,60%;14,60%;14,60%;14,60%;14,50%;14,50%;14,50%;14,50%;14,40%;14,40%;14,40%;14,40%;14,40%;14,30%;14,30%;14,30%;14,30%;14,30%;14,20%;14,20%;14,20%;14,20%;14,20%;14,20%;14,20%;14,10%;14,10%;14,10%;14,10%;14,10%;14,10%;14,10%;14,10%;14,10%;14,10%;14,10%;14,10%;14,10%;14,10%;14,10%;14,00%;14,00%;14,00%;14,00%;14,00%;14,00%;14,00%;14,00%;14,00%;14,00%;14,00%;14,00%;14,00%;14,00%;14,00%;13,90%;13,90%;13,90%;13,90%;13,90%;13,90%;13,90%;13,90%;13,90%;13,90%;13,90%;13,80%;13,80%;13,80%;13,80%;13,80%;13,80%;13,80%;13,80%;13,80%;13,80%;13,70%;13,70%;13,70%;13,70%;13,70%;13,70%;13,70%;13,60%;13,60%;13,60%;13,60%;13,50%;13,50%;13,50%;13,40%;13,40%;13,40%;13,30%;13,30%;13,30%;13,30%;13,20%;13,20%;13,20%;13,20%;13,20%;13,10%;13,10%;13,10%;13,10%;13,10%;13,00%;13,00%;12,90%;12,90%;12,90%;12,80%;12,80%;12,80%;12,70%;12,70%;12,70%;12,60%;12,60%;12,60%;12,50%;12,50%;12,50%;12,40%;12,40%;12,30%;12,30%;12,30%;12,20%;12,20%
520660;CUMARI;16,20%;16,10%;16,10%;16,10%;16,00%;16,00%;16,00%;15,90%;15,90%;15,90%;15,80%;15,80%;15,70%;15,70%;15,70%;15,60%;15,60%;15,50%;15,50%;15,40%;15,40%;15,40%;15,30%;15,30%;15,20%;15,20%;15,20%;15,10%;15,10%;15,00%;15,00%;15,00%;14,90%;14,90%;14,90%;14,80%;14,80%;14,80%;14,70%;14,70%;14,70%;14,60%;14,60%;14,60%;14,60%;14,50%;14,50%;14,50%;14,40%;14,40%;14,40%;14,40%;14,40%;14,30%;14,30%;14,30%;14,30%;14,20%;14,20%;14,20%;14,20%;14,10%;14,10%;14,10%;14,10%;14,10%;14,00%;14,00%;14,00%;14,00%;14,00%;14,00%;14,10%;14,10%;14,10%;14,10%;14,10%;14,00%;14,00%;14,00%;14,00%;14,00%;14,00%;13,90%;13,90%;13,90%;13,90%;13,90%;13,90%;13,90%;13,90%;13,90%;13,90%;13,80%;13,80%;13,80%;13,80%;13,80%;13,80%;13,80%;13,80%;13,80%;13,80%;13,80%;13,70%;13,70%;13,70%;13,70%;13,70%;13,70%;13,70%;13,70%;13,80%;13,80%;13,80%;13,80%;13,80%;13,80%;13,80%;13,80%;13,90%;13,90%;13,90%;13,80%;13,80%;13,80%;13,80%;13,80%;13,80%;13,80%;13,80%;13,80%;13,80%;13,80%;13,80%;13,80%;13,80%;13,80%;13,80%;13,90%;13,90%;13,90%;13,90%;13,90%;13,90%;13,90%;13,90%;13,90%;13,90%;13,90%;13,90%;13,80%;13,80%;13,80%;13,80%;13,80%;13,80%;13,80%;13,80%;13,70%;13,70%;13,70%;13,60%;13,60%;13,60%;13,50%;13,50%;13,50%;13,40%;13,40%;13,40%;13,40%;13,30%;13,30%;13,30%;13,30%;13,30%;13,20%;13,20%;13,20%;13,20%;13,10%;13,10%;13,00%;13,00%;12,90%;12,90%;12,80%;12,80%;12,70%;12,70%;12,60%;12,60%;12,50%;12,50%;12,40%;12,40%;12,30%;12,30%;12,20%;12,20%;12,10%;12,10%;12,00%;12,00%
520670;DAMIANOPOLIS;19,50%;19,50%;19,50%;19,40%;19,40%;19,40%;19,30%;19,30%;19,20%;19,20%;19,20%;19,10%;19,10%;19,10%;19,00%;19,00%;18,90%;18,90%;18,90%;18,80%;18,80%;18,70%;18,70%;18,60%;18,60%;18,60%;18,60%;18,50%;18,50%;18,50%;18,50%;18,40%;18,40%;18,40%;18,40%;18,30%;18,30%;18,30%;18,20%;18,20%;18,20%;18,10%;18,10%;18,10%;18,00%;18,00%;18,00%;17,90%;17,90%;17,90%;17,90%;17,80%;17,80%;17,80%;17,80%;17,70%;17,70%;17,70%;17,70%;17,60%;17,60%;17,40%;17,40%;17,40%;17,40%;17,40%;17,30%;17,30%;17,30%;17,30%;17,30%;17,20%;17,50%;17,40%;17,40%;17,40%;17,40%;17,30%;17,30%;17,30%;17,30%;17,30%;17,20%;17,20%;17,20%;17,20%;17,20%;17,10%;17,10%;17,10%;17,10%;17,10%;17,00%;17,00%;17,00%;17,00%;17,00%;17,00%;16,90%;16,90%;16,90%;16,90%;16,90%;16,80%;16,80%;16,80%;16,80%;16,80%;16,80%;16,70%;16,70%;16,70%;16,70%;16,70%;16,70%;16,70%;16,60%;16,60%;16,60%;16,60%;16,60%;16,60%;16,50%;16,50%;16,50%;16,50%;16,50%;16,50%;16,50%;16,50%;16,40%;16,40%;16,40%;16,40%;16,40%;16,40%;16,30%;16,30%;16,30%;16,30%;16,30%;16,20%;16,20%;16,20%;16,20%;16,20%;16,10%;16,10%;16,10%;16,10%;16,10%;16,10%;16,10%;16,10%;16,10%;16,10%;16,00%;16,00%;16,00%;16,00%;16,00%;15,90%;15,90%;15,90%;15,90%;15,80%;15,80%;15,80%;15,80%;15,80%;15,70%;15,70%;15,70%;15,70%;15,60%;15,60%;15,60%;15,50%;15,50%;15,50%;15,50%;15,40%;15,40%;15,40%;15,30%;15,30%;15,30%;15,20%;15,20%;15,10%;15,10%;15,10%;15,00%;15,00%;15,00%;14,90%;14,90%;14,90%;14,80%;14,80%;14,70%;14,70%;14,70%;14,60%;14,60%
520680;DAMOLANDIA;16,30%;16,20%;16,20%;16,10%;16,10%;16,10%;16,00%;16,00%;16,00%;15,90%;15,90%;15,90%;15,80%;15,80%;15,80%;15,70%;15,70%;15,70%;15,60%;15,60%;15,60%;15,60%;15,50%;15,50%;15,50%;15,40%;15,40%;15,30%;15,30%;15,20%;15,20%;15,10%;15,10%;15,00%;14,90%;14,90%;14,80%;14,80%;14,70%;14,70%;14,60%;14,60%;14,60%;14,50%;14,50%;14,40%;14,40%;14,30%;14,30%;14,20%;14,20%;14,20%;14,10%;14,10%;14,00%;14,00%;14,00%;13,90%;13,90%;13,90%;13,80%;13,60%;13,60%;13,50%;13,50%;13,50%;13,40%;13,40%;13,40%;13,30%;13,30%;13,20%;13,60%;13,60%;13,60%;13,50%;13,50%;13,40%;13,40%;13,40%;13,30%;13,30%;13,30%;13,20%;13,20%;13,20%;13,10%;13,10%;13,10%;13,10%;13,00%;13,00%;13,00%;13,00%;12,90%;12,90%;12,90%;12,90%;12,90%;12,80%;12,80%;12,80%;12,80%;12,80%;12,70%;12,70%;12,70%;12,70%;12,70%;12,70%;12,60%;12,60%;12,60%;12,60%;12,60%;12,50%;12,50%;12,50%;12,50%;12,50%;12,40%;12,40%;12,40%;12,40%;12,40%;12,40%;12,40%;12,40%;12,30%;12,30%;12,30%;12,30%;12,30%;12,30%;12,30%;12,20%;12,20%;12,20%;12,20%;12,20%;12,20%;12,10%;12,10%;12,10%;12,10%;12,10%;12,10%;12,00%;12,00%;12,00%;12,00%;12,00%;12,00%;12,00%;11,90%;11,90%;11,90%;11,90%;11,90%;11,80%;11,80%;11,80%;11,70%;11,70%;11,70%;11,70%;11,60%;11,60%;11,60%;11,60%;11,50%;11,50%;11,50%;11,50%;11,40%;11,40%;11,40%;11,40%;11,30%;11,30%;11,30%;11,30%;11,20%;11,20%;11,20%;11,10%;11,10%;11,10%;11,10%;11,00%;11,00%;11,00%;10,90%;10,90%;10,90%;10,80%;10,80%;10,80%;10,80%;10,70%;10,70%;10,70%;10,60%;10,60%;10,60%
520690;DAVINOPOLIS;16,90%;16,90%;16,90%;16,90%;16,90%;16,80%;16,80%;16,80%;16,80%;16,80%;16,70%;16,70%;16,70%;16,70%;16,60%;16,60%;16,50%;16,50%;16,50%;16,40%;16,40%;16,40%;16,30%;16,30%;16,30%;16,20%;16,20%;16,20%;16,10%;16,10%;16,10%;16,10%;16,00%;16,00%;16,00%;15,90%;15,90%;15,90%;15,90%;15,80%;15,80%;15,80%;15,80%;15,70%;15,70%;15,70%;15,70%;15,70%;15,60%;15,60%;15,60%;15,60%;15,60%;15,60%;15,50%;15,50%;15,50%;15,50%;15,50%;15,50%;15,50%;15,30%;15,30%;15,20%;15,20%;15,20%;15,10%;15,10%;15,10%;15,10%;15,00%;15,00%;15,30%;15,30%;15,20%;15,20%;15,20%;15,20%;15,10%;15,10%;15,10%;15,00%;15,00%;15,00%;15,00%;14,90%;14,90%;14,90%;14,90%;14,90%;14,90%;14,90%;14,80%;14,80%;14,80%;14,80%;14,80%;14,80%;14,80%;14,70%;14,70%;14,70%;14,70%;14,70%;14,70%;14,70%;14,70%;14,60%;14,60%;14,60%;14,60%;14,60%;14,60%;14,60%;14,50%;14,50%;14,50%;14,50%;14,50%;14,50%;14,50%;14,40%;14,40%;14,40%;14,40%;14,30%;14,30%;14,30%;14,30%;14,30%;14,20%;14,20%;14,20%;14,10%;14,10%;14,10%;14,00%;14,00%;14,00%;13,90%;13,90%;13,90%;13,80%;13,80%;13,80%;13,70%;13,70%;13,70%;13,70%;13,70%;13,60%;13,60%;13,60%;13,60%;13,60%;13,50%;13,50%;13,50%;13,50%;13,40%;13,40%;13,40%;13,30%;13,30%;13,30%;13,30%;13,20%;13,20%;13,20%;13,10%;13,10%;13,10%;13,00%;13,00%;12,90%;12,90%;12,90%;12,80%;12,80%;12,80%;12,70%;12,70%;12,60%;12,60%;12,60%;12,50%;12,50%;12,40%;12,40%;12,40%;12,30%;12,30%;12,20%;12,20%;12,10%;12,10%;12,10%;12,00%;12,00%;11,90%;11,90%;11,80%;11,80%;11,80%;11,70%
520710;DIORAMA;16,00%;16,00%;15,90%;15,90%;15,90%;15,80%;15,80%;15,80%;15,70%;15,70%;15,70%;15,60%;15,60%;15,60%;15,60%;15,50%;15,50%;15,50%;15,40%;15,40%;15,40%;15,30%;15,30%;15,30%;15,20%;15,20%;15,10%;15,10%;15,00%;15,00%;14,90%;14,90%;14,80%;14,80%;14,70%;14,70%;14,60%;14,60%;14,60%;14,50%;14,50%;14,40%;14,40%;14,30%;14,30%;14,20%;14,20%;14,10%;14,10%;14,10%;14,00%;14,00%;14,00%;14,00%;13,90%;13,90%;13,90%;13,90%;13,80%;13,80%;13,80%;13,30%;13,30%;13,30%;13,20%;13,20%;13,20%;13,10%;13,10%;13,10%;13,00%;13,00%;13,40%;13,30%;13,30%;13,30%;13,20%;13,20%;13,20%;13,10%;13,10%;13,10%;13,10%;13,00%;13,00%;13,00%;13,00%;12,90%;12,90%;12,90%;12,90%;12,90%;12,90%;12,90%;12,90%;12,80%;12,80%;12,80%;12,80%;12,80%;12,80%;12,80%;12,80%;12,80%;12,80%;12,80%;12,80%;12,70%;12,70%;12,80%;12,80%;12,80%;12,80%;12,80%;12,80%;12,90%;12,90%;12,90%;12,90%;12,90%;12,90%;12,90%;13,00%;13,00%;13,00%;13,00%;13,00%;13,00%;13,00%;13,00%;13,00%;13,00%;13,00%;13,00%;13,00%;13,00%;13,10%;13,10%;13,10%;13,10%;13,10%;13,20%;13,20%;13,20%;13,20%;13,20%;13,20%;13,10%;13,10%;13,10%;13,10%;13,10%;13,10%;13,00%;13,00%;13,00%;13,00%;13,00%;13,00%;13,00%;13,00%;13,00%;13,00%;13,00%;13,00%;13,00%;13,00%;12,90%;12,90%;12,90%;12,90%;12,80%;12,80%;12,80%;12,70%;12,70%;12,70%;12,60%;12,60%;12,50%;12,50%;12,50%;12,40%;12,40%;12,30%;12,30%;12,30%;12,20%;12,20%;12,10%;12,10%;12,00%;12,00%;12,00%;11,90%;11,90%;11,80%;11,80%;11,70%;11,70%;11,70%;11,60%;11,60%;11,50%;11,50%
520725;DOVERLANDIA;18,40%;18,30%;18,30%;18,20%;18,20%;18,10%;18,00%;18,00%;17,90%;17,90%;17,80%;17,70%;17,70%;17,60%;17,60%;17,50%;17,50%;17,40%;17,30%;17,30%;17,20%;17,20%;17,10%;17,10%;17,00%;16,90%;16,90%;16,80%;16,80%;16,70%;16,70%;16,60%;16,50%;16,50%;16,40%;16,40%;16,30%;16,30%;16,20%;16,20%;16,10%;16,10%;16,00%;16,00%;15,90%;15,90%;15,80%;15,80%;15,80%;15,70%;15,70%;15,60%;15,60%;15,60%;15,50%;15,50%;15,50%;15,40%;15,40%;15,40%;15,30%;14,90%;14,90%;14,90%;14,90%;14,80%;14,80%;14,80%;14,80%;14,70%;14,70%;14,70%;15,00%;14,90%;14,90%;14,90%;14,90%;14,80%;14,80%;14,80%;14,80%;14,70%;14,70%;14,70%;14,60%;14,60%;14,60%;14,60%;14,60%;14,60%;14,50%;14,50%;14,50%;14,50%;14,50%;14,50%;14,40%;14,40%;14,40%;14,40%;14,40%;14,40%;14,40%;14,40%;14,40%;14,40%;14,40%;14,40%;14,40%;14,40%;14,40%;14,40%;14,40%;14,40%;14,50%;14,50%;14,50%;14,50%;14,50%;14,50%;14,50%;14,50%;14,50%;14,50%;14,50%;14,60%;14,60%;14,60%;14,60%;14,60%;14,60%;14,60%;14,60%;14,60%;14,70%;14,70%;14,70%;14,70%;14,70%;14,70%;14,70%;14,70%;14,70%;14,70%;14,80%;14,80%;14,80%;14,80%;14,80%;14,80%;14,80%;14,80%;14,80%;14,80%;14,80%;14,80%;14,80%;14,80%;14,80%;14,80%;14,70%;14,70%;14,70%;14,70%;14,70%;14,60%;14,60%;14,60%;14,60%;14,60%;14,50%;14,50%;14,50%;14,50%;14,40%;14,40%;14,40%;14,40%;14,30%;14,30%;14,30%;14,30%;14,20%;14,20%;14,20%;14,20%;14,10%;14,10%;14,10%;14,00%;14,00%;14,00%;14,00%;13,90%;13,90%;13,90%;13,90%;13,80%;13,80%;13,80%;13,80%;13,70%;13,70%;13,70%;13,60%
520735;EDEALINA;17,70%;17,70%;17,60%;17,60%;17,50%;17,50%;17,40%;17,40%;17,30%;17,30%;17,20%;17,20%;17,10%;17,00%;17,00%;16,90%;16,80%;16,80%;16,70%;16,70%;16,60%;16,50%;16,50%;16,40%;16,30%;16,30%;16,20%;16,20%;16,10%;16,10%;16,00%;15,90%;15,90%;15,80%;15,80%;15,70%;15,70%;15,60%;15,60%;15,50%;15,50%;15,50%;15,40%;15,40%;15,40%;15,30%;15,30%;15,20%;15,20%;15,20%;15,10%;15,10%;15,10%;15,00%;15,00%;15,00%;14,90%;14,90%;14,90%;14,80%;14,80%;14,50%;14,50%;14,50%;14,40%;14,40%;14,40%;14,40%;14,30%;14,30%;14,30%;14,30%;14,50%;14,50%;14,50%;14,50%;14,40%;14,40%;14,40%;14,40%;14,30%;14,30%;14,30%;14,30%;14,20%;14,20%;14,20%;14,10%;14,10%;14,10%;14,10%;14,00%;14,00%;14,00%;13,90%;13,90%;13,90%;13,90%;13,90%;13,90%;13,90%;13,90%;13,90%;13,90%;13,80%;13,80%;13,80%;13,80%;13,80%;13,80%;13,80%;13,80%;13,80%;13,80%;13,80%;13,80%;13,80%;13,80%;13,80%;13,80%;13,80%;13,80%;13,80%;13,80%;13,80%;13,80%;13,80%;13,80%;13,80%;13,80%;13,80%;13,80%;13,80%;13,80%;13,80%;13,80%;13,80%;13,80%;13,80%;13,80%;13,80%;13,80%;13,80%;13,80%;13,80%;13,80%;13,80%;13,80%;13,80%;13,80%;13,90%;13,90%;13,90%;13,90%;13,90%;13,90%;13,90%;13,80%;13,80%;13,80%;13,80%;13,80%;13,80%;13,80%;13,70%;13,70%;13,70%;13,70%;13,70%;13,70%;13,70%;13,70%;13,70%;13,70%;13,60%;13,60%;13,60%;13,60%;13,60%;13,60%;13,60%;13,60%;13,60%;13,50%;13,50%;13,50%;13,50%;13,50%;13,40%;13,40%;13,40%;13,40%;13,40%;13,30%;13,30%;13,30%;13,30%;13,20%;13,20%;13,20%;13,20%;13,20%;13,10%;13,10%;13,10%
520740;EDEIA;18,40%;18,30%;18,30%;18,20%;18,20%;18,10%;18,10%;18,00%;18,00%;17,90%;17,90%;17,80%;17,80%;17,70%;17,70%;17,60%;17,60%;17,50%;17,50%;17,40%;17,40%;17,30%;17,30%;17,20%;17,20%;17,10%;17,10%;17,10%;17,00%;17,00%;16,90%;16,90%;16,80%;16,80%;16,70%;16,70%;16,60%;16,60%;16,60%;16,50%;16,50%;16,50%;16,40%;16,40%;16,30%;16,30%;16,30%;16,20%;16,20%;16,20%;16,10%;16,10%;16,10%;16,10%;16,00%;16,00%;16,00%;16,00%;15,90%;15,90%;15,90%;15,60%;15,60%;15,60%;15,60%;15,50%;15,50%;15,50%;15,50%;15,50%;15,40%;15,40%;15,70%;15,60%;15,60%;15,60%;15,60%;15,50%;15,50%;15,50%;15,50%;15,50%;15,40%;15,40%;15,40%;15,40%;15,40%;15,40%;15,30%;15,30%;15,30%;15,30%;15,30%;15,30%;15,30%;15,30%;15,20%;15,20%;15,20%;15,30%;15,30%;15,30%;15,30%;15,30%;15,30%;15,30%;15,30%;15,30%;15,30%;15,30%;15,30%;15,30%;15,30%;15,30%;15,30%;15,30%;15,30%;15,40%;15,40%;15,40%;15,40%;15,40%;15,40%;15,40%;15,40%;15,40%;15,40%;15,50%;15,50%;15,50%;15,50%;15,50%;15,50%;15,50%;15,50%;15,50%;15,50%;15,60%;15,60%;15,60%;15,60%;15,60%;15,60%;15,60%;15,60%;15,60%;15,60%;15,60%;15,60%;15,60%;15,70%;15,70%;15,70%;15,70%;15,70%;15,70%;15,70%;15,70%;15,70%;15,70%;15,70%;15,70%;15,60%;15,60%;15,60%;15,60%;15,60%;15,60%;15,60%;15,60%;15,60%;15,60%;15,50%;15,50%;15,50%;15,50%;15,50%;15,50%;15,40%;15,40%;15,40%;15,40%;15,40%;15,40%;15,30%;15,30%;15,30%;15,30%;15,20%;15,20%;15,20%;15,20%;15,10%;15,10%;15,10%;15,10%;15,10%;15,00%;15,00%;15,00%;15,00%;14,90%;14,90%;14,90%;14,90%
520750;ESTRELA DO NORTE;17,40%;17,30%;17,20%;17,20%;17,10%;17,10%;17,00%;17,00%;16,90%;16,80%;16,80%;16,70%;16,70%;16,60%;16,60%;16,60%;16,50%;16,50%;16,50%;16,40%;16,40%;16,30%;16,30%;16,30%;16,20%;16,20%;16,20%;16,10%;16,10%;16,10%;16,00%;16,00%;16,00%;15,90%;15,90%;15,90%;15,80%;15,80%;15,80%;15,80%;15,70%;15,70%;15,70%;15,60%;15,60%;15,60%;15,60%;15,50%;15,50%;15,50%;15,50%;15,50%;15,40%;15,40%;15,40%;15,40%;15,40%;15,40%;15,30%;15,30%;15,30%;15,00%;15,00%;15,00%;15,00%;15,00%;15,00%;14,90%;14,90%;14,90%;14,90%;14,90%;15,00%;15,00%;15,00%;15,00%;15,00%;15,00%;15,00%;15,00%;14,90%;14,90%;14,90%;14,90%;14,90%;14,90%;14,90%;14,90%;14,90%;14,90%;14,80%;14,80%;14,80%;14,80%;14,80%;14,80%;14,80%;14,80%;14,80%;14,80%;14,80%;14,80%;14,80%;14,80%;14,80%;14,80%;14,80%;14,80%;14,80%;14,80%;14,80%;14,80%;14,80%;14,80%;14,80%;14,80%;14,80%;14,90%;14,90%;14,90%;14,90%;14,90%;14,90%;14,90%;14,90%;14,90%;14,90%;14,90%;14,90%;14,90%;15,00%;15,00%;15,00%;15,00%;15,00%;15,00%;15,00%;15,00%;15,00%;15,00%;15,10%;15,10%;15,10%;15,10%;15,10%;15,10%;15,10%;15,10%;15,10%;15,10%;15,10%;15,10%;15,10%;15,10%;15,10%;15,10%;15,10%;15,00%;15,00%;15,00%;15,00%;15,00%;15,00%;15,00%;15,00%;14,90%;14,90%;14,90%;14,90%;14,90%;14,90%;14,80%;14,80%;14,80%;14,80%;14,70%;14,70%;14,70%;14,70%;14,60%;14,60%;14,60%;14,60%;14,50%;14,50%;14,50%;14,50%;14,40%;14,40%;14,40%;14,40%;14,30%;14,30%;14,30%;14,30%;14,20%;14,20%;14,20%;14,20%;14,10%;14,10%;14,10%;14,10%;14,00%;14,00%
520753;FAINA;18,20%;18,10%;18,10%;18,00%;17,90%;17,90%;17,80%;17,80%;17,70%;17,60%;17,60%;17,50%;17,40%;17,40%;17,30%;17,30%;17,20%;17,10%;17,10%;17,00%;17,00%;16,90%;16,80%;16,80%;16,70%;16,60%;16,60%;16,50%;16,40%;16,40%;16,30%;16,30%;16,20%;16,10%;16,10%;16,00%;15,90%;15,90%;15,80%;15,80%;15,70%;15,70%;15,60%;15,60%;15,50%;15,50%;15,40%;15,40%;15,30%;15,30%;15,30%;15,20%;15,20%;15,10%;15,10%;15,00%;15,00%;15,00%;14,90%;14,90%;14,80%;14,40%;14,40%;14,40%;14,40%;14,30%;14,30%;14,30%;14,20%;14,20%;14,20%;14,10%;14,50%;14,40%;14,40%;14,40%;14,40%;14,30%;14,30%;14,30%;14,20%;14,20%;14,20%;14,10%;14,10%;14,10%;14,00%;14,00%;14,00%;14,00%;13,90%;13,90%;13,90%;13,90%;13,80%;13,80%;13,80%;13,80%;13,80%;13,80%;13,70%;13,70%;13,70%;13,70%;13,70%;13,70%;13,70%;13,70%;13,60%;13,60%;13,60%;13,60%;13,60%;13,60%;13,60%;13,60%;13,60%;13,60%;13,60%;13,60%;13,50%;13,50%;13,50%;13,50%;13,50%;13,50%;13,50%;13,50%;13,50%;13,50%;13,50%;13,50%;13,50%;13,50%;13,50%;13,50%;13,50%;13,50%;13,50%;13,50%;13,40%;13,40%;13,40%;13,40%;13,40%;13,40%;13,40%;13,40%;13,40%;13,40%;13,40%;13,40%;13,40%;13,30%;13,30%;13,30%;13,30%;13,30%;13,30%;13,20%;13,20%;13,20%;13,20%;13,10%;13,10%;13,10%;13,00%;13,00%;13,00%;13,00%;12,90%;12,90%;12,90%;12,80%;12,80%;12,80%;12,80%;12,70%;12,70%;12,70%;12,60%;12,60%;12,60%;12,50%;12,50%;12,40%;12,40%;12,40%;12,30%;12,30%;12,20%;12,20%;12,20%;12,10%;12,10%;12,10%;12,00%;12,00%;11,90%;11,90%;11,90%;11,80%;11,80%;11,70%;11,70%
520760;FAZENDA NOVA;16,10%;16,10%;16,00%;16,00%;15,90%;15,90%;15,80%;15,80%;15,70%;15,70%;15,60%;15,60%;15,50%;15,50%;15,40%;15,40%;15,30%;15,30%;15,20%;15,20%;15,10%;15,10%;15,00%;15,00%;14,90%;14,90%;14,80%;14,80%;14,80%;14,70%;14,70%;14,60%;14,60%;14,50%;14,50%;14,50%;14,40%;14,40%;14,30%;14,30%;14,30%;14,20%;14,20%;14,10%;14,10%;14,10%;14,00%;14,00%;14,00%;13,90%;13,90%;13,90%;13,80%;13,80%;13,80%;13,70%;13,70%;13,70%;13,70%;13,60%;13,60%;13,30%;13,30%;13,30%;13,20%;13,20%;13,20%;13,20%;13,10%;13,10%;13,10%;13,10%;13,30%;13,30%;13,30%;13,30%;13,20%;13,20%;13,20%;13,20%;13,10%;13,10%;13,10%;13,10%;13,00%;13,00%;13,00%;13,00%;13,00%;13,00%;12,90%;12,90%;12,90%;12,90%;12,90%;12,80%;12,80%;12,80%;12,80%;12,80%;12,80%;12,80%;12,70%;12,70%;12,70%;12,70%;12,70%;12,70%;12,70%;12,70%;12,70%;12,70%;12,60%;12,60%;12,60%;12,60%;12,60%;12,60%;12,60%;12,60%;12,60%;12,60%;12,60%;12,60%;12,60%;12,60%;12,60%;12,60%;12,60%;12,60%;12,60%;12,60%;12,60%;12,60%;12,60%;12,60%;12,60%;12,60%;12,60%;12,50%;12,50%;12,50%;12,50%;12,50%;12,50%;12,50%;12,50%;12,50%;12,50%;12,50%;12,40%;12,40%;12,40%;12,40%;12,40%;12,40%;12,40%;12,30%;12,30%;12,30%;12,30%;12,20%;12,20%;12,20%;12,10%;12,10%;12,10%;12,10%;12,00%;12,00%;12,00%;11,90%;11,90%;11,90%;11,90%;11,80%;11,80%;11,80%;11,70%;11,70%;11,70%;11,60%;11,60%;11,60%;11,50%;11,50%;11,50%;11,40%;11,40%;11,40%;11,30%;11,30%;11,30%;11,20%;11,20%;11,20%;11,10%;11,10%;11,10%;11,00%;11,00%;11,00%;10,90%;10,90%;10,90%
520780;FIRMINOPOLIS;15,10%;15,00%;15,00%;14,90%;14,90%;14,90%;14,80%;14,80%;14,70%;14,70%;14,70%;14,60%;14,60%;14,50%;14,50%;14,50%;14,40%;14,40%;14,30%;14,30%;14,30%;14,20%;14,20%;14,10%;14,10%;14,10%;14,00%;14,00%;14,00%;13,90%;13,90%;13,90%;13,80%;13,80%;13,70%;13,70%;13,70%;13,60%;13,60%;13,60%;13,60%;13,50%;13,50%;13,50%;13,40%;13,40%;13,40%;13,40%;13,30%;13,30%;13,30%;13,30%;13,20%;13,20%;13,20%;13,20%;13,20%;13,10%;13,10%;13,10%;13,10%;12,90%;12,90%;12,90%;12,90%;12,90%;12,90%;12,80%;12,80%;12,80%;12,80%;12,80%;12,90%;12,90%;12,90%;12,90%;12,90%;12,90%;12,90%;12,80%;12,80%;12,80%;12,80%;12,80%;12,80%;12,80%;12,80%;12,80%;12,80%;12,70%;12,70%;12,70%;12,70%;12,70%;12,70%;12,70%;12,70%;12,70%;12,70%;12,70%;12,70%;12,70%;12,70%;12,80%;12,80%;12,80%;12,80%;12,80%;12,80%;12,80%;12,80%;12,80%;12,90%;12,90%;12,90%;12,90%;12,90%;13,00%;13,00%;13,00%;13,00%;13,00%;13,00%;13,10%;13,10%;13,10%;13,10%;13,10%;13,20%;13,20%;13,20%;13,20%;13,20%;13,30%;13,30%;13,30%;13,30%;13,30%;13,30%;13,40%;13,40%;13,40%;13,40%;13,40%;13,50%;13,50%;13,50%;13,50%;13,50%;13,50%;13,50%;13,50%;13,60%;13,60%;13,60%;13,60%;13,60%;13,60%;13,60%;13,60%;13,60%;13,60%;13,60%;13,60%;13,60%;13,60%;13,60%;13,60%;13,50%;13,50%;13,50%;13,50%;13,50%;13,50%;13,40%;13,40%;13,40%;13,40%;13,40%;13,30%;13,30%;13,30%;13,30%;13,30%;13,20%;13,20%;13,20%;13,20%;13,10%;13,10%;13,10%;13,10%;13,10%;13,00%;13,00%;13,00%;13,00%;13,00%;12,90%;12,90%;12,90%;12,90%;12,80%;12,80%;12,80%
520790;FLORES DE GOIAS;23,30%;23,30%;23,20%;23,10%;23,00%;22,90%;22,90%;22,80%;22,70%;22,60%;22,60%;22,50%;22,40%;22,30%;22,30%;22,20%;22,10%;22,10%;22,00%;21,90%;21,90%;21,80%;21,70%;21,70%;21,60%;21,60%;21,50%;21,40%;21,40%;21,30%;21,30%;21,20%;21,10%;21,10%;21,00%;21,00%;20,90%;20,80%;20,80%;20,70%;20,70%;20,60%;20,60%;20,50%;20,50%;20,40%;20,40%;20,30%;20,30%;20,20%;20,20%;20,10%;20,10%;20,00%;20,00%;20,00%;19,90%;19,90%;19,80%;19,80%;19,70%;19,20%;19,20%;19,20%;19,10%;19,10%;19,10%;19,00%;19,00%;18,90%;18,90%;18,90%;19,30%;19,20%;19,20%;19,20%;19,10%;19,10%;19,10%;19,00%;19,00%;18,90%;18,90%;18,90%;18,80%;18,80%;18,80%;18,70%;18,70%;18,60%;18,60%;18,60%;18,50%;18,50%;18,50%;18,40%;18,40%;18,40%;18,30%;18,30%;18,30%;18,20%;18,20%;18,20%;18,20%;18,10%;18,10%;18,10%;18,10%;18,00%;18,00%;18,00%;18,00%;17,90%;17,90%;17,90%;17,90%;17,90%;17,80%;17,80%;17,80%;17,80%;17,80%;17,70%;17,70%;17,70%;17,70%;17,70%;17,60%;17,60%;17,60%;17,60%;17,60%;17,60%;17,50%;17,50%;17,50%;17,50%;17,50%;17,50%;17,50%;17,40%;17,40%;17,40%;17,40%;17,40%;17,40%;17,40%;17,30%;17,30%;17,30%;17,30%;17,30%;17,30%;17,30%;17,30%;17,20%;17,20%;17,20%;17,20%;17,20%;17,20%;17,20%;17,20%;17,10%;17,10%;17,10%;17,10%;17,10%;17,10%;17,10%;17,00%;17,00%;17,00%;17,00%;17,00%;17,00%;16,90%;16,90%;16,90%;16,90%;16,90%;16,90%;16,80%;16,80%;16,80%;16,80%;16,80%;16,80%;16,80%;16,80%;16,70%;16,70%;16,70%;16,70%;16,70%;16,70%;16,70%;16,70%;16,60%;16,60%;16,60%;16,60%;16,60%;16,60%
520800;FORMOSA;22,10%;22,10%;22,00%;22,00%;21,90%;21,90%;21,80%;21,70%;21,70%;21,60%;21,60%;21,50%;21,50%;21,40%;21,40%;21,30%;21,30%;21,20%;21,20%;21,20%;21,10%;21,10%;21,00%;21,00%;20,90%;20,90%;20,80%;20,80%;20,70%;20,70%;20,60%;20,60%;20,50%;20,50%;20,50%;20,40%;20,40%;20,30%;20,30%;20,20%;20,20%;20,20%;20,10%;20,10%;20,00%;20,00%;20,00%;19,90%;19,90%;19,80%;19,80%;19,80%;19,70%;19,70%;19,70%;19,60%;19,60%;19,60%;19,50%;19,50%;19,50%;19,10%;19,10%;19,10%;19,00%;19,00%;19,00%;19,00%;18,90%;18,90%;18,90%;18,80%;19,10%;19,10%;19,10%;19,10%;19,00%;19,00%;19,00%;19,00%;18,90%;18,90%;18,90%;18,80%;18,80%;18,80%;18,80%;18,70%;18,70%;18,70%;18,70%;18,60%;18,60%;18,60%;18,60%;18,50%;18,50%;18,50%;18,50%;18,40%;18,40%;18,40%;18,40%;18,30%;18,30%;18,30%;18,30%;18,30%;18,20%;18,20%;18,20%;18,20%;18,20%;18,10%;18,10%;18,10%;18,10%;18,10%;18,10%;18,00%;18,00%;18,00%;18,00%;18,00%;17,90%;17,90%;17,90%;17,90%;17,90%;17,80%;17,80%;17,80%;17,80%;17,80%;17,80%;17,70%;17,70%;17,70%;17,70%;17,70%;17,70%;17,60%;17,60%;17,60%;17,60%;17,60%;17,60%;17,50%;17,50%;17,50%;17,50%;17,50%;17,50%;17,40%;17,40%;17,40%;17,40%;17,40%;17,40%;17,30%;17,30%;17,30%;17,30%;17,30%;17,20%;17,20%;17,20%;17,20%;17,20%;17,20%;17,10%;17,10%;17,10%;17,10%;17,00%;17,00%;17,00%;17,00%;17,00%;16,90%;16,90%;16,90%;16,90%;16,80%;16,80%;16,80%;16,80%;16,80%;16,70%;16,70%;16,70%;16,70%;16,60%;16,60%;16,60%;16,60%;16,60%;16,50%;16,50%;16,50%;16,50%;16,40%;16,40%;16,40%;16,40%
520810;FORMOSO;18,30%;18,20%;18,20%;18,10%;18,10%;18,00%;18,00%;17,90%;17,90%;17,80%;17,80%;17,70%;17,70%;17,60%;17,60%;17,50%;17,50%;17,40%;17,40%;17,30%;17,30%;17,20%;17,20%;17,10%;17,10%;17,00%;17,00%;16,90%;16,80%;16,80%;16,70%;16,60%;16,60%;16,50%;16,50%;16,40%;16,30%;16,30%;16,20%;16,20%;16,10%;16,10%;16,00%;16,00%;15,90%;15,90%;15,80%;15,70%;15,70%;15,70%;15,60%;15,60%;15,60%;15,50%;15,50%;15,50%;15,40%;15,40%;15,40%;15,30%;15,30%;14,90%;14,80%;14,80%;14,80%;14,70%;14,70%;14,70%;14,60%;14,60%;14,60%;14,50%;14,90%;14,90%;14,80%;14,80%;14,80%;14,70%;14,70%;14,70%;14,60%;14,60%;14,60%;14,50%;14,50%;14,50%;14,40%;14,40%;14,40%;14,40%;14,30%;14,30%;14,30%;14,30%;14,20%;14,20%;14,20%;14,20%;14,20%;14,20%;14,20%;14,10%;14,10%;14,10%;14,10%;14,10%;14,10%;14,10%;14,10%;14,10%;14,10%;14,10%;14,10%;14,10%;14,10%;14,10%;14,10%;14,10%;14,10%;14,10%;14,10%;14,10%;14,10%;14,10%;14,10%;14,10%;14,10%;14,10%;14,20%;14,20%;14,20%;14,20%;14,20%;14,20%;14,20%;14,20%;14,20%;14,20%;14,20%;14,20%;14,20%;14,20%;14,20%;14,20%;14,20%;14,20%;14,20%;14,20%;14,20%;14,20%;14,20%;14,20%;14,20%;14,20%;14,20%;14,20%;14,20%;14,20%;14,10%;14,10%;14,10%;14,10%;14,10%;14,00%;14,00%;14,00%;14,00%;14,00%;14,00%;13,90%;13,90%;13,90%;13,90%;13,80%;13,80%;13,80%;13,80%;13,70%;13,70%;13,70%;13,70%;13,70%;13,60%;13,60%;13,60%;13,60%;13,50%;13,50%;13,50%;13,50%;13,50%;13,40%;13,40%;13,40%;13,40%;13,30%;13,30%;13,30%;13,30%;13,30%;13,20%;13,20%;13,20%;13,20%;13,10%
520815;GAMELEIRA DE GOIAS;21,40%;21,30%;21,30%;21,30%;21,30%;21,20%;21,20%;21,20%;21,10%;21,10%;21,10%;21,10%;21,00%;21,00%;21,00%;20,90%;20,90%;20,80%;20,80%;20,80%;20,70%;20,70%;20,60%;20,60%;20,60%;20,50%;20,40%;20,40%;20,30%;20,20%;20,20%;20,10%;20,00%;20,00%;19,90%;19,90%;19,80%;19,70%;19,70%;19,60%;19,60%;19,50%;19,50%;19,40%;19,40%;19,30%;19,30%;19,20%;19,20%;19,10%;19,10%;19,00%;19,00%;18,90%;18,90%;18,80%;18,80%;18,70%;18,70%;18,60%;18,60%;18,00%;18,00%;17,90%;17,90%;17,80%;17,80%;17,80%;17,70%;17,70%;17,60%;17,60%;18,00%;18,00%;18,00%;17,90%;17,90%;17,80%;17,80%;17,80%;17,70%;17,70%;17,60%;17,60%;17,60%;17,50%;17,50%;17,40%;17,40%;17,30%;17,30%;17,30%;17,20%;17,20%;17,10%;17,10%;17,10%;17,00%;17,00%;17,00%;17,00%;16,90%;16,90%;16,90%;16,80%;16,80%;16,80%;16,80%;16,70%;16,70%;16,70%;16,60%;16,60%;16,60%;16,50%;16,50%;16,50%;16,40%;16,40%;16,40%;16,30%;16,30%;16,30%;16,20%;16,20%;16,20%;16,20%;16,10%;16,10%;16,10%;16,00%;16,00%;16,00%;15,90%;15,90%;15,90%;15,90%;15,90%;15,80%;15,80%;15,80%;15,80%;15,70%;15,70%;15,70%;15,70%;15,60%;15,60%;15,60%;15,60%;15,50%;15,50%;15,50%;15,50%;15,40%;15,40%;15,40%;15,40%;15,30%;15,30%;15,30%;15,30%;15,20%;15,20%;15,20%;15,20%;15,10%;15,10%;15,10%;15,10%;15,00%;15,00%;15,00%;15,00%;14,90%;14,90%;14,90%;14,90%;14,80%;14,80%;14,80%;14,80%;14,70%;14,70%;14,60%;14,60%;14,60%;14,50%;14,50%;14,50%;14,40%;14,40%;14,30%;14,30%;14,30%;14,20%;14,20%;14,20%;14,10%;14,10%;14,00%;14,00%;14,00%;13,90%;13,90%
520830;DIVINOPOLIS DE GOIAS;22,10%;22,00%;22,00%;21,90%;21,90%;21,90%;21,80%;21,80%;21,80%;21,70%;21,70%;21,70%;21,60%;21,60%;21,50%;21,50%;21,40%;21,30%;21,30%;21,20%;21,20%;21,10%;21,10%;21,00%;21,00%;20,90%;20,90%;20,80%;20,80%;20,70%;20,60%;20,60%;20,50%;20,50%;20,40%;20,40%;20,30%;20,30%;20,20%;20,20%;20,10%;20,00%;20,00%;19,90%;19,90%;19,80%;19,80%;19,70%;19,70%;19,60%;19,60%;19,50%;19,50%;19,40%;19,40%;19,30%;19,30%;19,20%;19,20%;19,10%;19,10%;18,40%;18,40%;18,30%;18,30%;18,30%;18,20%;18,20%;18,20%;18,10%;18,10%;18,00%;18,50%;18,40%;18,40%;18,40%;18,30%;18,30%;18,20%;18,20%;18,20%;18,10%;18,10%;18,00%;18,00%;18,00%;17,90%;17,90%;17,80%;17,80%;17,80%;17,70%;17,70%;17,60%;17,60%;17,50%;17,50%;17,50%;17,40%;17,40%;17,30%;17,30%;17,30%;17,20%;17,20%;17,20%;17,10%;17,10%;17,00%;17,00%;17,00%;16,90%;16,90%;16,90%;16,80%;16,80%;16,80%;16,70%;16,70%;16,70%;16,70%;16,60%;16,60%;16,60%;16,50%;16,50%;16,50%;16,50%;16,40%;16,40%;16,40%;16,30%;16,30%;16,30%;16,30%;16,20%;16,20%;16,10%;16,10%;16,10%;16,00%;16,00%;16,00%;15,90%;15,90%;15,90%;15,90%;15,80%;15,80%;15,80%;15,70%;15,70%;15,70%;15,60%;15,60%;15,60%;15,50%;15,50%;15,50%;15,40%;15,40%;15,40%;15,30%;15,30%;15,30%;15,20%;15,20%;15,20%;15,10%;15,10%;15,00%;15,00%;15,00%;14,90%;14,90%;14,90%;14,80%;14,80%;14,70%;14,70%;14,70%;14,60%;14,60%;14,60%;14,50%;14,50%;14,50%;14,50%;14,40%;14,40%;14,40%;14,30%;14,30%;14,30%;14,20%;14,20%;14,20%;14,20%;14,10%;14,10%;14,10%;14,00%;14,00%;14,00%;13,90%
520840;GOIANAPOLIS;21,00%;20,90%;20,90%;20,80%;20,80%;20,70%;20,70%;20,60%;20,60%;20,50%;20,50%;20,40%;20,40%;20,30%;20,30%;20,20%;20,20%;20,20%;20,10%;20,10%;20,00%;20,00%;19,90%;19,90%;19,80%;19,80%;19,80%;19,70%;19,70%;19,60%;19,60%;19,60%;19,50%;19,50%;19,40%;19,40%;19,40%;19,30%;19,30%;19,30%;19,20%;19,20%;19,20%;19,10%;19,10%;19,10%;19,00%;19,00%;19,00%;18,90%;18,90%;18,90%;18,90%;18,80%;18,80%;18,80%;18,80%;18,70%;18,70%;18,70%;18,70%;18,40%;18,40%;18,40%;18,30%;18,30%;18,30%;18,30%;18,20%;18,20%;18,20%;18,20%;18,40%;18,40%;18,40%;18,40%;18,30%;18,30%;18,30%;18,30%;18,20%;18,20%;18,20%;18,20%;18,20%;18,10%;18,10%;18,10%;18,10%;18,10%;18,00%;18,00%;18,00%;18,00%;18,00%;17,90%;17,90%;17,90%;17,90%;17,90%;17,90%;17,90%;17,80%;17,80%;17,80%;17,80%;17,80%;17,80%;17,70%;17,70%;17,70%;17,70%;17,70%;17,70%;17,70%;17,70%;17,70%;17,60%;17,60%;17,60%;17,60%;17,60%;17,60%;17,60%;17,60%;17,60%;17,50%;17,50%;17,50%;17,50%;17,50%;17,50%;17,50%;17,50%;17,40%;17,40%;17,40%;17,40%;17,40%;17,40%;17,40%;17,40%;17,40%;17,30%;17,30%;17,30%;17,30%;17,30%;17,30%;17,30%;17,20%;17,20%;17,20%;17,20%;17,20%;17,20%;17,20%;17,10%;17,10%;17,10%;17,10%;17,10%;17,10%;17,00%;17,00%;17,00%;17,00%;17,00%;17,00%;17,00%;16,90%;16,90%;16,90%;16,90%;16,90%;16,90%;16,80%;16,80%;16,80%;16,80%;16,80%;16,80%;16,70%;16,70%;16,70%;16,70%;16,70%;16,60%;16,60%;16,60%;16,60%;16,60%;16,50%;16,50%;16,50%;16,50%;16,50%;16,40%;16,40%;16,40%;16,40%;16,40%;16,30%;16,30%;16,30%
520850;GOIANDIRA;16,70%;16,70%;16,60%;16,60%;16,60%;16,60%;16,50%;16,50%;16,50%;16,40%;16,40%;16,40%;16,40%;16,30%;16,30%;16,20%;16,20%;16,20%;16,10%;16,10%;16,00%;16,00%;16,00%;15,90%;15,90%;15,80%;15,80%;15,70%;15,70%;15,70%;15,60%;15,60%;15,50%;15,50%;15,40%;15,40%;15,30%;15,30%;15,30%;15,20%;15,20%;15,10%;15,10%;15,10%;15,00%;15,00%;15,00%;14,90%;14,90%;14,80%;14,80%;14,80%;14,70%;14,70%;14,70%;14,70%;14,60%;14,60%;14,60%;14,50%;14,50%;14,10%;14,10%;14,10%;14,00%;14,00%;14,00%;14,00%;13,90%;13,90%;13,90%;13,80%;14,20%;14,10%;14,10%;14,10%;14,00%;14,00%;14,00%;14,00%;13,90%;13,90%;13,90%;13,80%;13,80%;13,80%;13,80%;13,70%;13,70%;13,70%;13,70%;13,60%;13,60%;13,60%;13,60%;13,50%;13,50%;13,50%;13,50%;13,50%;13,40%;13,40%;13,40%;13,40%;13,40%;13,30%;13,30%;13,30%;13,30%;13,30%;13,20%;13,20%;13,20%;13,20%;13,20%;13,20%;13,10%;13,10%;13,10%;13,10%;13,10%;13,00%;13,00%;13,00%;13,00%;13,00%;13,00%;12,90%;12,90%;12,90%;12,90%;12,90%;12,80%;12,80%;12,80%;12,80%;12,80%;12,70%;12,70%;12,70%;12,70%;12,70%;12,70%;12,60%;12,60%;12,60%;12,60%;12,60%;12,60%;12,50%;12,50%;12,50%;12,50%;12,50%;12,50%;12,40%;12,40%;12,40%;12,40%;12,30%;12,30%;12,30%;12,20%;12,20%;12,20%;12,20%;12,10%;12,10%;12,10%;12,00%;12,00%;12,00%;11,90%;11,90%;11,90%;11,80%;11,80%;11,80%;11,80%;11,70%;11,70%;11,70%;11,60%;11,60%;11,50%;11,50%;11,50%;11,40%;11,40%;11,30%;11,30%;11,30%;11,20%;11,20%;11,10%;11,10%;11,10%;11,00%;11,00%;11,00%;10,90%;10,90%;10,80%;10,80%;10,80%
520860;GOIANESIA;19,20%;19,20%;19,10%;19,10%;19,10%;19,00%;19,00%;19,00%;18,90%;18,90%;18,90%;18,80%;18,80%;18,80%;18,70%;18,70%;18,70%;18,70%;18,60%;18,60%;18,60%;18,50%;18,50%;18,50%;18,50%;18,40%;18,40%;18,40%;18,30%;18,30%;18,30%;18,30%;18,20%;18,20%;18,20%;18,20%;18,10%;18,10%;18,10%;18,00%;18,00%;18,00%;18,00%;17,90%;17,90%;17,90%;17,90%;17,80%;17,80%;17,80%;17,80%;17,70%;17,70%;17,70%;17,70%;17,70%;17,60%;17,60%;17,60%;17,60%;17,60%;17,30%;17,30%;17,30%;17,30%;17,30%;17,20%;17,20%;17,20%;17,20%;17,20%;17,20%;17,30%;17,30%;17,30%;17,30%;17,30%;17,30%;17,20%;17,20%;17,20%;17,20%;17,20%;17,20%;17,10%;17,10%;17,10%;17,10%;17,10%;17,00%;17,00%;17,00%;17,00%;17,00%;16,90%;16,90%;16,90%;16,90%;16,90%;16,90%;16,80%;16,80%;16,80%;16,80%;16,80%;16,70%;16,70%;16,70%;16,70%;16,70%;16,70%;16,70%;16,60%;16,60%;16,60%;16,60%;16,60%;16,60%;16,60%;16,50%;16,50%;16,50%;16,50%;16,50%;16,50%;16,50%;16,40%;16,40%;16,40%;16,40%;16,40%;16,40%;16,40%;16,30%;16,30%;16,30%;16,30%;16,30%;16,30%;16,30%;16,20%;16,20%;16,20%;16,20%;16,20%;16,20%;16,20%;16,20%;16,10%;16,10%;16,10%;16,10%;16,10%;16,10%;16,10%;16,10%;16,10%;16,00%;16,00%;16,00%;16,00%;16,00%;16,00%;16,00%;16,00%;16,00%;15,90%;15,90%;15,90%;15,90%;15,90%;15,90%;15,90%;15,90%;15,90%;15,80%;15,80%;15,80%;15,80%;15,80%;15,80%;15,80%;15,80%;15,70%;15,70%;15,70%;15,70%;15,70%;15,70%;15,70%;15,60%;15,60%;15,60%;15,60%;15,60%;15,60%;15,60%;15,50%;15,50%;15,50%;15,50%;15,50%;15,50%;15,50%;15,40%
520870;GOIANIA;17,00%;17,00%;16,90%;16,90%;16,90%;16,80%;16,80%;16,80%;16,70%;16,70%;16,70%;16,70%;16,60%;16,60%;16,60%;16,50%;16,50%;16,50%;16,50%;16,40%;16,40%;16,40%;16,40%;16,30%;16,30%;16,30%;16,30%;16,20%;16,20%;16,20%;16,20%;16,10%;16,10%;16,10%;16,10%;16,00%;16,00%;16,00%;16,00%;15,90%;15,90%;15,90%;15,90%;15,80%;15,80%;15,80%;15,80%;15,70%;15,70%;15,70%;15,70%;15,70%;15,60%;15,60%;15,60%;15,60%;15,60%;15,60%;15,50%;15,50%;15,50%;15,30%;15,30%;15,30%;15,30%;15,30%;15,30%;15,30%;15,20%;15,20%;15,20%;15,20%;15,30%;15,30%;15,30%;15,30%;15,30%;15,30%;15,30%;15,30%;15,20%;15,20%;15,20%;15,20%;15,20%;15,20%;15,20%;15,10%;15,10%;15,10%;15,10%;15,10%;15,10%;15,10%;15,10%;15,00%;15,00%;15,00%;15,00%;15,00%;15,00%;15,00%;15,00%;15,00%;14,90%;14,90%;14,90%;14,90%;14,90%;14,90%;14,90%;14,90%;14,90%;14,90%;14,90%;14,90%;14,90%;14,80%;14,80%;14,80%;14,80%;14,80%;14,80%;14,80%;14,80%;14,80%;14,80%;14,80%;14,80%;14,80%;14,80%;14,70%;14,70%;14,70%;14,70%;14,70%;14,70%;14,70%;14,70%;14,70%;14,70%;14,70%;14,70%;14,70%;14,60%;14,60%;14,60%;14,60%;14,60%;14,60%;14,60%;14,60%;14,60%;14,60%;14,60%;14,50%;14,50%;14,50%;14,50%;14,50%;14,50%;14,50%;14,50%;14,50%;14,40%;14,40%;14,40%;14,40%;14,40%;14,40%;14,30%;14,30%;14,30%;14,30%;14,30%;14,20%;14,20%;14,20%;14,20%;14,20%;14,10%;14,10%;14,10%;14,10%;14,10%;14,00%;14,00%;14,00%;14,00%;13,90%;13,90%;13,90%;13,90%;13,90%;13,80%;13,80%;13,80%;13,80%;13,80%;13,70%;13,70%;13,70%;13,70%;13,60%;13,60%
520880;GOIANIRA;21,90%;21,90%;21,80%;21,80%;21,70%;21,70%;21,70%;21,60%;21,60%;21,50%;21,50%;21,50%;21,40%;21,40%;21,40%;21,30%;21,30%;21,30%;21,20%;21,20%;21,20%;21,20%;21,10%;21,10%;21,10%;21,10%;21,00%;21,00%;21,00%;21,00%;21,00%;20,90%;20,90%;20,90%;20,90%;20,90%;20,80%;20,80%;20,80%;20,80%;20,80%;20,80%;20,80%;20,70%;20,70%;20,70%;20,70%;20,70%;20,70%;20,70%;20,70%;20,70%;20,70%;20,70%;20,60%;20,60%;20,60%;20,60%;20,60%;20,60%;20,60%;20,60%;20,60%;20,60%;20,60%;20,60%;20,60%;20,60%;20,60%;20,60%;20,60%;20,60%;20,60%;20,60%;20,60%;20,60%;20,60%;20,60%;20,60%;20,60%;20,60%;20,60%;20,60%;20,60%;20,60%;20,60%;20,60%;20,60%;20,60%;20,60%;20,60%;20,60%;20,60%;20,60%;20,50%;20,50%;20,50%;20,50%;20,50%;20,50%;20,50%;20,50%;20,50%;20,40%;20,40%;20,40%;20,40%;20,40%;20,40%;20,40%;20,30%;20,30%;20,30%;20,30%;20,30%;20,30%;20,20%;20,20%;20,20%;20,20%;20,20%;20,20%;20,10%;20,10%;20,10%;20,10%;20,10%;20,00%;20,00%;20,00%;20,00%;20,00%;19,90%;19,90%;19,90%;19,90%;19,80%;19,80%;19,80%;19,80%;19,80%;19,70%;19,70%;19,70%;19,70%;19,70%;19,60%;19,60%;19,60%;19,60%;19,60%;19,50%;19,50%;19,50%;19,50%;19,50%;19,50%;19,40%;19,40%;19,40%;19,40%;19,30%;19,30%;19,30%;19,30%;19,30%;19,20%;19,20%;19,20%;19,20%;19,20%;19,10%;19,10%;19,10%;19,10%;19,10%;19,10%;19,10%;19,00%;19,00%;19,00%;19,00%;19,00%;18,90%;18,90%;18,90%;18,90%;18,90%;18,90%;18,80%;18,80%;18,80%;18,80%;18,80%;18,70%;18,70%;18,70%;18,70%;18,70%;18,70%;18,60%;18,60%;18,60%;18,60%;18,60%
520890;GOIAS;17,30%;17,20%;17,20%;17,10%;17,10%;17,00%;17,00%;16,90%;16,90%;16,80%;16,80%;16,80%;16,70%;16,70%;16,60%;16,60%;16,50%;16,50%;16,40%;16,40%;16,30%;16,30%;16,20%;16,20%;16,10%;16,10%;16,00%;16,00%;15,90%;15,90%;15,80%;15,80%;15,70%;15,70%;15,60%;15,60%;15,50%;15,50%;15,40%;15,40%;15,30%;15,30%;15,20%;15,20%;15,20%;15,10%;15,10%;15,00%;15,00%;14,90%;14,90%;14,90%;14,80%;14,80%;14,80%;14,70%;14,70%;14,60%;14,60%;14,60%;14,50%;14,10%;14,10%;14,10%;14,10%;14,00%;14,00%;14,00%;13,90%;13,90%;13,90%;13,80%;14,20%;14,10%;14,10%;14,10%;14,10%;14,00%;14,00%;14,00%;13,90%;13,90%;13,90%;13,80%;13,80%;13,80%;13,80%;13,70%;13,70%;13,70%;13,70%;13,60%;13,60%;13,60%;13,60%;13,50%;13,50%;13,50%;13,50%;13,50%;13,40%;13,40%;13,40%;13,40%;13,40%;13,30%;13,30%;13,30%;13,30%;13,30%;13,20%;13,20%;13,20%;13,20%;13,20%;13,20%;13,20%;13,10%;13,10%;13,10%;13,10%;13,10%;13,10%;13,10%;13,10%;13,00%;13,00%;13,00%;13,00%;13,00%;13,00%;13,00%;13,00%;13,00%;12,90%;12,90%;12,90%;12,90%;12,90%;12,90%;12,90%;12,90%;12,80%;12,80%;12,80%;12,80%;12,80%;12,80%;12,80%;12,70%;12,70%;12,70%;12,70%;12,70%;12,70%;12,60%;12,60%;12,60%;12,60%;12,60%;12,50%;12,50%;12,50%;12,50%;12,40%;12,40%;12,40%;12,40%;12,30%;12,30%;12,30%;12,20%;12,20%;12,20%;12,10%;12,10%;12,10%;12,10%;12,00%;12,00%;12,00%;11,90%;11,90%;11,90%;11,80%;11,80%;11,80%;11,70%;11,70%;11,70%;11,60%;11,60%;11,60%;11,50%;11,50%;11,50%;11,40%;11,40%;11,40%;11,30%;11,30%;11,30%;11,20%;11,20%;11,20%
520910;GOIATUBA;18,10%;18,10%;18,10%;18,00%;18,00%;18,00%;18,00%;17,90%;17,90%;17,90%;17,80%;17,80%;17,80%;17,80%;17,70%;17,70%;17,70%;17,60%;17,60%;17,60%;17,60%;17,50%;17,50%;17,50%;17,40%;17,40%;17,40%;17,30%;17,30%;17,30%;17,20%;17,20%;17,20%;17,10%;17,10%;17,10%;17,00%;17,00%;17,00%;16,90%;16,90%;16,90%;16,80%;16,80%;16,80%;16,80%;16,70%;16,70%;16,70%;16,60%;16,60%;16,60%;16,50%;16,50%;16,50%;16,50%;16,40%;16,40%;16,40%;16,40%;16,30%;16,00%;16,00%;16,00%;16,00%;16,00%;15,90%;15,90%;15,90%;15,90%;15,80%;15,80%;16,10%;16,00%;16,00%;16,00%;16,00%;16,00%;15,90%;15,90%;15,90%;15,90%;15,80%;15,80%;15,80%;15,80%;15,80%;15,70%;15,70%;15,70%;15,70%;15,60%;15,60%;15,60%;15,60%;15,50%;15,50%;15,50%;15,50%;15,50%;15,40%;15,40%;15,40%;15,40%;15,40%;15,30%;15,30%;15,30%;15,30%;15,20%;15,20%;15,20%;15,20%;15,20%;15,20%;15,10%;15,10%;15,10%;15,10%;15,10%;15,10%;15,00%;15,00%;15,00%;15,00%;15,00%;14,90%;14,90%;14,90%;14,90%;14,90%;14,90%;14,80%;14,80%;14,80%;14,80%;14,80%;14,80%;14,70%;14,70%;14,70%;14,70%;14,70%;14,70%;14,60%;14,60%;14,60%;14,60%;14,60%;14,60%;14,50%;14,50%;14,50%;14,50%;14,50%;14,50%;14,50%;14,40%;14,40%;14,40%;14,40%;14,40%;14,30%;14,30%;14,30%;14,30%;14,30%;14,20%;14,20%;14,20%;14,20%;14,20%;14,10%;14,10%;14,10%;14,10%;14,10%;14,10%;14,00%;14,00%;14,00%;14,00%;14,00%;13,90%;13,90%;13,90%;13,90%;13,80%;13,80%;13,80%;13,80%;13,70%;13,70%;13,70%;13,70%;13,70%;13,60%;13,60%;13,60%;13,60%;13,60%;13,50%;13,50%;13,50%;13,50%
520915;GOUVELANDIA;19,20%;19,20%;19,20%;19,20%;19,20%;19,20%;19,20%;19,20%;19,20%;19,20%;19,20%;19,20%;19,20%;19,10%;19,10%;19,10%;19,10%;19,00%;19,00%;19,00%;19,00%;18,90%;18,90%;18,90%;18,90%;18,80%;18,80%;18,80%;18,80%;18,70%;18,70%;18,70%;18,70%;18,60%;18,60%;18,60%;18,60%;18,50%;18,50%;18,50%;18,40%;18,40%;18,40%;18,30%;18,30%;18,30%;18,20%;18,20%;18,20%;18,20%;18,10%;18,10%;18,10%;18,10%;18,10%;18,00%;18,00%;18,00%;18,00%;18,00%;17,90%;17,70%;17,70%;17,70%;17,70%;17,70%;17,60%;17,60%;17,60%;17,60%;17,60%;17,50%;17,70%;17,70%;17,70%;17,70%;17,70%;17,70%;17,60%;17,60%;17,60%;17,60%;17,60%;17,50%;17,50%;17,50%;17,50%;17,50%;17,40%;17,40%;17,40%;17,40%;17,40%;17,30%;17,30%;17,30%;17,30%;17,30%;17,30%;17,20%;17,20%;17,20%;17,20%;17,20%;17,20%;17,20%;17,20%;17,20%;17,10%;17,10%;17,10%;17,10%;17,10%;17,10%;17,00%;17,00%;17,00%;17,00%;17,00%;16,90%;16,90%;16,90%;16,90%;16,90%;16,90%;16,90%;16,80%;16,80%;16,80%;16,80%;16,80%;16,80%;16,80%;16,70%;16,70%;16,70%;16,70%;16,70%;16,70%;16,60%;16,60%;16,60%;16,60%;16,60%;16,60%;16,60%;16,50%;16,50%;16,50%;16,50%;16,50%;16,50%;16,50%;16,40%;16,40%;16,40%;16,40%;16,40%;16,30%;16,30%;16,20%;16,20%;16,10%;16,10%;16,10%;16,00%;16,00%;15,90%;15,90%;15,80%;15,80%;15,80%;15,70%;15,70%;15,70%;15,60%;15,60%;15,50%;15,50%;15,50%;15,40%;15,40%;15,30%;15,30%;15,30%;15,20%;15,20%;15,10%;15,10%;15,00%;15,00%;15,00%;14,90%;14,90%;14,80%;14,80%;14,70%;14,70%;14,60%;14,60%;14,60%;14,50%;14,50%;14,40%;14,40%
520920;GUAPO;19,60%;19,60%;19,50%;19,50%;19,40%;19,40%;19,30%;19,30%;19,20%;19,20%;19,10%;19,10%;19,00%;19,00%;18,90%;18,90%;18,80%;18,80%;18,70%;18,70%;18,70%;18,60%;18,60%;18,50%;18,50%;18,40%;18,40%;18,40%;18,30%;18,30%;18,30%;18,30%;18,20%;18,20%;18,20%;18,10%;18,10%;18,10%;18,10%;18,00%;18,00%;18,00%;18,00%;17,90%;17,90%;17,90%;17,90%;17,80%;17,80%;17,80%;17,80%;17,80%;17,80%;17,80%;17,70%;17,70%;17,70%;17,70%;17,70%;17,70%;17,70%;17,60%;17,60%;17,60%;17,60%;17,60%;17,60%;17,60%;17,60%;17,60%;17,50%;17,50%;17,60%;17,60%;17,60%;17,60%;17,60%;17,60%;17,60%;17,60%;17,60%;17,60%;17,50%;17,50%;17,50%;17,50%;17,50%;17,50%;17,50%;17,50%;17,50%;17,50%;17,50%;17,50%;17,50%;17,50%;17,50%;17,50%;17,50%;17,50%;17,50%;17,50%;17,50%;17,50%;17,50%;17,50%;17,50%;17,50%;17,50%;17,50%;17,50%;17,50%;17,50%;17,50%;17,50%;17,50%;17,50%;17,50%;17,50%;17,50%;17,50%;17,50%;17,50%;17,50%;17,50%;17,50%;17,50%;17,50%;17,50%;17,50%;17,50%;17,50%;17,50%;17,50%;17,50%;17,50%;17,50%;17,50%;17,50%;17,50%;17,50%;17,50%;17,50%;17,50%;17,50%;17,50%;17,50%;17,50%;17,50%;17,50%;17,50%;17,50%;17,50%;17,50%;17,50%;17,50%;17,50%;17,50%;17,50%;17,40%;17,40%;17,40%;17,40%;17,40%;17,40%;17,40%;17,40%;17,30%;17,30%;17,30%;17,30%;17,30%;17,30%;17,30%;17,30%;17,20%;17,20%;17,20%;17,20%;17,20%;17,20%;17,20%;17,10%;17,10%;17,10%;17,10%;17,10%;17,00%;17,00%;17,00%;17,00%;17,00%;16,90%;16,90%;16,90%;16,90%;16,90%;16,80%;16,80%;16,80%;16,80%;16,80%;16,70%;16,70%;16,70%
520929;GUARAITA;15,60%;15,50%;15,50%;15,50%;15,40%;15,40%;15,30%;15,30%;15,20%;15,20%;15,20%;15,10%;15,10%;15,00%;15,00%;14,90%;14,90%;14,90%;14,80%;14,80%;14,70%;14,70%;14,60%;14,60%;14,50%;14,50%;14,40%;14,40%;14,30%;14,30%;14,20%;14,20%;14,10%;14,10%;14,00%;14,00%;13,90%;13,90%;13,80%;13,80%;13,70%;13,60%;13,60%;13,50%;13,50%;13,40%;13,30%;13,30%;13,20%;13,20%;13,20%;13,10%;13,10%;13,10%;13,00%;13,00%;13,00%;12,90%;12,90%;12,90%;12,80%;12,30%;12,30%;12,30%;12,30%;12,20%;12,20%;12,20%;12,10%;12,10%;12,10%;12,00%;12,40%;12,40%;12,30%;12,30%;12,30%;12,20%;12,20%;12,20%;12,10%;12,10%;12,10%;12,10%;12,00%;12,00%;12,00%;11,90%;11,90%;11,90%;11,80%;11,80%;11,80%;11,70%;11,70%;11,70%;11,70%;11,60%;11,60%;11,60%;11,60%;11,60%;11,60%;11,60%;11,60%;11,60%;11,60%;11,60%;11,60%;11,60%;11,60%;11,60%;11,50%;11,50%;11,50%;11,50%;11,50%;11,50%;11,50%;11,50%;11,50%;11,50%;11,50%;11,50%;11,50%;11,50%;11,50%;11,50%;11,50%;11,50%;11,50%;11,50%;11,50%;11,50%;11,50%;11,50%;11,50%;11,50%;11,50%;11,40%;11,40%;11,40%;11,40%;11,40%;11,40%;11,40%;11,40%;11,40%;11,40%;11,40%;11,40%;11,40%;11,40%;11,40%;11,40%;11,40%;11,40%;11,30%;11,30%;11,30%;11,30%;11,20%;11,20%;11,20%;11,10%;11,10%;11,10%;11,00%;11,00%;11,00%;10,90%;10,90%;10,80%;10,80%;10,70%;10,70%;10,70%;10,60%;10,60%;10,50%;10,50%;10,40%;10,40%;10,40%;10,30%;10,30%;10,20%;10,20%;10,20%;10,10%;10,10%;10,00%;10,00%;10,00%;9,90%;9,90%;9,80%;9,80%;9,80%;9,70%;9,70%;9,60%;9,60%;9,60%;9,50%
520940;GUARANI DE GOIAS;20,90%;20,80%;20,80%;20,70%;20,70%;20,60%;20,60%;20,60%;20,50%;20,50%;20,40%;20,40%;20,30%;20,30%;20,30%;20,20%;20,20%;20,10%;20,10%;20,00%;20,00%;19,90%;19,90%;19,90%;19,80%;19,80%;19,70%;19,70%;19,70%;19,60%;19,60%;19,60%;19,50%;19,50%;19,40%;19,40%;19,40%;19,30%;19,30%;19,20%;19,20%;19,20%;19,10%;19,10%;19,00%;19,00%;19,00%;18,90%;18,90%;18,80%;18,80%;18,80%;18,80%;18,70%;18,70%;18,70%;18,70%;18,60%;18,60%;18,60%;18,60%;18,30%;18,20%;18,20%;18,20%;18,20%;18,10%;18,10%;18,10%;18,00%;18,00%;18,00%;18,30%;18,30%;18,20%;18,20%;18,20%;18,20%;18,10%;18,10%;18,10%;18,00%;18,00%;18,00%;18,00%;17,90%;17,90%;17,90%;17,90%;17,80%;17,80%;17,80%;17,80%;17,70%;17,70%;17,70%;17,60%;17,60%;17,60%;17,60%;17,50%;17,50%;17,50%;17,40%;17,40%;17,40%;17,40%;17,30%;17,30%;17,30%;17,30%;17,20%;17,20%;17,20%;17,20%;17,10%;17,10%;17,10%;17,10%;17,00%;17,00%;17,00%;16,90%;16,90%;16,90%;16,90%;16,80%;16,80%;16,80%;16,80%;16,70%;16,70%;16,70%;16,60%;16,60%;16,60%;16,60%;16,50%;16,50%;16,50%;16,40%;16,40%;16,40%;16,40%;16,30%;16,30%;16,30%;16,30%;16,20%;16,20%;16,20%;16,10%;16,10%;16,10%;16,10%;16,00%;16,00%;16,00%;15,90%;15,90%;15,80%;15,80%;15,70%;15,70%;15,60%;15,60%;15,50%;15,50%;15,50%;15,40%;15,40%;15,30%;15,30%;15,20%;15,20%;15,20%;15,10%;15,10%;15,00%;15,00%;15,00%;14,90%;14,80%;14,80%;14,70%;14,70%;14,60%;14,60%;14,50%;14,50%;14,40%;14,40%;14,30%;14,30%;14,20%;14,20%;14,10%;14,10%;14,00%;14,00%;13,90%;13,80%;13,80%;13,70%;13,70%
520945;GUARINOS;16,50%;16,50%;16,40%;16,40%;16,40%;16,30%;16,30%;16,20%;16,20%;16,10%;16,10%;16,00%;16,00%;16,00%;15,90%;15,90%;15,90%;15,80%;15,80%;15,80%;15,70%;15,70%;15,60%;15,60%;15,60%;15,50%;15,50%;15,40%;15,30%;15,30%;15,20%;15,20%;15,10%;15,10%;15,00%;14,90%;14,90%;14,80%;14,80%;14,70%;14,70%;14,60%;14,60%;14,60%;14,50%;14,50%;14,40%;14,40%;14,30%;14,30%;14,30%;14,30%;14,30%;14,20%;14,20%;14,20%;14,20%;14,20%;14,20%;14,20%;14,10%;13,70%;13,70%;13,70%;13,70%;13,60%;13,60%;13,60%;13,60%;13,50%;13,50%;13,50%;13,80%;13,70%;13,70%;13,70%;13,70%;13,60%;13,60%;13,60%;13,60%;13,50%;13,50%;13,50%;13,50%;13,40%;13,40%;13,40%;13,40%;13,40%;13,40%;13,40%;13,40%;13,30%;13,30%;13,30%;13,30%;13,30%;13,30%;13,30%;13,20%;13,20%;13,20%;13,20%;13,20%;13,20%;13,20%;13,10%;13,10%;13,10%;13,10%;13,10%;13,10%;13,10%;13,10%;13,10%;13,10%;13,10%;13,10%;13,10%;13,10%;13,10%;13,10%;13,10%;13,10%;13,10%;13,00%;13,00%;13,00%;13,00%;13,00%;13,00%;13,00%;13,00%;13,00%;13,00%;13,00%;13,00%;13,00%;13,00%;13,00%;13,00%;13,00%;13,00%;13,00%;12,90%;12,90%;12,90%;12,90%;12,90%;12,90%;12,90%;12,80%;12,80%;12,80%;12,80%;12,80%;12,80%;12,70%;12,70%;12,70%;12,70%;12,70%;12,70%;12,70%;12,60%;12,60%;12,60%;12,60%;12,60%;12,50%;12,50%;12,40%;12,40%;12,40%;12,30%;12,30%;12,30%;12,20%;12,20%;12,10%;12,10%;12,10%;12,00%;12,00%;12,00%;11,90%;11,90%;11,80%;11,80%;11,80%;11,70%;11,70%;11,70%;11,60%;11,60%;11,50%;11,50%;11,50%;11,40%;11,40%;11,40%;11,30%;11,30%;11,20%
520960;HEITORAI;17,80%;17,70%;17,70%;17,60%;17,60%;17,50%;17,40%;17,40%;17,30%;17,30%;17,20%;17,20%;17,10%;17,10%;17,00%;16,90%;16,90%;16,80%;16,80%;16,70%;16,60%;16,60%;16,50%;16,50%;16,40%;16,30%;16,30%;16,20%;16,20%;16,10%;16,10%;16,00%;16,00%;15,90%;15,90%;15,80%;15,80%;15,70%;15,70%;15,70%;15,60%;15,60%;15,50%;15,50%;15,50%;15,40%;15,40%;15,40%;15,30%;15,30%;15,20%;15,20%;15,10%;15,10%;15,10%;15,00%;15,00%;14,90%;14,90%;14,80%;14,80%;14,40%;14,40%;14,30%;14,30%;14,30%;14,20%;14,20%;14,20%;14,10%;14,10%;14,10%;14,40%;14,40%;14,40%;14,30%;14,30%;14,30%;14,20%;14,20%;14,20%;14,10%;14,10%;14,10%;14,00%;14,00%;14,00%;14,00%;13,90%;13,90%;13,90%;13,80%;13,80%;13,80%;13,70%;13,70%;13,70%;13,70%;13,60%;13,60%;13,60%;13,60%;13,50%;13,50%;13,50%;13,50%;13,40%;13,40%;13,40%;13,40%;13,40%;13,40%;13,30%;13,30%;13,30%;13,30%;13,30%;13,30%;13,30%;13,30%;13,30%;13,30%;13,30%;13,30%;13,30%;13,30%;13,30%;13,30%;13,30%;13,20%;13,20%;13,20%;13,20%;13,20%;13,20%;13,20%;13,20%;13,20%;13,20%;13,10%;13,10%;13,10%;13,10%;13,10%;13,10%;13,10%;13,00%;13,00%;13,00%;13,00%;13,00%;13,00%;12,90%;12,90%;12,90%;12,90%;12,90%;12,90%;12,80%;12,80%;12,80%;12,80%;12,70%;12,70%;12,70%;12,60%;12,60%;12,60%;12,60%;12,50%;12,50%;12,50%;12,40%;12,40%;12,30%;12,30%;12,30%;12,20%;12,20%;12,20%;12,10%;12,10%;12,00%;12,00%;12,00%;11,90%;11,90%;11,90%;11,80%;11,80%;11,80%;11,70%;11,70%;11,70%;11,60%;11,60%;11,60%;11,50%;11,50%;11,50%;11,40%;11,40%;11,40%;11,30%;11,30%
520970;HIDROLANDIA;20,20%;20,20%;20,20%;20,10%;20,10%;20,10%;20,00%;20,00%;19,90%;19,90%;19,90%;19,80%;19,80%;19,80%;19,70%;19,70%;19,70%;19,60%;19,60%;19,60%;19,50%;19,50%;19,50%;19,40%;19,40%;19,40%;19,30%;19,30%;19,30%;19,20%;19,20%;19,20%;19,10%;19,10%;19,10%;19,10%;19,00%;19,00%;19,00%;18,90%;18,90%;18,90%;18,90%;18,80%;18,80%;18,80%;18,80%;18,70%;18,70%;18,70%;18,70%;18,60%;18,60%;18,60%;18,60%;18,60%;18,50%;18,50%;18,50%;18,50%;18,50%;18,30%;18,30%;18,30%;18,20%;18,20%;18,20%;18,20%;18,20%;18,20%;18,20%;18,10%;18,30%;18,30%;18,30%;18,30%;18,20%;18,20%;18,20%;18,20%;18,20%;18,20%;18,20%;18,10%;18,10%;18,10%;18,10%;18,10%;18,10%;18,10%;18,00%;18,00%;18,00%;18,00%;18,00%;18,00%;17,90%;17,90%;17,90%;17,90%;17,90%;17,90%;17,90%;17,80%;17,80%;17,80%;17,80%;17,80%;17,80%;17,80%;17,70%;17,70%;17,70%;17,70%;17,70%;17,70%;17,70%;17,70%;17,60%;17,60%;17,60%;17,60%;17,60%;17,60%;17,50%;17,50%;17,50%;17,50%;17,50%;17,50%;17,50%;17,40%;17,40%;17,40%;17,40%;17,40%;17,40%;17,30%;17,30%;17,30%;17,30%;17,30%;17,30%;17,30%;17,20%;17,20%;17,20%;17,20%;17,20%;17,20%;17,20%;17,10%;17,10%;17,10%;17,10%;17,10%;17,10%;17,10%;17,00%;17,00%;17,00%;17,00%;17,00%;17,00%;16,90%;16,90%;16,90%;16,90%;16,90%;16,90%;16,80%;16,80%;16,80%;16,80%;16,80%;16,80%;16,70%;16,70%;16,70%;16,70%;16,70%;16,70%;16,60%;16,60%;16,60%;16,60%;16,60%;16,50%;16,50%;16,50%;16,50%;16,50%;16,50%;16,40%;16,40%;16,40%;16,40%;16,40%;16,30%;16,30%;16,30%;16,30%;16,30%;16,30%;16,20%
520980;HIDROLINA;16,60%;16,50%;16,50%;16,40%;16,40%;16,40%;16,30%;16,30%;16,20%;16,20%;16,10%;16,10%;16,00%;16,00%;15,90%;15,90%;15,80%;15,80%;15,70%;15,70%;15,60%;15,60%;15,50%;15,50%;15,40%;15,40%;15,40%;15,30%;15,30%;15,30%;15,20%;15,20%;15,20%;15,10%;15,10%;15,10%;15,00%;15,00%;14,90%;14,90%;14,80%;14,80%;14,70%;14,70%;14,60%;14,60%;14,50%;14,50%;14,40%;14,40%;14,40%;14,40%;14,30%;14,30%;14,30%;14,20%;14,20%;14,20%;14,20%;14,10%;14,10%;13,80%;13,70%;13,70%;13,70%;13,70%;13,70%;13,60%;13,60%;13,60%;13,60%;13,60%;13,80%;13,80%;13,70%;13,70%;13,70%;13,70%;13,70%;13,70%;13,60%;13,60%;13,60%;13,60%;13,60%;13,50%;13,50%;13,50%;13,50%;13,50%;13,50%;13,40%;13,40%;13,40%;13,40%;13,40%;13,40%;13,40%;13,30%;13,30%;13,30%;13,30%;13,30%;13,30%;13,30%;13,30%;13,30%;13,20%;13,20%;13,20%;13,20%;13,20%;13,20%;13,20%;13,20%;13,20%;13,20%;13,20%;13,10%;13,10%;13,10%;13,10%;13,10%;13,10%;13,10%;13,10%;13,10%;13,10%;13,10%;13,10%;13,10%;13,10%;13,10%;13,10%;13,00%;13,00%;13,00%;13,00%;13,00%;13,00%;13,00%;13,00%;13,00%;13,00%;13,00%;13,00%;13,00%;12,90%;12,90%;12,90%;12,90%;12,90%;12,90%;12,90%;12,90%;12,90%;12,80%;12,80%;12,80%;12,70%;12,70%;12,70%;12,60%;12,60%;12,60%;12,50%;12,50%;12,50%;12,40%;12,40%;12,40%;12,40%;12,30%;12,30%;12,30%;12,30%;12,30%;12,20%;12,20%;12,20%;12,20%;12,10%;12,10%;12,00%;12,00%;11,90%;11,90%;11,90%;11,80%;11,80%;11,70%;11,70%;11,60%;11,60%;11,60%;11,50%;11,50%;11,40%;11,40%;11,30%;11,30%;11,30%;11,20%;11,20%;11,10%
520990;IACIARA;25,40%;25,40%;25,40%;25,30%;25,30%;25,30%;25,20%;25,20%;25,10%;25,10%;25,10%;25,00%;25,00%;25,00%;24,90%;24,90%;24,80%;24,80%;24,70%;24,70%;24,60%;24,60%;24,50%;24,50%;24,50%;24,40%;24,30%;24,30%;24,20%;24,20%;24,10%;24,10%;24,00%;23,90%;23,90%;23,80%;23,80%;23,70%;23,70%;23,60%;23,50%;23,50%;23,40%;23,40%;23,30%;23,30%;23,20%;23,10%;23,10%;23,00%;23,00%;22,90%;22,90%;22,80%;22,80%;22,70%;22,70%;22,60%;22,60%;22,50%;22,50%;21,90%;21,80%;21,80%;21,80%;21,70%;21,70%;21,60%;21,60%;21,50%;21,50%;21,40%;21,90%;21,90%;21,80%;21,80%;21,70%;21,70%;21,70%;21,60%;21,60%;21,50%;21,50%;21,40%;21,40%;21,30%;21,30%;21,20%;21,20%;21,10%;21,10%;21,00%;21,00%;20,90%;20,90%;20,80%;20,80%;20,70%;20,70%;20,60%;20,60%;20,50%;20,50%;20,40%;20,40%;20,30%;20,20%;20,20%;20,10%;20,10%;20,10%;20,00%;20,00%;19,90%;19,90%;19,80%;19,80%;19,70%;19,70%;19,60%;19,60%;19,50%;19,50%;19,40%;19,40%;19,30%;19,30%;19,20%;19,20%;19,10%;19,10%;19,00%;19,00%;18,90%;18,90%;18,90%;18,80%;18,80%;18,70%;18,70%;18,60%;18,60%;18,50%;18,50%;18,40%;18,40%;18,40%;18,30%;18,30%;18,20%;18,20%;18,20%;18,10%;18,10%;18,00%;18,00%;18,00%;17,90%;17,90%;17,80%;17,80%;17,70%;17,70%;17,60%;17,60%;17,50%;17,50%;17,40%;17,40%;17,30%;17,30%;17,20%;17,20%;17,10%;17,10%;17,00%;17,00%;16,90%;16,90%;16,80%;16,80%;16,70%;16,70%;16,60%;16,60%;16,50%;16,50%;16,40%;16,40%;16,30%;16,30%;16,20%;16,20%;16,10%;16,10%;16,00%;16,00%;15,90%;15,90%;15,80%;15,80%;15,70%;15,70%;15,60%;15,60%
520993;INACIOLANDIA;20,10%;20,10%;20,10%;20,10%;20,00%;20,00%;20,00%;19,90%;19,90%;19,90%;19,90%;19,80%;19,80%;19,80%;19,70%;19,70%;19,70%;19,60%;19,60%;19,50%;19,50%;19,50%;19,40%;19,40%;19,30%;19,30%;19,30%;19,20%;19,20%;19,20%;19,10%;19,10%;19,00%;19,00%;19,00%;18,90%;18,90%;18,80%;18,80%;18,80%;18,70%;18,70%;18,70%;18,60%;18,60%;18,50%;18,50%;18,50%;18,40%;18,40%;18,40%;18,30%;18,30%;18,30%;18,20%;18,20%;18,20%;18,10%;18,10%;18,10%;18,00%;17,70%;17,60%;17,60%;17,60%;17,50%;17,50%;17,50%;17,40%;17,40%;17,40%;17,30%;17,70%;17,70%;17,60%;17,60%;17,60%;17,50%;17,50%;17,50%;17,40%;17,40%;17,40%;17,30%;17,30%;17,30%;17,20%;17,20%;17,20%;17,10%;17,10%;17,10%;17,10%;17,00%;17,00%;17,00%;16,90%;16,90%;16,90%;16,80%;16,80%;16,80%;16,80%;16,70%;16,70%;16,70%;16,60%;16,60%;16,60%;16,60%;16,50%;16,50%;16,50%;16,50%;16,40%;16,40%;16,40%;16,30%;16,30%;16,30%;16,30%;16,20%;16,20%;16,20%;16,20%;16,10%;16,10%;16,10%;16,00%;16,00%;16,00%;16,00%;15,90%;15,90%;15,90%;15,90%;15,80%;15,80%;15,80%;15,80%;15,70%;15,70%;15,70%;15,70%;15,60%;15,60%;15,60%;15,60%;15,50%;15,50%;15,50%;15,50%;15,40%;15,40%;15,40%;15,30%;15,30%;15,30%;15,30%;15,20%;15,20%;15,20%;15,20%;15,10%;15,10%;15,10%;15,00%;15,00%;15,00%;15,00%;14,90%;14,90%;14,90%;14,80%;14,80%;14,80%;14,70%;14,70%;14,70%;14,70%;14,60%;14,60%;14,60%;14,50%;14,50%;14,40%;14,40%;14,40%;14,30%;14,30%;14,30%;14,20%;14,20%;14,10%;14,10%;14,10%;14,00%;14,00%;14,00%;13,90%;13,90%;13,90%;13,80%;13,80%;13,70%
520995;INDIARA;20,30%;20,30%;20,20%;20,20%;20,20%;20,10%;20,10%;20,00%;20,00%;19,90%;19,90%;19,80%;19,80%;19,70%;19,70%;19,70%;19,60%;19,60%;19,50%;19,50%;19,50%;19,40%;19,40%;19,30%;19,30%;19,30%;19,20%;19,20%;19,10%;19,10%;19,10%;19,00%;19,00%;19,00%;18,90%;18,90%;18,80%;18,80%;18,80%;18,70%;18,70%;18,70%;18,60%;18,60%;18,60%;18,50%;18,50%;18,50%;18,40%;18,40%;18,40%;18,30%;18,30%;18,30%;18,30%;18,20%;18,20%;18,20%;18,20%;18,10%;18,10%;17,80%;17,80%;17,80%;17,80%;17,70%;17,70%;17,70%;17,70%;17,70%;17,60%;17,60%;17,90%;17,80%;17,80%;17,80%;17,80%;17,70%;17,70%;17,70%;17,70%;17,70%;17,60%;17,60%;17,60%;17,60%;17,50%;17,50%;17,50%;17,50%;17,40%;17,40%;17,40%;17,40%;17,30%;17,30%;17,30%;17,30%;17,20%;17,20%;17,20%;17,20%;17,10%;17,10%;17,10%;17,10%;17,00%;17,00%;17,00%;16,90%;16,90%;16,90%;16,90%;16,80%;16,80%;16,80%;16,80%;16,70%;16,70%;16,70%;16,70%;16,60%;16,60%;16,60%;16,60%;16,50%;16,50%;16,50%;16,50%;16,40%;16,40%;16,40%;16,40%;16,30%;16,30%;16,30%;16,20%;16,20%;16,20%;16,10%;16,10%;16,10%;16,10%;16,00%;16,00%;16,00%;16,00%;15,90%;15,90%;15,90%;15,90%;15,80%;15,80%;15,80%;15,80%;15,70%;15,70%;15,70%;15,70%;15,60%;15,60%;15,60%;15,50%;15,50%;15,50%;15,50%;15,40%;15,40%;15,40%;15,30%;15,30%;15,30%;15,30%;15,30%;15,20%;15,20%;15,20%;15,20%;15,20%;15,10%;15,10%;15,10%;15,10%;15,00%;15,00%;15,00%;15,00%;15,00%;14,90%;14,90%;14,90%;14,90%;14,80%;14,80%;14,80%;14,80%;14,70%;14,70%;14,70%;14,70%;14,60%;14,60%;14,60%;14,60%;14,50%
521000;INHUMAS;16,90%;16,90%;16,90%;16,80%;16,80%;16,70%;16,70%;16,70%;16,60%;16,60%;16,50%;16,50%;16,50%;16,40%;16,40%;16,40%;16,30%;16,30%;16,30%;16,20%;16,20%;16,20%;16,10%;16,10%;16,00%;16,00%;16,00%;15,90%;15,90%;15,90%;15,80%;15,80%;15,80%;15,80%;15,70%;15,70%;15,70%;15,60%;15,60%;15,60%;15,50%;15,50%;15,50%;15,50%;15,40%;15,40%;15,40%;15,30%;15,30%;15,30%;15,30%;15,30%;15,20%;15,20%;15,20%;15,20%;15,20%;15,10%;15,10%;15,10%;15,10%;14,90%;14,90%;14,90%;14,80%;14,80%;14,80%;14,80%;14,80%;14,80%;14,80%;14,70%;14,90%;14,90%;14,90%;14,90%;14,80%;14,80%;14,80%;14,80%;14,80%;14,80%;14,80%;14,70%;14,70%;14,70%;14,70%;14,70%;14,70%;14,70%;14,70%;14,60%;14,60%;14,60%;14,60%;14,60%;14,60%;14,60%;14,60%;14,60%;14,60%;14,60%;14,50%;14,50%;14,50%;14,50%;14,50%;14,50%;14,50%;14,50%;14,50%;14,50%;14,50%;14,50%;14,50%;14,50%;14,50%;14,50%;14,50%;14,50%;14,50%;14,50%;14,50%;14,50%;14,50%;14,50%;14,50%;14,50%;14,50%;14,50%;14,50%;14,50%;14,50%;14,50%;14,50%;14,50%;14,50%;14,50%;14,50%;14,50%;14,50%;14,50%;14,50%;14,50%;14,50%;14,50%;14,50%;14,50%;14,50%;14,50%;14,50%;14,50%;14,50%;14,50%;14,50%;14,50%;14,40%;14,40%;14,40%;14,40%;14,40%;14,40%;14,40%;14,40%;14,30%;14,30%;14,30%;14,30%;14,30%;14,30%;14,30%;14,20%;14,20%;14,20%;14,20%;14,20%;14,10%;14,10%;14,10%;14,10%;14,10%;14,00%;14,00%;14,00%;14,00%;14,00%;13,90%;13,90%;13,90%;13,90%;13,80%;13,80%;13,80%;13,80%;13,80%;13,70%;13,70%;13,70%;13,70%;13,70%;13,60%;13,60%;13,60%;13,60%;13,60%
521010;IPAMERI;17,70%;17,70%;17,60%;17,60%;17,60%;17,50%;17,50%;17,50%;17,40%;17,40%;17,30%;17,30%;17,30%;17,20%;17,20%;17,10%;17,10%;17,10%;17,00%;17,00%;16,90%;16,90%;16,90%;16,80%;16,80%;16,70%;16,70%;16,70%;16,60%;16,60%;16,50%;16,50%;16,50%;16,40%;16,40%;16,30%;16,30%;16,20%;16,20%;16,20%;16,10%;16,10%;16,10%;16,00%;16,00%;16,00%;15,90%;15,90%;15,80%;15,80%;15,80%;15,80%;15,70%;15,70%;15,70%;15,60%;15,60%;15,60%;15,60%;15,50%;15,50%;15,20%;15,20%;15,20%;15,20%;15,10%;15,10%;15,10%;15,10%;15,10%;15,00%;15,00%;15,20%;15,20%;15,20%;15,20%;15,20%;15,10%;15,10%;15,10%;15,10%;15,10%;15,00%;15,00%;15,00%;15,00%;15,00%;15,00%;14,90%;14,90%;14,90%;14,90%;14,90%;14,90%;14,80%;14,80%;14,80%;14,80%;14,80%;14,80%;14,80%;14,70%;14,70%;14,70%;14,70%;14,70%;14,70%;14,70%;14,70%;14,70%;14,70%;14,70%;14,70%;14,70%;14,70%;14,70%;14,70%;14,70%;14,70%;14,70%;14,70%;14,70%;14,70%;14,70%;14,70%;14,70%;14,70%;14,70%;14,70%;14,70%;14,70%;14,70%;14,70%;14,70%;14,70%;14,70%;14,70%;14,70%;14,70%;14,70%;14,70%;14,70%;14,70%;14,70%;14,70%;14,70%;14,70%;14,60%;14,60%;14,60%;14,60%;14,60%;14,60%;14,60%;14,60%;14,60%;14,60%;14,60%;14,60%;14,60%;14,50%;14,50%;14,50%;14,50%;14,50%;14,50%;14,50%;14,50%;14,40%;14,40%;14,40%;14,40%;14,40%;14,30%;14,30%;14,30%;14,30%;14,20%;14,20%;14,20%;14,20%;14,20%;14,10%;14,10%;14,10%;14,10%;14,10%;14,00%;14,00%;14,00%;14,00%;13,90%;13,90%;13,90%;13,90%;13,90%;13,80%;13,80%;13,80%;13,80%;13,80%;13,70%;13,70%;13,70%;13,70%
521015;IPIRANGA DE GOIAS;16,10%;16,00%;16,00%;15,90%;15,90%;15,80%;15,80%;15,70%;15,70%;15,60%;15,60%;15,50%;15,40%;15,40%;15,30%;15,30%;15,20%;15,20%;15,10%;15,10%;15,00%;15,00%;14,90%;14,90%;14,80%;14,80%;14,70%;14,70%;14,60%;14,60%;14,60%;14,50%;14,50%;14,40%;14,40%;14,30%;14,30%;14,30%;14,20%;14,20%;14,20%;14,10%;14,10%;14,10%;14,00%;14,00%;14,00%;13,90%;13,90%;13,90%;13,80%;13,80%;13,80%;13,70%;13,70%;13,60%;13,60%;13,60%;13,50%;13,50%;13,50%;13,30%;13,20%;13,20%;13,20%;13,10%;13,10%;13,10%;13,10%;13,00%;13,00%;13,00%;13,30%;13,20%;13,20%;13,20%;13,20%;13,10%;13,10%;13,10%;13,10%;13,00%;13,00%;13,00%;13,00%;12,90%;12,90%;12,90%;12,90%;12,90%;12,80%;12,80%;12,80%;12,80%;12,80%;12,70%;12,70%;12,70%;12,70%;12,70%;12,70%;12,70%;12,70%;12,70%;12,70%;12,60%;12,60%;12,60%;12,60%;12,60%;12,60%;12,60%;12,60%;12,60%;12,60%;12,70%;12,70%;12,70%;12,70%;12,70%;12,70%;12,70%;12,70%;12,70%;12,70%;12,70%;12,70%;12,70%;12,70%;12,70%;12,70%;12,70%;12,70%;12,70%;12,70%;12,60%;12,60%;12,60%;12,60%;12,60%;12,60%;12,60%;12,60%;12,60%;12,60%;12,60%;12,60%;12,60%;12,60%;12,60%;12,60%;12,50%;12,50%;12,50%;12,50%;12,50%;12,50%;12,50%;12,50%;12,40%;12,40%;12,40%;12,40%;12,30%;12,30%;12,30%;12,20%;12,20%;12,20%;12,20%;12,10%;12,10%;12,10%;12,10%;12,10%;12,00%;12,00%;12,00%;12,00%;12,00%;11,90%;11,90%;11,90%;11,80%;11,80%;11,80%;11,70%;11,70%;11,70%;11,60%;11,60%;11,60%;11,50%;11,50%;11,50%;11,40%;11,40%;11,30%;11,30%;11,30%;11,20%;11,20%;11,20%;11,10%;11,10%
521020;IPORA;15,70%;15,70%;15,70%;15,60%;15,60%;15,50%;15,50%;15,50%;15,40%;15,40%;15,40%;15,30%;15,30%;15,30%;15,20%;15,20%;15,20%;15,10%;15,10%;15,10%;15,00%;15,00%;15,00%;14,90%;14,90%;14,90%;14,80%;14,80%;14,80%;14,70%;14,70%;14,70%;14,70%;14,60%;14,60%;14,60%;14,50%;14,50%;14,50%;14,50%;14,40%;14,40%;14,40%;14,40%;14,30%;14,30%;14,30%;14,30%;14,20%;14,20%;14,20%;14,20%;14,20%;14,20%;14,10%;14,10%;14,10%;14,10%;14,10%;14,10%;14,00%;13,90%;13,90%;13,90%;13,90%;13,90%;13,90%;13,80%;13,80%;13,80%;13,80%;13,80%;13,90%;13,90%;13,90%;13,90%;13,90%;13,90%;13,90%;13,80%;13,80%;13,80%;13,80%;13,80%;13,80%;13,80%;13,80%;13,80%;13,80%;13,80%;13,80%;13,80%;13,80%;13,70%;13,70%;13,70%;13,70%;13,70%;13,70%;13,70%;13,70%;13,70%;13,70%;13,70%;13,70%;13,80%;13,80%;13,80%;13,80%;13,80%;13,80%;13,80%;13,80%;13,80%;13,80%;13,80%;13,80%;13,80%;13,90%;13,90%;13,90%;13,90%;13,90%;13,90%;13,90%;13,90%;14,00%;14,00%;14,00%;14,00%;14,00%;14,00%;14,00%;14,00%;14,10%;14,10%;14,10%;14,10%;14,10%;14,10%;14,10%;14,10%;14,10%;14,10%;14,20%;14,20%;14,20%;14,20%;14,20%;14,20%;14,20%;14,20%;14,20%;14,20%;14,20%;14,20%;14,20%;14,20%;14,20%;14,20%;14,20%;14,20%;14,20%;14,20%;14,20%;14,20%;14,20%;14,20%;14,20%;14,20%;14,10%;14,10%;14,10%;14,10%;14,10%;14,10%;14,10%;14,00%;14,00%;14,00%;14,00%;14,00%;14,00%;13,90%;13,90%;13,90%;13,90%;13,90%;13,90%;13,80%;13,80%;13,80%;13,80%;13,80%;13,80%;13,70%;13,70%;13,70%;13,70%;13,70%;13,60%;13,60%;13,60%;13,60%;13,60%
521030;ISRAELANDIA;15,40%;15,30%;15,20%;15,20%;15,10%;15,10%;15,00%;14,90%;14,90%;14,80%;14,70%;14,70%;14,60%;14,50%;14,50%;14,40%;14,40%;14,30%;14,20%;14,20%;14,10%;14,00%;14,00%;13,90%;13,90%;13,80%;13,80%;13,70%;13,70%;13,60%;13,60%;13,60%;13,50%;13,50%;13,40%;13,40%;13,30%;13,30%;13,30%;13,20%;13,20%;13,10%;13,10%;13,00%;13,00%;12,90%;12,90%;12,80%;12,80%;12,80%;12,70%;12,70%;12,70%;12,60%;12,60%;12,60%;12,50%;12,50%;12,50%;12,40%;12,40%;11,90%;11,90%;11,90%;11,80%;11,80%;11,80%;11,80%;11,70%;11,70%;11,70%;11,60%;12,00%;11,90%;11,90%;11,90%;11,80%;11,80%;11,80%;11,80%;11,70%;11,70%;11,70%;11,60%;11,60%;11,60%;11,60%;11,50%;11,50%;11,50%;11,50%;11,50%;11,40%;11,40%;11,40%;11,40%;11,30%;11,30%;11,30%;11,30%;11,30%;11,30%;11,30%;11,30%;11,30%;11,30%;11,30%;11,30%;11,30%;11,30%;11,30%;11,30%;11,30%;11,30%;11,30%;11,30%;11,30%;11,30%;11,30%;11,30%;11,30%;11,30%;11,30%;11,30%;11,30%;11,30%;11,30%;11,30%;11,30%;11,30%;11,30%;11,30%;11,30%;11,30%;11,30%;11,30%;11,30%;11,30%;11,30%;11,30%;11,30%;11,30%;11,30%;11,30%;11,30%;11,30%;11,30%;11,30%;11,20%;11,20%;11,20%;11,20%;11,20%;11,20%;11,20%;11,20%;11,20%;11,20%;11,10%;11,10%;11,10%;11,10%;11,10%;11,00%;11,00%;11,00%;11,00%;10,90%;10,90%;10,90%;10,90%;10,80%;10,80%;10,80%;10,70%;10,70%;10,70%;10,60%;10,60%;10,60%;10,60%;10,50%;10,50%;10,50%;10,50%;10,40%;10,40%;10,40%;10,40%;10,30%;10,30%;10,30%;10,30%;10,20%;10,20%;10,20%;10,20%;10,10%;10,10%;10,10%;10,10%;10,00%;10,00%;10,00%;10,00%
521040;ITABERAI;18,70%;18,70%;18,70%;18,60%;18,60%;18,50%;18,50%;18,50%;18,40%;18,40%;18,40%;18,30%;18,30%;18,30%;18,20%;18,20%;18,20%;18,10%;18,10%;18,10%;18,00%;18,00%;18,00%;17,90%;17,90%;17,90%;17,90%;17,80%;17,80%;17,80%;17,70%;17,70%;17,70%;17,60%;17,60%;17,60%;17,60%;17,50%;17,50%;17,50%;17,50%;17,40%;17,40%;17,40%;17,30%;17,30%;17,30%;17,30%;17,20%;17,20%;17,20%;17,20%;17,20%;17,20%;17,10%;17,10%;17,10%;17,10%;17,10%;17,00%;17,00%;16,90%;16,90%;16,80%;16,80%;16,80%;16,80%;16,80%;16,80%;16,80%;16,80%;16,70%;16,90%;16,90%;16,90%;16,80%;16,80%;16,80%;16,80%;16,80%;16,80%;16,80%;16,80%;16,70%;16,70%;16,70%;16,70%;16,70%;16,70%;16,70%;16,70%;16,70%;16,70%;16,60%;16,60%;16,60%;16,60%;16,60%;16,60%;16,60%;16,60%;16,60%;16,60%;16,60%;16,60%;16,60%;16,60%;16,60%;16,60%;16,60%;16,60%;16,60%;16,60%;16,60%;16,60%;16,60%;16,60%;16,60%;16,60%;16,60%;16,60%;16,60%;16,60%;16,60%;16,60%;16,60%;16,60%;16,60%;16,60%;16,60%;16,60%;16,60%;16,60%;16,60%;16,60%;16,60%;16,60%;16,60%;16,60%;16,60%;16,60%;16,60%;16,60%;16,60%;16,60%;16,60%;16,60%;16,60%;16,60%;16,60%;16,50%;16,50%;16,50%;16,50%;16,50%;16,50%;16,50%;16,50%;16,50%;16,50%;16,50%;16,50%;16,50%;16,50%;16,50%;16,50%;16,40%;16,40%;16,40%;16,40%;16,40%;16,40%;16,40%;16,40%;16,40%;16,40%;16,30%;16,30%;16,30%;16,30%;16,30%;16,30%;16,30%;16,30%;16,20%;16,20%;16,20%;16,20%;16,20%;16,20%;16,10%;16,10%;16,10%;16,10%;16,10%;16,10%;16,10%;16,00%;16,00%;16,00%;16,00%;16,00%;16,00%;16,00%;15,90%
521056;ITAGUARI;17,60%;17,50%;17,50%;17,50%;17,50%;17,40%;17,40%;17,40%;17,40%;17,30%;17,30%;17,30%;17,30%;17,20%;17,20%;17,20%;17,10%;17,10%;17,10%;17,10%;17,00%;17,00%;17,00%;16,90%;16,90%;16,90%;16,80%;16,80%;16,80%;16,70%;16,70%;16,70%;16,60%;16,60%;16,60%;16,50%;16,50%;16,50%;16,40%;16,40%;16,40%;16,30%;16,30%;16,20%;16,20%;16,20%;16,10%;16,10%;16,10%;16,00%;16,00%;16,00%;16,00%;15,90%;15,90%;15,90%;15,80%;15,80%;15,80%;15,80%;15,70%;15,40%;15,40%;15,30%;15,30%;15,30%;15,20%;15,20%;15,20%;15,20%;15,10%;15,10%;15,40%;15,40%;15,30%;15,30%;15,30%;15,30%;15,20%;15,20%;15,20%;15,20%;15,10%;15,10%;15,10%;15,10%;15,00%;15,00%;15,00%;14,90%;14,90%;14,90%;14,90%;14,80%;14,80%;14,80%;14,80%;14,70%;14,70%;14,70%;14,60%;14,60%;14,60%;14,50%;14,50%;14,50%;14,40%;14,40%;14,40%;14,30%;14,30%;14,30%;14,30%;14,20%;14,20%;14,20%;14,20%;14,10%;14,10%;14,10%;14,10%;14,00%;14,00%;14,00%;14,00%;14,00%;13,90%;13,90%;13,90%;13,90%;13,80%;13,80%;13,80%;13,80%;13,70%;13,70%;13,70%;13,70%;13,60%;13,60%;13,60%;13,60%;13,50%;13,50%;13,50%;13,50%;13,50%;13,40%;13,40%;13,40%;13,40%;13,40%;13,40%;13,40%;13,40%;13,40%;13,30%;13,30%;13,30%;13,30%;13,30%;13,20%;13,20%;13,20%;13,20%;13,10%;13,10%;13,10%;13,10%;13,10%;13,00%;13,00%;13,00%;13,00%;13,00%;13,00%;13,00%;13,00%;12,90%;12,90%;12,90%;12,90%;12,90%;12,90%;12,90%;12,80%;12,80%;12,80%;12,80%;12,80%;12,80%;12,70%;12,70%;12,70%;12,70%;12,70%;12,70%;12,70%;12,60%;12,60%;12,60%;12,60%;12,60%;12,60%;12,60%
521060;ITAGUARU;15,80%;15,80%;15,70%;15,70%;15,60%;15,60%;15,50%;15,50%;15,50%;15,40%;15,40%;15,30%;15,30%;15,20%;15,10%;15,10%;15,00%;15,00%;14,90%;14,80%;14,80%;14,70%;14,60%;14,60%;14,50%;14,50%;14,40%;14,30%;14,30%;14,20%;14,20%;14,10%;14,10%;14,00%;13,90%;13,90%;13,80%;13,80%;13,70%;13,60%;13,60%;13,50%;13,50%;13,40%;13,30%;13,30%;13,20%;13,20%;13,10%;13,10%;13,00%;13,00%;13,00%;12,90%;12,90%;12,80%;12,80%;12,80%;12,70%;12,70%;12,70%;12,20%;12,20%;12,10%;12,10%;12,10%;12,00%;12,00%;12,00%;11,90%;11,90%;11,90%;12,20%;12,20%;12,20%;12,10%;12,10%;12,10%;12,00%;12,00%;12,00%;11,90%;11,90%;11,90%;11,80%;11,80%;11,80%;11,80%;11,70%;11,70%;11,70%;11,70%;11,60%;11,60%;11,60%;11,60%;11,50%;11,50%;11,50%;11,50%;11,50%;11,50%;11,50%;11,50%;11,50%;11,50%;11,50%;11,50%;11,50%;11,50%;11,50%;11,50%;11,50%;11,50%;11,50%;11,50%;11,50%;11,50%;11,50%;11,50%;11,50%;11,50%;11,50%;11,60%;11,60%;11,60%;11,60%;11,60%;11,60%;11,60%;11,60%;11,70%;11,70%;11,70%;11,70%;11,70%;11,70%;11,70%;11,70%;11,70%;11,70%;11,70%;11,70%;11,70%;11,70%;11,70%;11,70%;11,70%;11,70%;11,70%;11,70%;11,70%;11,70%;11,80%;11,80%;11,80%;11,80%;11,70%;11,70%;11,70%;11,70%;11,70%;11,70%;11,60%;11,60%;11,60%;11,60%;11,60%;11,60%;11,50%;11,50%;11,50%;11,50%;11,40%;11,40%;11,40%;11,40%;11,30%;11,30%;11,30%;11,30%;11,20%;11,20%;11,20%;11,20%;11,10%;11,10%;11,10%;11,00%;11,00%;11,00%;11,00%;10,90%;10,90%;10,90%;10,90%;10,80%;10,80%;10,80%;10,70%;10,70%;10,70%;10,70%;10,60%;10,60%
521080;ITAJA;17,80%;17,80%;17,70%;17,60%;17,60%;17,50%;17,50%;17,40%;17,40%;17,30%;17,30%;17,20%;17,10%;17,10%;17,00%;17,00%;16,90%;16,90%;16,80%;16,80%;16,70%;16,70%;16,60%;16,60%;16,50%;16,50%;16,40%;16,40%;16,40%;16,30%;16,30%;16,20%;16,20%;16,10%;16,10%;16,10%;16,00%;16,00%;15,90%;15,90%;15,90%;15,80%;15,80%;15,80%;15,70%;15,70%;15,60%;15,60%;15,60%;15,50%;15,50%;15,50%;15,40%;15,40%;15,40%;15,40%;15,30%;15,30%;15,30%;15,20%;15,20%;14,90%;14,90%;14,90%;14,90%;14,80%;14,80%;14,80%;14,80%;14,80%;14,70%;14,70%;15,00%;14,90%;14,90%;14,90%;14,90%;14,80%;14,80%;14,80%;14,80%;14,80%;14,70%;14,70%;14,70%;14,70%;14,70%;14,70%;14,70%;14,60%;14,60%;14,60%;14,60%;14,60%;14,60%;14,60%;14,60%;14,50%;14,50%;14,50%;14,50%;14,50%;14,50%;14,50%;14,40%;14,40%;14,40%;14,40%;14,40%;14,40%;14,40%;14,40%;14,30%;14,30%;14,30%;14,30%;14,30%;14,30%;14,30%;14,30%;14,30%;14,30%;14,30%;14,30%;14,30%;14,30%;14,30%;14,30%;14,30%;14,30%;14,30%;14,30%;14,30%;14,30%;14,30%;14,30%;14,30%;14,30%;14,20%;14,20%;14,20%;14,20%;14,20%;14,20%;14,20%;14,20%;14,20%;14,20%;14,20%;14,20%;14,20%;14,10%;14,10%;14,10%;14,10%;14,10%;14,10%;14,10%;14,00%;14,00%;14,00%;14,00%;14,00%;14,00%;13,90%;13,90%;13,90%;13,90%;13,90%;13,80%;13,80%;13,80%;13,80%;13,70%;13,70%;13,70%;13,70%;13,60%;13,60%;13,60%;13,50%;13,50%;13,50%;13,50%;13,50%;13,50%;13,40%;13,40%;13,40%;13,40%;13,40%;13,30%;13,30%;13,30%;13,30%;13,30%;13,30%;13,20%;13,20%;13,20%;13,20%;13,20%;13,20%;13,10%;13,10%
521090;ITAPACI;20,00%;19,90%;19,90%;19,80%;19,80%;19,80%;19,70%;19,70%;19,60%;19,60%;19,50%;19,50%;19,40%;19,40%;19,30%;19,30%;19,30%;19,20%;19,20%;19,10%;19,10%;19,00%;19,00%;18,90%;18,90%;18,80%;18,80%;18,70%;18,70%;18,70%;18,60%;18,60%;18,50%;18,50%;18,40%;18,40%;18,40%;18,30%;18,30%;18,20%;18,20%;18,20%;18,10%;18,10%;18,00%;18,00%;18,00%;17,90%;17,90%;17,80%;17,80%;17,80%;17,80%;17,70%;17,70%;17,70%;17,60%;17,60%;17,60%;17,50%;17,50%;17,20%;17,20%;17,20%;17,20%;17,10%;17,10%;17,10%;17,10%;17,10%;17,00%;17,00%;17,30%;17,20%;17,20%;17,20%;17,20%;17,10%;17,10%;17,10%;17,10%;17,10%;17,00%;17,00%;17,00%;17,00%;16,90%;16,90%;16,90%;16,90%;16,90%;16,80%;16,80%;16,80%;16,80%;16,80%;16,70%;16,70%;16,70%;16,70%;16,70%;16,70%;16,70%;16,60%;16,60%;16,60%;16,60%;16,60%;16,60%;16,60%;16,60%;16,50%;16,50%;16,50%;16,50%;16,50%;16,50%;16,50%;16,50%;16,50%;16,50%;16,50%;16,40%;16,40%;16,40%;16,40%;16,40%;16,40%;16,40%;16,40%;16,40%;16,40%;16,40%;16,40%;16,30%;16,30%;16,30%;16,30%;16,30%;16,30%;16,30%;16,30%;16,30%;16,30%;16,30%;16,20%;16,20%;16,20%;16,20%;16,20%;16,20%;16,20%;16,20%;16,20%;16,20%;16,20%;16,10%;16,10%;16,10%;16,10%;16,10%;16,10%;16,10%;16,00%;16,00%;16,00%;16,00%;16,00%;16,00%;15,90%;15,90%;15,90%;15,90%;15,90%;15,90%;15,80%;15,80%;15,80%;15,80%;15,80%;15,80%;15,70%;15,70%;15,70%;15,70%;15,70%;15,60%;15,60%;15,60%;15,60%;15,60%;15,50%;15,50%;15,50%;15,50%;15,50%;15,50%;15,40%;15,40%;15,40%;15,40%;15,40%;15,30%;15,30%;15,30%
521100;ITAPIRAPUA;17,60%;17,50%;17,50%;17,40%;17,30%;17,30%;17,20%;17,20%;17,10%;17,10%;17,00%;16,90%;16,90%;16,80%;16,80%;16,70%;16,60%;16,60%;16,50%;16,50%;16,40%;16,30%;16,30%;16,20%;16,10%;16,10%;16,00%;16,00%;15,90%;15,80%;15,80%;15,70%;15,70%;15,60%;15,60%;15,50%;15,40%;15,40%;15,30%;15,30%;15,20%;15,20%;15,20%;15,10%;15,10%;15,00%;15,00%;14,90%;14,90%;14,90%;14,80%;14,80%;14,70%;14,70%;14,70%;14,60%;14,60%;14,60%;14,50%;14,50%;14,50%;14,10%;14,10%;14,10%;14,00%;14,00%;14,00%;14,00%;13,90%;13,90%;13,90%;13,80%;14,10%;14,10%;14,10%;14,10%;14,00%;14,00%;14,00%;14,00%;13,90%;13,90%;13,90%;13,90%;13,80%;13,80%;13,80%;13,80%;13,80%;13,70%;13,70%;13,70%;13,70%;13,70%;13,70%;13,70%;13,60%;13,60%;13,60%;13,60%;13,60%;13,60%;13,60%;13,60%;13,60%;13,60%;13,60%;13,60%;13,60%;13,60%;13,60%;13,70%;13,70%;13,70%;13,70%;13,70%;13,70%;13,70%;13,70%;13,70%;13,70%;13,70%;13,80%;13,80%;13,80%;13,80%;13,80%;13,80%;13,80%;13,80%;13,80%;13,80%;13,80%;13,80%;13,90%;13,90%;13,90%;13,90%;13,90%;13,90%;13,90%;13,90%;13,90%;14,00%;14,00%;14,00%;14,00%;14,00%;14,00%;14,00%;14,00%;14,00%;14,00%;14,00%;14,00%;14,00%;14,00%;14,00%;14,00%;14,00%;13,90%;13,90%;13,90%;13,90%;13,90%;13,90%;13,80%;13,80%;13,80%;13,80%;13,80%;13,70%;13,70%;13,70%;13,70%;13,70%;13,60%;13,60%;13,60%;13,60%;13,60%;13,50%;13,50%;13,50%;13,40%;13,40%;13,40%;13,40%;13,30%;13,30%;13,30%;13,30%;13,20%;13,20%;13,20%;13,20%;13,10%;13,10%;13,10%;13,10%;13,00%;13,00%;13,00%;13,00%;12,90%
521120;ITAPURANGA;16,60%;16,60%;16,50%;16,50%;16,50%;16,40%;16,40%;16,30%;16,30%;16,30%;16,20%;16,20%;16,10%;16,10%;16,10%;16,00%;16,00%;15,90%;15,90%;15,80%;15,80%;15,80%;15,70%;15,70%;15,60%;15,60%;15,60%;15,50%;15,50%;15,40%;15,40%;15,30%;15,30%;15,30%;15,20%;15,20%;15,10%;15,10%;15,10%;15,00%;15,00%;14,90%;14,90%;14,90%;14,80%;14,80%;14,80%;14,70%;14,70%;14,60%;14,60%;14,60%;14,60%;14,50%;14,50%;14,50%;14,40%;14,40%;14,40%;14,40%;14,30%;14,00%;14,00%;14,00%;13,90%;13,90%;13,90%;13,90%;13,80%;13,80%;13,80%;13,80%;14,00%;14,00%;14,00%;14,00%;13,90%;13,90%;13,90%;13,90%;13,90%;13,80%;13,80%;13,80%;13,80%;13,70%;13,70%;13,70%;13,70%;13,70%;13,60%;13,60%;13,60%;13,60%;13,60%;13,50%;13,50%;13,50%;13,50%;13,50%;13,50%;13,50%;13,40%;13,40%;13,40%;13,40%;13,40%;13,40%;13,40%;13,40%;13,40%;13,30%;13,30%;13,30%;13,30%;13,30%;13,30%;13,30%;13,30%;13,30%;13,30%;13,30%;13,30%;13,30%;13,30%;13,30%;13,30%;13,30%;13,30%;13,30%;13,30%;13,30%;13,30%;13,20%;13,20%;13,20%;13,20%;13,20%;13,20%;13,20%;13,20%;13,20%;13,20%;13,20%;13,20%;13,20%;13,20%;13,20%;13,20%;13,20%;13,20%;13,10%;13,10%;13,10%;13,10%;13,10%;13,10%;13,10%;13,10%;13,10%;13,00%;13,00%;13,00%;13,00%;13,00%;13,00%;12,90%;12,90%;12,90%;12,90%;12,90%;12,80%;12,80%;12,80%;12,80%;12,70%;12,70%;12,70%;12,70%;12,60%;12,60%;12,60%;12,60%;12,50%;12,50%;12,50%;12,50%;12,40%;12,40%;12,40%;12,40%;12,30%;12,30%;12,30%;12,30%;12,20%;12,20%;12,20%;12,20%;12,10%;12,10%;12,10%;12,00%;12,00%;12,00%
521130;ITARUMA;19,80%;19,70%;19,70%;19,60%;19,60%;19,50%;19,50%;19,40%;19,40%;19,30%;19,30%;19,30%;19,20%;19,20%;19,10%;19,10%;19,00%;19,00%;18,90%;18,80%;18,80%;18,70%;18,70%;18,60%;18,60%;18,60%;18,50%;18,50%;18,50%;18,40%;18,40%;18,30%;18,30%;18,30%;18,20%;18,20%;18,20%;18,10%;18,10%;18,00%;18,00%;18,00%;17,90%;17,90%;17,80%;17,80%;17,70%;17,70%;17,70%;17,60%;17,60%;17,60%;17,50%;17,50%;17,50%;17,40%;17,40%;17,40%;17,30%;17,30%;17,30%;17,00%;16,90%;16,90%;16,90%;16,90%;16,80%;16,80%;16,80%;16,80%;16,70%;16,70%;17,00%;17,00%;16,90%;16,90%;16,90%;16,90%;16,80%;16,80%;16,80%;16,80%;16,70%;16,70%;16,70%;16,70%;16,60%;16,60%;16,60%;16,60%;16,60%;16,50%;16,50%;16,50%;16,50%;16,40%;16,40%;16,40%;16,40%;16,40%;16,40%;16,40%;16,40%;16,30%;16,30%;16,30%;16,30%;16,30%;16,30%;16,30%;16,30%;16,30%;16,30%;16,30%;16,30%;16,30%;16,30%;16,30%;16,20%;16,20%;16,20%;16,20%;16,20%;16,20%;16,20%;16,20%;16,20%;16,20%;16,20%;16,20%;16,20%;16,20%;16,20%;16,20%;16,20%;16,20%;16,20%;16,20%;16,20%;16,20%;16,20%;16,20%;16,20%;16,10%;16,10%;16,10%;16,10%;16,10%;16,10%;16,10%;16,00%;16,00%;16,00%;16,00%;16,00%;16,00%;16,00%;15,90%;15,90%;15,90%;15,90%;15,80%;15,80%;15,80%;15,80%;15,70%;15,70%;15,70%;15,70%;15,70%;15,60%;15,60%;15,60%;15,50%;15,50%;15,50%;15,50%;15,40%;15,40%;15,40%;15,40%;15,30%;15,30%;15,30%;15,20%;15,20%;15,20%;15,20%;15,10%;15,10%;15,10%;15,00%;15,00%;15,00%;14,90%;14,90%;14,90%;14,90%;14,80%;14,80%;14,80%;14,70%;14,70%;14,70%;14,60%
521140;ITAUCU;15,70%;15,60%;15,60%;15,50%;15,50%;15,50%;15,40%;15,40%;15,30%;15,30%;15,20%;15,20%;15,20%;15,10%;15,10%;15,00%;15,00%;14,90%;14,90%;14,90%;14,80%;14,80%;14,70%;14,70%;14,60%;14,60%;14,60%;14,50%;14,50%;14,40%;14,40%;14,30%;14,30%;14,30%;14,20%;14,20%;14,10%;14,10%;14,00%;14,00%;13,90%;13,90%;13,90%;13,80%;13,80%;13,70%;13,70%;13,60%;13,60%;13,60%;13,50%;13,50%;13,50%;13,40%;13,40%;13,40%;13,40%;13,30%;13,30%;13,30%;13,20%;13,00%;13,00%;12,90%;12,90%;12,90%;12,90%;12,90%;12,80%;12,80%;12,80%;12,80%;13,00%;13,00%;13,00%;12,90%;12,90%;12,90%;12,90%;12,90%;12,80%;12,80%;12,80%;12,80%;12,80%;12,70%;12,70%;12,70%;12,70%;12,70%;12,70%;12,70%;12,60%;12,60%;12,60%;12,60%;12,60%;12,60%;12,60%;12,60%;12,60%;12,60%;12,50%;12,50%;12,50%;12,50%;12,50%;12,50%;12,50%;12,50%;12,50%;12,60%;12,60%;12,60%;12,60%;12,60%;12,60%;12,60%;12,60%;12,60%;12,60%;12,60%;12,60%;12,70%;12,70%;12,70%;12,70%;12,70%;12,70%;12,70%;12,70%;12,70%;12,70%;12,70%;12,70%;12,70%;12,70%;12,70%;12,70%;12,70%;12,70%;12,70%;12,80%;12,80%;12,80%;12,80%;12,80%;12,80%;12,80%;12,80%;12,80%;12,80%;12,80%;12,80%;12,80%;12,80%;12,80%;12,80%;12,70%;12,70%;12,70%;12,70%;12,70%;12,60%;12,60%;12,60%;12,60%;12,60%;12,50%;12,50%;12,50%;12,50%;12,40%;12,40%;12,40%;12,40%;12,30%;12,30%;12,30%;12,20%;12,20%;12,20%;12,20%;12,10%;12,10%;12,10%;12,10%;12,00%;12,00%;12,00%;11,90%;11,90%;11,90%;11,90%;11,80%;11,80%;11,80%;11,80%;11,70%;11,70%;11,70%;11,60%;11,60%;11,60%;11,60%
521150;ITUMBIARA;17,10%;17,10%;17,10%;17,10%;17,00%;17,00%;17,00%;16,90%;16,90%;16,90%;16,80%;16,80%;16,80%;16,80%;16,70%;16,70%;16,70%;16,70%;16,60%;16,60%;16,60%;16,50%;16,50%;16,50%;16,50%;16,40%;16,40%;16,40%;16,40%;16,30%;16,30%;16,30%;16,30%;16,20%;16,20%;16,20%;16,20%;16,10%;16,10%;16,10%;16,10%;16,10%;16,00%;16,00%;16,00%;16,00%;15,90%;15,90%;15,90%;15,90%;15,90%;15,90%;15,80%;15,80%;15,80%;15,80%;15,80%;15,80%;15,80%;15,70%;15,70%;15,60%;15,60%;15,60%;15,60%;15,60%;15,60%;15,60%;15,50%;15,50%;15,50%;15,50%;15,60%;15,60%;15,60%;15,60%;15,60%;15,60%;15,60%;15,60%;15,50%;15,50%;15,50%;15,50%;15,50%;15,50%;15,50%;15,50%;15,50%;15,50%;15,50%;15,50%;15,50%;15,50%;15,40%;15,40%;15,40%;15,40%;15,40%;15,40%;15,40%;15,40%;15,40%;15,40%;15,40%;15,40%;15,40%;15,40%;15,40%;15,40%;15,40%;15,40%;15,40%;15,40%;15,40%;15,40%;15,40%;15,40%;15,40%;15,50%;15,50%;15,50%;15,50%;15,50%;15,50%;15,50%;15,50%;15,50%;15,50%;15,50%;15,50%;15,50%;15,50%;15,50%;15,50%;15,50%;15,50%;15,50%;15,50%;15,50%;15,50%;15,50%;15,50%;15,50%;15,50%;15,50%;15,50%;15,50%;15,50%;15,50%;15,50%;15,50%;15,50%;15,50%;15,50%;15,50%;15,50%;15,50%;15,50%;15,50%;15,50%;15,50%;15,50%;15,50%;15,50%;15,50%;15,50%;15,50%;15,50%;15,40%;15,40%;15,40%;15,40%;15,40%;15,40%;15,40%;15,40%;15,40%;15,30%;15,30%;15,30%;15,30%;15,30%;15,30%;15,30%;15,20%;15,20%;15,20%;15,20%;15,20%;15,20%;15,20%;15,10%;15,10%;15,10%;15,10%;15,10%;15,10%;15,00%;15,00%;15,00%;15,00%;15,00%;15,00%;15,00%
521160;IVOLANDIA;15,70%;15,70%;15,60%;15,60%;15,60%;15,60%;15,60%;15,50%;15,50%;15,50%;15,50%;15,50%;15,40%;15,40%;15,40%;15,30%;15,30%;15,20%;15,20%;15,10%;15,10%;15,10%;15,00%;15,00%;14,90%;14,90%;14,90%;14,80%;14,80%;14,80%;14,80%;14,70%;14,70%;14,70%;14,60%;14,60%;14,60%;14,60%;14,50%;14,50%;14,50%;14,40%;14,40%;14,30%;14,30%;14,30%;14,20%;14,20%;14,20%;14,10%;14,10%;14,10%;14,10%;14,00%;14,00%;14,00%;14,00%;13,90%;13,90%;13,90%;13,80%;13,50%;13,50%;13,50%;13,50%;13,40%;13,40%;13,40%;13,40%;13,40%;13,40%;13,40%;13,50%;13,50%;13,50%;13,50%;13,50%;13,50%;13,50%;13,40%;13,40%;13,40%;13,40%;13,40%;13,40%;13,40%;13,40%;13,40%;13,30%;13,30%;13,30%;13,30%;13,30%;13,30%;13,30%;13,30%;13,20%;13,20%;13,30%;13,30%;13,30%;13,30%;13,30%;13,30%;13,30%;13,30%;13,30%;13,30%;13,30%;13,30%;13,30%;13,30%;13,30%;13,30%;13,30%;13,30%;13,30%;13,30%;13,30%;13,30%;13,30%;13,30%;13,40%;13,40%;13,40%;13,40%;13,40%;13,40%;13,40%;13,40%;13,40%;13,40%;13,50%;13,50%;13,50%;13,50%;13,50%;13,50%;13,50%;13,50%;13,50%;13,50%;13,50%;13,50%;13,50%;13,50%;13,50%;13,50%;13,50%;13,50%;13,50%;13,50%;13,50%;13,50%;13,40%;13,40%;13,40%;13,40%;13,40%;13,40%;13,40%;13,30%;13,30%;13,30%;13,30%;13,30%;13,20%;13,20%;13,20%;13,20%;13,20%;13,10%;13,10%;13,10%;13,10%;13,10%;13,10%;13,10%;13,00%;13,00%;13,00%;13,00%;13,00%;13,00%;13,00%;12,90%;12,90%;12,90%;12,90%;12,90%;12,90%;12,90%;12,90%;12,80%;12,80%;12,80%;12,80%;12,80%;12,80%;12,80%;12,70%;12,70%;12,70%;12,70%;12,70%
521170;JANDAIA;16,30%;16,30%;16,20%;16,20%;16,20%;16,10%;16,10%;16,00%;16,00%;16,00%;15,90%;15,90%;15,80%;15,80%;15,80%;15,70%;15,70%;15,70%;15,60%;15,60%;15,60%;15,50%;15,50%;15,40%;15,40%;15,40%;15,30%;15,30%;15,30%;15,20%;15,20%;15,20%;15,10%;15,10%;15,10%;15,10%;15,00%;15,00%;15,00%;14,90%;14,90%;14,90%;14,80%;14,80%;14,80%;14,70%;14,70%;14,70%;14,60%;14,60%;14,60%;14,60%;14,50%;14,50%;14,50%;14,50%;14,40%;14,40%;14,40%;14,40%;14,30%;14,10%;14,00%;14,00%;14,00%;14,00%;13,90%;13,90%;13,90%;13,80%;13,80%;13,80%;14,10%;14,10%;14,00%;14,00%;14,00%;13,90%;13,90%;13,90%;13,90%;13,80%;13,80%;13,80%;13,80%;13,70%;13,70%;13,70%;13,70%;13,70%;13,70%;13,70%;13,60%;13,60%;13,60%;13,60%;13,60%;13,60%;13,60%;13,50%;13,50%;13,50%;13,50%;13,50%;13,50%;13,50%;13,50%;13,50%;13,40%;13,40%;13,40%;13,40%;13,40%;13,40%;13,40%;13,40%;13,40%;13,40%;13,40%;13,40%;13,40%;13,40%;13,40%;13,40%;13,30%;13,30%;13,30%;13,30%;13,30%;13,30%;13,30%;13,30%;13,30%;13,30%;13,30%;13,30%;13,30%;13,30%;13,30%;13,30%;13,30%;13,30%;13,30%;13,20%;13,20%;13,20%;13,20%;13,20%;13,20%;13,20%;13,20%;13,20%;13,20%;13,20%;13,20%;13,20%;13,20%;13,20%;13,20%;13,20%;13,10%;13,10%;13,10%;13,10%;13,10%;13,10%;13,10%;13,10%;13,00%;13,00%;13,00%;13,00%;13,00%;12,90%;12,90%;12,90%;12,90%;12,90%;12,80%;12,80%;12,80%;12,80%;12,80%;12,70%;12,70%;12,70%;12,70%;12,70%;12,60%;12,60%;12,60%;12,60%;12,60%;12,50%;12,50%;12,50%;12,50%;12,50%;12,40%;12,40%;12,40%;12,40%;12,30%;12,30%;12,30%
521180;JARAGUA;20,60%;20,60%;20,50%;20,50%;20,40%;20,40%;20,40%;20,30%;20,30%;20,20%;20,20%;20,10%;20,10%;20,00%;20,00%;19,90%;19,90%;19,80%;19,80%;19,70%;19,70%;19,60%;19,60%;19,50%;19,50%;19,40%;19,40%;19,30%;19,30%;19,20%;19,20%;19,10%;19,10%;19,00%;19,00%;18,90%;18,90%;18,80%;18,80%;18,70%;18,70%;18,60%;18,60%;18,60%;18,50%;18,50%;18,40%;18,40%;18,30%;18,30%;18,20%;18,20%;18,20%;18,10%;18,10%;18,00%;18,00%;18,00%;17,90%;17,90%;17,90%;17,40%;17,40%;17,40%;17,30%;17,30%;17,30%;17,20%;17,20%;17,20%;17,10%;17,10%;17,50%;17,40%;17,40%;17,40%;17,30%;17,30%;17,30%;17,20%;17,20%;17,20%;17,10%;17,10%;17,10%;17,00%;17,00%;17,00%;17,00%;16,90%;16,90%;16,90%;16,80%;16,80%;16,80%;16,70%;16,70%;16,70%;16,70%;16,60%;16,60%;16,60%;16,60%;16,50%;16,50%;16,50%;16,50%;16,40%;16,40%;16,40%;16,40%;16,40%;16,30%;16,30%;16,30%;16,30%;16,30%;16,20%;16,20%;16,20%;16,20%;16,20%;16,20%;16,10%;16,10%;16,10%;16,10%;16,10%;16,00%;16,00%;16,00%;16,00%;16,00%;15,90%;15,90%;15,90%;15,90%;15,90%;15,90%;15,80%;15,80%;15,80%;15,80%;15,80%;15,80%;15,70%;15,70%;15,70%;15,70%;15,70%;15,60%;15,60%;15,60%;15,60%;15,60%;15,60%;15,50%;15,50%;15,50%;15,50%;15,50%;15,40%;15,40%;15,40%;15,40%;15,30%;15,30%;15,30%;15,30%;15,30%;15,20%;15,20%;15,20%;15,10%;15,10%;15,10%;15,10%;15,00%;15,00%;15,00%;15,00%;14,90%;14,90%;14,90%;14,90%;14,80%;14,80%;14,80%;14,80%;14,70%;14,70%;14,70%;14,60%;14,60%;14,60%;14,60%;14,50%;14,50%;14,50%;14,50%;14,40%;14,40%;14,40%;14,40%;14,30%
521190;JATAI;19,50%;19,50%;19,50%;19,40%;19,40%;19,40%;19,30%;19,30%;19,30%;19,20%;19,20%;19,20%;19,10%;19,10%;19,10%;19,00%;19,00%;19,00%;19,00%;18,90%;18,90%;18,90%;18,80%;18,80%;18,80%;18,70%;18,70%;18,70%;18,70%;18,60%;18,60%;18,60%;18,50%;18,50%;18,50%;18,50%;18,40%;18,40%;18,40%;18,40%;18,30%;18,30%;18,30%;18,20%;18,20%;18,20%;18,20%;18,10%;18,10%;18,10%;18,10%;18,00%;18,00%;18,00%;18,00%;18,00%;17,90%;17,90%;17,90%;17,90%;17,80%;17,60%;17,60%;17,60%;17,60%;17,60%;17,60%;17,50%;17,50%;17,50%;17,50%;17,50%;17,70%;17,60%;17,60%;17,60%;17,60%;17,60%;17,60%;17,50%;17,50%;17,50%;17,50%;17,50%;17,40%;17,40%;17,40%;17,40%;17,40%;17,40%;17,30%;17,30%;17,30%;17,30%;17,30%;17,30%;17,20%;17,20%;17,20%;17,20%;17,20%;17,10%;17,10%;17,10%;17,10%;17,10%;17,10%;17,00%;17,00%;17,00%;17,00%;17,00%;17,00%;17,00%;16,90%;16,90%;16,90%;16,90%;16,90%;16,90%;16,90%;16,80%;16,80%;16,80%;16,80%;16,80%;16,80%;16,80%;16,70%;16,70%;16,70%;16,70%;16,70%;16,70%;16,70%;16,60%;16,60%;16,60%;16,60%;16,60%;16,60%;16,60%;16,50%;16,50%;16,50%;16,50%;16,50%;16,50%;16,50%;16,40%;16,40%;16,40%;16,40%;16,40%;16,40%;16,40%;16,40%;16,30%;16,30%;16,30%;16,30%;16,30%;16,30%;16,20%;16,20%;16,20%;16,20%;16,20%;16,20%;16,20%;16,10%;16,10%;16,10%;16,10%;16,10%;16,10%;16,10%;16,00%;16,00%;16,00%;16,00%;16,00%;16,00%;15,90%;15,90%;15,90%;15,90%;15,90%;15,80%;15,80%;15,80%;15,80%;15,80%;15,80%;15,70%;15,70%;15,70%;15,70%;15,70%;15,60%;15,60%;15,60%;15,60%;15,60%;15,60%
521200;JAUPACI;17,90%;17,80%;17,70%;17,70%;17,60%;17,50%;17,50%;17,40%;17,40%;17,30%;17,20%;17,20%;17,10%;17,00%;17,00%;16,90%;16,80%;16,80%;16,70%;16,70%;16,60%;16,50%;16,50%;16,40%;16,30%;16,30%;16,20%;16,10%;16,00%;16,00%;15,90%;15,80%;15,70%;15,70%;15,60%;15,50%;15,40%;15,40%;15,30%;15,30%;15,20%;15,10%;15,10%;15,00%;15,00%;14,90%;14,80%;14,80%;14,70%;14,70%;14,60%;14,60%;14,50%;14,50%;14,40%;14,40%;14,30%;14,30%;14,20%;14,20%;14,10%;13,60%;13,50%;13,50%;13,40%;13,40%;13,40%;13,30%;13,30%;13,20%;13,20%;13,20%;13,60%;13,60%;13,50%;13,50%;13,40%;13,40%;13,40%;13,30%;13,30%;13,20%;13,20%;13,20%;13,10%;13,10%;13,10%;13,00%;13,00%;13,00%;13,00%;13,00%;12,90%;12,90%;12,90%;12,90%;12,80%;12,80%;12,80%;12,80%;12,80%;12,80%;12,80%;12,70%;12,70%;12,70%;12,70%;12,70%;12,70%;12,70%;12,70%;12,70%;12,60%;12,60%;12,60%;12,60%;12,60%;12,60%;12,60%;12,60%;12,60%;12,60%;12,60%;12,60%;12,60%;12,60%;12,60%;12,60%;12,60%;12,60%;12,60%;12,60%;12,70%;12,70%;12,70%;12,70%;12,70%;12,70%;12,70%;12,70%;12,70%;12,70%;12,70%;12,70%;12,70%;12,70%;12,70%;12,70%;12,70%;12,60%;12,60%;12,60%;12,60%;12,60%;12,60%;12,60%;12,60%;12,60%;12,50%;12,50%;12,50%;12,50%;12,50%;12,50%;12,50%;12,40%;12,40%;12,40%;12,40%;12,40%;12,30%;12,30%;12,30%;12,20%;12,20%;12,20%;12,10%;12,10%;12,10%;12,00%;12,00%;12,00%;11,90%;11,90%;11,90%;11,90%;11,90%;11,90%;11,80%;11,80%;11,80%;11,80%;11,80%;11,80%;11,70%;11,70%;11,70%;11,70%;11,70%;11,60%;11,60%;11,60%;11,60%;11,60%;11,60%
521205;JESUPOLIS;19,10%;19,10%;19,00%;19,00%;18,90%;18,90%;18,80%;18,70%;18,70%;18,60%;18,60%;18,50%;18,40%;18,40%;18,30%;18,30%;18,30%;18,20%;18,20%;18,10%;18,10%;18,00%;18,00%;17,90%;17,90%;17,80%;17,80%;17,80%;17,70%;17,70%;17,70%;17,60%;17,60%;17,60%;17,50%;17,50%;17,50%;17,40%;17,40%;17,40%;17,30%;17,30%;17,30%;17,20%;17,20%;17,10%;17,10%;17,10%;17,00%;17,00%;17,00%;16,90%;16,90%;16,80%;16,80%;16,80%;16,70%;16,70%;16,70%;16,60%;16,60%;16,40%;16,40%;16,40%;16,30%;16,30%;16,30%;16,30%;16,30%;16,20%;16,20%;16,20%;16,40%;16,40%;16,40%;16,40%;16,30%;16,30%;16,30%;16,30%;16,30%;16,20%;16,20%;16,20%;16,20%;16,20%;16,20%;16,10%;16,10%;16,10%;16,10%;16,10%;16,10%;16,10%;16,10%;16,00%;16,00%;16,00%;16,00%;16,00%;16,00%;16,00%;16,00%;16,00%;16,00%;16,00%;16,00%;16,00%;15,90%;15,90%;15,90%;15,90%;15,90%;15,90%;15,90%;15,90%;15,90%;15,90%;15,90%;15,90%;15,90%;15,80%;15,80%;15,80%;15,80%;15,80%;15,80%;15,80%;15,80%;15,80%;15,80%;15,80%;15,80%;15,80%;15,80%;15,80%;15,80%;15,80%;15,80%;15,80%;15,70%;15,70%;15,70%;15,70%;15,70%;15,70%;15,70%;15,70%;15,70%;15,60%;15,60%;15,60%;15,60%;15,60%;15,60%;15,60%;15,60%;15,50%;15,50%;15,40%;15,40%;15,40%;15,30%;15,30%;15,30%;15,20%;15,20%;15,10%;15,10%;15,00%;15,00%;14,90%;14,90%;14,80%;14,80%;14,70%;14,70%;14,60%;14,60%;14,50%;14,50%;14,50%;14,40%;14,40%;14,30%;14,30%;14,20%;14,20%;14,10%;14,10%;14,00%;14,00%;13,90%;13,90%;13,80%;13,80%;13,70%;13,70%;13,60%;13,60%;13,50%;13,50%;13,40%;13,40%;13,30%
521210;JOVIANIA;18,10%;18,10%;18,10%;18,00%;18,00%;18,00%;17,90%;17,90%;17,90%;17,80%;17,80%;17,80%;17,70%;17,70%;17,70%;17,60%;17,60%;17,60%;17,50%;17,50%;17,50%;17,40%;17,40%;17,30%;17,30%;17,30%;17,20%;17,20%;17,20%;17,10%;17,10%;17,10%;17,00%;17,00%;16,90%;16,90%;16,90%;16,80%;16,80%;16,80%;16,70%;16,70%;16,60%;16,60%;16,60%;16,50%;16,50%;16,50%;16,40%;16,40%;16,40%;16,30%;16,30%;16,30%;16,20%;16,20%;16,20%;16,20%;16,10%;16,10%;16,10%;15,80%;15,70%;15,70%;15,70%;15,70%;15,70%;15,60%;15,60%;15,60%;15,60%;15,50%;15,80%;15,80%;15,70%;15,70%;15,70%;15,70%;15,70%;15,60%;15,60%;15,60%;15,60%;15,50%;15,50%;15,50%;15,50%;15,50%;15,40%;15,40%;15,40%;15,40%;15,30%;15,30%;15,30%;15,30%;15,30%;15,30%;15,20%;15,20%;15,20%;15,20%;15,20%;15,20%;15,20%;15,20%;15,20%;15,20%;15,20%;15,10%;15,10%;15,10%;15,10%;15,10%;15,10%;15,10%;15,10%;15,10%;15,10%;15,10%;15,00%;15,00%;15,00%;15,00%;15,00%;15,00%;15,00%;15,00%;15,10%;15,10%;15,10%;15,10%;15,10%;15,10%;15,00%;15,00%;15,00%;15,00%;15,00%;15,00%;15,00%;15,00%;15,00%;15,00%;15,00%;15,00%;15,00%;15,00%;15,00%;15,00%;15,00%;15,00%;15,00%;14,90%;14,90%;14,90%;14,90%;14,90%;14,90%;14,90%;14,90%;14,90%;14,90%;14,90%;14,80%;14,80%;14,80%;14,80%;14,80%;14,80%;14,80%;14,80%;14,70%;14,70%;14,70%;14,70%;14,70%;14,70%;14,70%;14,70%;14,60%;14,60%;14,60%;14,60%;14,60%;14,60%;14,50%;14,50%;14,50%;14,50%;14,50%;14,50%;14,40%;14,40%;14,40%;14,40%;14,40%;14,40%;14,40%;14,30%;14,30%;14,30%;14,30%;14,30%;14,30%
521220;JUSSARA;17,90%;17,80%;17,80%;17,70%;17,70%;17,70%;17,60%;17,60%;17,50%;17,50%;17,40%;17,40%;17,30%;17,30%;17,20%;17,20%;17,10%;17,10%;17,00%;16,90%;16,90%;16,80%;16,80%;16,70%;16,70%;16,60%;16,60%;16,50%;16,50%;16,40%;16,40%;16,30%;16,30%;16,20%;16,20%;16,10%;16,10%;16,00%;16,00%;15,90%;15,90%;15,90%;15,80%;15,80%;15,70%;15,70%;15,60%;15,60%;15,60%;15,50%;15,50%;15,50%;15,40%;15,40%;15,40%;15,30%;15,30%;15,30%;15,20%;15,20%;15,20%;14,90%;14,80%;14,80%;14,80%;14,80%;14,80%;14,70%;14,70%;14,70%;14,70%;14,70%;14,90%;14,90%;14,80%;14,80%;14,80%;14,80%;14,80%;14,70%;14,70%;14,70%;14,70%;14,70%;14,60%;14,60%;14,60%;14,60%;14,60%;14,60%;14,50%;14,50%;14,50%;14,50%;14,50%;14,50%;14,50%;14,40%;14,40%;14,40%;14,40%;14,40%;14,40%;14,40%;14,40%;14,40%;14,40%;14,40%;14,40%;14,40%;14,40%;14,40%;14,40%;14,40%;14,40%;14,40%;14,40%;14,40%;14,40%;14,50%;14,50%;14,50%;14,50%;14,50%;14,50%;14,50%;14,50%;14,50%;14,50%;14,50%;14,50%;14,50%;14,60%;14,60%;14,60%;14,60%;14,60%;14,60%;14,60%;14,60%;14,60%;14,60%;14,60%;14,60%;14,60%;14,60%;14,60%;14,60%;14,60%;14,60%;14,60%;14,60%;14,60%;14,60%;14,60%;14,60%;14,60%;14,60%;14,60%;14,60%;14,50%;14,50%;14,50%;14,50%;14,50%;14,50%;14,50%;14,40%;14,40%;14,40%;14,40%;14,30%;14,30%;14,30%;14,30%;14,20%;14,20%;14,20%;14,20%;14,10%;14,10%;14,10%;14,10%;14,00%;14,00%;14,00%;13,90%;13,90%;13,90%;13,90%;13,80%;13,80%;13,80%;13,80%;13,70%;13,70%;13,70%;13,60%;13,60%;13,60%;13,60%;13,50%;13,50%;13,50%;13,50%
521225;LAGOA SANTA;18,40%;18,40%;18,30%;18,30%;18,20%;18,10%;18,10%;18,00%;18,00%;17,90%;17,80%;17,80%;17,70%;17,70%;17,60%;17,50%;17,50%;17,40%;17,30%;17,30%;17,20%;17,10%;17,10%;17,00%;17,00%;16,90%;16,80%;16,80%;16,70%;16,60%;16,60%;16,50%;16,40%;16,40%;16,30%;16,20%;16,20%;16,10%;16,10%;16,10%;16,00%;16,00%;16,00%;15,90%;15,90%;15,90%;15,80%;15,80%;15,70%;15,70%;15,70%;15,70%;15,70%;15,70%;15,70%;15,70%;15,70%;15,70%;15,70%;15,70%;15,70%;15,50%;15,50%;15,50%;15,40%;15,40%;15,40%;15,40%;15,40%;15,30%;15,30%;15,30%;15,50%;15,50%;15,50%;15,50%;15,40%;15,40%;15,40%;15,40%;15,40%;15,30%;15,30%;15,30%;15,30%;15,30%;15,30%;15,20%;15,20%;15,20%;15,20%;15,20%;15,10%;15,10%;15,10%;15,10%;15,10%;15,10%;15,20%;15,20%;15,30%;15,40%;15,40%;15,50%;15,50%;15,60%;15,60%;15,70%;15,70%;15,80%;15,80%;15,80%;15,90%;15,90%;16,00%;16,00%;16,00%;16,10%;16,10%;16,10%;16,20%;16,20%;16,30%;16,30%;16,40%;16,40%;16,50%;16,50%;16,50%;16,60%;16,60%;16,70%;16,70%;16,80%;16,90%;16,90%;17,00%;17,10%;17,10%;17,20%;17,30%;17,30%;17,40%;17,50%;17,50%;17,60%;17,60%;17,60%;17,70%;17,70%;17,70%;17,80%;17,80%;17,80%;17,80%;17,90%;17,90%;17,90%;17,90%;17,90%;17,90%;17,90%;17,80%;17,80%;17,80%;17,80%;17,80%;17,80%;17,80%;17,80%;17,80%;17,70%;17,70%;17,70%;17,70%;17,70%;17,70%;17,60%;17,60%;17,60%;17,60%;17,60%;17,60%;17,60%;17,60%;17,60%;17,60%;17,60%;17,60%;17,60%;17,60%;17,60%;17,60%;17,60%;17,60%;17,60%;17,60%;17,60%;17,60%;17,60%;17,60%;17,70%;17,70%;17,70%;17,70%
521230;LEOPOLDO DE BULHOES;19,70%;19,70%;19,60%;19,60%;19,60%;19,50%;19,50%;19,40%;19,40%;19,30%;19,30%;19,30%;19,20%;19,20%;19,10%;19,10%;19,00%;19,00%;18,90%;18,90%;18,80%;18,80%;18,70%;18,70%;18,70%;18,60%;18,60%;18,50%;18,50%;18,40%;18,40%;18,30%;18,30%;18,20%;18,20%;18,10%;18,10%;18,10%;18,00%;18,00%;17,90%;17,90%;17,80%;17,80%;17,80%;17,70%;17,70%;17,60%;17,60%;17,60%;17,50%;17,50%;17,50%;17,40%;17,40%;17,40%;17,30%;17,30%;17,30%;17,20%;17,20%;16,90%;16,80%;16,80%;16,80%;16,80%;16,70%;16,70%;16,70%;16,70%;16,60%;16,60%;16,90%;16,90%;16,80%;16,80%;16,80%;16,80%;16,70%;16,70%;16,70%;16,70%;16,60%;16,60%;16,60%;16,60%;16,50%;16,50%;16,50%;16,50%;16,40%;16,40%;16,40%;16,40%;16,30%;16,30%;16,30%;16,30%;16,30%;16,30%;16,20%;16,20%;16,20%;16,20%;16,20%;16,20%;16,10%;16,10%;16,10%;16,10%;16,10%;16,10%;16,10%;16,00%;16,00%;16,00%;16,00%;16,00%;16,00%;16,00%;16,00%;16,00%;15,90%;15,90%;15,90%;15,90%;15,90%;15,90%;15,90%;15,90%;15,80%;15,80%;15,80%;15,80%;15,80%;15,80%;15,80%;15,80%;15,70%;15,70%;15,70%;15,70%;15,70%;15,70%;15,70%;15,70%;15,60%;15,60%;15,60%;15,60%;15,60%;15,60%;15,60%;15,60%;15,50%;15,50%;15,50%;15,50%;15,50%;15,40%;15,40%;15,40%;15,40%;15,30%;15,30%;15,30%;15,30%;15,30%;15,20%;15,20%;15,20%;15,20%;15,10%;15,10%;15,10%;15,10%;15,10%;15,00%;15,00%;15,00%;15,00%;14,90%;14,90%;14,90%;14,90%;14,80%;14,80%;14,80%;14,80%;14,70%;14,70%;14,70%;14,70%;14,60%;14,60%;14,60%;14,60%;14,50%;14,50%;14,50%;14,40%;14,40%;14,40%;14,40%;14,30%
521250;LUZIANIA;24,40%;24,30%;24,20%;24,20%;24,10%;24,10%;24,00%;23,90%;23,90%;23,80%;23,80%;23,70%;23,60%;23,60%;23,50%;23,50%;23,40%;23,40%;23,30%;23,30%;23,20%;23,20%;23,10%;23,10%;23,00%;23,00%;22,90%;22,90%;22,80%;22,80%;22,70%;22,70%;22,60%;22,60%;22,50%;22,50%;22,40%;22,40%;22,30%;22,30%;22,20%;22,20%;22,20%;22,10%;22,10%;22,00%;22,00%;21,90%;21,90%;21,90%;21,80%;21,80%;21,80%;21,70%;21,70%;21,60%;21,60%;21,60%;21,50%;21,50%;21,50%;21,10%;21,00%;21,00%;21,00%;20,90%;20,90%;20,90%;20,90%;20,80%;20,80%;20,80%;21,10%;21,10%;21,00%;21,00%;21,00%;20,90%;20,90%;20,90%;20,80%;20,80%;20,80%;20,80%;20,70%;20,70%;20,70%;20,60%;20,60%;20,60%;20,50%;20,50%;20,50%;20,40%;20,40%;20,40%;20,30%;20,30%;20,30%;20,30%;20,20%;20,20%;20,20%;20,10%;20,10%;20,10%;20,10%;20,00%;20,00%;20,00%;20,00%;19,90%;19,90%;19,90%;19,90%;19,80%;19,80%;19,80%;19,80%;19,70%;19,70%;19,70%;19,60%;19,60%;19,60%;19,60%;19,50%;19,50%;19,50%;19,50%;19,40%;19,40%;19,40%;19,40%;19,30%;19,30%;19,30%;19,30%;19,20%;19,20%;19,20%;19,20%;19,10%;19,10%;19,10%;19,10%;19,00%;19,00%;19,00%;19,00%;18,90%;18,90%;18,90%;18,90%;18,90%;18,80%;18,80%;18,80%;18,80%;18,70%;18,70%;18,70%;18,70%;18,60%;18,60%;18,60%;18,60%;18,60%;18,50%;18,50%;18,50%;18,50%;18,40%;18,40%;18,40%;18,40%;18,30%;18,30%;18,30%;18,20%;18,20%;18,20%;18,20%;18,10%;18,10%;18,10%;18,10%;18,00%;18,00%;18,00%;18,00%;17,90%;17,90%;17,90%;17,90%;17,80%;17,80%;17,80%;17,80%;17,70%;17,70%;17,70%;17,70%;17,60%;17,60%
521260;MAIRIPOTABA;15,80%;15,70%;15,70%;15,70%;15,60%;15,60%;15,60%;15,50%;15,50%;15,40%;15,40%;15,40%;15,30%;15,30%;15,30%;15,20%;15,20%;15,10%;15,10%;15,10%;15,00%;15,00%;15,00%;14,90%;14,90%;14,90%;14,90%;14,80%;14,80%;14,80%;14,70%;14,70%;14,70%;14,60%;14,60%;14,60%;14,60%;14,50%;14,50%;14,40%;14,40%;14,40%;14,30%;14,30%;14,30%;14,20%;14,20%;14,20%;14,10%;14,10%;14,10%;14,10%;14,00%;14,00%;14,00%;14,00%;13,90%;13,90%;13,90%;13,80%;13,80%;13,60%;13,60%;13,50%;13,50%;13,50%;13,50%;13,40%;13,40%;13,40%;13,40%;13,30%;13,60%;13,60%;13,50%;13,50%;13,50%;13,50%;13,50%;13,40%;13,40%;13,40%;13,40%;13,30%;13,30%;13,30%;13,30%;13,20%;13,20%;13,20%;13,20%;13,10%;13,10%;13,10%;13,10%;13,00%;13,00%;13,00%;13,00%;13,00%;13,00%;13,00%;13,00%;13,00%;13,00%;13,00%;13,00%;13,00%;13,00%;13,00%;12,90%;12,90%;12,90%;12,90%;12,90%;12,90%;12,80%;12,80%;12,80%;12,80%;12,80%;12,70%;12,70%;12,70%;12,70%;12,70%;12,70%;12,70%;12,70%;12,70%;12,70%;12,60%;12,60%;12,60%;12,60%;12,60%;12,60%;12,60%;12,60%;12,60%;12,60%;12,60%;12,60%;12,60%;12,60%;12,50%;12,50%;12,50%;12,50%;12,50%;12,40%;12,40%;12,40%;12,40%;12,40%;12,30%;12,30%;12,30%;12,30%;12,30%;12,20%;12,20%;12,20%;12,20%;12,20%;12,20%;12,10%;12,10%;12,10%;12,10%;12,10%;12,00%;12,00%;12,00%;12,00%;12,00%;12,00%;11,90%;11,90%;11,90%;11,90%;11,80%;11,80%;11,80%;11,70%;11,70%;11,60%;11,60%;11,50%;11,50%;11,40%;11,40%;11,40%;11,30%;11,30%;11,20%;11,20%;11,20%;11,10%;11,10%;11,00%;11,00%;10,90%;10,90%;10,90%
521270;MAMBAI;25,00%;25,00%;24,90%;24,90%;24,90%;24,80%;24,80%;24,70%;24,70%;24,70%;24,60%;24,60%;24,60%;24,50%;24,50%;24,40%;24,40%;24,30%;24,30%;24,20%;24,20%;24,20%;24,10%;24,10%;24,00%;24,00%;23,90%;23,90%;23,80%;23,80%;23,70%;23,70%;23,60%;23,60%;23,60%;23,50%;23,50%;23,40%;23,40%;23,30%;23,30%;23,20%;23,20%;23,10%;23,10%;23,00%;23,00%;22,90%;22,90%;22,90%;22,80%;22,80%;22,70%;22,70%;22,70%;22,60%;22,60%;22,60%;22,50%;22,50%;22,40%;22,00%;22,00%;21,90%;21,90%;21,90%;21,80%;21,80%;21,80%;21,70%;21,70%;21,70%;22,00%;22,00%;22,00%;21,90%;21,90%;21,90%;21,80%;21,80%;21,80%;21,70%;21,70%;21,70%;21,60%;21,60%;21,60%;21,50%;21,50%;21,50%;21,40%;21,40%;21,40%;21,30%;21,30%;21,30%;21,20%;21,20%;21,20%;21,20%;21,20%;21,10%;21,10%;21,10%;21,10%;21,00%;21,00%;21,00%;21,00%;20,90%;20,90%;20,90%;20,90%;20,90%;20,90%;20,80%;20,80%;20,80%;20,80%;20,80%;20,70%;20,70%;20,70%;20,70%;20,70%;20,70%;20,60%;20,60%;20,60%;20,60%;20,60%;20,50%;20,50%;20,50%;20,50%;20,50%;20,50%;20,50%;20,50%;20,40%;20,40%;20,40%;20,40%;20,40%;20,40%;20,40%;20,40%;20,30%;20,30%;20,30%;20,30%;20,30%;20,30%;20,30%;20,30%;20,30%;20,30%;20,20%;20,20%;20,20%;20,20%;20,20%;20,20%;20,20%;20,20%;20,20%;20,10%;20,10%;20,10%;20,10%;20,10%;20,10%;20,10%;20,10%;20,10%;20,10%;20,00%;20,00%;20,00%;20,00%;20,00%;20,00%;20,00%;20,00%;20,00%;20,00%;20,00%;20,00%;20,00%;20,00%;19,90%;19,90%;19,90%;19,90%;19,90%;19,90%;19,90%;19,90%;19,90%;19,90%;19,90%;19,90%;19,90%;19,90%;19,90%
521280;MARA ROSA;18,60%;18,60%;18,50%;18,50%;18,40%;18,40%;18,30%;18,30%;18,20%;18,20%;18,10%;18,10%;18,00%;18,00%;18,00%;17,90%;17,90%;17,80%;17,80%;17,80%;17,70%;17,70%;17,60%;17,60%;17,50%;17,50%;17,50%;17,40%;17,40%;17,30%;17,30%;17,20%;17,20%;17,10%;17,10%;17,10%;17,00%;17,00%;16,90%;16,90%;16,90%;16,80%;16,80%;16,70%;16,70%;16,70%;16,60%;16,60%;16,50%;16,50%;16,50%;16,40%;16,40%;16,40%;16,30%;16,30%;16,30%;16,30%;16,20%;16,20%;16,20%;15,80%;15,70%;15,70%;15,70%;15,70%;15,70%;15,60%;15,60%;15,60%;15,60%;15,50%;15,80%;15,80%;15,80%;15,70%;15,70%;15,70%;15,70%;15,60%;15,60%;15,60%;15,60%;15,50%;15,50%;15,50%;15,50%;15,40%;15,40%;15,40%;15,40%;15,40%;15,30%;15,30%;15,30%;15,30%;15,20%;15,20%;15,20%;15,20%;15,20%;15,20%;15,20%;15,20%;15,20%;15,10%;15,10%;15,10%;15,10%;15,10%;15,10%;15,10%;15,10%;15,10%;15,10%;15,10%;15,10%;15,10%;15,10%;15,10%;15,10%;15,10%;15,10%;15,10%;15,10%;15,10%;15,10%;15,10%;15,10%;15,10%;15,10%;15,10%;15,10%;15,10%;15,10%;15,10%;15,10%;15,10%;15,10%;15,10%;15,10%;15,10%;15,10%;15,10%;15,10%;15,10%;15,10%;15,10%;15,10%;15,10%;15,10%;15,10%;15,10%;15,10%;15,00%;15,00%;15,00%;15,00%;15,00%;15,00%;15,00%;15,00%;15,00%;15,00%;15,00%;15,00%;14,90%;14,90%;14,90%;14,90%;14,90%;14,90%;14,90%;14,80%;14,80%;14,80%;14,80%;14,80%;14,80%;14,70%;14,70%;14,70%;14,70%;14,70%;14,70%;14,60%;14,60%;14,60%;14,60%;14,60%;14,60%;14,60%;14,50%;14,50%;14,50%;14,50%;14,50%;14,50%;14,50%;14,40%;14,40%;14,40%;14,40%;14,40%;14,40%
521290;MARZAGAO;18,90%;18,90%;18,80%;18,70%;18,70%;18,60%;18,50%;18,50%;18,40%;18,40%;18,30%;18,20%;18,20%;18,10%;18,10%;18,10%;18,00%;18,00%;18,00%;17,90%;17,90%;17,90%;17,80%;17,80%;17,80%;17,70%;17,70%;17,60%;17,60%;17,50%;17,50%;17,40%;17,40%;17,40%;17,30%;17,30%;17,20%;17,20%;17,20%;17,20%;17,20%;17,20%;17,10%;17,10%;17,10%;17,10%;17,10%;17,10%;17,10%;17,10%;17,00%;17,00%;17,00%;17,00%;17,00%;17,00%;17,00%;17,00%;16,90%;16,90%;16,90%;16,90%;16,90%;16,90%;16,90%;16,90%;16,80%;16,80%;16,80%;16,80%;16,80%;16,80%;16,90%;16,90%;16,90%;16,90%;16,90%;16,80%;16,80%;16,80%;16,80%;16,80%;16,80%;16,80%;16,80%;16,80%;16,80%;16,80%;16,80%;16,80%;16,80%;16,80%;16,80%;16,80%;16,80%;16,80%;16,80%;16,80%;16,80%;16,70%;16,70%;16,70%;16,70%;16,70%;16,70%;16,70%;16,70%;16,70%;16,70%;16,70%;16,70%;16,70%;16,70%;16,70%;16,70%;16,60%;16,60%;16,60%;16,60%;16,60%;16,60%;16,60%;16,60%;16,60%;16,60%;16,60%;16,70%;16,70%;16,70%;16,70%;16,70%;16,70%;16,70%;16,70%;16,70%;16,70%;16,70%;16,70%;16,70%;16,60%;16,60%;16,60%;16,60%;16,60%;16,60%;16,60%;16,60%;16,60%;16,60%;16,60%;16,60%;16,60%;16,60%;16,60%;16,60%;16,60%;16,60%;16,60%;16,60%;16,60%;16,60%;16,60%;16,50%;16,50%;16,50%;16,50%;16,50%;16,50%;16,50%;16,50%;16,50%;16,50%;16,50%;16,50%;16,50%;16,50%;16,40%;16,40%;16,40%;16,40%;16,40%;16,40%;16,40%;16,40%;16,40%;16,40%;16,50%;16,50%;16,50%;16,50%;16,50%;16,50%;16,50%;16,50%;16,50%;16,50%;16,50%;16,50%;16,50%;16,50%;16,50%;16,50%;16,50%;16,50%;16,50%
521295;MATRINCHA;18,90%;18,90%;18,80%;18,80%;18,70%;18,60%;18,60%;18,50%;18,50%;18,40%;18,40%;18,30%;18,20%;18,20%;18,10%;18,00%;18,00%;17,90%;17,90%;17,80%;17,70%;17,70%;17,60%;17,50%;17,50%;17,40%;17,30%;17,30%;17,20%;17,20%;17,10%;17,00%;17,00%;16,90%;16,80%;16,80%;16,70%;16,70%;16,60%;16,60%;16,50%;16,50%;16,40%;16,40%;16,30%;16,20%;16,20%;16,10%;16,10%;16,00%;16,00%;16,00%;15,90%;15,90%;15,80%;15,80%;15,80%;15,70%;15,70%;15,60%;15,60%;15,20%;15,10%;15,10%;15,10%;15,00%;15,00%;15,00%;14,90%;14,90%;14,90%;14,80%;15,20%;15,20%;15,10%;15,10%;15,10%;15,00%;15,00%;15,00%;14,90%;14,90%;14,90%;14,80%;14,80%;14,80%;14,70%;14,70%;14,70%;14,60%;14,60%;14,60%;14,50%;14,50%;14,50%;14,40%;14,40%;14,40%;14,40%;14,40%;14,40%;14,40%;14,40%;14,30%;14,30%;14,30%;14,30%;14,30%;14,30%;14,30%;14,30%;14,30%;14,30%;14,30%;14,20%;14,20%;14,20%;14,20%;14,20%;14,20%;14,20%;14,20%;14,20%;14,20%;14,20%;14,20%;14,20%;14,20%;14,20%;14,20%;14,20%;14,20%;14,20%;14,20%;14,20%;14,20%;14,20%;14,20%;14,20%;14,20%;14,20%;14,20%;14,20%;14,20%;14,20%;14,20%;14,20%;14,20%;14,10%;14,10%;14,10%;14,10%;14,10%;14,10%;14,10%;14,10%;14,10%;14,10%;14,10%;14,10%;14,00%;14,00%;14,00%;14,00%;14,00%;13,90%;13,90%;13,90%;13,90%;13,80%;13,80%;13,80%;13,70%;13,70%;13,70%;13,60%;13,60%;13,60%;13,50%;13,50%;13,50%;13,40%;13,40%;13,30%;13,30%;13,30%;13,20%;13,20%;13,10%;13,10%;13,10%;13,00%;13,00%;12,90%;12,90%;12,90%;12,80%;12,80%;12,70%;12,70%;12,70%;12,60%;12,60%;12,50%;12,50%
521300;MAURILANDIA;22,40%;22,40%;22,40%;22,40%;22,30%;22,30%;22,30%;22,20%;22,20%;22,20%;22,20%;22,10%;22,10%;22,10%;22,00%;22,00%;22,00%;21,90%;21,90%;21,90%;21,80%;21,80%;21,80%;21,80%;21,70%;21,70%;21,70%;21,60%;21,60%;21,50%;21,50%;21,50%;21,40%;21,40%;21,40%;21,30%;21,30%;21,30%;21,20%;21,20%;21,20%;21,10%;21,10%;21,10%;21,00%;21,00%;21,00%;20,90%;20,90%;20,90%;20,80%;20,80%;20,80%;20,70%;20,70%;20,70%;20,70%;20,60%;20,60%;20,60%;20,50%;20,10%;20,10%;20,10%;20,00%;20,00%;20,00%;20,00%;19,90%;19,90%;19,90%;19,80%;20,20%;20,10%;20,10%;20,10%;20,00%;20,00%;20,00%;20,00%;19,90%;19,90%;19,90%;19,80%;19,80%;19,80%;19,80%;19,70%;19,70%;19,70%;19,60%;19,60%;19,60%;19,60%;19,50%;19,50%;19,50%;19,40%;19,40%;19,40%;19,30%;19,30%;19,20%;19,20%;19,20%;19,10%;19,10%;19,10%;19,00%;19,00%;19,00%;18,90%;18,90%;18,90%;18,80%;18,80%;18,80%;18,70%;18,70%;18,70%;18,70%;18,60%;18,60%;18,60%;18,50%;18,50%;18,50%;18,40%;18,40%;18,40%;18,30%;18,30%;18,30%;18,20%;18,20%;18,20%;18,10%;18,10%;18,10%;18,00%;18,00%;18,00%;17,90%;17,90%;17,90%;17,80%;17,80%;17,70%;17,70%;17,70%;17,60%;17,60%;17,60%;17,50%;17,50%;17,50%;17,40%;17,40%;17,30%;17,30%;17,20%;17,20%;17,20%;17,10%;17,10%;17,00%;17,00%;16,90%;16,90%;16,90%;16,80%;16,80%;16,70%;16,70%;16,70%;16,60%;16,60%;16,60%;16,50%;16,50%;16,40%;16,40%;16,30%;16,30%;16,30%;16,20%;16,20%;16,10%;16,10%;16,00%;16,00%;15,90%;15,90%;15,90%;15,80%;15,80%;15,70%;15,70%;15,60%;15,60%;15,50%;15,50%;15,40%;15,40%;15,40%
521305;MIMOSO DE GOIAS;21,00%;21,00%;20,90%;20,80%;20,80%;20,70%;20,60%;20,60%;20,50%;20,40%;20,40%;20,30%;20,20%;20,20%;20,10%;20,00%;20,00%;19,90%;19,80%;19,80%;19,70%;19,60%;19,60%;19,50%;19,40%;19,40%;19,30%;19,20%;19,20%;19,10%;19,00%;19,00%;18,90%;18,80%;18,80%;18,70%;18,60%;18,60%;18,50%;18,50%;18,40%;18,40%;18,30%;18,30%;18,20%;18,20%;18,10%;18,00%;18,00%;18,00%;17,90%;17,90%;17,80%;17,80%;17,80%;17,70%;17,70%;17,60%;17,60%;17,60%;17,50%;17,10%;17,00%;17,00%;17,00%;17,00%;17,00%;16,90%;16,90%;16,90%;16,90%;16,80%;17,10%;17,10%;17,00%;17,00%;17,00%;17,00%;17,00%;16,90%;16,90%;16,90%;16,90%;16,90%;16,80%;16,80%;16,80%;16,80%;16,70%;16,70%;16,70%;16,70%;16,60%;16,60%;16,60%;16,60%;16,50%;16,50%;16,50%;16,50%;16,50%;16,40%;16,40%;16,40%;16,40%;16,40%;16,40%;16,40%;16,30%;16,30%;16,30%;16,30%;16,30%;16,30%;16,30%;16,30%;16,30%;16,30%;16,20%;16,20%;16,20%;16,20%;16,20%;16,20%;16,20%;16,20%;16,20%;16,30%;16,30%;16,30%;16,30%;16,30%;16,30%;16,30%;16,30%;16,20%;16,20%;16,20%;16,20%;16,20%;16,20%;16,20%;16,20%;16,20%;16,20%;16,20%;16,10%;16,10%;16,10%;16,10%;16,10%;16,00%;16,00%;16,00%;16,00%;16,00%;15,90%;15,90%;15,90%;15,90%;15,90%;15,90%;15,90%;15,90%;15,90%;15,90%;15,80%;15,80%;15,80%;15,80%;15,70%;15,70%;15,70%;15,60%;15,60%;15,50%;15,50%;15,50%;15,40%;15,40%;15,30%;15,30%;15,30%;15,30%;15,30%;15,20%;15,20%;15,20%;15,20%;15,10%;15,10%;15,10%;15,10%;15,10%;15,00%;15,00%;15,00%;15,00%;14,90%;14,90%;14,90%;14,90%;14,90%;14,80%;14,80%
521308;MINACU;19,60%;19,50%;19,50%;19,40%;19,30%;19,30%;19,20%;19,20%;19,10%;19,00%;19,00%;18,90%;18,80%;18,80%;18,70%;18,70%;18,60%;18,50%;18,50%;18,40%;18,40%;18,30%;18,20%;18,20%;18,10%;18,00%;18,00%;17,90%;17,90%;17,80%;17,80%;17,70%;17,60%;17,60%;17,50%;17,50%;17,40%;17,40%;17,30%;17,30%;17,20%;17,20%;17,10%;17,10%;17,00%;17,00%;16,90%;16,90%;16,80%;16,80%;16,80%;16,70%;16,70%;16,70%;16,60%;16,60%;16,50%;16,50%;16,50%;16,40%;16,40%;16,00%;16,00%;16,00%;16,00%;15,90%;15,90%;15,90%;15,90%;15,80%;15,80%;15,80%;16,10%;16,00%;16,00%;16,00%;16,00%;15,90%;15,90%;15,90%;15,90%;15,80%;15,80%;15,80%;15,80%;15,70%;15,70%;15,70%;15,70%;15,70%;15,60%;15,60%;15,60%;15,60%;15,60%;15,50%;15,50%;15,50%;15,50%;15,50%;15,50%;15,50%;15,50%;15,50%;15,50%;15,40%;15,40%;15,40%;15,40%;15,40%;15,40%;15,40%;15,40%;15,40%;15,40%;15,40%;15,40%;15,40%;15,40%;15,40%;15,40%;15,40%;15,40%;15,50%;15,50%;15,50%;15,50%;15,50%;15,50%;15,50%;15,50%;15,50%;15,50%;15,50%;15,50%;15,50%;15,50%;15,50%;15,50%;15,50%;15,50%;15,50%;15,50%;15,50%;15,50%;15,50%;15,50%;15,50%;15,50%;15,50%;15,50%;15,50%;15,50%;15,50%;15,50%;15,40%;15,40%;15,40%;15,40%;15,40%;15,40%;15,30%;15,30%;15,30%;15,30%;15,30%;15,20%;15,20%;15,20%;15,20%;15,10%;15,10%;15,00%;15,00%;15,00%;14,90%;14,90%;14,90%;14,80%;14,80%;14,70%;14,70%;14,70%;14,60%;14,60%;14,50%;14,50%;14,50%;14,40%;14,40%;14,40%;14,30%;14,30%;14,20%;14,20%;14,20%;14,10%;14,10%;14,00%;14,00%;14,00%;13,90%;13,90%;13,80%;13,80%
521310;MINEIROS;19,20%;19,20%;19,20%;19,10%;19,10%;19,10%;19,00%;19,00%;19,00%;18,90%;18,90%;18,90%;18,80%;18,80%;18,80%;18,80%;18,80%;18,70%;18,70%;18,70%;18,70%;18,70%;18,60%;18,60%;18,60%;18,60%;18,60%;18,50%;18,50%;18,50%;18,50%;18,50%;18,50%;18,40%;18,40%;18,40%;18,40%;18,40%;18,40%;18,40%;18,40%;18,30%;18,30%;18,30%;18,30%;18,30%;18,30%;18,30%;18,30%;18,30%;18,20%;18,20%;18,20%;18,20%;18,20%;18,20%;18,20%;18,20%;18,20%;18,20%;18,20%;18,20%;18,20%;18,20%;18,20%;18,20%;18,20%;18,20%;18,20%;18,20%;18,20%;18,20%;18,20%;18,20%;18,20%;18,20%;18,20%;18,20%;18,20%;18,20%;18,20%;18,20%;18,20%;18,20%;18,20%;18,20%;18,20%;18,20%;18,20%;18,20%;18,20%;18,20%;18,20%;18,20%;18,20%;18,20%;18,10%;18,10%;18,10%;18,10%;18,10%;18,10%;18,10%;18,10%;18,10%;18,10%;18,10%;18,10%;18,10%;18,10%;18,10%;18,10%;18,10%;18,10%;18,10%;18,10%;18,10%;18,10%;18,10%;18,10%;18,10%;18,10%;18,10%;18,10%;18,10%;18,10%;18,10%;18,10%;18,10%;18,10%;18,10%;18,10%;18,10%;18,10%;18,10%;18,10%;18,10%;18,10%;18,00%;18,00%;18,00%;18,00%;18,00%;18,00%;18,00%;18,00%;18,00%;18,00%;18,00%;18,00%;18,00%;18,00%;18,00%;18,00%;18,00%;18,00%;18,00%;18,00%;18,00%;18,00%;18,00%;18,00%;18,00%;18,00%;17,90%;17,90%;17,90%;17,90%;17,90%;17,90%;17,90%;17,90%;17,90%;17,90%;17,90%;17,90%;17,90%;17,90%;17,90%;17,90%;17,90%;17,90%;17,90%;17,80%;17,80%;17,80%;17,80%;17,80%;17,80%;17,80%;17,80%;17,80%;17,80%;17,80%;17,70%;17,70%;17,70%;17,70%;17,70%;17,70%;17,70%;17,70%;17,70%;17,70%;17,70%
521340;MOIPORA;15,90%;15,80%;15,80%;15,70%;15,60%;15,60%;15,50%;15,40%;15,40%;15,30%;15,20%;15,20%;15,10%;15,00%;15,00%;14,90%;14,80%;14,80%;14,70%;14,60%;14,50%;14,50%;14,40%;14,30%;14,30%;14,20%;14,20%;14,10%;14,10%;14,00%;14,00%;14,00%;13,90%;13,90%;13,80%;13,80%;13,70%;13,70%;13,70%;13,60%;13,60%;13,60%;13,50%;13,50%;13,50%;13,40%;13,40%;13,40%;13,30%;13,30%;13,30%;13,20%;13,20%;13,20%;13,20%;13,10%;13,10%;13,10%;13,10%;13,00%;13,00%;12,80%;12,70%;12,70%;12,70%;12,60%;12,60%;12,50%;12,50%;12,50%;12,40%;12,40%;12,80%;12,70%;12,70%;12,70%;12,60%;12,60%;12,60%;12,50%;12,50%;12,50%;12,40%;12,40%;12,40%;12,40%;12,30%;12,30%;12,30%;12,30%;12,30%;12,30%;12,30%;12,30%;12,30%;12,30%;12,20%;12,30%;12,30%;12,30%;12,30%;12,30%;12,30%;12,30%;12,30%;12,30%;12,30%;12,30%;12,30%;12,30%;12,30%;12,30%;12,30%;12,30%;12,30%;12,30%;12,30%;12,30%;12,30%;12,40%;12,40%;12,40%;12,40%;12,40%;12,40%;12,40%;12,40%;12,40%;12,40%;12,40%;12,40%;12,40%;12,40%;12,40%;12,40%;12,40%;12,40%;12,40%;12,40%;12,40%;12,50%;12,50%;12,50%;12,50%;12,50%;12,50%;12,50%;12,50%;12,50%;12,50%;12,50%;12,50%;12,50%;12,50%;12,50%;12,50%;12,50%;12,40%;12,40%;12,40%;12,40%;12,30%;12,30%;12,30%;12,30%;12,30%;12,20%;12,20%;12,20%;12,20%;12,10%;12,10%;12,10%;12,10%;12,00%;12,00%;12,00%;12,00%;11,90%;11,90%;11,90%;11,80%;11,80%;11,80%;11,80%;11,70%;11,70%;11,70%;11,70%;11,60%;11,60%;11,60%;11,60%;11,50%;11,50%;11,50%;11,50%;11,40%;11,40%;11,40%;11,30%;11,30%;11,30%;11,30%;11,20%
521350;MONTE ALEGRE DE GOIAS;24,30%;24,30%;24,20%;24,20%;24,10%;24,10%;24,10%;24,00%;24,00%;23,90%;23,90%;23,90%;23,80%;23,80%;23,80%;23,70%;23,70%;23,70%;23,60%;23,60%;23,60%;23,50%;23,50%;23,50%;23,40%;23,40%;23,30%;23,30%;23,30%;23,20%;23,20%;23,10%;23,10%;23,00%;23,00%;23,00%;22,90%;22,90%;22,90%;22,80%;22,80%;22,80%;22,70%;22,70%;22,70%;22,70%;22,60%;22,60%;22,60%;22,50%;22,50%;22,50%;22,40%;22,40%;22,40%;22,40%;22,30%;22,30%;22,30%;22,20%;22,20%;22,00%;22,00%;22,00%;21,90%;21,90%;21,90%;21,90%;21,80%;21,80%;21,80%;21,80%;22,00%;22,00%;22,00%;21,90%;21,90%;21,90%;21,90%;21,90%;21,80%;21,80%;21,80%;21,80%;21,70%;21,70%;21,70%;21,70%;21,70%;21,60%;21,60%;21,60%;21,60%;21,50%;21,50%;21,50%;21,50%;21,50%;21,40%;21,40%;21,40%;21,40%;21,40%;21,30%;21,30%;21,30%;21,30%;21,30%;21,20%;21,20%;21,20%;21,20%;21,20%;21,20%;21,10%;21,10%;21,10%;21,10%;21,10%;21,10%;21,10%;21,00%;21,00%;21,00%;21,00%;20,90%;20,90%;20,90%;20,90%;20,80%;20,80%;20,80%;20,80%;20,80%;20,70%;20,70%;20,70%;20,70%;20,70%;20,60%;20,60%;20,60%;20,60%;20,60%;20,60%;20,50%;20,50%;20,50%;20,40%;20,40%;20,40%;20,40%;20,30%;20,30%;20,30%;20,30%;20,20%;20,20%;20,20%;20,10%;20,10%;20,00%;20,00%;20,00%;19,90%;19,90%;19,80%;19,80%;19,80%;19,70%;19,70%;19,60%;19,60%;19,50%;19,50%;19,40%;19,40%;19,30%;19,30%;19,30%;19,20%;19,20%;19,10%;19,00%;19,00%;18,90%;18,90%;18,80%;18,80%;18,70%;18,70%;18,60%;18,50%;18,50%;18,40%;18,40%;18,30%;18,30%;18,20%;18,20%;18,10%;18,00%;18,00%;17,90%;17,90%
521370;MONTES CLAROS DE GOIAS;17,40%;17,30%;17,30%;17,20%;17,20%;17,10%;17,10%;17,00%;17,00%;16,90%;16,90%;16,80%;16,70%;16,70%;16,70%;16,60%;16,60%;16,50%;16,50%;16,40%;16,40%;16,30%;16,30%;16,20%;16,20%;16,10%;16,10%;16,10%;16,00%;16,00%;15,90%;15,90%;15,80%;15,80%;15,70%;15,70%;15,70%;15,60%;15,60%;15,50%;15,50%;15,50%;15,40%;15,40%;15,40%;15,30%;15,30%;15,20%;15,20%;15,20%;15,20%;15,10%;15,10%;15,10%;15,10%;15,00%;15,00%;15,00%;15,00%;14,90%;14,90%;14,60%;14,60%;14,60%;14,60%;14,60%;14,50%;14,50%;14,50%;14,50%;14,50%;14,40%;14,70%;14,60%;14,60%;14,60%;14,60%;14,60%;14,50%;14,50%;14,50%;14,50%;14,50%;14,40%;14,40%;14,40%;14,40%;14,40%;14,40%;14,40%;14,40%;14,40%;14,40%;14,30%;14,30%;14,30%;14,30%;14,30%;14,30%;14,30%;14,30%;14,30%;14,30%;14,30%;14,30%;14,30%;14,30%;14,30%;14,30%;14,30%;14,30%;14,30%;14,30%;14,30%;14,30%;14,40%;14,40%;14,40%;14,40%;14,40%;14,40%;14,40%;14,40%;14,40%;14,50%;14,50%;14,50%;14,50%;14,50%;14,50%;14,50%;14,50%;14,60%;14,60%;14,60%;14,60%;14,60%;14,60%;14,60%;14,60%;14,60%;14,70%;14,70%;14,70%;14,70%;14,70%;14,70%;14,70%;14,70%;14,70%;14,70%;14,70%;14,70%;14,70%;14,70%;14,70%;14,70%;14,70%;14,70%;14,70%;14,70%;14,70%;14,70%;14,60%;14,60%;14,60%;14,60%;14,60%;14,60%;14,60%;14,60%;14,50%;14,50%;14,50%;14,50%;14,50%;14,50%;14,50%;14,50%;14,50%;14,40%;14,40%;14,40%;14,40%;14,40%;14,40%;14,30%;14,30%;14,30%;14,30%;14,30%;14,20%;14,20%;14,20%;14,20%;14,20%;14,20%;14,10%;14,10%;14,10%;14,10%;14,10%;14,10%;14,00%;14,00%
521375;MONTIVIDIU;20,00%;20,00%;20,00%;19,90%;19,90%;19,90%;19,80%;19,80%;19,80%;19,70%;19,70%;19,70%;19,60%;19,60%;19,60%;19,50%;19,50%;19,50%;19,50%;19,40%;19,40%;19,40%;19,40%;19,30%;19,30%;19,30%;19,30%;19,20%;19,20%;19,20%;19,20%;19,10%;19,10%;19,10%;19,10%;19,00%;19,00%;19,00%;18,90%;18,90%;18,90%;18,90%;18,80%;18,80%;18,80%;18,80%;18,80%;18,70%;18,70%;18,70%;18,70%;18,70%;18,60%;18,60%;18,60%;18,60%;18,60%;18,60%;18,50%;18,50%;18,50%;18,30%;18,30%;18,30%;18,30%;18,30%;18,30%;18,30%;18,20%;18,20%;18,20%;18,20%;18,30%;18,30%;18,30%;18,30%;18,30%;18,30%;18,30%;18,30%;18,20%;18,20%;18,20%;18,20%;18,20%;18,20%;18,20%;18,10%;18,10%;18,10%;18,10%;18,10%;18,10%;18,00%;18,00%;18,00%;18,00%;18,00%;18,00%;18,00%;18,00%;17,90%;17,90%;17,90%;17,90%;17,90%;17,90%;17,90%;17,90%;17,90%;17,90%;17,90%;17,80%;17,80%;17,80%;17,80%;17,80%;17,80%;17,80%;17,80%;17,80%;17,80%;17,80%;17,80%;17,80%;17,70%;17,70%;17,70%;17,70%;17,70%;17,70%;17,70%;17,70%;17,70%;17,70%;17,70%;17,70%;17,70%;17,60%;17,60%;17,60%;17,60%;17,60%;17,60%;17,60%;17,60%;17,60%;17,60%;17,60%;17,60%;17,60%;17,60%;17,50%;17,50%;17,50%;17,50%;17,50%;17,50%;17,50%;17,50%;17,50%;17,50%;17,50%;17,50%;17,40%;17,40%;17,40%;17,40%;17,40%;17,40%;17,40%;17,40%;17,40%;17,40%;17,30%;17,30%;17,30%;17,30%;17,30%;17,30%;17,30%;17,30%;17,20%;17,20%;17,20%;17,20%;17,20%;17,20%;17,20%;17,20%;17,20%;17,10%;17,10%;17,10%;17,10%;17,10%;17,10%;17,10%;17,10%;17,10%;17,00%;17,00%;17,00%;17,00%;17,00%
521377;MONTIVIDIU DO NORTE;23,10%;23,00%;22,90%;22,80%;22,70%;22,70%;22,60%;22,50%;22,40%;22,30%;22,20%;22,20%;22,10%;22,00%;21,90%;21,80%;21,70%;21,60%;21,50%;21,40%;21,30%;21,20%;21,10%;21,00%;21,00%;20,90%;20,80%;20,70%;20,60%;20,50%;20,40%;20,30%;20,20%;20,10%;20,00%;19,90%;19,80%;19,70%;19,70%;19,60%;19,50%;19,40%;19,30%;19,30%;19,20%;19,10%;19,00%;18,90%;18,90%;18,80%;18,70%;18,60%;18,50%;18,50%;18,40%;18,30%;18,20%;18,20%;18,10%;18,00%;17,90%;17,10%;17,10%;17,00%;17,00%;16,90%;16,90%;16,80%;16,70%;16,70%;16,60%;16,60%;17,20%;17,10%;17,10%;17,00%;17,00%;16,90%;16,90%;16,80%;16,80%;16,70%;16,60%;16,60%;16,50%;16,50%;16,40%;16,40%;16,30%;16,30%;16,20%;16,20%;16,20%;16,10%;16,10%;16,00%;16,00%;15,90%;15,90%;15,90%;15,90%;15,90%;15,80%;15,80%;15,80%;15,80%;15,80%;15,70%;15,70%;15,70%;15,70%;15,70%;15,70%;15,70%;15,60%;15,60%;15,60%;15,60%;15,60%;15,60%;15,60%;15,60%;15,60%;15,60%;15,60%;15,60%;15,60%;15,60%;15,60%;15,60%;15,60%;15,60%;15,70%;15,70%;15,70%;15,70%;15,60%;15,60%;15,60%;15,60%;15,60%;15,60%;15,60%;15,60%;15,60%;15,60%;15,60%;15,60%;15,60%;15,60%;15,60%;15,60%;15,60%;15,60%;15,60%;15,60%;15,50%;15,50%;15,50%;15,50%;15,40%;15,40%;15,40%;15,40%;15,30%;15,30%;15,30%;15,20%;15,20%;15,20%;15,10%;15,10%;15,00%;15,00%;15,00%;14,90%;14,90%;14,80%;14,80%;14,80%;14,70%;14,70%;14,70%;14,60%;14,60%;14,50%;14,50%;14,50%;14,40%;14,40%;14,40%;14,30%;14,30%;14,30%;14,20%;14,20%;14,10%;14,10%;14,10%;14,00%;14,00%;14,00%;13,90%;13,90%;13,90%
521380;MORRINHOS;17,30%;17,20%;17,20%;17,10%;17,10%;17,10%;17,00%;17,00%;17,00%;16,90%;16,90%;16,90%;16,80%;16,80%;16,80%;16,70%;16,70%;16,70%;16,60%;16,60%;16,60%;16,50%;16,50%;16,50%;16,40%;16,40%;16,40%;16,30%;16,30%;16,30%;16,30%;16,20%;16,20%;16,20%;16,10%;16,10%;16,10%;16,00%;16,00%;16,00%;16,00%;15,90%;15,90%;15,90%;15,90%;15,80%;15,80%;15,80%;15,80%;15,70%;15,70%;15,70%;15,70%;15,70%;15,60%;15,60%;15,60%;15,60%;15,60%;15,60%;15,50%;15,40%;15,40%;15,30%;15,30%;15,30%;15,30%;15,30%;15,30%;15,30%;15,30%;15,20%;15,40%;15,40%;15,40%;15,30%;15,30%;15,30%;15,30%;15,30%;15,30%;15,30%;15,30%;15,20%;15,20%;15,20%;15,20%;15,20%;15,20%;15,20%;15,20%;15,20%;15,10%;15,10%;15,10%;15,10%;15,10%;15,10%;15,10%;15,10%;15,10%;15,10%;15,10%;15,10%;15,10%;15,10%;15,10%;15,00%;15,00%;15,00%;15,00%;15,00%;15,00%;15,00%;15,00%;15,00%;15,00%;15,00%;15,00%;15,00%;15,00%;15,00%;15,10%;15,10%;15,10%;15,10%;15,10%;15,10%;15,10%;15,10%;15,10%;15,10%;15,10%;15,10%;15,10%;15,10%;15,10%;15,10%;15,10%;15,10%;15,10%;15,10%;15,10%;15,10%;15,10%;15,10%;15,10%;15,10%;15,10%;15,10%;15,10%;15,10%;15,10%;15,10%;15,10%;15,10%;15,10%;15,10%;15,10%;15,10%;15,10%;15,10%;15,00%;15,00%;15,00%;15,00%;15,00%;15,00%;15,00%;15,00%;15,00%;15,00%;15,00%;15,00%;15,00%;14,90%;14,90%;14,90%;14,90%;14,90%;14,90%;14,90%;14,90%;14,90%;14,80%;14,80%;14,80%;14,80%;14,80%;14,80%;14,80%;14,80%;14,70%;14,70%;14,70%;14,70%;14,70%;14,70%;14,70%;14,70%;14,60%;14,60%;14,60%;14,60%;14,60%
521385;MORRO AGUDO DE GOIAS;17,10%;17,10%;17,00%;16,90%;16,90%;16,80%;16,70%;16,70%;16,60%;16,50%;16,50%;16,40%;16,30%;16,30%;16,20%;16,10%;16,10%;16,00%;16,00%;15,90%;15,80%;15,80%;15,70%;15,70%;15,60%;15,50%;15,50%;15,40%;15,40%;15,30%;15,20%;15,20%;15,10%;15,10%;15,00%;14,90%;14,90%;14,80%;14,80%;14,70%;14,70%;14,70%;14,60%;14,60%;14,50%;14,50%;14,50%;14,40%;14,40%;14,40%;14,30%;14,30%;14,30%;14,30%;14,30%;14,20%;14,20%;14,20%;14,20%;14,20%;14,20%;13,80%;13,80%;13,80%;13,80%;13,80%;13,80%;13,80%;13,80%;13,80%;13,70%;13,70%;13,80%;13,80%;13,80%;13,80%;13,80%;13,80%;13,80%;13,80%;13,80%;13,80%;13,80%;13,80%;13,80%;13,80%;13,70%;13,70%;13,70%;13,70%;13,70%;13,70%;13,60%;13,60%;13,60%;13,60%;13,60%;13,60%;13,60%;13,60%;13,60%;13,60%;13,60%;13,60%;13,60%;13,60%;13,60%;13,70%;13,70%;13,70%;13,70%;13,70%;13,70%;13,70%;13,70%;13,70%;13,70%;13,70%;13,70%;13,70%;13,70%;13,70%;13,80%;13,80%;13,80%;13,80%;13,80%;13,90%;13,90%;13,90%;13,90%;13,90%;14,00%;14,00%;14,00%;14,00%;14,00%;14,00%;14,00%;14,00%;14,00%;14,00%;14,10%;14,10%;14,10%;14,10%;14,10%;14,10%;14,10%;14,10%;14,10%;14,10%;14,10%;14,10%;14,10%;14,10%;14,10%;14,10%;14,00%;14,00%;14,00%;14,00%;14,00%;13,90%;13,90%;13,90%;13,90%;13,90%;13,80%;13,80%;13,70%;13,70%;13,70%;13,60%;13,60%;13,50%;13,50%;13,40%;13,40%;13,30%;13,30%;13,30%;13,20%;13,20%;13,20%;13,20%;13,10%;13,10%;13,10%;13,10%;13,00%;13,00%;13,00%;12,90%;12,90%;12,90%;12,90%;12,80%;12,80%;12,80%;12,80%;12,70%;12,70%;12,70%;12,70%
521390;MOSSAMEDES;15,10%;15,10%;15,10%;15,00%;15,00%;14,90%;14,90%;14,80%;14,80%;14,80%;14,70%;14,70%;14,60%;14,60%;14,50%;14,50%;14,50%;14,40%;14,40%;14,30%;14,30%;14,20%;14,20%;14,10%;14,10%;14,00%;14,00%;13,90%;13,90%;13,80%;13,80%;13,70%;13,70%;13,70%;13,60%;13,60%;13,50%;13,50%;13,40%;13,40%;13,30%;13,30%;13,30%;13,20%;13,20%;13,10%;13,10%;13,10%;13,00%;13,00%;13,00%;13,00%;12,90%;12,90%;12,90%;12,90%;12,80%;12,80%;12,80%;12,80%;12,80%;12,50%;12,40%;12,40%;12,40%;12,40%;12,40%;12,40%;12,30%;12,30%;12,30%;12,30%;12,50%;12,50%;12,40%;12,40%;12,40%;12,40%;12,40%;12,40%;12,30%;12,30%;12,30%;12,30%;12,30%;12,30%;12,20%;12,20%;12,20%;12,20%;12,20%;12,20%;12,20%;12,20%;12,20%;12,10%;12,10%;12,10%;12,10%;12,10%;12,10%;12,10%;12,10%;12,10%;12,10%;12,10%;12,10%;12,10%;12,10%;12,10%;12,10%;12,10%;12,10%;12,10%;12,10%;12,20%;12,20%;12,20%;12,20%;12,20%;12,20%;12,20%;12,30%;12,30%;12,30%;12,30%;12,30%;12,30%;12,30%;12,40%;12,40%;12,40%;12,40%;12,40%;12,40%;12,40%;12,40%;12,40%;12,40%;12,40%;12,50%;12,50%;12,50%;12,50%;12,50%;12,50%;12,50%;12,50%;12,50%;12,50%;12,50%;12,50%;12,50%;12,50%;12,50%;12,50%;12,50%;12,50%;12,40%;12,40%;12,40%;12,40%;12,40%;12,40%;12,30%;12,30%;12,30%;12,30%;12,30%;12,20%;12,20%;12,20%;12,20%;12,20%;12,20%;12,10%;12,10%;12,10%;12,10%;12,10%;12,10%;12,00%;12,00%;12,00%;12,00%;12,00%;11,90%;11,90%;11,90%;11,90%;11,90%;11,80%;11,80%;11,80%;11,80%;11,80%;11,70%;11,70%;11,70%;11,70%;11,70%;11,70%;11,60%;11,60%;11,60%
521400;MOZARLANDIA;20,10%;20,10%;20,00%;20,00%;20,00%;19,90%;19,90%;19,80%;19,80%;19,80%;19,70%;19,70%;19,70%;19,60%;19,60%;19,50%;19,50%;19,50%;19,40%;19,40%;19,30%;19,30%;19,30%;19,20%;19,20%;19,20%;19,10%;19,10%;19,00%;19,00%;19,00%;18,90%;18,90%;18,90%;18,80%;18,80%;18,80%;18,70%;18,70%;18,70%;18,60%;18,60%;18,60%;18,50%;18,50%;18,50%;18,40%;18,40%;18,40%;18,30%;18,30%;18,30%;18,30%;18,20%;18,20%;18,20%;18,20%;18,20%;18,10%;18,10%;18,10%;17,90%;17,90%;17,80%;17,80%;17,80%;17,80%;17,80%;17,80%;17,80%;17,70%;17,70%;17,90%;17,90%;17,90%;17,80%;17,80%;17,80%;17,80%;17,80%;17,80%;17,80%;17,70%;17,70%;17,70%;17,70%;17,70%;17,70%;17,70%;17,60%;17,60%;17,60%;17,60%;17,60%;17,60%;17,60%;17,60%;17,60%;17,50%;17,50%;17,50%;17,50%;17,50%;17,50%;17,50%;17,50%;17,50%;17,50%;17,50%;17,50%;17,50%;17,50%;17,50%;17,50%;17,50%;17,60%;17,60%;17,60%;17,60%;17,60%;17,60%;17,60%;17,60%;17,60%;17,60%;17,60%;17,60%;17,60%;17,60%;17,60%;17,60%;17,60%;17,60%;17,70%;17,70%;17,70%;17,70%;17,70%;17,70%;17,70%;17,70%;17,70%;17,70%;17,70%;17,70%;17,70%;17,70%;17,70%;17,70%;17,70%;17,70%;17,70%;17,70%;17,70%;17,70%;17,70%;17,70%;17,70%;17,70%;17,70%;17,70%;17,70%;17,60%;17,60%;17,60%;17,60%;17,60%;17,60%;17,60%;17,60%;17,50%;17,50%;17,50%;17,50%;17,50%;17,40%;17,40%;17,40%;17,40%;17,40%;17,30%;17,30%;17,30%;17,30%;17,30%;17,20%;17,20%;17,20%;17,20%;17,20%;17,10%;17,10%;17,10%;17,10%;17,10%;17,00%;17,00%;17,00%;17,00%;17,00%;16,90%;16,90%;16,90%;16,90%;16,90%
521405;MUNDO NOVO;19,90%;19,80%;19,80%;19,80%;19,70%;19,70%;19,60%;19,60%;19,50%;19,50%;19,40%;19,40%;19,30%;19,30%;19,20%;19,20%;19,10%;19,00%;19,00%;18,90%;18,90%;18,80%;18,80%;18,70%;18,70%;18,60%;18,50%;18,50%;18,40%;18,40%;18,30%;18,20%;18,20%;18,10%;18,10%;18,00%;18,00%;17,90%;17,80%;17,80%;17,70%;17,70%;17,60%;17,60%;17,50%;17,40%;17,40%;17,30%;17,30%;17,20%;17,20%;17,10%;17,10%;17,10%;17,00%;17,00%;16,90%;16,90%;16,80%;16,80%;16,80%;16,30%;16,30%;16,20%;16,20%;16,20%;16,10%;16,10%;16,00%;16,00%;16,00%;15,90%;16,30%;16,30%;16,30%;16,20%;16,20%;16,20%;16,10%;16,10%;16,00%;16,00%;16,00%;15,90%;15,90%;15,90%;15,80%;15,80%;15,80%;15,70%;15,70%;15,70%;15,60%;15,60%;15,60%;15,50%;15,50%;15,50%;15,40%;15,40%;15,40%;15,40%;15,40%;15,30%;15,30%;15,30%;15,30%;15,30%;15,20%;15,20%;15,20%;15,20%;15,20%;15,20%;15,10%;15,10%;15,10%;15,10%;15,10%;15,10%;15,10%;15,00%;15,00%;15,00%;15,00%;15,00%;15,00%;15,00%;15,00%;15,00%;14,90%;14,90%;14,90%;14,90%;14,90%;14,90%;14,90%;14,80%;14,80%;14,80%;14,80%;14,80%;14,80%;14,80%;14,70%;14,70%;14,70%;14,70%;14,70%;14,60%;14,60%;14,60%;14,60%;14,60%;14,50%;14,50%;14,50%;14,50%;14,50%;14,40%;14,40%;14,40%;14,40%;14,30%;14,30%;14,30%;14,20%;14,20%;14,20%;14,20%;14,10%;14,10%;14,10%;14,00%;14,00%;14,00%;13,90%;13,90%;13,90%;13,80%;13,80%;13,80%;13,70%;13,70%;13,70%;13,60%;13,60%;13,60%;13,50%;13,50%;13,50%;13,40%;13,40%;13,40%;13,30%;13,30%;13,30%;13,20%;13,20%;13,20%;13,10%;13,10%;13,10%;13,00%;13,00%
521410;MUTUNOPOLIS;19,10%;19,10%;19,00%;18,90%;18,90%;18,80%;18,70%;18,70%;18,60%;18,60%;18,50%;18,40%;18,40%;18,30%;18,20%;18,20%;18,10%;18,00%;18,00%;17,90%;17,80%;17,80%;17,70%;17,60%;17,60%;17,50%;17,50%;17,40%;17,30%;17,30%;17,20%;17,20%;17,10%;17,00%;17,00%;16,90%;16,90%;16,80%;16,70%;16,70%;16,60%;16,60%;16,50%;16,50%;16,40%;16,30%;16,30%;16,20%;16,20%;16,10%;16,10%;16,00%;16,00%;16,00%;15,90%;15,90%;15,80%;15,80%;15,80%;15,70%;15,70%;15,10%;15,10%;15,00%;15,00%;15,00%;14,90%;14,90%;14,90%;14,90%;14,80%;14,80%;15,20%;15,10%;15,10%;15,10%;15,00%;15,00%;15,00%;14,90%;14,90%;14,90%;14,80%;14,80%;14,80%;14,70%;14,70%;14,70%;14,60%;14,60%;14,60%;14,50%;14,50%;14,50%;14,50%;14,40%;14,40%;14,40%;14,40%;14,30%;14,30%;14,30%;14,30%;14,30%;14,30%;14,30%;14,30%;14,20%;14,20%;14,20%;14,20%;14,20%;14,20%;14,20%;14,20%;14,20%;14,30%;14,30%;14,30%;14,30%;14,30%;14,30%;14,30%;14,30%;14,30%;14,30%;14,30%;14,30%;14,30%;14,30%;14,40%;14,40%;14,40%;14,40%;14,40%;14,40%;14,40%;14,40%;14,40%;14,40%;14,40%;14,40%;14,40%;14,40%;14,40%;14,40%;14,40%;14,40%;14,40%;14,40%;14,30%;14,30%;14,30%;14,30%;14,30%;14,30%;14,30%;14,30%;14,30%;14,20%;14,20%;14,20%;14,20%;14,20%;14,20%;14,10%;14,10%;14,10%;14,10%;14,10%;14,10%;14,00%;14,00%;14,00%;14,00%;13,90%;13,90%;13,90%;13,90%;13,90%;13,80%;13,80%;13,80%;13,70%;13,70%;13,70%;13,60%;13,60%;13,60%;13,50%;13,50%;13,50%;13,40%;13,40%;13,40%;13,30%;13,30%;13,30%;13,20%;13,20%;13,20%;13,10%;13,10%;13,10%;13,00%
521440;NAZARIO;17,70%;17,60%;17,60%;17,50%;17,50%;17,50%;17,40%;17,40%;17,40%;17,30%;17,30%;17,20%;17,20%;17,20%;17,10%;17,10%;17,10%;17,00%;17,00%;16,90%;16,90%;16,90%;16,80%;16,80%;16,80%;16,70%;16,70%;16,60%;16,60%;16,60%;16,50%;16,50%;16,40%;16,40%;16,30%;16,30%;16,30%;16,20%;16,20%;16,20%;16,10%;16,10%;16,10%;16,10%;16,00%;16,00%;16,00%;15,90%;15,90%;15,90%;15,90%;15,80%;15,80%;15,80%;15,80%;15,70%;15,70%;15,70%;15,70%;15,60%;15,60%;15,50%;15,40%;15,40%;15,40%;15,40%;15,40%;15,40%;15,40%;15,40%;15,30%;15,30%;15,50%;15,50%;15,40%;15,40%;15,40%;15,40%;15,40%;15,40%;15,40%;15,40%;15,30%;15,30%;15,30%;15,30%;15,30%;15,30%;15,30%;15,30%;15,20%;15,20%;15,20%;15,20%;15,20%;15,20%;15,20%;15,20%;15,20%;15,20%;15,20%;15,20%;15,20%;15,20%;15,20%;15,20%;15,20%;15,20%;15,20%;15,30%;15,30%;15,30%;15,30%;15,30%;15,30%;15,30%;15,30%;15,30%;15,30%;15,40%;15,40%;15,40%;15,40%;15,40%;15,40%;15,40%;15,40%;15,50%;15,50%;15,50%;15,50%;15,50%;15,50%;15,50%;15,50%;15,50%;15,60%;15,60%;15,60%;15,60%;15,60%;15,60%;15,60%;15,60%;15,60%;15,60%;15,60%;15,60%;15,60%;15,60%;15,60%;15,60%;15,60%;15,60%;15,60%;15,70%;15,70%;15,60%;15,60%;15,60%;15,60%;15,60%;15,60%;15,50%;15,50%;15,50%;15,50%;15,50%;15,50%;15,40%;15,40%;15,40%;15,40%;15,40%;15,30%;15,30%;15,30%;15,30%;15,20%;15,20%;15,20%;15,20%;15,10%;15,10%;15,10%;15,00%;15,00%;15,00%;15,00%;14,90%;14,90%;14,90%;14,90%;14,80%;14,80%;14,80%;14,70%;14,70%;14,70%;14,70%;14,60%;14,60%;14,60%;14,50%;14,50%
521450;NEROPOLIS;19,80%;19,70%;19,70%;19,60%;19,60%;19,60%;19,50%;19,50%;19,50%;19,40%;19,40%;19,30%;19,30%;19,30%;19,20%;19,20%;19,20%;19,20%;19,10%;19,10%;19,10%;19,00%;19,00%;19,00%;19,00%;18,90%;18,90%;18,90%;18,80%;18,80%;18,80%;18,80%;18,70%;18,70%;18,70%;18,70%;18,60%;18,60%;18,60%;18,60%;18,50%;18,50%;18,50%;18,50%;18,50%;18,40%;18,40%;18,40%;18,40%;18,30%;18,30%;18,30%;18,30%;18,30%;18,30%;18,30%;18,20%;18,20%;18,20%;18,20%;18,20%;18,00%;18,00%;18,00%;18,00%;18,00%;18,00%;18,00%;17,90%;17,90%;17,90%;17,90%;18,00%;18,00%;18,00%;18,00%;18,00%;18,00%;18,00%;18,00%;17,90%;17,90%;17,90%;17,90%;17,90%;17,90%;17,90%;17,90%;17,80%;17,80%;17,80%;17,80%;17,80%;17,80%;17,80%;17,80%;17,80%;17,70%;17,70%;17,70%;17,70%;17,70%;17,70%;17,70%;17,70%;17,70%;17,70%;17,70%;17,60%;17,60%;17,60%;17,60%;17,60%;17,60%;17,60%;17,60%;17,60%;17,60%;17,60%;17,60%;17,60%;17,60%;17,60%;17,60%;17,60%;17,60%;17,60%;17,60%;17,50%;17,50%;17,50%;17,50%;17,50%;17,50%;17,50%;17,50%;17,50%;17,50%;17,50%;17,50%;17,50%;17,50%;17,50%;17,50%;17,50%;17,50%;17,40%;17,40%;17,40%;17,40%;17,40%;17,40%;17,40%;17,40%;17,40%;17,40%;17,40%;17,40%;17,40%;17,40%;17,40%;17,30%;17,30%;17,30%;17,30%;17,30%;17,30%;17,30%;17,30%;17,20%;17,20%;17,20%;17,20%;17,20%;17,20%;17,20%;17,10%;17,10%;17,10%;17,10%;17,10%;17,10%;17,10%;17,00%;17,00%;17,00%;17,00%;17,00%;17,00%;16,90%;16,90%;16,90%;16,90%;16,90%;16,90%;16,80%;16,80%;16,80%;16,80%;16,80%;16,80%;16,70%;16,70%;16,70%;16,70%
521460;NIQUELANDIA;20,50%;20,50%;20,40%;20,40%;20,30%;20,20%;20,20%;20,10%;20,10%;20,00%;20,00%;19,90%;19,90%;19,80%;19,80%;19,70%;19,70%;19,60%;19,60%;19,50%;19,50%;19,40%;19,30%;19,30%;19,20%;19,20%;19,10%;19,10%;19,00%;19,00%;18,90%;18,80%;18,80%;18,70%;18,70%;18,60%;18,60%;18,50%;18,50%;18,40%;18,30%;18,30%;18,20%;18,20%;18,10%;18,10%;18,00%;18,00%;17,90%;17,90%;17,80%;17,80%;17,70%;17,70%;17,70%;17,60%;17,60%;17,50%;17,50%;17,40%;17,40%;16,90%;16,90%;16,80%;16,80%;16,70%;16,70%;16,70%;16,60%;16,60%;16,60%;16,50%;16,90%;16,90%;16,90%;16,80%;16,80%;16,70%;16,70%;16,70%;16,60%;16,60%;16,60%;16,50%;16,50%;16,40%;16,40%;16,40%;16,30%;16,30%;16,20%;16,20%;16,20%;16,10%;16,10%;16,10%;16,00%;16,00%;16,00%;15,90%;15,90%;15,90%;15,80%;15,80%;15,70%;15,70%;15,70%;15,60%;15,60%;15,60%;15,60%;15,50%;15,50%;15,50%;15,40%;15,40%;15,40%;15,40%;15,30%;15,30%;15,30%;15,20%;15,20%;15,20%;15,10%;15,10%;15,10%;15,10%;15,00%;15,00%;15,00%;14,90%;14,90%;14,90%;14,80%;14,80%;14,80%;14,80%;14,70%;14,70%;14,70%;14,60%;14,60%;14,60%;14,50%;14,50%;14,50%;14,50%;14,40%;14,40%;14,40%;14,30%;14,30%;14,30%;14,20%;14,20%;14,20%;14,10%;14,10%;14,10%;14,00%;14,00%;13,90%;13,90%;13,90%;13,80%;13,80%;13,70%;13,70%;13,70%;13,60%;13,60%;13,50%;13,50%;13,40%;13,40%;13,40%;13,30%;13,30%;13,20%;13,20%;13,10%;13,10%;13,10%;13,00%;13,00%;12,90%;12,90%;12,80%;12,80%;12,70%;12,70%;12,70%;12,60%;12,60%;12,50%;12,50%;12,40%;12,40%;12,30%;12,30%;12,30%;12,20%;12,20%;12,10%
521470;NOVA AMERICA;16,60%;16,60%;16,50%;16,50%;16,40%;16,40%;16,30%;16,30%;16,20%;16,20%;16,10%;16,00%;16,00%;15,90%;15,90%;15,80%;15,80%;15,70%;15,60%;15,60%;15,50%;15,50%;15,40%;15,30%;15,30%;15,20%;15,20%;15,10%;15,10%;15,00%;15,00%;14,90%;14,90%;14,80%;14,80%;14,70%;14,70%;14,70%;14,60%;14,60%;14,60%;14,60%;14,50%;14,50%;14,50%;14,40%;14,40%;14,40%;14,30%;14,30%;14,30%;14,30%;14,30%;14,30%;14,30%;14,30%;14,20%;14,20%;14,20%;14,20%;14,20%;14,00%;14,00%;14,00%;13,90%;13,90%;13,90%;13,90%;13,90%;13,80%;13,80%;13,80%;14,00%;14,00%;14,00%;14,00%;13,90%;13,90%;13,90%;13,90%;13,90%;13,80%;13,80%;13,80%;13,80%;13,80%;13,80%;13,70%;13,70%;13,70%;13,70%;13,70%;13,70%;13,70%;13,60%;13,60%;13,60%;13,60%;13,60%;13,60%;13,70%;13,70%;13,70%;13,70%;13,70%;13,70%;13,70%;13,70%;13,70%;13,80%;13,80%;13,80%;13,80%;13,80%;13,80%;13,90%;13,90%;13,90%;13,90%;13,90%;13,90%;13,90%;13,90%;13,90%;13,90%;14,00%;14,00%;14,00%;14,00%;14,00%;14,00%;14,00%;14,00%;14,00%;14,00%;14,00%;14,00%;14,10%;14,10%;14,10%;14,10%;14,10%;14,10%;14,20%;14,20%;14,20%;14,20%;14,20%;14,10%;14,10%;14,10%;14,10%;14,10%;14,10%;14,10%;14,10%;14,10%;14,10%;14,10%;14,00%;14,00%;14,00%;14,00%;14,00%;14,00%;14,00%;13,90%;13,90%;13,90%;13,90%;13,90%;13,90%;13,80%;13,80%;13,80%;13,80%;13,80%;13,80%;13,80%;13,70%;13,70%;13,70%;13,70%;13,60%;13,60%;13,60%;13,50%;13,50%;13,50%;13,40%;13,40%;13,40%;13,30%;13,30%;13,30%;13,20%;13,20%;13,20%;13,10%;13,10%;13,00%;13,00%;13,00%;12,90%;12,90%
521480;NOVA AURORA;16,50%;16,50%;16,50%;16,50%;16,50%;16,50%;16,50%;16,50%;16,50%;16,50%;16,50%;16,50%;16,40%;16,40%;16,40%;16,40%;16,40%;16,30%;16,30%;16,30%;16,30%;16,20%;16,20%;16,20%;16,20%;16,10%;16,10%;16,10%;16,00%;16,00%;16,00%;15,90%;15,90%;15,90%;15,80%;15,80%;15,80%;15,70%;15,70%;15,60%;15,60%;15,60%;15,50%;15,50%;15,40%;15,40%;15,40%;15,30%;15,30%;15,20%;15,20%;15,20%;15,20%;15,10%;15,10%;15,10%;15,00%;15,00%;15,00%;15,00%;14,90%;14,70%;14,70%;14,70%;14,70%;14,70%;14,70%;14,60%;14,60%;14,60%;14,60%;14,60%;14,70%;14,70%;14,70%;14,70%;14,70%;14,70%;14,70%;14,60%;14,60%;14,60%;14,60%;14,60%;14,60%;14,50%;14,50%;14,50%;14,50%;14,50%;14,40%;14,40%;14,40%;14,40%;14,30%;14,30%;14,30%;14,30%;14,30%;14,20%;14,20%;14,20%;14,20%;14,20%;14,10%;14,10%;14,10%;14,10%;14,10%;14,10%;14,00%;14,00%;14,00%;14,00%;14,00%;13,90%;13,90%;13,90%;13,90%;13,90%;13,80%;13,80%;13,80%;13,80%;13,70%;13,70%;13,70%;13,70%;13,60%;13,60%;13,60%;13,60%;13,60%;13,50%;13,50%;13,50%;13,50%;13,50%;13,50%;13,50%;13,50%;13,50%;13,50%;13,40%;13,40%;13,40%;13,40%;13,30%;13,30%;13,30%;13,20%;13,20%;13,20%;13,10%;13,10%;13,10%;13,10%;13,00%;13,00%;13,00%;12,90%;12,90%;12,90%;12,80%;12,80%;12,80%;12,70%;12,70%;12,70%;12,60%;12,60%;12,60%;12,60%;12,50%;12,50%;12,50%;12,50%;12,40%;12,40%;12,40%;12,30%;12,30%;12,30%;12,30%;12,30%;12,30%;12,20%;12,20%;12,20%;12,20%;12,20%;12,20%;12,10%;12,10%;12,10%;12,10%;12,10%;12,10%;12,00%;12,00%;12,00%;12,00%;12,00%;12,00%;11,90%
521483;NOVA CRIXAS;20,40%;20,30%;20,30%;20,20%;20,20%;20,10%;20,10%;20,00%;20,00%;19,90%;19,90%;19,80%;19,80%;19,80%;19,70%;19,70%;19,60%;19,60%;19,50%;19,50%;19,50%;19,40%;19,40%;19,30%;19,30%;19,30%;19,20%;19,20%;19,10%;19,10%;19,10%;19,00%;19,00%;18,90%;18,90%;18,90%;18,80%;18,80%;18,70%;18,70%;18,70%;18,60%;18,60%;18,60%;18,50%;18,50%;18,50%;18,40%;18,40%;18,30%;18,30%;18,30%;18,30%;18,20%;18,20%;18,20%;18,10%;18,10%;18,10%;18,00%;18,00%;17,70%;17,70%;17,70%;17,60%;17,60%;17,60%;17,60%;17,50%;17,50%;17,50%;17,50%;17,70%;17,70%;17,70%;17,70%;17,60%;17,60%;17,60%;17,60%;17,50%;17,50%;17,50%;17,50%;17,50%;17,40%;17,40%;17,40%;17,40%;17,40%;17,30%;17,30%;17,30%;17,30%;17,30%;17,20%;17,20%;17,20%;17,20%;17,20%;17,20%;17,20%;17,20%;17,20%;17,10%;17,10%;17,10%;17,10%;17,10%;17,10%;17,10%;17,10%;17,10%;17,10%;17,10%;17,10%;17,10%;17,10%;17,10%;17,10%;17,10%;17,10%;17,10%;17,10%;17,10%;17,10%;17,10%;17,10%;17,10%;17,10%;17,10%;17,00%;17,00%;17,00%;17,00%;17,00%;17,10%;17,10%;17,10%;17,10%;17,10%;17,10%;17,10%;17,10%;17,10%;17,10%;17,10%;17,10%;17,00%;17,00%;17,00%;17,00%;17,00%;17,00%;17,00%;17,00%;17,00%;17,00%;17,00%;17,00%;17,00%;17,00%;17,00%;17,00%;16,90%;16,90%;16,90%;16,90%;16,90%;16,90%;16,90%;16,90%;16,80%;16,80%;16,80%;16,80%;16,80%;16,80%;16,80%;16,80%;16,70%;16,70%;16,70%;16,70%;16,70%;16,60%;16,60%;16,60%;16,60%;16,60%;16,60%;16,50%;16,50%;16,50%;16,50%;16,50%;16,40%;16,40%;16,40%;16,40%;16,40%;16,40%;16,30%;16,30%;16,30%
521486;NOVA GLORIA;17,10%;17,00%;17,00%;17,00%;16,90%;16,90%;16,80%;16,80%;16,70%;16,70%;16,70%;16,60%;16,60%;16,50%;16,50%;16,40%;16,40%;16,30%;16,30%;16,20%;16,20%;16,10%;16,10%;16,10%;16,00%;16,00%;15,90%;15,90%;15,80%;15,80%;15,70%;15,70%;15,60%;15,60%;15,50%;15,50%;15,40%;15,40%;15,30%;15,30%;15,20%;15,20%;15,10%;15,10%;15,00%;15,00%;15,00%;14,90%;14,90%;14,80%;14,80%;14,80%;14,70%;14,70%;14,60%;14,60%;14,60%;14,50%;14,50%;14,50%;14,40%;14,10%;14,10%;14,00%;14,00%;14,00%;13,90%;13,90%;13,90%;13,90%;13,80%;13,80%;14,10%;14,10%;14,10%;14,00%;14,00%;14,00%;13,90%;13,90%;13,90%;13,90%;13,80%;13,80%;13,80%;13,70%;13,70%;13,70%;13,70%;13,60%;13,60%;13,60%;13,60%;13,50%;13,50%;13,50%;13,50%;13,50%;13,40%;13,40%;13,40%;13,40%;13,40%;13,40%;13,30%;13,30%;13,30%;13,30%;13,30%;13,30%;13,30%;13,30%;13,20%;13,20%;13,20%;13,20%;13,20%;13,20%;13,20%;13,20%;13,20%;13,20%;13,20%;13,20%;13,20%;13,20%;13,20%;13,20%;13,20%;13,20%;13,20%;13,20%;13,10%;13,10%;13,10%;13,10%;13,10%;13,10%;13,10%;13,10%;13,10%;13,10%;13,10%;13,10%;13,10%;13,10%;13,00%;13,00%;13,00%;13,00%;13,00%;13,00%;13,00%;13,00%;12,90%;12,90%;12,90%;12,90%;12,90%;12,80%;12,80%;12,80%;12,80%;12,70%;12,70%;12,70%;12,60%;12,60%;12,60%;12,60%;12,50%;12,50%;12,50%;12,40%;12,40%;12,40%;12,40%;12,30%;12,30%;12,30%;12,20%;12,20%;12,20%;12,10%;12,10%;12,10%;12,00%;12,00%;12,00%;11,90%;11,90%;11,90%;11,80%;11,80%;11,80%;11,70%;11,70%;11,70%;11,70%;11,60%;11,60%;11,60%;11,50%;11,50%;11,50%
521487;NOVA IGUACU DE GOIAS;19,30%;19,20%;19,20%;19,10%;19,10%;19,00%;19,00%;19,00%;18,90%;18,90%;18,80%;18,80%;18,70%;18,70%;18,70%;18,60%;18,60%;18,60%;18,50%;18,50%;18,50%;18,40%;18,40%;18,30%;18,30%;18,30%;18,30%;18,20%;18,20%;18,20%;18,20%;18,10%;18,10%;18,10%;18,10%;18,00%;18,00%;18,00%;17,90%;17,90%;17,90%;17,90%;17,80%;17,80%;17,80%;17,70%;17,70%;17,70%;17,70%;17,60%;17,60%;17,60%;17,60%;17,50%;17,50%;17,50%;17,50%;17,50%;17,40%;17,40%;17,40%;17,20%;17,20%;17,20%;17,20%;17,20%;17,20%;17,20%;17,20%;17,10%;17,10%;17,10%;17,20%;17,20%;17,20%;17,20%;17,20%;17,20%;17,20%;17,20%;17,20%;17,10%;17,10%;17,10%;17,10%;17,10%;17,10%;17,10%;17,10%;17,10%;17,10%;17,00%;17,00%;17,00%;17,00%;17,00%;17,00%;17,00%;17,00%;17,00%;17,00%;17,00%;17,00%;17,00%;17,00%;17,00%;17,00%;17,00%;16,90%;16,90%;16,90%;16,90%;16,90%;16,90%;16,90%;16,90%;16,90%;16,90%;16,90%;16,90%;16,90%;16,90%;16,90%;16,90%;16,90%;16,90%;16,90%;17,00%;17,00%;17,00%;17,00%;17,00%;17,00%;17,00%;16,90%;16,90%;16,90%;16,90%;16,90%;16,90%;16,90%;16,90%;16,90%;16,90%;16,90%;16,90%;16,90%;16,90%;16,80%;16,80%;16,80%;16,80%;16,80%;16,80%;16,80%;16,80%;16,80%;16,70%;16,70%;16,70%;16,60%;16,60%;16,60%;16,60%;16,50%;16,50%;16,50%;16,40%;16,40%;16,40%;16,30%;16,30%;16,30%;16,20%;16,20%;16,20%;16,10%;16,10%;16,10%;16,00%;16,00%;16,00%;16,00%;15,90%;15,90%;15,90%;15,80%;15,80%;15,80%;15,70%;15,70%;15,70%;15,60%;15,60%;15,60%;15,50%;15,50%;15,50%;15,40%;15,40%;15,40%;15,30%;15,30%;15,30%;15,20%
521490;NOVA ROMA;21,30%;21,30%;21,20%;21,20%;21,20%;21,10%;21,10%;21,10%;21,10%;21,00%;21,00%;21,00%;21,00%;20,90%;20,90%;20,80%;20,80%;20,70%;20,70%;20,70%;20,60%;20,60%;20,50%;20,50%;20,40%;20,40%;20,40%;20,30%;20,30%;20,20%;20,20%;20,10%;20,10%;20,10%;20,00%;20,00%;19,90%;19,90%;19,80%;19,80%;19,70%;19,70%;19,60%;19,50%;19,50%;19,40%;19,40%;19,30%;19,30%;19,20%;19,20%;19,10%;19,10%;19,00%;19,00%;18,90%;18,90%;18,90%;18,80%;18,80%;18,70%;18,30%;18,20%;18,20%;18,20%;18,10%;18,10%;18,10%;18,10%;18,00%;18,00%;18,00%;18,30%;18,30%;18,20%;18,20%;18,20%;18,10%;18,10%;18,10%;18,10%;18,00%;18,00%;18,00%;17,90%;17,90%;17,90%;17,80%;17,80%;17,80%;17,70%;17,70%;17,70%;17,60%;17,60%;17,60%;17,50%;17,50%;17,50%;17,40%;17,40%;17,30%;17,30%;17,30%;17,20%;17,20%;17,10%;17,10%;17,10%;17,00%;17,00%;17,00%;17,00%;17,00%;16,90%;16,90%;16,90%;16,90%;16,80%;16,80%;16,80%;16,80%;16,80%;16,80%;16,70%;16,70%;16,70%;16,70%;16,70%;16,70%;16,70%;16,60%;16,60%;16,60%;16,60%;16,60%;16,60%;16,60%;16,50%;16,50%;16,50%;16,50%;16,50%;16,50%;16,50%;16,40%;16,40%;16,40%;16,40%;16,40%;16,40%;16,30%;16,30%;16,30%;16,30%;16,30%;16,30%;16,20%;16,20%;16,20%;16,20%;16,20%;16,20%;16,10%;16,10%;16,10%;16,10%;16,10%;16,00%;16,00%;16,00%;16,00%;15,90%;15,90%;15,90%;15,90%;15,90%;15,80%;15,80%;15,80%;15,80%;15,70%;15,70%;15,70%;15,60%;15,60%;15,60%;15,60%;15,50%;15,50%;15,50%;15,40%;15,40%;15,40%;15,40%;15,30%;15,30%;15,30%;15,30%;15,20%;15,20%;15,20%;15,10%;15,10%;15,10%
521500;NOVA VENEZA;18,50%;18,50%;18,40%;18,40%;18,40%;18,30%;18,30%;18,30%;18,20%;18,20%;18,10%;18,10%;18,10%;18,00%;18,00%;18,00%;17,90%;17,90%;17,90%;17,80%;17,80%;17,70%;17,70%;17,70%;17,60%;17,60%;17,60%;17,50%;17,50%;17,40%;17,40%;17,40%;17,30%;17,30%;17,30%;17,20%;17,20%;17,10%;17,10%;17,10%;17,00%;17,00%;17,00%;16,90%;16,90%;16,90%;16,80%;16,80%;16,80%;16,70%;16,70%;16,70%;16,60%;16,60%;16,60%;16,50%;16,50%;16,50%;16,40%;16,40%;16,40%;16,00%;16,00%;16,00%;16,00%;15,90%;15,90%;15,90%;15,90%;15,80%;15,80%;15,80%;16,00%;16,00%;16,00%;16,00%;16,00%;15,90%;15,90%;15,90%;15,90%;15,80%;15,80%;15,80%;15,80%;15,70%;15,70%;15,70%;15,70%;15,60%;15,60%;15,60%;15,60%;15,50%;15,50%;15,50%;15,50%;15,40%;15,40%;15,40%;15,40%;15,40%;15,30%;15,30%;15,30%;15,30%;15,30%;15,20%;15,20%;15,20%;15,20%;15,20%;15,20%;15,20%;15,10%;15,10%;15,10%;15,10%;15,10%;15,10%;15,10%;15,00%;15,00%;15,00%;15,00%;15,00%;15,00%;15,00%;15,00%;14,90%;14,90%;14,90%;14,90%;14,90%;14,90%;14,90%;14,90%;14,80%;14,80%;14,80%;14,80%;14,80%;14,80%;14,80%;14,70%;14,70%;14,70%;14,70%;14,70%;14,70%;14,70%;14,70%;14,70%;14,60%;14,60%;14,60%;14,60%;14,60%;14,60%;14,60%;14,50%;14,50%;14,50%;14,50%;14,50%;14,40%;14,40%;14,40%;14,40%;14,30%;14,30%;14,30%;14,30%;14,30%;14,20%;14,20%;14,20%;14,20%;14,10%;14,10%;14,10%;14,10%;14,10%;14,00%;14,00%;14,00%;14,00%;14,00%;14,00%;14,00%;13,90%;13,90%;13,90%;13,90%;13,90%;13,90%;13,80%;13,80%;13,80%;13,80%;13,80%;13,80%;13,70%;13,70%;13,70%
521520;NOVO BRASIL;14,90%;14,90%;14,80%;14,80%;14,70%;14,70%;14,60%;14,60%;14,50%;14,50%;14,50%;14,40%;14,40%;14,30%;14,30%;14,20%;14,20%;14,10%;14,10%;14,10%;14,00%;14,00%;13,90%;13,90%;13,80%;13,80%;13,80%;13,70%;13,70%;13,60%;13,60%;13,60%;13,50%;13,50%;13,40%;13,40%;13,40%;13,30%;13,30%;13,30%;13,20%;13,20%;13,10%;13,10%;13,10%;13,00%;13,00%;13,00%;12,90%;12,90%;12,90%;12,90%;12,80%;12,80%;12,80%;12,70%;12,70%;12,70%;12,70%;12,60%;12,60%;12,40%;12,40%;12,40%;12,40%;12,40%;12,40%;12,30%;12,30%;12,30%;12,30%;12,30%;12,50%;12,40%;12,40%;12,40%;12,40%;12,40%;12,40%;12,30%;12,30%;12,30%;12,30%;12,30%;12,30%;12,30%;12,20%;12,20%;12,20%;12,20%;12,20%;12,20%;12,20%;12,20%;12,10%;12,10%;12,10%;12,10%;12,10%;12,10%;12,10%;12,10%;12,10%;12,10%;12,10%;12,10%;12,10%;12,10%;12,10%;12,20%;12,20%;12,20%;12,20%;12,20%;12,20%;12,30%;12,30%;12,30%;12,30%;12,30%;12,30%;12,40%;12,40%;12,40%;12,40%;12,40%;12,40%;12,40%;12,50%;12,50%;12,50%;12,50%;12,50%;12,50%;12,50%;12,50%;12,60%;12,60%;12,60%;12,60%;12,60%;12,60%;12,60%;12,60%;12,60%;12,70%;12,70%;12,70%;12,70%;12,70%;12,70%;12,70%;12,80%;12,80%;12,80%;12,80%;12,80%;12,80%;12,80%;12,80%;12,80%;12,80%;12,80%;12,80%;12,80%;12,80%;12,70%;12,70%;12,70%;12,70%;12,70%;12,70%;12,70%;12,70%;12,70%;12,70%;12,70%;12,70%;12,70%;12,60%;12,60%;12,60%;12,60%;12,60%;12,60%;12,60%;12,60%;12,50%;12,50%;12,50%;12,50%;12,50%;12,50%;12,50%;12,40%;12,40%;12,40%;12,40%;12,40%;12,40%;12,40%;12,40%;12,30%;12,30%;12,30%
521523;NOVO GAMA;25,40%;25,40%;25,30%;25,20%;25,20%;25,10%;25,00%;25,00%;24,90%;24,80%;24,80%;24,70%;24,70%;24,60%;24,50%;24,50%;24,40%;24,40%;24,30%;24,30%;24,20%;24,10%;24,10%;24,00%;24,00%;23,90%;23,90%;23,80%;23,80%;23,70%;23,70%;23,60%;23,60%;23,50%;23,50%;23,40%;23,40%;23,30%;23,30%;23,20%;23,20%;23,10%;23,10%;23,00%;23,00%;22,90%;22,90%;22,80%;22,80%;22,80%;22,70%;22,70%;22,60%;22,60%;22,60%;22,50%;22,50%;22,40%;22,40%;22,40%;22,30%;21,90%;21,90%;21,80%;21,80%;21,80%;21,70%;21,70%;21,70%;21,60%;21,60%;21,60%;21,90%;21,90%;21,90%;21,80%;21,80%;21,80%;21,70%;21,70%;21,70%;21,60%;21,60%;21,60%;21,50%;21,50%;21,50%;21,40%;21,40%;21,40%;21,30%;21,30%;21,30%;21,20%;21,20%;21,10%;21,10%;21,10%;21,10%;21,00%;21,00%;21,00%;20,90%;20,90%;20,90%;20,80%;20,80%;20,80%;20,70%;20,70%;20,70%;20,70%;20,60%;20,60%;20,60%;20,50%;20,50%;20,50%;20,50%;20,40%;20,40%;20,40%;20,30%;20,30%;20,30%;20,30%;20,20%;20,20%;20,20%;20,10%;20,10%;20,10%;20,00%;20,00%;20,00%;20,00%;19,90%;19,90%;19,90%;19,90%;19,80%;19,80%;19,80%;19,70%;19,70%;19,70%;19,70%;19,60%;19,60%;19,60%;19,50%;19,50%;19,50%;19,50%;19,40%;19,40%;19,40%;19,40%;19,30%;19,30%;19,30%;19,20%;19,20%;19,20%;19,10%;19,10%;19,10%;19,10%;19,00%;19,00%;19,00%;18,90%;18,90%;18,90%;18,80%;18,80%;18,80%;18,70%;18,70%;18,70%;18,60%;18,60%;18,60%;18,50%;18,50%;18,50%;18,40%;18,40%;18,40%;18,30%;18,30%;18,30%;18,20%;18,20%;18,20%;18,10%;18,10%;18,10%;18,00%;18,00%;18,00%;17,90%;17,90%;17,90%;17,80%
521525;NOVO PLANALTO;19,10%;19,00%;18,90%;18,90%;18,80%;18,70%;18,70%;18,60%;18,50%;18,40%;18,40%;18,30%;18,20%;18,20%;18,10%;18,00%;17,90%;17,90%;17,80%;17,70%;17,70%;17,60%;17,50%;17,50%;17,40%;17,30%;17,30%;17,20%;17,20%;17,10%;17,10%;17,00%;17,00%;16,90%;16,90%;16,80%;16,70%;16,70%;16,70%;16,60%;16,60%;16,50%;16,50%;16,40%;16,40%;16,30%;16,30%;16,20%;16,20%;16,20%;16,10%;16,10%;16,10%;16,10%;16,00%;16,00%;16,00%;16,00%;16,00%;15,90%;15,90%;15,60%;15,60%;15,60%;15,50%;15,50%;15,50%;15,50%;15,50%;15,50%;15,40%;15,40%;15,60%;15,60%;15,60%;15,60%;15,50%;15,50%;15,50%;15,50%;15,50%;15,50%;15,50%;15,40%;15,40%;15,40%;15,40%;15,40%;15,40%;15,40%;15,30%;15,30%;15,30%;15,30%;15,30%;15,30%;15,30%;15,30%;15,30%;15,30%;15,30%;15,20%;15,20%;15,20%;15,20%;15,20%;15,20%;15,20%;15,20%;15,20%;15,20%;15,20%;15,20%;15,20%;15,30%;15,30%;15,30%;15,30%;15,30%;15,30%;15,30%;15,30%;15,30%;15,30%;15,30%;15,30%;15,30%;15,30%;15,30%;15,30%;15,30%;15,30%;15,30%;15,30%;15,30%;15,40%;15,40%;15,40%;15,40%;15,40%;15,40%;15,40%;15,40%;15,40%;15,40%;15,40%;15,40%;15,40%;15,40%;15,40%;15,40%;15,40%;15,30%;15,30%;15,30%;15,30%;15,30%;15,30%;15,20%;15,20%;15,10%;15,10%;15,10%;15,00%;15,00%;15,00%;14,90%;14,90%;14,90%;14,80%;14,80%;14,70%;14,70%;14,60%;14,60%;14,60%;14,50%;14,50%;14,40%;14,40%;14,30%;14,30%;14,30%;14,20%;14,20%;14,10%;14,10%;14,00%;14,00%;14,00%;13,90%;13,90%;13,80%;13,80%;13,70%;13,70%;13,70%;13,60%;13,60%;13,50%;13,50%;13,40%;13,40%;13,30%;13,30%
521530;ORIZONA;16,90%;16,90%;16,80%;16,70%;16,70%;16,60%;16,60%;16,50%;16,50%;16,40%;16,40%;16,30%;16,30%;16,20%;16,20%;16,10%;16,10%;16,00%;15,90%;15,90%;15,80%;15,80%;15,70%;15,70%;15,60%;15,60%;15,60%;15,50%;15,50%;15,40%;15,40%;15,30%;15,30%;15,30%;15,20%;15,20%;15,10%;15,10%;15,10%;15,00%;15,00%;15,00%;14,90%;14,90%;14,90%;14,80%;14,80%;14,80%;14,70%;14,70%;14,70%;14,60%;14,60%;14,60%;14,60%;14,50%;14,50%;14,50%;14,40%;14,40%;14,40%;14,10%;14,10%;14,10%;14,10%;14,10%;14,00%;14,00%;14,00%;14,00%;14,00%;13,90%;14,20%;14,10%;14,10%;14,10%;14,10%;14,10%;14,00%;14,00%;14,00%;14,00%;14,00%;13,90%;13,90%;13,90%;13,90%;13,90%;13,90%;13,90%;13,90%;13,80%;13,80%;13,80%;13,80%;13,80%;13,80%;13,80%;13,80%;13,80%;13,80%;13,80%;13,80%;13,80%;13,80%;13,80%;13,80%;13,80%;13,70%;13,80%;13,80%;13,80%;13,80%;13,80%;13,80%;13,80%;13,80%;13,80%;13,80%;13,90%;13,90%;13,90%;13,90%;13,90%;13,90%;13,90%;13,90%;13,90%;14,00%;14,00%;14,00%;14,00%;14,00%;14,00%;14,00%;14,00%;14,10%;14,10%;14,10%;14,10%;14,10%;14,10%;14,10%;14,10%;14,20%;14,20%;14,20%;14,20%;14,20%;14,20%;14,20%;14,20%;14,20%;14,20%;14,20%;14,20%;14,20%;14,20%;14,20%;14,20%;14,20%;14,20%;14,20%;14,20%;14,20%;14,20%;14,20%;14,20%;14,20%;14,20%;14,20%;14,20%;14,20%;14,10%;14,10%;14,10%;14,10%;14,10%;14,10%;14,10%;14,10%;14,10%;14,10%;14,00%;14,00%;14,00%;14,00%;14,00%;14,00%;14,00%;14,00%;14,00%;14,00%;14,00%;13,90%;13,90%;13,90%;13,90%;13,90%;13,90%;13,90%;13,90%;13,90%;13,90%;13,90%
521540;OURO VERDE DE GOIAS;17,70%;17,60%;17,60%;17,50%;17,40%;17,40%;17,30%;17,20%;17,20%;17,10%;17,00%;17,00%;16,90%;16,80%;16,80%;16,70%;16,60%;16,60%;16,50%;16,40%;16,40%;16,30%;16,20%;16,20%;16,10%;16,00%;16,00%;15,90%;15,90%;15,80%;15,70%;15,70%;15,60%;15,60%;15,50%;15,40%;15,40%;15,30%;15,30%;15,20%;15,20%;15,10%;15,10%;15,00%;15,00%;14,90%;14,90%;14,80%;14,80%;14,80%;14,70%;14,70%;14,60%;14,60%;14,60%;14,50%;14,50%;14,50%;14,40%;14,40%;14,30%;14,00%;14,00%;14,00%;14,00%;13,90%;13,90%;13,90%;13,90%;13,90%;13,80%;13,80%;14,00%;14,00%;14,00%;14,00%;14,00%;13,90%;13,90%;13,90%;13,90%;13,90%;13,80%;13,80%;13,80%;13,80%;13,80%;13,80%;13,80%;13,70%;13,70%;13,70%;13,70%;13,70%;13,70%;13,70%;13,70%;13,70%;13,70%;13,70%;13,70%;13,70%;13,70%;13,70%;13,70%;13,70%;13,70%;13,70%;13,70%;13,70%;13,70%;13,80%;13,80%;13,80%;13,80%;13,80%;13,80%;13,80%;13,80%;13,90%;13,90%;13,90%;13,90%;13,90%;13,90%;14,00%;14,00%;14,00%;14,00%;14,00%;14,00%;14,10%;14,10%;14,10%;14,10%;14,10%;14,20%;14,20%;14,20%;14,20%;14,20%;14,20%;14,30%;14,30%;14,30%;14,30%;14,30%;14,30%;14,30%;14,30%;14,30%;14,30%;14,30%;14,30%;14,30%;14,30%;14,30%;14,30%;14,30%;14,30%;14,30%;14,30%;14,30%;14,30%;14,30%;14,30%;14,30%;14,30%;14,30%;14,30%;14,30%;14,30%;14,30%;14,20%;14,20%;14,20%;14,20%;14,20%;14,10%;14,10%;14,10%;14,10%;14,00%;14,00%;14,00%;14,00%;13,90%;13,90%;13,90%;13,80%;13,80%;13,80%;13,80%;13,70%;13,70%;13,70%;13,60%;13,60%;13,60%;13,50%;13,50%;13,50%;13,50%;13,40%;13,40%
521550;OUVIDOR;16,60%;16,60%;16,60%;16,60%;16,60%;16,60%;16,60%;16,60%;16,50%;16,50%;16,50%;16,50%;16,50%;16,50%;16,50%;16,50%;16,50%;16,50%;16,50%;16,40%;16,40%;16,40%;16,40%;16,40%;16,40%;16,40%;16,40%;16,30%;16,30%;16,30%;16,30%;16,30%;16,30%;16,30%;16,20%;16,20%;16,20%;16,20%;16,20%;16,20%;16,20%;16,20%;16,20%;16,20%;16,20%;16,10%;16,10%;16,10%;16,10%;16,10%;16,10%;16,10%;16,10%;16,10%;16,00%;16,00%;16,00%;16,00%;16,00%;16,00%;16,00%;15,90%;15,90%;15,90%;15,80%;15,80%;15,80%;15,80%;15,80%;15,80%;15,80%;15,80%;15,90%;15,90%;15,90%;15,90%;15,80%;15,80%;15,80%;15,80%;15,80%;15,80%;15,80%;15,80%;15,80%;15,80%;15,70%;15,70%;15,70%;15,70%;15,70%;15,70%;15,70%;15,60%;15,60%;15,60%;15,60%;15,60%;15,60%;15,50%;15,50%;15,50%;15,50%;15,50%;15,50%;15,40%;15,40%;15,40%;15,40%;15,40%;15,40%;15,30%;15,30%;15,30%;15,30%;15,30%;15,20%;15,20%;15,20%;15,20%;15,20%;15,10%;15,10%;15,10%;15,10%;15,10%;15,00%;15,00%;15,00%;15,00%;15,00%;15,00%;14,90%;14,90%;14,90%;14,90%;14,90%;14,90%;14,80%;14,80%;14,80%;14,80%;14,80%;14,80%;14,70%;14,70%;14,70%;14,70%;14,70%;14,70%;14,70%;14,60%;14,60%;14,60%;14,60%;14,60%;14,60%;14,60%;14,50%;14,50%;14,50%;14,50%;14,50%;14,50%;14,40%;14,40%;14,40%;14,40%;14,40%;14,40%;14,30%;14,30%;14,30%;14,30%;14,30%;14,30%;14,30%;14,30%;14,30%;14,30%;14,30%;14,20%;14,20%;14,20%;14,20%;14,20%;14,20%;14,20%;14,20%;14,10%;14,10%;14,10%;14,10%;14,10%;14,10%;14,10%;14,10%;14,00%;14,00%;14,00%;14,00%;14,00%;14,00%;14,00%;14,00%
521560;PADRE BERNARDO;24,90%;24,90%;24,80%;24,70%;24,70%;24,60%;24,60%;24,50%;24,40%;24,40%;24,30%;24,20%;24,20%;24,10%;24,10%;24,00%;23,90%;23,90%;23,80%;23,80%;23,70%;23,60%;23,60%;23,50%;23,50%;23,40%;23,30%;23,30%;23,20%;23,20%;23,10%;23,10%;23,00%;22,90%;22,90%;22,80%;22,80%;22,70%;22,70%;22,60%;22,60%;22,50%;22,50%;22,40%;22,30%;22,30%;22,20%;22,20%;22,10%;22,10%;22,00%;22,00%;22,00%;21,90%;21,90%;21,80%;21,80%;21,70%;21,70%;21,60%;21,60%;21,10%;21,10%;21,00%;21,00%;20,90%;20,90%;20,90%;20,80%;20,80%;20,80%;20,70%;21,10%;21,10%;21,10%;21,00%;21,00%;20,90%;20,90%;20,90%;20,80%;20,80%;20,80%;20,70%;20,70%;20,70%;20,60%;20,60%;20,50%;20,50%;20,50%;20,40%;20,40%;20,40%;20,30%;20,30%;20,30%;20,20%;20,20%;20,20%;20,10%;20,10%;20,10%;20,00%;20,00%;20,00%;19,90%;19,90%;19,90%;19,80%;19,80%;19,80%;19,70%;19,70%;19,70%;19,70%;19,60%;19,60%;19,60%;19,60%;19,50%;19,50%;19,50%;19,40%;19,40%;19,40%;19,40%;19,30%;19,30%;19,30%;19,20%;19,20%;19,20%;19,20%;19,10%;19,10%;19,10%;19,10%;19,00%;19,00%;19,00%;18,90%;18,90%;18,90%;18,90%;18,80%;18,80%;18,80%;18,80%;18,80%;18,70%;18,70%;18,70%;18,70%;18,60%;18,60%;18,60%;18,60%;18,50%;18,50%;18,50%;18,50%;18,40%;18,40%;18,40%;18,40%;18,40%;18,30%;18,30%;18,30%;18,30%;18,20%;18,20%;18,20%;18,20%;18,10%;18,10%;18,10%;18,00%;18,00%;18,00%;18,00%;17,90%;17,90%;17,90%;17,90%;17,80%;17,80%;17,80%;17,70%;17,70%;17,70%;17,70%;17,60%;17,60%;17,60%;17,60%;17,50%;17,50%;17,50%;17,40%;17,40%;17,40%;17,40%;17,30%
521565;PALESTINA DE GOIAS;16,40%;16,30%;16,30%;16,20%;16,10%;16,10%;16,00%;16,00%;15,90%;15,90%;15,80%;15,80%;15,70%;15,70%;15,60%;15,60%;15,50%;15,50%;15,40%;15,40%;15,30%;15,30%;15,20%;15,20%;15,10%;15,10%;15,10%;15,00%;15,00%;15,00%;14,90%;14,90%;14,90%;14,80%;14,80%;14,80%;14,70%;14,70%;14,70%;14,60%;14,60%;14,60%;14,50%;14,50%;14,50%;14,40%;14,40%;14,30%;14,30%;14,30%;14,30%;14,30%;14,30%;14,30%;14,20%;14,20%;14,20%;14,20%;14,20%;14,20%;14,20%;14,10%;14,10%;14,00%;14,00%;14,00%;14,00%;14,00%;14,00%;14,00%;14,00%;14,00%;14,10%;14,10%;14,10%;14,00%;14,00%;14,00%;14,00%;14,00%;14,00%;14,00%;14,00%;14,00%;14,00%;13,90%;13,90%;13,90%;13,90%;13,90%;13,90%;13,90%;13,90%;13,90%;13,80%;13,80%;13,80%;13,80%;13,80%;13,80%;13,80%;13,80%;13,80%;13,90%;13,90%;13,90%;13,90%;13,90%;13,90%;13,90%;13,90%;14,00%;14,00%;14,00%;14,00%;14,00%;14,10%;14,10%;14,10%;14,10%;14,20%;14,20%;14,20%;14,20%;14,20%;14,20%;14,20%;14,20%;14,20%;14,30%;14,30%;14,30%;14,30%;14,30%;14,30%;14,30%;14,30%;14,40%;14,40%;14,40%;14,40%;14,40%;14,40%;14,40%;14,40%;14,40%;14,50%;14,50%;14,50%;14,50%;14,50%;14,50%;14,50%;14,50%;14,50%;14,50%;14,50%;14,50%;14,50%;14,40%;14,40%;14,40%;14,40%;14,30%;14,30%;14,30%;14,20%;14,20%;14,20%;14,10%;14,10%;14,10%;14,10%;14,00%;14,00%;14,00%;13,90%;13,90%;13,90%;13,90%;13,80%;13,80%;13,80%;13,70%;13,70%;13,70%;13,70%;13,60%;13,60%;13,60%;13,50%;13,50%;13,50%;13,50%;13,40%;13,40%;13,40%;13,40%;13,30%;13,30%;13,30%;13,20%;13,20%;13,20%;13,20%
521570;PALMEIRAS DE GOIAS;17,50%;17,50%;17,40%;17,40%;17,40%;17,30%;17,30%;17,30%;17,20%;17,20%;17,20%;17,10%;17,10%;17,10%;17,10%;17,00%;17,00%;17,00%;16,90%;16,90%;16,90%;16,90%;16,80%;16,80%;16,80%;16,70%;16,70%;16,70%;16,70%;16,60%;16,60%;16,60%;16,60%;16,50%;16,50%;16,50%;16,50%;16,40%;16,40%;16,40%;16,40%;16,40%;16,40%;16,30%;16,30%;16,30%;16,30%;16,30%;16,20%;16,20%;16,20%;16,20%;16,20%;16,20%;16,20%;16,20%;16,20%;16,20%;16,10%;16,10%;16,10%;16,10%;16,10%;16,10%;16,10%;16,10%;16,10%;16,10%;16,10%;16,10%;16,10%;16,10%;16,10%;16,10%;16,10%;16,10%;16,10%;16,10%;16,10%;16,10%;16,10%;16,10%;16,10%;16,10%;16,10%;16,10%;16,10%;16,10%;16,10%;16,10%;16,10%;16,10%;16,10%;16,10%;16,10%;16,10%;16,10%;16,10%;16,10%;16,10%;16,10%;16,20%;16,20%;16,20%;16,20%;16,20%;16,20%;16,20%;16,20%;16,30%;16,30%;16,30%;16,30%;16,30%;16,40%;16,40%;16,40%;16,40%;16,40%;16,40%;16,50%;16,50%;16,50%;16,50%;16,60%;16,60%;16,60%;16,60%;16,60%;16,70%;16,70%;16,70%;16,70%;16,70%;16,80%;16,80%;16,80%;16,80%;16,80%;16,80%;16,90%;16,90%;16,90%;16,90%;16,90%;17,00%;17,00%;17,00%;17,00%;17,00%;17,00%;17,00%;17,10%;17,10%;17,10%;17,10%;17,10%;17,10%;17,10%;17,10%;17,10%;17,10%;17,10%;17,10%;17,10%;17,10%;17,10%;17,10%;17,10%;17,10%;17,10%;17,10%;17,10%;17,10%;17,10%;17,10%;17,00%;17,00%;17,00%;17,00%;17,00%;17,00%;17,00%;17,00%;17,00%;17,00%;17,00%;17,00%;17,00%;17,00%;17,00%;16,90%;16,90%;16,90%;16,90%;16,90%;16,90%;16,90%;16,90%;16,90%;16,90%;16,90%;16,90%;16,90%;16,90%
521580;PALMELO;17,60%;17,50%;17,50%;17,40%;17,40%;17,30%;17,30%;17,20%;17,10%;17,10%;17,00%;17,00%;16,90%;16,90%;16,80%;16,70%;16,60%;16,60%;16,50%;16,40%;16,40%;16,30%;16,20%;16,20%;16,10%;16,00%;16,00%;15,90%;15,80%;15,80%;15,70%;15,60%;15,60%;15,50%;15,50%;15,40%;15,30%;15,30%;15,20%;15,20%;15,10%;15,10%;15,00%;14,90%;14,90%;14,80%;14,80%;14,70%;14,70%;14,60%;14,60%;14,50%;14,50%;14,40%;14,40%;14,30%;14,30%;14,20%;14,20%;14,10%;14,10%;13,30%;13,30%;13,20%;13,20%;13,20%;13,10%;13,10%;13,00%;13,00%;12,90%;12,90%;13,40%;13,30%;13,30%;13,30%;13,20%;13,20%;13,10%;13,10%;13,00%;13,00%;13,00%;12,90%;12,90%;12,80%;12,80%;12,80%;12,80%;12,70%;12,70%;12,70%;12,70%;12,60%;12,60%;12,60%;12,50%;12,50%;12,50%;12,50%;12,50%;12,50%;12,50%;12,50%;12,50%;12,50%;12,50%;12,50%;12,50%;12,60%;12,60%;12,60%;12,60%;12,60%;12,60%;12,60%;12,60%;12,60%;12,60%;12,60%;12,60%;12,60%;12,60%;12,60%;12,60%;12,60%;12,60%;12,60%;12,60%;12,60%;12,60%;12,60%;12,60%;12,60%;12,60%;12,60%;12,50%;12,50%;12,50%;12,50%;12,50%;12,50%;12,50%;12,50%;12,50%;12,50%;12,50%;12,50%;12,50%;12,50%;12,60%;12,60%;12,60%;12,60%;12,60%;12,60%;12,70%;12,70%;12,70%;12,70%;12,70%;12,70%;12,70%;12,70%;12,70%;12,70%;12,70%;12,70%;12,70%;12,70%;12,60%;12,60%;12,60%;12,60%;12,60%;12,50%;12,50%;12,50%;12,50%;12,50%;12,50%;12,50%;12,40%;12,40%;12,40%;12,40%;12,40%;12,40%;12,40%;12,40%;12,40%;12,40%;12,40%;12,40%;12,40%;12,40%;12,40%;12,40%;12,40%;12,40%;12,40%;12,40%;12,40%;12,40%;12,40%
521590;PALMINOPOLIS;15,10%;15,00%;15,00%;15,00%;14,90%;14,90%;14,80%;14,80%;14,70%;14,70%;14,60%;14,60%;14,60%;14,50%;14,50%;14,40%;14,40%;14,40%;14,30%;14,30%;14,20%;14,20%;14,20%;14,10%;14,10%;14,00%;14,00%;14,00%;14,00%;13,90%;13,90%;13,90%;13,80%;13,80%;13,80%;13,80%;13,70%;13,70%;13,70%;13,70%;13,60%;13,60%;13,60%;13,60%;13,60%;13,50%;13,50%;13,50%;13,50%;13,40%;13,40%;13,40%;13,40%;13,40%;13,40%;13,40%;13,30%;13,30%;13,30%;13,30%;13,30%;13,10%;13,10%;13,10%;13,10%;13,00%;13,00%;13,00%;13,00%;13,00%;13,00%;13,00%;13,10%;13,10%;13,10%;13,10%;13,10%;13,10%;13,00%;13,00%;13,00%;13,00%;13,00%;13,00%;13,00%;13,00%;13,00%;13,00%;12,90%;12,90%;12,90%;12,90%;12,90%;12,90%;12,90%;12,90%;12,90%;12,90%;12,90%;12,90%;12,90%;13,00%;13,00%;13,00%;13,00%;13,00%;13,00%;13,00%;13,00%;13,00%;13,10%;13,10%;13,10%;13,10%;13,10%;13,10%;13,20%;13,20%;13,20%;13,20%;13,20%;13,20%;13,30%;13,30%;13,30%;13,30%;13,40%;13,40%;13,40%;13,50%;13,50%;13,50%;13,50%;13,60%;13,60%;13,60%;13,60%;13,60%;13,60%;13,70%;13,70%;13,70%;13,70%;13,70%;13,70%;13,70%;13,80%;13,80%;13,80%;13,80%;13,80%;13,80%;13,80%;13,90%;13,90%;13,90%;13,90%;13,90%;13,90%;13,90%;13,90%;13,90%;13,90%;13,90%;13,90%;13,90%;13,90%;13,90%;13,90%;13,90%;13,90%;13,90%;13,90%;13,90%;13,90%;13,90%;13,90%;13,90%;13,90%;13,90%;13,90%;13,80%;13,80%;13,80%;13,80%;13,80%;13,80%;13,80%;13,70%;13,70%;13,70%;13,70%;13,70%;13,70%;13,70%;13,60%;13,60%;13,60%;13,60%;13,60%;13,60%;13,60%;13,50%;13,50%;13,50%
521600;PANAMA;17,30%;17,20%;17,20%;17,20%;17,10%;17,10%;17,10%;17,00%;17,00%;17,00%;16,90%;16,90%;16,90%;16,80%;16,80%;16,80%;16,70%;16,70%;16,70%;16,60%;16,60%;16,60%;16,50%;16,50%;16,50%;16,40%;16,40%;16,30%;16,30%;16,20%;16,20%;16,10%;16,10%;16,00%;16,00%;15,90%;15,90%;15,80%;15,80%;15,80%;15,70%;15,70%;15,60%;15,60%;15,50%;15,50%;15,50%;15,40%;15,40%;15,40%;15,30%;15,30%;15,30%;15,30%;15,30%;15,20%;15,20%;15,20%;15,20%;15,20%;15,10%;14,80%;14,80%;14,70%;14,70%;14,70%;14,70%;14,60%;14,60%;14,60%;14,60%;14,50%;14,80%;14,80%;14,80%;14,70%;14,70%;14,70%;14,70%;14,60%;14,60%;14,60%;14,60%;14,50%;14,50%;14,50%;14,50%;14,50%;14,40%;14,40%;14,40%;14,40%;14,30%;14,30%;14,30%;14,30%;14,30%;14,20%;14,20%;14,20%;14,20%;14,20%;14,20%;14,20%;14,10%;14,10%;14,10%;14,10%;14,10%;14,10%;14,10%;14,00%;14,00%;14,00%;14,00%;14,00%;14,00%;13,90%;13,90%;13,90%;13,90%;13,90%;13,90%;13,90%;13,90%;13,90%;13,90%;13,80%;13,80%;13,80%;13,80%;13,80%;13,80%;13,80%;13,80%;13,80%;13,80%;13,80%;13,80%;13,70%;13,70%;13,70%;13,70%;13,70%;13,70%;13,70%;13,70%;13,60%;13,60%;13,60%;13,60%;13,50%;13,50%;13,50%;13,50%;13,40%;13,40%;13,40%;13,40%;13,30%;13,30%;13,30%;13,20%;13,20%;13,20%;13,10%;13,10%;13,10%;13,00%;13,00%;13,00%;13,00%;13,00%;13,00%;12,90%;12,90%;12,90%;12,90%;12,90%;12,80%;12,80%;12,80%;12,80%;12,70%;12,70%;12,70%;12,60%;12,60%;12,60%;12,50%;12,50%;12,50%;12,40%;12,40%;12,30%;12,30%;12,30%;12,20%;12,20%;12,20%;12,10%;12,10%;12,10%;12,00%;12,00%
521630;PARANAIGUARA;17,70%;17,60%;17,60%;17,60%;17,60%;17,50%;17,50%;17,50%;17,50%;17,50%;17,40%;17,40%;17,40%;17,40%;17,30%;17,30%;17,30%;17,30%;17,20%;17,20%;17,20%;17,10%;17,10%;17,10%;17,10%;17,00%;17,00%;16,90%;16,90%;16,90%;16,80%;16,80%;16,80%;16,70%;16,70%;16,60%;16,60%;16,60%;16,50%;16,50%;16,40%;16,40%;16,40%;16,30%;16,30%;16,30%;16,20%;16,20%;16,10%;16,10%;16,10%;16,10%;16,00%;16,00%;16,00%;15,90%;15,90%;15,90%;15,90%;15,80%;15,80%;15,50%;15,40%;15,40%;15,40%;15,40%;15,30%;15,30%;15,30%;15,30%;15,30%;15,20%;15,50%;15,50%;15,40%;15,40%;15,40%;15,40%;15,40%;15,30%;15,30%;15,30%;15,30%;15,20%;15,20%;15,20%;15,20%;15,10%;15,10%;15,10%;15,00%;15,00%;15,00%;14,90%;14,90%;14,90%;14,90%;14,80%;14,80%;14,80%;14,80%;14,70%;14,70%;14,70%;14,70%;14,60%;14,60%;14,60%;14,50%;14,50%;14,50%;14,50%;14,40%;14,40%;14,40%;14,40%;14,40%;14,30%;14,30%;14,30%;14,30%;14,20%;14,20%;14,20%;14,10%;14,10%;14,10%;14,10%;14,00%;14,00%;14,00%;14,00%;13,90%;13,90%;13,90%;13,80%;13,80%;13,80%;13,70%;13,70%;13,70%;13,60%;13,60%;13,60%;13,60%;13,50%;13,50%;13,50%;13,40%;13,40%;13,40%;13,40%;13,30%;13,30%;13,30%;13,20%;13,20%;13,20%;13,10%;13,10%;13,00%;13,00%;13,00%;12,90%;12,90%;12,80%;12,80%;12,80%;12,70%;12,70%;12,60%;12,60%;12,60%;12,50%;12,50%;12,40%;12,40%;12,40%;12,30%;12,30%;12,20%;12,20%;12,20%;12,10%;12,10%;12,00%;12,00%;12,00%;11,90%;11,90%;11,80%;11,80%;11,70%;11,70%;11,70%;11,60%;11,60%;11,50%;11,50%;11,40%;11,40%;11,40%;11,30%;11,30%;11,20%
521640;PARAUNA;18,90%;18,80%;18,80%;18,80%;18,70%;18,70%;18,70%;18,60%;18,60%;18,60%;18,50%;18,50%;18,40%;18,40%;18,40%;18,40%;18,30%;18,30%;18,30%;18,20%;18,20%;18,20%;18,10%;18,10%;18,10%;18,00%;18,00%;18,00%;17,90%;17,90%;17,80%;17,80%;17,80%;17,70%;17,70%;17,70%;17,60%;17,60%;17,60%;17,50%;17,50%;17,50%;17,50%;17,40%;17,40%;17,40%;17,30%;17,30%;17,30%;17,30%;17,20%;17,20%;17,20%;17,10%;17,10%;17,10%;17,10%;17,00%;17,00%;17,00%;16,90%;16,60%;16,60%;16,60%;16,60%;16,60%;16,50%;16,50%;16,50%;16,50%;16,40%;16,40%;16,70%;16,60%;16,60%;16,60%;16,60%;16,60%;16,50%;16,50%;16,50%;16,50%;16,40%;16,40%;16,40%;16,40%;16,30%;16,30%;16,30%;16,30%;16,30%;16,20%;16,20%;16,20%;16,20%;16,10%;16,10%;16,10%;16,10%;16,10%;16,10%;16,10%;16,00%;16,00%;16,00%;16,00%;16,00%;16,00%;16,00%;16,00%;15,90%;15,90%;15,90%;15,90%;15,90%;15,90%;15,90%;15,90%;15,90%;15,90%;15,90%;15,90%;15,80%;15,80%;15,80%;15,80%;15,80%;15,80%;15,80%;15,80%;15,80%;15,80%;15,80%;15,80%;15,80%;15,70%;15,70%;15,70%;15,70%;15,70%;15,70%;15,70%;15,70%;15,70%;15,70%;15,70%;15,70%;15,70%;15,70%;15,70%;15,70%;15,60%;15,60%;15,60%;15,60%;15,60%;15,60%;15,60%;15,60%;15,60%;15,60%;15,50%;15,50%;15,50%;15,50%;15,50%;15,50%;15,50%;15,50%;15,40%;15,40%;15,40%;15,40%;15,40%;15,40%;15,30%;15,30%;15,30%;15,30%;15,30%;15,30%;15,20%;15,20%;15,20%;15,20%;15,20%;15,10%;15,10%;15,10%;15,10%;15,10%;15,10%;15,00%;15,00%;15,00%;15,00%;15,00%;14,90%;14,90%;14,90%;14,90%;14,90%;14,90%;14,80%;14,80%
521645;PEROLANDIA;21,70%;21,70%;21,60%;21,50%;21,40%;21,40%;21,30%;21,20%;21,10%;21,10%;21,00%;20,90%;20,90%;20,80%;20,70%;20,70%;20,60%;20,50%;20,40%;20,40%;20,30%;20,20%;20,20%;20,10%;20,00%;20,00%;19,90%;19,90%;19,80%;19,80%;19,70%;19,60%;19,60%;19,50%;19,50%;19,40%;19,30%;19,30%;19,20%;19,20%;19,10%;19,10%;19,00%;19,00%;18,90%;18,80%;18,80%;18,70%;18,70%;18,60%;18,60%;18,50%;18,50%;18,50%;18,40%;18,40%;18,30%;18,30%;18,20%;18,20%;18,10%;17,90%;17,80%;17,80%;17,80%;17,70%;17,70%;17,70%;17,60%;17,60%;17,60%;17,50%;17,90%;17,90%;17,80%;17,80%;17,80%;17,70%;17,70%;17,70%;17,60%;17,60%;17,60%;17,50%;17,50%;17,50%;17,50%;17,50%;17,50%;17,50%;17,50%;17,40%;17,40%;17,40%;17,40%;17,40%;17,40%;17,40%;17,40%;17,30%;17,30%;17,30%;17,30%;17,30%;17,20%;17,20%;17,20%;17,20%;17,20%;17,20%;17,20%;17,20%;17,10%;17,10%;17,10%;17,10%;17,10%;17,10%;17,10%;17,10%;17,10%;17,10%;17,10%;17,10%;17,10%;17,10%;17,10%;17,10%;17,10%;17,10%;17,00%;17,00%;17,00%;17,00%;17,00%;17,00%;17,00%;17,00%;17,00%;17,00%;17,00%;17,00%;17,00%;17,00%;16,90%;16,90%;16,90%;16,90%;16,90%;16,90%;16,90%;16,90%;16,80%;16,80%;16,80%;16,80%;16,80%;16,80%;16,70%;16,70%;16,70%;16,70%;16,70%;16,60%;16,60%;16,60%;16,60%;16,60%;16,50%;16,50%;16,40%;16,40%;16,40%;16,30%;16,30%;16,20%;16,20%;16,10%;16,10%;16,00%;16,00%;16,00%;15,90%;15,90%;15,80%;15,80%;15,70%;15,70%;15,60%;15,60%;15,60%;15,50%;15,50%;15,40%;15,40%;15,30%;15,30%;15,30%;15,20%;15,20%;15,10%;15,10%;15,00%;15,00%;14,90%
521680;PETROLINA DE GOIAS;16,10%;16,10%;16,00%;16,00%;16,00%;15,90%;15,90%;15,90%;15,80%;15,80%;15,70%;15,70%;15,70%;15,60%;15,60%;15,50%;15,50%;15,50%;15,40%;15,40%;15,30%;15,30%;15,20%;15,20%;15,10%;15,10%;15,10%;15,00%;15,00%;15,00%;14,90%;14,90%;14,80%;14,80%;14,80%;14,70%;14,70%;14,60%;14,60%;14,60%;14,50%;14,50%;14,50%;14,40%;14,40%;14,30%;14,30%;14,30%;14,20%;14,20%;14,20%;14,10%;14,10%;14,10%;14,10%;14,00%;14,00%;14,00%;14,00%;13,90%;13,90%;13,60%;13,60%;13,50%;13,50%;13,50%;13,50%;13,50%;13,40%;13,40%;13,40%;13,40%;13,60%;13,60%;13,60%;13,50%;13,50%;13,50%;13,50%;13,50%;13,40%;13,40%;13,40%;13,40%;13,40%;13,30%;13,30%;13,30%;13,30%;13,30%;13,20%;13,20%;13,20%;13,20%;13,20%;13,10%;13,10%;13,10%;13,10%;13,10%;13,10%;13,10%;13,10%;13,00%;13,00%;13,00%;13,00%;13,00%;13,00%;13,00%;13,00%;13,00%;13,00%;12,90%;12,90%;12,90%;12,90%;12,90%;12,90%;12,90%;12,90%;12,90%;12,90%;12,90%;12,90%;12,90%;12,90%;12,90%;12,90%;12,90%;12,90%;12,90%;12,90%;12,90%;12,90%;12,90%;12,90%;12,80%;12,80%;12,80%;12,80%;12,80%;12,80%;12,80%;12,80%;12,80%;12,80%;12,80%;12,80%;12,80%;12,80%;12,70%;12,70%;12,70%;12,70%;12,70%;12,70%;12,70%;12,70%;12,60%;12,60%;12,60%;12,60%;12,60%;12,50%;12,50%;12,50%;12,50%;12,50%;12,40%;12,40%;12,40%;12,40%;12,30%;12,30%;12,30%;12,30%;12,20%;12,20%;12,20%;12,20%;12,10%;12,10%;12,10%;12,00%;12,00%;12,00%;12,00%;11,90%;11,90%;11,90%;11,80%;11,80%;11,80%;11,70%;11,70%;11,70%;11,70%;11,60%;11,60%;11,60%;11,50%;11,50%;11,50%;11,50%
521690;PILAR DE GOIAS;16,50%;16,40%;16,40%;16,30%;16,30%;16,20%;16,20%;16,10%;16,10%;16,00%;16,00%;15,90%;15,90%;15,80%;15,70%;15,70%;15,60%;15,60%;15,50%;15,50%;15,40%;15,40%;15,30%;15,20%;15,20%;15,10%;15,10%;15,00%;15,00%;14,90%;14,90%;14,90%;14,80%;14,80%;14,70%;14,70%;14,60%;14,60%;14,50%;14,50%;14,50%;14,40%;14,40%;14,30%;14,30%;14,30%;14,20%;14,20%;14,10%;14,10%;14,10%;14,00%;14,00%;14,00%;13,90%;13,90%;13,90%;13,80%;13,80%;13,70%;13,70%;13,40%;13,40%;13,40%;13,30%;13,30%;13,30%;13,20%;13,20%;13,20%;13,20%;13,10%;13,40%;13,40%;13,40%;13,40%;13,30%;13,30%;13,30%;13,20%;13,20%;13,20%;13,20%;13,10%;13,10%;13,10%;13,10%;13,10%;13,10%;13,10%;13,10%;13,00%;13,00%;13,00%;13,00%;13,00%;13,00%;13,00%;13,00%;13,00%;13,00%;13,10%;13,10%;13,10%;13,10%;13,10%;13,10%;13,10%;13,10%;13,20%;13,20%;13,20%;13,20%;13,30%;13,30%;13,30%;13,30%;13,30%;13,40%;13,40%;13,40%;13,40%;13,50%;13,50%;13,50%;13,50%;13,60%;13,60%;13,60%;13,60%;13,70%;13,70%;13,70%;13,70%;13,80%;13,80%;13,80%;13,90%;13,90%;13,90%;13,90%;14,00%;14,00%;14,00%;14,10%;14,10%;14,10%;14,10%;14,10%;14,20%;14,20%;14,20%;14,20%;14,20%;14,30%;14,30%;14,30%;14,30%;14,30%;14,30%;14,30%;14,30%;14,30%;14,30%;14,30%;14,30%;14,30%;14,30%;14,30%;14,30%;14,30%;14,30%;14,20%;14,20%;14,20%;14,20%;14,10%;14,10%;14,10%;14,10%;14,00%;14,00%;14,00%;14,00%;14,00%;14,00%;14,00%;14,00%;14,00%;14,00%;14,00%;14,00%;14,00%;14,00%;14,00%;14,00%;14,00%;14,00%;14,00%;14,00%;14,00%;14,00%;14,00%;14,00%;14,00%
521710;PIRACANJUBA;16,40%;16,30%;16,30%;16,20%;16,20%;16,10%;16,10%;16,10%;16,00%;16,00%;15,90%;15,90%;15,80%;15,80%;15,80%;15,70%;15,70%;15,60%;15,60%;15,50%;15,50%;15,50%;15,40%;15,40%;15,30%;15,30%;15,30%;15,20%;15,20%;15,10%;15,10%;15,10%;15,00%;15,00%;14,90%;14,90%;14,90%;14,80%;14,80%;14,70%;14,70%;14,70%;14,60%;14,60%;14,60%;14,50%;14,50%;14,50%;14,40%;14,40%;14,40%;14,40%;14,30%;14,30%;14,30%;14,30%;14,20%;14,20%;14,20%;14,20%;14,10%;13,90%;13,80%;13,80%;13,80%;13,80%;13,80%;13,70%;13,70%;13,70%;13,70%;13,70%;13,90%;13,90%;13,80%;13,80%;13,80%;13,80%;13,80%;13,70%;13,70%;13,70%;13,70%;13,70%;13,60%;13,60%;13,60%;13,60%;13,60%;13,60%;13,50%;13,50%;13,50%;13,50%;13,50%;13,50%;13,40%;13,40%;13,40%;13,40%;13,40%;13,40%;13,40%;13,40%;13,40%;13,40%;13,40%;13,30%;13,30%;13,30%;13,30%;13,30%;13,30%;13,30%;13,30%;13,30%;13,30%;13,30%;13,30%;13,30%;13,30%;13,30%;13,30%;13,30%;13,30%;13,30%;13,30%;13,30%;13,30%;13,30%;13,30%;13,30%;13,30%;13,30%;13,40%;13,40%;13,40%;13,40%;13,40%;13,40%;13,40%;13,40%;13,40%;13,40%;13,40%;13,40%;13,40%;13,40%;13,40%;13,30%;13,30%;13,30%;13,30%;13,30%;13,30%;13,30%;13,30%;13,30%;13,30%;13,30%;13,30%;13,30%;13,30%;13,30%;13,20%;13,20%;13,20%;13,20%;13,20%;13,20%;13,20%;13,20%;13,10%;13,10%;13,10%;13,10%;13,10%;13,10%;13,00%;13,00%;13,00%;13,00%;13,00%;12,90%;12,90%;12,90%;12,90%;12,90%;12,90%;12,80%;12,80%;12,80%;12,80%;12,80%;12,70%;12,70%;12,70%;12,70%;12,70%;12,70%;12,60%;12,60%;12,60%;12,60%;12,60%
521720;PIRANHAS;16,30%;16,30%;16,20%;16,20%;16,10%;16,10%;16,00%;16,00%;15,90%;15,90%;15,80%;15,80%;15,70%;15,70%;15,60%;15,60%;15,50%;15,50%;15,40%;15,40%;15,30%;15,30%;15,20%;15,20%;15,10%;15,10%;15,00%;15,00%;14,90%;14,90%;14,80%;14,80%;14,80%;14,70%;14,70%;14,60%;14,60%;14,50%;14,50%;14,50%;14,40%;14,40%;14,40%;14,30%;14,30%;14,20%;14,20%;14,20%;14,10%;14,10%;14,10%;14,10%;14,00%;14,00%;14,00%;14,00%;13,90%;13,90%;13,90%;13,90%;13,80%;13,60%;13,60%;13,60%;13,50%;13,50%;13,50%;13,50%;13,50%;13,50%;13,40%;13,40%;13,60%;13,60%;13,60%;13,60%;13,50%;13,50%;13,50%;13,50%;13,50%;13,50%;13,40%;13,40%;13,40%;13,40%;13,40%;13,40%;13,40%;13,40%;13,30%;13,30%;13,30%;13,30%;13,30%;13,30%;13,30%;13,30%;13,30%;13,30%;13,30%;13,30%;13,30%;13,30%;13,30%;13,30%;13,30%;13,30%;13,30%;13,30%;13,30%;13,30%;13,30%;13,40%;13,40%;13,40%;13,40%;13,40%;13,40%;13,50%;13,50%;13,50%;13,50%;13,50%;13,60%;13,60%;13,60%;13,60%;13,60%;13,60%;13,70%;13,70%;13,70%;13,70%;13,70%;13,70%;13,80%;13,80%;13,80%;13,80%;13,80%;13,80%;13,90%;13,90%;13,90%;13,90%;13,90%;13,90%;13,90%;13,90%;14,00%;14,00%;14,00%;14,00%;14,00%;14,00%;14,00%;14,00%;14,00%;14,00%;14,00%;14,00%;14,00%;14,00%;14,00%;14,00%;14,00%;14,00%;14,00%;14,00%;14,00%;13,90%;13,90%;13,90%;13,90%;13,90%;13,90%;13,90%;13,90%;13,90%;13,90%;13,90%;13,90%;13,80%;13,80%;13,80%;13,80%;13,80%;13,80%;13,80%;13,80%;13,80%;13,70%;13,70%;13,70%;13,70%;13,70%;13,70%;13,70%;13,70%;13,70%;13,60%;13,60%;13,60%;13,60%
521730;PIRENOPOLIS;20,00%;20,00%;19,90%;19,90%;19,80%;19,80%;19,70%;19,70%;19,60%;19,60%;19,50%;19,50%;19,40%;19,40%;19,30%;19,30%;19,20%;19,20%;19,10%;19,10%;19,00%;19,00%;18,90%;18,90%;18,80%;18,80%;18,70%;18,70%;18,60%;18,60%;18,50%;18,50%;18,40%;18,40%;18,30%;18,30%;18,30%;18,20%;18,20%;18,10%;18,10%;18,00%;18,00%;17,90%;17,90%;17,80%;17,80%;17,70%;17,70%;17,70%;17,60%;17,60%;17,50%;17,50%;17,50%;17,40%;17,40%;17,40%;17,30%;17,30%;17,30%;16,80%;16,80%;16,80%;16,70%;16,70%;16,70%;16,70%;16,60%;16,60%;16,60%;16,50%;16,90%;16,80%;16,80%;16,80%;16,70%;16,70%;16,70%;16,70%;16,60%;16,60%;16,60%;16,50%;16,50%;16,50%;16,40%;16,40%;16,40%;16,40%;16,30%;16,30%;16,30%;16,20%;16,20%;16,20%;16,20%;16,10%;16,10%;16,10%;16,10%;16,00%;16,00%;16,00%;16,00%;15,90%;15,90%;15,90%;15,90%;15,90%;15,80%;15,80%;15,80%;15,80%;15,80%;15,70%;15,70%;15,70%;15,70%;15,70%;15,60%;15,60%;15,60%;15,60%;15,60%;15,60%;15,50%;15,50%;15,50%;15,50%;15,50%;15,50%;15,50%;15,40%;15,40%;15,40%;15,40%;15,40%;15,30%;15,30%;15,30%;15,30%;15,30%;15,30%;15,20%;15,20%;15,20%;15,20%;15,20%;15,20%;15,10%;15,10%;15,10%;15,10%;15,10%;15,00%;15,00%;15,00%;15,00%;15,00%;14,90%;14,90%;14,90%;14,90%;14,80%;14,80%;14,80%;14,80%;14,80%;14,70%;14,70%;14,70%;14,70%;14,60%;14,60%;14,60%;14,50%;14,50%;14,50%;14,50%;14,40%;14,40%;14,40%;14,40%;14,30%;14,30%;14,30%;14,30%;14,20%;14,20%;14,20%;14,10%;14,10%;14,10%;14,10%;14,00%;14,00%;14,00%;14,00%;13,90%;13,90%;13,90%;13,80%;13,80%;13,80%
521740;PIRES DO RIO;17,10%;17,00%;17,00%;17,00%;16,90%;16,90%;16,80%;16,80%;16,80%;16,70%;16,70%;16,70%;16,60%;16,60%;16,50%;16,50%;16,40%;16,40%;16,40%;16,30%;16,30%;16,20%;16,20%;16,20%;16,10%;16,10%;16,00%;16,00%;16,00%;15,90%;15,90%;15,80%;15,80%;15,70%;15,70%;15,70%;15,60%;15,60%;15,60%;15,50%;15,50%;15,40%;15,40%;15,40%;15,30%;15,30%;15,30%;15,20%;15,20%;15,20%;15,10%;15,10%;15,10%;15,10%;15,00%;15,00%;15,00%;14,90%;14,90%;14,90%;14,90%;14,60%;14,50%;14,50%;14,50%;14,50%;14,50%;14,40%;14,40%;14,40%;14,40%;14,40%;14,60%;14,60%;14,60%;14,50%;14,50%;14,50%;14,50%;14,50%;14,40%;14,40%;14,40%;14,40%;14,40%;14,30%;14,30%;14,30%;14,30%;14,30%;14,30%;14,20%;14,20%;14,20%;14,20%;14,20%;14,20%;14,10%;14,10%;14,10%;14,10%;14,10%;14,10%;14,10%;14,10%;14,10%;14,10%;14,10%;14,10%;14,10%;14,10%;14,10%;14,10%;14,10%;14,10%;14,10%;14,10%;14,10%;14,10%;14,10%;14,10%;14,10%;14,10%;14,10%;14,10%;14,10%;14,10%;14,10%;14,10%;14,10%;14,10%;14,10%;14,10%;14,10%;14,10%;14,10%;14,10%;14,10%;14,10%;14,10%;14,10%;14,10%;14,10%;14,10%;14,10%;14,10%;14,10%;14,10%;14,10%;14,10%;14,10%;14,10%;14,10%;14,10%;14,10%;14,10%;14,10%;14,10%;14,10%;14,10%;14,10%;14,10%;14,10%;14,10%;14,10%;14,10%;14,10%;14,10%;14,10%;14,10%;14,10%;14,10%;14,10%;14,10%;14,00%;14,00%;14,00%;14,00%;14,00%;14,00%;14,00%;14,00%;14,00%;14,00%;13,90%;13,90%;13,90%;13,90%;13,90%;13,90%;13,90%;13,90%;13,90%;13,80%;13,80%;13,80%;13,80%;13,80%;13,80%;13,80%;13,80%;13,80%;13,80%;13,70%;13,70%
521760;PLANALTINA;24,90%;24,80%;24,70%;24,70%;24,60%;24,50%;24,40%;24,40%;24,30%;24,20%;24,10%;24,10%;24,00%;23,90%;23,90%;23,80%;23,70%;23,70%;23,60%;23,60%;23,50%;23,40%;23,40%;23,30%;23,30%;23,20%;23,20%;23,10%;23,10%;23,00%;23,00%;22,90%;22,90%;22,80%;22,80%;22,70%;22,70%;22,60%;22,60%;22,50%;22,50%;22,50%;22,40%;22,40%;22,30%;22,30%;22,30%;22,20%;22,20%;22,20%;22,10%;22,10%;22,10%;22,00%;22,00%;22,00%;21,90%;21,90%;21,90%;21,80%;21,80%;21,50%;21,40%;21,40%;21,40%;21,30%;21,30%;21,30%;21,30%;21,20%;21,20%;21,20%;21,50%;21,50%;21,40%;21,40%;21,40%;21,30%;21,30%;21,30%;21,30%;21,20%;21,20%;21,20%;21,20%;21,10%;21,10%;21,10%;21,10%;21,00%;21,00%;21,00%;20,90%;20,90%;20,90%;20,90%;20,80%;20,80%;20,80%;20,70%;20,70%;20,70%;20,70%;20,60%;20,60%;20,60%;20,60%;20,50%;20,50%;20,50%;20,50%;20,40%;20,40%;20,40%;20,40%;20,30%;20,30%;20,30%;20,30%;20,20%;20,20%;20,20%;20,20%;20,10%;20,10%;20,10%;20,00%;20,00%;20,00%;20,00%;19,90%;19,90%;19,90%;19,90%;19,80%;19,80%;19,80%;19,70%;19,70%;19,70%;19,70%;19,60%;19,60%;19,60%;19,60%;19,50%;19,50%;19,50%;19,50%;19,40%;19,40%;19,40%;19,40%;19,30%;19,30%;19,30%;19,30%;19,20%;19,20%;19,20%;19,20%;19,10%;19,10%;19,10%;19,00%;19,00%;19,00%;19,00%;18,90%;18,90%;18,90%;18,90%;18,80%;18,80%;18,80%;18,70%;18,70%;18,70%;18,70%;18,60%;18,60%;18,60%;18,60%;18,50%;18,50%;18,50%;18,40%;18,40%;18,40%;18,30%;18,30%;18,30%;18,20%;18,20%;18,20%;18,20%;18,10%;18,10%;18,10%;18,00%;18,00%;18,00%;18,00%;17,90%;17,90%
521770;PONTALINA;17,00%;17,00%;16,90%;16,90%;16,80%;16,80%;16,70%;16,70%;16,60%;16,60%;16,50%;16,50%;16,40%;16,40%;16,30%;16,30%;16,20%;16,20%;16,10%;16,10%;16,00%;16,00%;15,90%;15,90%;15,80%;15,80%;15,70%;15,70%;15,60%;15,60%;15,50%;15,50%;15,40%;15,40%;15,30%;15,30%;15,20%;15,20%;15,20%;15,10%;15,10%;15,00%;15,00%;15,00%;14,90%;14,90%;14,80%;14,80%;14,80%;14,70%;14,70%;14,70%;14,60%;14,60%;14,60%;14,50%;14,50%;14,50%;14,40%;14,40%;14,40%;14,10%;14,00%;14,00%;14,00%;14,00%;13,90%;13,90%;13,90%;13,90%;13,90%;13,80%;14,10%;14,10%;14,00%;14,00%;14,00%;14,00%;14,00%;13,90%;13,90%;13,90%;13,90%;13,80%;13,80%;13,80%;13,80%;13,80%;13,70%;13,70%;13,70%;13,70%;13,70%;13,60%;13,60%;13,60%;13,60%;13,60%;13,60%;13,60%;13,50%;13,50%;13,50%;13,50%;13,50%;13,50%;13,50%;13,50%;13,50%;13,50%;13,40%;13,40%;13,40%;13,40%;13,40%;13,40%;13,40%;13,40%;13,40%;13,40%;13,40%;13,40%;13,40%;13,40%;13,40%;13,40%;13,40%;13,40%;13,40%;13,40%;13,40%;13,40%;13,40%;13,40%;13,40%;13,40%;13,40%;13,40%;13,40%;13,30%;13,30%;13,30%;13,30%;13,30%;13,30%;13,30%;13,30%;13,30%;13,30%;13,30%;13,30%;13,30%;13,30%;13,30%;13,30%;13,30%;13,20%;13,20%;13,20%;13,20%;13,20%;13,20%;13,10%;13,10%;13,10%;13,10%;13,10%;13,10%;13,10%;13,00%;13,00%;13,00%;13,00%;13,00%;12,90%;12,90%;12,90%;12,90%;12,90%;12,80%;12,80%;12,80%;12,80%;12,80%;12,70%;12,70%;12,70%;12,70%;12,70%;12,60%;12,60%;12,60%;12,60%;12,50%;12,50%;12,50%;12,50%;12,50%;12,40%;12,40%;12,40%;12,40%;12,40%;12,30%;12,30%
521800;PORANGATU;20,10%;20,10%;20,00%;20,00%;20,00%;19,90%;19,90%;19,90%;19,80%;19,80%;19,70%;19,70%;19,70%;19,60%;19,60%;19,60%;19,50%;19,50%;19,40%;19,40%;19,40%;19,30%;19,30%;19,20%;19,20%;19,20%;19,10%;19,10%;19,00%;19,00%;19,00%;18,90%;18,90%;18,80%;18,80%;18,80%;18,70%;18,70%;18,60%;18,60%;18,60%;18,50%;18,50%;18,50%;18,40%;18,40%;18,30%;18,30%;18,30%;18,20%;18,20%;18,20%;18,10%;18,10%;18,10%;18,00%;18,00%;18,00%;18,00%;17,90%;17,90%;17,60%;17,60%;17,50%;17,50%;17,50%;17,50%;17,40%;17,40%;17,40%;17,40%;17,30%;17,60%;17,60%;17,60%;17,50%;17,50%;17,50%;17,50%;17,40%;17,40%;17,40%;17,40%;17,30%;17,30%;17,30%;17,30%;17,20%;17,20%;17,20%;17,20%;17,10%;17,10%;17,10%;17,10%;17,00%;17,00%;17,00%;17,00%;16,90%;16,90%;16,90%;16,90%;16,90%;16,80%;16,80%;16,80%;16,80%;16,70%;16,70%;16,70%;16,70%;16,70%;16,60%;16,60%;16,60%;16,60%;16,60%;16,60%;16,50%;16,50%;16,50%;16,50%;16,50%;16,40%;16,40%;16,40%;16,40%;16,40%;16,30%;16,30%;16,30%;16,30%;16,30%;16,30%;16,20%;16,20%;16,20%;16,20%;16,20%;16,10%;16,10%;16,10%;16,10%;16,10%;16,00%;16,00%;16,00%;16,00%;16,00%;15,90%;15,90%;15,90%;15,90%;15,90%;15,80%;15,80%;15,80%;15,80%;15,70%;15,70%;15,70%;15,70%;15,60%;15,60%;15,60%;15,60%;15,50%;15,50%;15,50%;15,40%;15,40%;15,40%;15,30%;15,30%;15,30%;15,30%;15,20%;15,20%;15,20%;15,10%;15,10%;15,10%;15,00%;15,00%;15,00%;14,90%;14,90%;14,90%;14,80%;14,80%;14,80%;14,70%;14,70%;14,70%;14,60%;14,60%;14,60%;14,50%;14,50%;14,50%;14,50%;14,40%;14,40%;14,40%
521805;PORTEIRAO;21,60%;21,60%;21,60%;21,50%;21,50%;21,50%;21,40%;21,40%;21,30%;21,30%;21,30%;21,20%;21,20%;21,20%;21,10%;21,10%;21,00%;21,00%;21,00%;20,90%;20,90%;20,90%;20,80%;20,80%;20,80%;20,70%;20,70%;20,70%;20,60%;20,60%;20,60%;20,60%;20,50%;20,50%;20,50%;20,40%;20,40%;20,40%;20,30%;20,30%;20,30%;20,20%;20,20%;20,20%;20,10%;20,10%;20,10%;20,10%;20,00%;20,00%;20,00%;20,00%;20,00%;20,00%;19,90%;19,90%;19,90%;19,90%;19,90%;19,90%;19,90%;19,60%;19,60%;19,60%;19,60%;19,60%;19,60%;19,50%;19,50%;19,50%;19,50%;19,50%;19,70%;19,60%;19,60%;19,60%;19,60%;19,60%;19,60%;19,50%;19,50%;19,50%;19,50%;19,50%;19,50%;19,40%;19,40%;19,40%;19,40%;19,40%;19,40%;19,30%;19,30%;19,30%;19,30%;19,30%;19,30%;19,20%;19,20%;19,20%;19,20%;19,20%;19,20%;19,20%;19,10%;19,10%;19,10%;19,10%;19,10%;19,10%;19,10%;19,00%;19,00%;19,00%;19,00%;19,00%;19,00%;18,90%;18,90%;18,90%;18,90%;18,90%;18,80%;18,80%;18,80%;18,80%;18,70%;18,70%;18,70%;18,60%;18,60%;18,60%;18,60%;18,60%;18,50%;18,50%;18,50%;18,50%;18,50%;18,50%;18,50%;18,50%;18,40%;18,40%;18,40%;18,40%;18,40%;18,40%;18,30%;18,30%;18,30%;18,30%;18,30%;18,20%;18,20%;18,20%;18,20%;18,20%;18,20%;18,10%;18,10%;18,10%;18,10%;18,10%;18,10%;18,10%;18,10%;18,10%;18,00%;18,00%;18,00%;18,00%;18,00%;17,90%;17,90%;17,90%;17,90%;17,90%;17,80%;17,80%;17,80%;17,80%;17,80%;17,80%;17,70%;17,70%;17,70%;17,70%;17,70%;17,70%;17,60%;17,60%;17,60%;17,60%;17,60%;17,60%;17,50%;17,50%;17,50%;17,50%;17,50%;17,50%;17,50%;17,40%;17,40%
521810;PORTELANDIA;19,80%;19,70%;19,70%;19,60%;19,60%;19,50%;19,40%;19,40%;19,30%;19,30%;19,20%;19,10%;19,10%;19,00%;19,00%;18,90%;18,80%;18,80%;18,70%;18,60%;18,60%;18,50%;18,40%;18,40%;18,30%;18,20%;18,20%;18,10%;18,10%;18,00%;18,00%;17,90%;17,90%;17,80%;17,80%;17,70%;17,70%;17,60%;17,60%;17,50%;17,50%;17,40%;17,40%;17,30%;17,30%;17,20%;17,20%;17,20%;17,10%;17,10%;17,00%;17,00%;17,00%;16,90%;16,90%;16,90%;16,80%;16,80%;16,70%;16,70%;16,70%;16,30%;16,20%;16,20%;16,20%;16,20%;16,10%;16,10%;16,10%;16,00%;16,00%;16,00%;16,30%;16,30%;16,20%;16,20%;16,20%;16,20%;16,10%;16,10%;16,10%;16,00%;16,00%;16,00%;15,90%;15,90%;15,90%;15,90%;15,90%;15,90%;15,90%;15,80%;15,80%;15,80%;15,80%;15,80%;15,80%;15,80%;15,80%;15,80%;15,80%;15,80%;15,70%;15,70%;15,70%;15,70%;15,70%;15,70%;15,70%;15,70%;15,70%;15,70%;15,80%;15,80%;15,80%;15,80%;15,80%;15,80%;15,80%;15,80%;15,80%;15,80%;15,80%;15,90%;15,90%;15,90%;15,90%;15,90%;15,90%;15,90%;15,90%;15,90%;15,90%;15,90%;15,90%;15,90%;15,90%;15,90%;15,80%;15,80%;15,80%;15,80%;15,80%;15,80%;15,80%;15,80%;15,80%;15,80%;15,80%;15,80%;15,80%;15,80%;15,80%;15,80%;15,80%;15,80%;15,80%;15,80%;15,70%;15,70%;15,70%;15,70%;15,70%;15,60%;15,60%;15,60%;15,60%;15,60%;15,50%;15,50%;15,40%;15,40%;15,40%;15,30%;15,30%;15,20%;15,20%;15,20%;15,10%;15,10%;15,00%;15,00%;14,90%;14,90%;14,80%;14,80%;14,70%;14,70%;14,60%;14,60%;14,50%;14,50%;14,40%;14,40%;14,30%;14,30%;14,20%;14,20%;14,20%;14,10%;14,10%;14,00%;14,00%;13,90%;13,90%
521830;POSSE;23,40%;23,40%;23,30%;23,30%;23,20%;23,20%;23,20%;23,10%;23,10%;23,00%;23,00%;22,90%;22,90%;22,90%;22,80%;22,80%;22,70%;22,70%;22,60%;22,60%;22,60%;22,50%;22,50%;22,40%;22,40%;22,40%;22,30%;22,30%;22,20%;22,20%;22,20%;22,10%;22,10%;22,10%;22,00%;22,00%;21,90%;21,90%;21,90%;21,80%;21,80%;21,70%;21,70%;21,70%;21,60%;21,60%;21,60%;21,50%;21,50%;21,40%;21,40%;21,40%;21,40%;21,30%;21,30%;21,30%;21,20%;21,20%;21,20%;21,10%;21,10%;20,80%;20,70%;20,70%;20,70%;20,70%;20,60%;20,60%;20,60%;20,60%;20,50%;20,50%;20,80%;20,80%;20,70%;20,70%;20,70%;20,70%;20,60%;20,60%;20,60%;20,60%;20,50%;20,50%;20,50%;20,40%;20,40%;20,40%;20,40%;20,30%;20,30%;20,30%;20,20%;20,20%;20,20%;20,10%;20,10%;20,10%;20,00%;20,00%;20,00%;20,00%;19,90%;19,90%;19,90%;19,80%;19,80%;19,80%;19,70%;19,70%;19,70%;19,70%;19,60%;19,60%;19,60%;19,50%;19,50%;19,50%;19,50%;19,40%;19,40%;19,40%;19,30%;19,30%;19,30%;19,20%;19,20%;19,20%;19,10%;19,10%;19,10%;19,00%;19,00%;19,00%;18,90%;18,90%;18,90%;18,90%;18,80%;18,80%;18,80%;18,70%;18,70%;18,70%;18,60%;18,60%;18,60%;18,60%;18,50%;18,50%;18,50%;18,50%;18,40%;18,40%;18,40%;18,30%;18,30%;18,30%;18,30%;18,20%;18,20%;18,20%;18,10%;18,10%;18,10%;18,10%;18,00%;18,00%;18,00%;17,90%;17,90%;17,90%;17,90%;17,80%;17,80%;17,80%;17,70%;17,70%;17,70%;17,70%;17,60%;17,60%;17,60%;17,50%;17,50%;17,50%;17,40%;17,40%;17,40%;17,30%;17,30%;17,30%;17,20%;17,20%;17,20%;17,20%;17,10%;17,10%;17,10%;17,00%;17,00%;17,00%;16,90%;16,90%;16,90%
521839;PROFESSOR JAMIL;18,10%;18,10%;18,00%;18,00%;17,90%;17,90%;17,80%;17,80%;17,70%;17,70%;17,60%;17,60%;17,50%;17,50%;17,40%;17,40%;17,30%;17,30%;17,20%;17,20%;17,10%;17,10%;17,00%;17,00%;16,90%;16,90%;16,80%;16,80%;16,70%;16,70%;16,60%;16,60%;16,60%;16,50%;16,50%;16,40%;16,40%;16,30%;16,30%;16,20%;16,20%;16,10%;16,10%;16,10%;16,00%;16,00%;15,90%;15,90%;15,80%;15,80%;15,70%;15,70%;15,70%;15,60%;15,60%;15,60%;15,50%;15,50%;15,50%;15,40%;15,40%;15,00%;14,90%;14,90%;14,90%;14,80%;14,80%;14,80%;14,70%;14,70%;14,70%;14,60%;15,00%;15,00%;14,90%;14,90%;14,90%;14,80%;14,80%;14,80%;14,70%;14,70%;14,70%;14,60%;14,60%;14,60%;14,60%;14,50%;14,50%;14,50%;14,50%;14,50%;14,50%;14,40%;14,40%;14,40%;14,40%;14,40%;14,40%;14,40%;14,30%;14,30%;14,30%;14,30%;14,30%;14,30%;14,30%;14,30%;14,30%;14,20%;14,20%;14,20%;14,20%;14,20%;14,20%;14,20%;14,20%;14,10%;14,10%;14,10%;14,10%;14,10%;14,10%;14,10%;14,10%;14,10%;14,10%;14,10%;14,10%;14,10%;14,00%;14,00%;14,00%;14,00%;14,00%;14,00%;14,00%;14,00%;14,00%;14,00%;14,00%;14,00%;14,00%;14,00%;14,00%;14,00%;14,00%;14,00%;14,00%;13,90%;13,90%;13,90%;13,90%;13,90%;13,90%;13,90%;13,90%;13,80%;13,80%;13,80%;13,80%;13,70%;13,70%;13,70%;13,70%;13,60%;13,60%;13,60%;13,60%;13,50%;13,50%;13,50%;13,50%;13,50%;13,40%;13,40%;13,40%;13,40%;13,40%;13,30%;13,30%;13,30%;13,30%;13,20%;13,20%;13,20%;13,20%;13,10%;13,10%;13,10%;13,00%;13,00%;13,00%;13,00%;12,90%;12,90%;12,90%;12,80%;12,80%;12,80%;12,80%;12,70%;12,70%;12,70%;12,70%
521850;QUIRINOPOLIS;17,80%;17,70%;17,70%;17,70%;17,70%;17,70%;17,60%;17,60%;17,60%;17,60%;17,50%;17,50%;17,50%;17,50%;17,50%;17,40%;17,40%;17,40%;17,40%;17,40%;17,40%;17,30%;17,30%;17,30%;17,30%;17,20%;17,20%;17,20%;17,20%;17,20%;17,10%;17,10%;17,10%;17,10%;17,00%;17,00%;17,00%;17,00%;17,00%;16,90%;16,90%;16,90%;16,90%;16,80%;16,80%;16,80%;16,80%;16,80%;16,70%;16,70%;16,70%;16,70%;16,70%;16,70%;16,60%;16,60%;16,60%;16,60%;16,60%;16,60%;16,60%;16,40%;16,40%;16,40%;16,40%;16,40%;16,40%;16,30%;16,30%;16,30%;16,30%;16,30%;16,40%;16,40%;16,40%;16,40%;16,40%;16,40%;16,40%;16,30%;16,30%;16,30%;16,30%;16,30%;16,30%;16,30%;16,30%;16,20%;16,20%;16,20%;16,20%;16,20%;16,20%;16,20%;16,20%;16,20%;16,10%;16,10%;16,10%;16,10%;16,10%;16,10%;16,10%;16,10%;16,10%;16,00%;16,00%;16,00%;16,00%;16,00%;16,00%;16,00%;16,00%;16,00%;16,00%;15,90%;15,90%;15,90%;15,90%;15,90%;15,90%;15,90%;15,90%;15,90%;15,90%;15,90%;15,90%;15,90%;15,80%;15,80%;15,80%;15,80%;15,80%;15,80%;15,80%;15,80%;15,80%;15,80%;15,80%;15,80%;15,70%;15,70%;15,70%;15,70%;15,70%;15,70%;15,70%;15,70%;15,70%;15,70%;15,60%;15,60%;15,60%;15,60%;15,60%;15,60%;15,60%;15,60%;15,50%;15,50%;15,50%;15,50%;15,50%;15,50%;15,40%;15,40%;15,40%;15,40%;15,40%;15,40%;15,30%;15,30%;15,30%;15,30%;15,30%;15,20%;15,20%;15,20%;15,20%;15,20%;15,10%;15,10%;15,10%;15,10%;15,00%;15,00%;15,00%;15,00%;14,90%;14,90%;14,90%;14,90%;14,90%;14,80%;14,80%;14,80%;14,80%;14,70%;14,70%;14,70%;14,70%;14,70%;14,60%;14,60%;14,60%
521860;RIALMA;17,30%;17,30%;17,20%;17,20%;17,10%;17,10%;17,00%;17,00%;16,90%;16,90%;16,80%;16,80%;16,70%;16,60%;16,60%;16,50%;16,50%;16,40%;16,40%;16,30%;16,20%;16,20%;16,10%;16,10%;16,00%;16,00%;15,90%;15,90%;15,80%;15,80%;15,70%;15,70%;15,60%;15,60%;15,50%;15,50%;15,40%;15,40%;15,30%;15,30%;15,30%;15,20%;15,20%;15,10%;15,10%;15,10%;15,00%;15,00%;14,90%;14,90%;14,90%;14,80%;14,80%;14,80%;14,80%;14,70%;14,70%;14,70%;14,60%;14,60%;14,60%;14,40%;14,30%;14,30%;14,30%;14,30%;14,30%;14,20%;14,20%;14,20%;14,20%;14,20%;14,40%;14,40%;14,30%;14,30%;14,30%;14,30%;14,30%;14,20%;14,20%;14,20%;14,20%;14,20%;14,10%;14,10%;14,10%;14,10%;14,10%;14,10%;14,10%;14,10%;14,00%;14,00%;14,00%;14,00%;14,00%;14,00%;14,00%;14,00%;14,00%;14,00%;14,00%;14,00%;14,00%;14,00%;14,00%;14,00%;14,00%;14,00%;14,10%;14,10%;14,10%;14,10%;14,10%;14,20%;14,20%;14,20%;14,20%;14,20%;14,20%;14,30%;14,30%;14,30%;14,30%;14,30%;14,40%;14,40%;14,40%;14,40%;14,40%;14,40%;14,50%;14,50%;14,50%;14,50%;14,50%;14,60%;14,60%;14,60%;14,60%;14,60%;14,70%;14,70%;14,70%;14,70%;14,70%;14,70%;14,80%;14,80%;14,80%;14,80%;14,80%;14,80%;14,80%;14,80%;14,90%;14,90%;14,90%;14,90%;14,80%;14,80%;14,80%;14,80%;14,80%;14,80%;14,80%;14,80%;14,80%;14,80%;14,80%;14,80%;14,80%;14,80%;14,80%;14,70%;14,70%;14,70%;14,70%;14,70%;14,70%;14,70%;14,70%;14,60%;14,60%;14,60%;14,60%;14,60%;14,60%;14,60%;14,60%;14,60%;14,50%;14,50%;14,50%;14,50%;14,50%;14,50%;14,50%;14,50%;14,50%;14,40%;14,40%;14,40%;14,40%
521870;RIANAPOLIS;20,00%;20,00%;19,90%;19,90%;19,90%;19,80%;19,80%;19,80%;19,70%;19,70%;19,60%;19,60%;19,60%;19,50%;19,50%;19,40%;19,40%;19,30%;19,30%;19,20%;19,20%;19,10%;19,10%;19,00%;18,90%;18,90%;18,80%;18,80%;18,70%;18,70%;18,60%;18,50%;18,50%;18,40%;18,40%;18,30%;18,30%;18,20%;18,10%;18,10%;18,00%;18,00%;17,90%;17,80%;17,80%;17,70%;17,70%;17,60%;17,50%;17,50%;17,40%;17,40%;17,30%;17,30%;17,20%;17,20%;17,10%;17,00%;17,00%;16,90%;16,90%;16,30%;16,20%;16,20%;16,10%;16,10%;16,00%;16,00%;15,90%;15,90%;15,80%;15,80%;16,30%;16,30%;16,20%;16,20%;16,10%;16,10%;16,00%;16,00%;15,90%;15,90%;15,80%;15,80%;15,70%;15,70%;15,60%;15,60%;15,60%;15,50%;15,50%;15,40%;15,40%;15,40%;15,30%;15,30%;15,20%;15,20%;15,20%;15,10%;15,10%;15,10%;15,00%;15,00%;15,00%;15,00%;14,90%;14,90%;14,90%;14,80%;14,80%;14,80%;14,70%;14,70%;14,70%;14,60%;14,60%;14,60%;14,50%;14,50%;14,50%;14,50%;14,40%;14,40%;14,40%;14,40%;14,30%;14,30%;14,30%;14,20%;14,20%;14,20%;14,20%;14,10%;14,10%;14,10%;14,10%;14,00%;14,00%;14,00%;14,00%;13,90%;13,90%;13,90%;13,90%;13,80%;13,80%;13,80%;13,80%;13,80%;13,70%;13,70%;13,70%;13,70%;13,70%;13,60%;13,60%;13,60%;13,50%;13,50%;13,50%;13,40%;13,40%;13,40%;13,30%;13,30%;13,30%;13,20%;13,20%;13,20%;13,10%;13,10%;13,10%;13,10%;13,00%;13,00%;13,00%;13,00%;12,90%;12,90%;12,90%;12,90%;12,80%;12,80%;12,80%;12,80%;12,70%;12,70%;12,70%;12,70%;12,70%;12,60%;12,60%;12,60%;12,60%;12,50%;12,50%;12,50%;12,50%;12,50%;12,40%;12,40%;12,40%;12,40%;12,30%
521878;RIO QUENTE;20,90%;20,90%;20,80%;20,80%;20,80%;20,80%;20,70%;20,70%;20,70%;20,60%;20,60%;20,60%;20,60%;20,50%;20,50%;20,50%;20,50%;20,40%;20,40%;20,40%;20,40%;20,30%;20,30%;20,30%;20,30%;20,20%;20,20%;20,10%;20,10%;20,00%;20,00%;19,90%;19,90%;19,90%;19,80%;19,80%;19,70%;19,70%;19,60%;19,60%;19,60%;19,50%;19,50%;19,40%;19,40%;19,30%;19,30%;19,30%;19,20%;19,20%;19,10%;19,10%;19,00%;19,00%;19,00%;18,90%;18,90%;18,80%;18,80%;18,70%;18,70%;18,30%;18,30%;18,20%;18,20%;18,20%;18,10%;18,10%;18,10%;18,10%;18,00%;18,00%;18,30%;18,30%;18,30%;18,20%;18,20%;18,20%;18,10%;18,10%;18,10%;18,10%;18,00%;18,00%;18,00%;17,90%;17,90%;17,90%;17,80%;17,80%;17,70%;17,70%;17,70%;17,60%;17,60%;17,50%;17,50%;17,50%;17,40%;17,40%;17,40%;17,30%;17,30%;17,30%;17,20%;17,20%;17,20%;17,10%;17,10%;17,10%;17,00%;17,00%;17,00%;17,00%;17,00%;16,90%;16,90%;16,90%;16,90%;16,80%;16,80%;16,80%;16,80%;16,80%;16,70%;16,70%;16,70%;16,70%;16,70%;16,60%;16,60%;16,60%;16,60%;16,60%;16,50%;16,50%;16,50%;16,50%;16,40%;16,40%;16,40%;16,40%;16,40%;16,30%;16,30%;16,30%;16,30%;16,30%;16,20%;16,20%;16,20%;16,20%;16,20%;16,20%;16,10%;16,10%;16,10%;16,10%;16,10%;16,10%;16,00%;16,00%;16,00%;16,00%;16,00%;16,00%;15,90%;15,90%;15,90%;15,90%;15,90%;15,90%;15,80%;15,80%;15,80%;15,80%;15,80%;15,80%;15,80%;15,70%;15,70%;15,70%;15,70%;15,70%;15,70%;15,60%;15,60%;15,60%;15,60%;15,60%;15,60%;15,60%;15,50%;15,50%;15,50%;15,50%;15,50%;15,50%;15,50%;15,40%;15,40%;15,40%;15,40%;15,40%;15,40%
521880;RIO VERDE;19,40%;19,40%;19,40%;19,30%;19,30%;19,30%;19,30%;19,30%;19,20%;19,20%;19,20%;19,20%;19,20%;19,10%;19,10%;19,10%;19,10%;19,10%;19,10%;19,10%;19,00%;19,00%;19,00%;19,00%;19,00%;19,00%;19,00%;19,00%;18,90%;18,90%;18,90%;18,90%;18,90%;18,90%;18,90%;18,80%;18,80%;18,80%;18,80%;18,80%;18,80%;18,80%;18,70%;18,70%;18,70%;18,70%;18,70%;18,70%;18,70%;18,70%;18,60%;18,60%;18,60%;18,60%;18,60%;18,60%;18,60%;18,60%;18,60%;18,50%;18,50%;18,40%;18,40%;18,40%;18,40%;18,40%;18,40%;18,40%;18,40%;18,40%;18,30%;18,30%;18,40%;18,40%;18,40%;18,40%;18,40%;18,40%;18,40%;18,40%;18,40%;18,40%;18,30%;18,30%;18,30%;18,30%;18,30%;18,30%;18,30%;18,30%;18,20%;18,20%;18,20%;18,20%;18,20%;18,20%;18,20%;18,20%;18,10%;18,10%;18,10%;18,10%;18,10%;18,10%;18,00%;18,00%;18,00%;18,00%;18,00%;18,00%;18,00%;17,90%;17,90%;17,90%;17,90%;17,90%;17,90%;17,80%;17,80%;17,80%;17,80%;17,80%;17,80%;17,70%;17,70%;17,70%;17,70%;17,70%;17,70%;17,60%;17,60%;17,60%;17,60%;17,60%;17,50%;17,50%;17,50%;17,50%;17,50%;17,50%;17,40%;17,40%;17,40%;17,40%;17,40%;17,40%;17,40%;17,30%;17,30%;17,30%;17,30%;17,30%;17,30%;17,30%;17,20%;17,20%;17,20%;17,20%;17,20%;17,20%;17,20%;17,20%;17,10%;17,10%;17,10%;17,10%;17,10%;17,10%;17,10%;17,10%;17,00%;17,00%;17,00%;17,00%;17,00%;17,00%;17,00%;17,00%;17,00%;17,00%;17,00%;16,90%;16,90%;16,90%;16,90%;16,90%;16,90%;16,90%;16,90%;16,80%;16,80%;16,80%;16,80%;16,80%;16,80%;16,80%;16,80%;16,80%;16,70%;16,70%;16,70%;16,70%;16,70%;16,70%;16,70%
521890;RUBIATABA;18,00%;17,90%;17,90%;17,80%;17,80%;17,80%;17,70%;17,70%;17,60%;17,60%;17,50%;17,50%;17,40%;17,40%;17,40%;17,30%;17,30%;17,20%;17,20%;17,10%;17,10%;17,00%;17,00%;16,90%;16,90%;16,80%;16,80%;16,80%;16,70%;16,70%;16,60%;16,60%;16,50%;16,50%;16,40%;16,40%;16,30%;16,30%;16,30%;16,20%;16,20%;16,10%;16,10%;16,00%;16,00%;16,00%;15,90%;15,90%;15,80%;15,80%;15,80%;15,70%;15,70%;15,70%;15,60%;15,60%;15,60%;15,50%;15,50%;15,50%;15,40%;15,10%;15,00%;15,00%;15,00%;15,00%;15,00%;14,90%;14,90%;14,90%;14,90%;14,80%;15,10%;15,10%;15,10%;15,00%;15,00%;15,00%;15,00%;14,90%;14,90%;14,90%;14,90%;14,80%;14,80%;14,80%;14,80%;14,70%;14,70%;14,70%;14,70%;14,70%;14,60%;14,60%;14,60%;14,60%;14,50%;14,50%;14,50%;14,50%;14,50%;14,50%;14,50%;14,40%;14,40%;14,40%;14,40%;14,40%;14,40%;14,40%;14,40%;14,40%;14,40%;14,30%;14,30%;14,30%;14,30%;14,30%;14,30%;14,30%;14,30%;14,30%;14,30%;14,30%;14,30%;14,30%;14,30%;14,30%;14,30%;14,30%;14,30%;14,30%;14,30%;14,30%;14,20%;14,20%;14,20%;14,20%;14,20%;14,20%;14,20%;14,20%;14,20%;14,20%;14,20%;14,20%;14,20%;14,20%;14,20%;14,20%;14,20%;14,20%;14,20%;14,10%;14,10%;14,10%;14,10%;14,10%;14,10%;14,10%;14,10%;14,10%;14,00%;14,00%;14,00%;14,00%;14,00%;14,00%;14,00%;13,90%;13,90%;13,90%;13,90%;13,90%;13,90%;13,80%;13,80%;13,80%;13,80%;13,80%;13,80%;13,70%;13,70%;13,70%;13,70%;13,70%;13,60%;13,60%;13,60%;13,60%;13,60%;13,50%;13,50%;13,50%;13,50%;13,50%;13,40%;13,40%;13,40%;13,40%;13,40%;13,30%;13,30%;13,30%;13,30%
521900;SANCLERLANDIA;16,90%;16,90%;16,90%;16,80%;16,80%;16,70%;16,70%;16,70%;16,60%;16,60%;16,50%;16,50%;16,40%;16,40%;16,40%;16,30%;16,30%;16,20%;16,20%;16,10%;16,10%;16,00%;16,00%;15,90%;15,90%;15,90%;15,80%;15,80%;15,70%;15,70%;15,60%;15,60%;15,50%;15,50%;15,40%;15,40%;15,30%;15,30%;15,30%;15,20%;15,20%;15,10%;15,10%;15,10%;15,00%;15,00%;15,00%;14,90%;14,90%;14,80%;14,80%;14,80%;14,80%;14,70%;14,70%;14,70%;14,60%;14,60%;14,60%;14,50%;14,50%;14,20%;14,20%;14,10%;14,10%;14,10%;14,10%;14,00%;14,00%;14,00%;14,00%;13,90%;14,20%;14,20%;14,20%;14,10%;14,10%;14,10%;14,10%;14,00%;14,00%;14,00%;14,00%;13,90%;13,90%;13,90%;13,90%;13,90%;13,80%;13,80%;13,80%;13,80%;13,80%;13,70%;13,70%;13,70%;13,70%;13,70%;13,70%;13,70%;13,60%;13,60%;13,60%;13,60%;13,60%;13,60%;13,60%;13,60%;13,60%;13,60%;13,60%;13,60%;13,60%;13,60%;13,60%;13,60%;13,60%;13,60%;13,60%;13,60%;13,60%;13,60%;13,60%;13,60%;13,60%;13,60%;13,60%;13,60%;13,60%;13,60%;13,60%;13,60%;13,60%;13,60%;13,60%;13,60%;13,60%;13,60%;13,60%;13,60%;13,60%;13,60%;13,60%;13,70%;13,70%;13,70%;13,60%;13,60%;13,60%;13,60%;13,60%;13,60%;13,60%;13,60%;13,60%;13,60%;13,60%;13,60%;13,60%;13,60%;13,50%;13,50%;13,50%;13,50%;13,50%;13,50%;13,40%;13,40%;13,40%;13,40%;13,40%;13,40%;13,30%;13,30%;13,30%;13,30%;13,30%;13,20%;13,20%;13,20%;13,20%;13,10%;13,10%;13,10%;13,10%;13,10%;13,00%;13,00%;13,00%;13,00%;13,00%;12,90%;12,90%;12,90%;12,90%;12,80%;12,80%;12,80%;12,80%;12,80%;12,70%;12,70%;12,70%;12,70%;12,70%
521910;SANTA BARBARA DE GOIAS;19,90%;19,90%;19,80%;19,80%;19,80%;19,70%;19,70%;19,70%;19,60%;19,60%;19,60%;19,50%;19,50%;19,50%;19,40%;19,40%;19,40%;19,30%;19,30%;19,30%;19,20%;19,20%;19,20%;19,10%;19,10%;19,10%;19,00%;19,00%;19,00%;18,90%;18,90%;18,90%;18,80%;18,80%;18,80%;18,70%;18,70%;18,70%;18,60%;18,60%;18,50%;18,50%;18,50%;18,40%;18,40%;18,40%;18,30%;18,30%;18,30%;18,20%;18,20%;18,20%;18,20%;18,10%;18,10%;18,10%;18,00%;18,00%;18,00%;18,00%;17,90%;17,60%;17,60%;17,60%;17,50%;17,50%;17,50%;17,50%;17,40%;17,40%;17,40%;17,40%;17,60%;17,60%;17,60%;17,60%;17,50%;17,50%;17,50%;17,50%;17,40%;17,40%;17,40%;17,40%;17,30%;17,30%;17,30%;17,30%;17,20%;17,20%;17,20%;17,10%;17,10%;17,10%;17,10%;17,00%;17,00%;17,00%;17,00%;16,90%;16,90%;16,90%;16,90%;16,90%;16,80%;16,80%;16,80%;16,80%;16,80%;16,70%;16,70%;16,70%;16,70%;16,60%;16,60%;16,60%;16,60%;16,60%;16,50%;16,50%;16,50%;16,50%;16,50%;16,40%;16,40%;16,40%;16,40%;16,30%;16,30%;16,30%;16,30%;16,30%;16,20%;16,20%;16,20%;16,20%;16,10%;16,10%;16,10%;16,10%;16,10%;16,00%;16,00%;16,00%;16,00%;16,00%;15,90%;15,90%;15,90%;15,90%;15,80%;15,80%;15,80%;15,80%;15,80%;15,70%;15,70%;15,70%;15,70%;15,60%;15,60%;15,60%;15,60%;15,60%;15,50%;15,50%;15,50%;15,50%;15,40%;15,40%;15,40%;15,40%;15,30%;15,30%;15,30%;15,30%;15,20%;15,20%;15,20%;15,20%;15,10%;15,10%;15,10%;15,10%;15,00%;15,00%;15,00%;15,00%;14,90%;14,90%;14,90%;14,90%;14,80%;14,80%;14,80%;14,80%;14,70%;14,70%;14,70%;14,70%;14,60%;14,60%;14,60%;14,60%;14,50%
521920;SANTA CRUZ DE GOIAS;17,60%;17,50%;17,50%;17,40%;17,40%;17,40%;17,30%;17,30%;17,20%;17,20%;17,10%;17,10%;17,10%;17,00%;17,00%;16,90%;16,90%;16,80%;16,80%;16,70%;16,70%;16,60%;16,60%;16,50%;16,50%;16,40%;16,40%;16,30%;16,30%;16,20%;16,20%;16,10%;16,10%;16,00%;15,90%;15,90%;15,80%;15,80%;15,70%;15,70%;15,60%;15,60%;15,50%;15,50%;15,40%;15,30%;15,30%;15,20%;15,20%;15,10%;15,10%;15,10%;15,00%;15,00%;14,90%;14,90%;14,90%;14,80%;14,80%;14,80%;14,70%;14,40%;14,40%;14,40%;14,40%;14,30%;14,30%;14,30%;14,30%;14,30%;14,20%;14,20%;14,50%;14,40%;14,40%;14,40%;14,40%;14,30%;14,30%;14,30%;14,30%;14,30%;14,20%;14,20%;14,20%;14,20%;14,20%;14,10%;14,10%;14,10%;14,10%;14,00%;14,00%;14,00%;14,00%;13,90%;13,90%;13,90%;13,90%;13,90%;13,80%;13,80%;13,80%;13,80%;13,80%;13,70%;13,70%;13,70%;13,70%;13,70%;13,70%;13,70%;13,60%;13,60%;13,60%;13,60%;13,60%;13,60%;13,60%;13,60%;13,50%;13,50%;13,50%;13,50%;13,50%;13,50%;13,50%;13,50%;13,50%;13,50%;13,50%;13,50%;13,50%;13,50%;13,50%;13,50%;13,50%;13,50%;13,50%;13,50%;13,50%;13,50%;13,50%;13,50%;13,50%;13,50%;13,50%;13,40%;13,40%;13,40%;13,40%;13,40%;13,30%;13,30%;13,30%;13,30%;13,30%;13,20%;13,20%;13,10%;13,10%;13,00%;13,00%;13,00%;12,90%;12,90%;12,80%;12,80%;12,70%;12,70%;12,70%;12,60%;12,60%;12,50%;12,50%;12,40%;12,40%;12,40%;12,30%;12,30%;12,20%;12,20%;12,10%;12,10%;12,10%;12,00%;12,00%;11,90%;11,90%;11,80%;11,80%;11,70%;11,70%;11,60%;11,60%;11,50%;11,50%;11,50%;11,40%;11,40%;11,30%;11,30%;11,20%;11,20%;11,10%
521925;SANTA FE DE GOIAS;20,80%;20,80%;20,70%;20,70%;20,60%;20,60%;20,50%;20,50%;20,40%;20,40%;20,30%;20,30%;20,20%;20,20%;20,10%;20,10%;20,00%;20,00%;19,90%;19,80%;19,80%;19,70%;19,70%;19,60%;19,60%;19,50%;19,50%;19,40%;19,40%;19,30%;19,30%;19,20%;19,20%;19,10%;19,10%;19,00%;19,00%;18,90%;18,90%;18,80%;18,80%;18,70%;18,70%;18,60%;18,60%;18,50%;18,50%;18,40%;18,40%;18,30%;18,30%;18,20%;18,20%;18,20%;18,10%;18,10%;18,10%;18,00%;18,00%;18,00%;17,90%;17,50%;17,50%;17,50%;17,50%;17,40%;17,40%;17,40%;17,40%;17,30%;17,30%;17,30%;17,60%;17,50%;17,50%;17,50%;17,50%;17,40%;17,40%;17,40%;17,40%;17,30%;17,30%;17,30%;17,30%;17,20%;17,20%;17,20%;17,20%;17,10%;17,10%;17,10%;17,00%;17,00%;17,00%;17,00%;16,90%;16,90%;16,90%;16,90%;16,90%;16,80%;16,80%;16,80%;16,80%;16,70%;16,70%;16,70%;16,70%;16,70%;16,70%;16,70%;16,60%;16,60%;16,60%;16,60%;16,60%;16,60%;16,60%;16,60%;16,60%;16,60%;16,50%;16,50%;16,50%;16,50%;16,50%;16,50%;16,50%;16,50%;16,50%;16,50%;16,50%;16,40%;16,40%;16,40%;16,40%;16,40%;16,40%;16,40%;16,40%;16,40%;16,40%;16,40%;16,40%;16,30%;16,30%;16,30%;16,30%;16,30%;16,30%;16,30%;16,30%;16,20%;16,20%;16,20%;16,20%;16,20%;16,10%;16,10%;16,10%;16,00%;16,00%;15,90%;15,90%;15,90%;15,80%;15,80%;15,80%;15,70%;15,70%;15,70%;15,60%;15,60%;15,60%;15,50%;15,50%;15,50%;15,40%;15,40%;15,30%;15,30%;15,30%;15,20%;15,20%;15,20%;15,10%;15,10%;15,00%;15,00%;15,00%;14,90%;14,90%;14,80%;14,80%;14,80%;14,70%;14,70%;14,60%;14,60%;14,60%;14,50%;14,50%;14,50%;14,40%
521930;SANTA HELENA DE GOIAS;18,50%;18,50%;18,40%;18,40%;18,40%;18,30%;18,30%;18,30%;18,20%;18,20%;18,20%;18,10%;18,10%;18,10%;18,00%;18,00%;17,90%;17,90%;17,90%;17,80%;17,80%;17,80%;17,70%;17,70%;17,70%;17,60%;17,60%;17,60%;17,50%;17,50%;17,50%;17,40%;17,40%;17,30%;17,30%;17,30%;17,20%;17,20%;17,20%;17,10%;17,10%;17,10%;17,00%;17,00%;17,00%;16,90%;16,90%;16,90%;16,80%;16,80%;16,80%;16,80%;16,70%;16,70%;16,70%;16,60%;16,60%;16,60%;16,60%;16,50%;16,50%;16,20%;16,20%;16,20%;16,10%;16,10%;16,10%;16,10%;16,10%;16,00%;16,00%;16,00%;16,20%;16,20%;16,20%;16,20%;16,10%;16,10%;16,10%;16,10%;16,10%;16,00%;16,00%;16,00%;16,00%;16,00%;15,90%;15,90%;15,90%;15,90%;15,80%;15,80%;15,80%;15,80%;15,80%;15,70%;15,70%;15,70%;15,70%;15,70%;15,70%;15,60%;15,60%;15,60%;15,60%;15,60%;15,60%;15,60%;15,50%;15,50%;15,50%;15,50%;15,50%;15,50%;15,50%;15,50%;15,50%;15,50%;15,40%;15,40%;15,40%;15,40%;15,40%;15,40%;15,40%;15,40%;15,40%;15,40%;15,40%;15,30%;15,30%;15,30%;15,30%;15,30%;15,30%;15,30%;15,30%;15,30%;15,30%;15,30%;15,20%;15,20%;15,20%;15,20%;15,20%;15,20%;15,20%;15,20%;15,20%;15,10%;15,10%;15,10%;15,10%;15,10%;15,10%;15,10%;15,10%;15,00%;15,00%;15,00%;15,00%;15,00%;15,00%;14,90%;14,90%;14,90%;14,90%;14,90%;14,80%;14,80%;14,80%;14,80%;14,70%;14,70%;14,70%;14,70%;14,70%;14,60%;14,60%;14,60%;14,60%;14,50%;14,50%;14,50%;14,50%;14,40%;14,40%;14,40%;14,40%;14,30%;14,30%;14,30%;14,30%;14,20%;14,20%;14,20%;14,20%;14,10%;14,10%;14,10%;14,10%;14,00%;14,00%;14,00%;14,00%
521935;SANTA ISABEL;15,80%;15,70%;15,70%;15,60%;15,60%;15,50%;15,40%;15,40%;15,30%;15,30%;15,20%;15,20%;15,10%;15,10%;15,00%;15,00%;14,90%;14,90%;14,80%;14,80%;14,70%;14,70%;14,60%;14,60%;14,50%;14,50%;14,40%;14,40%;14,30%;14,30%;14,20%;14,10%;14,10%;14,00%;14,00%;13,90%;13,90%;13,80%;13,80%;13,80%;13,80%;13,70%;13,70%;13,70%;13,60%;13,60%;13,60%;13,60%;13,50%;13,50%;13,50%;13,40%;13,40%;13,40%;13,30%;13,30%;13,30%;13,20%;13,20%;13,20%;13,10%;12,80%;12,80%;12,80%;12,80%;12,80%;12,80%;12,80%;12,70%;12,70%;12,70%;12,70%;12,90%;12,90%;12,80%;12,80%;12,80%;12,80%;12,80%;12,80%;12,70%;12,70%;12,70%;12,70%;12,70%;12,70%;12,70%;12,60%;12,60%;12,60%;12,60%;12,60%;12,60%;12,60%;12,60%;12,50%;12,50%;12,50%;12,50%;12,50%;12,50%;12,50%;12,50%;12,50%;12,60%;12,60%;12,60%;12,60%;12,60%;12,60%;12,60%;12,60%;12,60%;12,60%;12,70%;12,70%;12,70%;12,70%;12,70%;12,70%;12,80%;12,80%;12,80%;12,80%;12,80%;12,80%;12,80%;12,80%;12,80%;12,80%;12,80%;12,80%;12,90%;12,90%;12,90%;12,90%;12,90%;12,90%;13,00%;13,00%;13,00%;13,00%;13,00%;13,00%;13,10%;13,10%;13,10%;13,10%;13,10%;13,10%;13,10%;13,10%;13,10%;13,10%;13,10%;13,20%;13,20%;13,10%;13,10%;13,10%;13,10%;13,10%;13,10%;13,00%;13,00%;13,00%;13,00%;13,00%;13,00%;12,90%;12,90%;12,90%;12,90%;12,90%;12,90%;12,90%;12,90%;12,90%;12,80%;12,80%;12,80%;12,80%;12,80%;12,70%;12,70%;12,70%;12,60%;12,60%;12,60%;12,50%;12,50%;12,50%;12,40%;12,40%;12,40%;12,40%;12,30%;12,30%;12,30%;12,20%;12,20%;12,20%;12,10%;12,10%;12,10%
521940;SANTA RITA DO ARAGUAIA;20,80%;20,70%;20,70%;20,60%;20,60%;20,50%;20,50%;20,40%;20,40%;20,30%;20,30%;20,20%;20,20%;20,10%;20,10%;20,00%;20,00%;19,90%;19,90%;19,80%;19,80%;19,70%;19,60%;19,60%;19,50%;19,50%;19,40%;19,40%;19,30%;19,30%;19,20%;19,20%;19,10%;19,10%;19,00%;19,00%;18,90%;18,80%;18,80%;18,70%;18,70%;18,60%;18,60%;18,50%;18,50%;18,40%;18,40%;18,30%;18,30%;18,20%;18,20%;18,10%;18,10%;18,10%;18,00%;18,00%;17,90%;17,90%;17,80%;17,80%;17,70%;17,30%;17,30%;17,30%;17,20%;17,20%;17,20%;17,10%;17,10%;17,10%;17,10%;17,00%;17,40%;17,30%;17,30%;17,30%;17,20%;17,20%;17,20%;17,20%;17,10%;17,10%;17,10%;17,00%;17,00%;17,00%;17,00%;16,90%;16,90%;16,90%;16,80%;16,80%;16,80%;16,80%;16,70%;16,70%;16,70%;16,60%;16,60%;16,60%;16,60%;16,60%;16,60%;16,50%;16,50%;16,50%;16,50%;16,50%;16,50%;16,50%;16,40%;16,40%;16,40%;16,40%;16,40%;16,40%;16,40%;16,40%;16,40%;16,40%;16,40%;16,40%;16,40%;16,40%;16,40%;16,40%;16,40%;16,40%;16,40%;16,40%;16,40%;16,40%;16,40%;16,40%;16,40%;16,40%;16,40%;16,40%;16,40%;16,40%;16,40%;16,40%;16,30%;16,30%;16,30%;16,30%;16,30%;16,30%;16,30%;16,30%;16,30%;16,20%;16,20%;16,20%;16,20%;16,20%;16,20%;16,20%;16,10%;16,10%;16,10%;16,10%;16,10%;16,10%;16,00%;16,00%;16,00%;16,00%;16,00%;15,90%;15,90%;15,90%;15,80%;15,80%;15,80%;15,80%;15,70%;15,70%;15,70%;15,60%;15,60%;15,60%;15,50%;15,50%;15,50%;15,40%;15,40%;15,40%;15,30%;15,30%;15,30%;15,20%;15,20%;15,20%;15,10%;15,10%;15,10%;15,10%;15,00%;15,00%;15,00%;14,90%;14,90%;14,90%;14,80%
521945;SANTA RITA DO NOVO DESTINO;18,10%;18,10%;18,00%;18,00%;17,90%;17,80%;17,80%;17,70%;17,60%;17,60%;17,50%;17,40%;17,40%;17,30%;17,30%;17,20%;17,20%;17,10%;17,10%;17,00%;16,90%;16,90%;16,80%;16,80%;16,70%;16,70%;16,60%;16,60%;16,50%;16,50%;16,40%;16,40%;16,30%;16,20%;16,20%;16,10%;16,10%;16,00%;16,00%;15,90%;15,90%;15,90%;15,80%;15,80%;15,70%;15,70%;15,60%;15,60%;15,50%;15,50%;15,50%;15,40%;15,40%;15,40%;15,40%;15,30%;15,30%;15,30%;15,30%;15,20%;15,20%;15,00%;14,90%;14,90%;14,90%;14,90%;14,90%;14,90%;14,80%;14,80%;14,80%;14,80%;15,00%;15,00%;14,90%;14,90%;14,90%;14,90%;14,90%;14,90%;14,80%;14,80%;14,80%;14,80%;14,80%;14,70%;14,70%;14,70%;14,70%;14,60%;14,60%;14,60%;14,60%;14,50%;14,50%;14,50%;14,50%;14,50%;14,50%;14,50%;14,50%;14,50%;14,50%;14,50%;14,50%;14,50%;14,50%;14,50%;14,40%;14,40%;14,40%;14,40%;14,40%;14,40%;14,40%;14,40%;14,40%;14,30%;14,30%;14,30%;14,30%;14,30%;14,30%;14,30%;14,30%;14,30%;14,30%;14,30%;14,30%;14,30%;14,30%;14,40%;14,40%;14,40%;14,30%;14,30%;14,30%;14,30%;14,30%;14,30%;14,30%;14,30%;14,30%;14,30%;14,30%;14,30%;14,30%;14,30%;14,20%;14,20%;14,20%;14,20%;14,20%;14,20%;14,20%;14,10%;14,10%;14,10%;14,10%;14,00%;14,00%;13,90%;13,90%;13,90%;13,80%;13,80%;13,80%;13,70%;13,70%;13,70%;13,60%;13,60%;13,50%;13,50%;13,50%;13,40%;13,40%;13,40%;13,30%;13,30%;13,30%;13,20%;13,20%;13,10%;13,10%;13,00%;13,00%;12,90%;12,90%;12,90%;12,80%;12,80%;12,70%;12,70%;12,60%;12,60%;12,50%;12,50%;12,40%;12,40%;12,30%;12,30%;12,30%;12,20%;12,20%
521950;SANTA ROSA DE GOIAS;15,30%;15,30%;15,20%;15,20%;15,20%;15,10%;15,10%;15,00%;15,00%;15,00%;14,90%;14,90%;14,80%;14,80%;14,80%;14,70%;14,70%;14,60%;14,60%;14,60%;14,50%;14,50%;14,40%;14,40%;14,40%;14,30%;14,30%;14,20%;14,20%;14,10%;14,10%;14,00%;13,90%;13,90%;13,80%;13,80%;13,70%;13,70%;13,70%;13,60%;13,60%;13,60%;13,50%;13,50%;13,50%;13,40%;13,40%;13,40%;13,30%;13,30%;13,30%;13,20%;13,20%;13,20%;13,20%;13,10%;13,10%;13,10%;13,00%;13,00%;13,00%;12,70%;12,70%;12,70%;12,60%;12,60%;12,60%;12,50%;12,50%;12,50%;12,50%;12,40%;12,70%;12,70%;12,70%;12,70%;12,60%;12,60%;12,60%;12,50%;12,50%;12,50%;12,50%;12,40%;12,40%;12,40%;12,40%;12,40%;12,30%;12,30%;12,30%;12,30%;12,30%;12,30%;12,30%;12,20%;12,20%;12,20%;12,20%;12,20%;12,20%;12,20%;12,20%;12,10%;12,10%;12,10%;12,10%;12,10%;12,10%;12,10%;12,10%;12,10%;12,10%;12,10%;12,10%;12,10%;12,10%;12,10%;12,10%;12,10%;12,10%;12,20%;12,20%;12,20%;12,20%;12,20%;12,20%;12,20%;12,20%;12,20%;12,20%;12,20%;12,20%;12,20%;12,20%;12,20%;12,30%;12,30%;12,30%;12,30%;12,30%;12,30%;12,30%;12,30%;12,30%;12,30%;12,30%;12,30%;12,30%;12,30%;12,30%;12,30%;12,30%;12,30%;12,30%;12,30%;12,40%;12,30%;12,30%;12,30%;12,30%;12,30%;12,30%;12,30%;12,30%;12,30%;12,30%;12,30%;12,30%;12,20%;12,20%;12,20%;12,20%;12,20%;12,10%;12,10%;12,10%;12,10%;12,00%;12,00%;12,00%;12,00%;11,90%;11,90%;11,90%;11,80%;11,80%;11,80%;11,80%;11,70%;11,70%;11,70%;11,60%;11,60%;11,60%;11,50%;11,50%;11,50%;11,50%;11,40%;11,40%;11,40%;11,30%;11,30%;11,30%
521960;SANTA TEREZA DE GOIAS;20,00%;20,00%;19,90%;19,90%;19,90%;19,80%;19,80%;19,70%;19,70%;19,60%;19,60%;19,60%;19,50%;19,50%;19,40%;19,30%;19,30%;19,20%;19,20%;19,10%;19,10%;19,00%;18,90%;18,90%;18,80%;18,80%;18,70%;18,60%;18,60%;18,50%;18,50%;18,40%;18,30%;18,30%;18,20%;18,10%;18,10%;18,00%;17,90%;17,90%;17,80%;17,70%;17,70%;17,60%;17,50%;17,50%;17,40%;17,30%;17,30%;17,20%;17,20%;17,10%;17,10%;17,00%;17,00%;16,90%;16,90%;16,80%;16,80%;16,70%;16,60%;16,00%;16,00%;15,90%;15,90%;15,90%;15,80%;15,80%;15,70%;15,70%;15,60%;15,60%;16,10%;16,00%;16,00%;15,90%;15,90%;15,90%;15,80%;15,80%;15,70%;15,70%;15,70%;15,60%;15,60%;15,50%;15,50%;15,40%;15,40%;15,40%;15,30%;15,30%;15,20%;15,20%;15,10%;15,10%;15,00%;15,00%;15,00%;14,90%;14,90%;14,90%;14,80%;14,80%;14,80%;14,70%;14,70%;14,70%;14,60%;14,60%;14,60%;14,60%;14,60%;14,50%;14,50%;14,50%;14,50%;14,50%;14,40%;14,40%;14,40%;14,40%;14,40%;14,30%;14,30%;14,30%;14,20%;14,20%;14,20%;14,20%;14,10%;14,10%;14,10%;14,10%;14,10%;14,00%;14,00%;14,00%;14,00%;14,00%;14,00%;14,00%;14,00%;13,90%;13,90%;13,90%;13,90%;13,80%;13,80%;13,80%;13,80%;13,70%;13,70%;13,70%;13,60%;13,60%;13,60%;13,50%;13,50%;13,50%;13,40%;13,40%;13,40%;13,30%;13,30%;13,30%;13,20%;13,20%;13,20%;13,10%;13,10%;13,00%;13,00%;13,00%;12,90%;12,90%;12,80%;12,80%;12,80%;12,70%;12,70%;12,60%;12,60%;12,60%;12,50%;12,50%;12,50%;12,40%;12,40%;12,40%;12,30%;12,30%;12,30%;12,20%;12,20%;12,20%;12,10%;12,10%;12,00%;12,00%;12,00%;11,90%;11,90%;11,90%;11,80%
521970;SANTA TEREZINHA DE GOIAS;18,00%;17,90%;17,90%;17,80%;17,80%;17,70%;17,70%;17,70%;17,60%;17,60%;17,50%;17,50%;17,40%;17,40%;17,30%;17,20%;17,20%;17,10%;17,10%;17,00%;17,00%;16,90%;16,90%;16,80%;16,80%;16,70%;16,70%;16,60%;16,60%;16,50%;16,50%;16,40%;16,40%;16,30%;16,30%;16,20%;16,20%;16,20%;16,10%;16,10%;16,00%;16,00%;16,00%;15,90%;15,90%;15,90%;15,80%;15,80%;15,70%;15,70%;15,70%;15,70%;15,60%;15,60%;15,60%;15,50%;15,50%;15,50%;15,40%;15,40%;15,40%;15,10%;15,10%;15,10%;15,10%;15,00%;15,00%;15,00%;15,00%;15,00%;14,90%;14,90%;15,10%;15,10%;15,10%;15,10%;15,10%;15,00%;15,00%;15,00%;15,00%;15,00%;14,90%;14,90%;14,90%;14,90%;14,90%;14,90%;14,80%;14,80%;14,80%;14,80%;14,80%;14,80%;14,80%;14,80%;14,70%;14,70%;14,70%;14,70%;14,70%;14,70%;14,70%;14,70%;14,70%;14,70%;14,70%;14,70%;14,70%;14,70%;14,70%;14,70%;14,80%;14,80%;14,80%;14,80%;14,80%;14,80%;14,80%;14,80%;14,80%;14,80%;14,80%;14,80%;14,80%;14,90%;14,90%;14,90%;14,90%;14,90%;14,90%;14,90%;14,90%;14,90%;14,90%;15,00%;15,00%;15,00%;15,00%;15,00%;15,00%;15,00%;15,00%;15,00%;15,00%;15,00%;15,00%;15,00%;15,00%;15,00%;15,00%;15,00%;15,00%;15,00%;15,00%;15,00%;15,00%;15,00%;15,00%;15,00%;15,00%;14,90%;14,90%;14,90%;14,90%;14,90%;14,80%;14,80%;14,80%;14,80%;14,80%;14,70%;14,70%;14,70%;14,70%;14,60%;14,60%;14,60%;14,60%;14,50%;14,50%;14,50%;14,50%;14,40%;14,40%;14,40%;14,30%;14,30%;14,30%;14,20%;14,20%;14,20%;14,10%;14,10%;14,10%;14,00%;14,00%;14,00%;13,90%;13,90%;13,90%;13,80%;13,80%;13,80%;13,70%
521971;SANTO ANTONIO DA BARRA;20,20%;20,10%;20,10%;20,00%;19,90%;19,90%;19,80%;19,80%;19,70%;19,70%;19,60%;19,60%;19,50%;19,40%;19,40%;19,30%;19,30%;19,20%;19,10%;19,10%;19,00%;19,00%;18,90%;18,80%;18,80%;18,70%;18,70%;18,60%;18,60%;18,50%;18,50%;18,40%;18,40%;18,30%;18,30%;18,30%;18,20%;18,20%;18,10%;18,10%;18,00%;18,00%;17,90%;17,90%;17,80%;17,80%;17,70%;17,70%;17,60%;17,60%;17,60%;17,50%;17,50%;17,50%;17,50%;17,40%;17,40%;17,40%;17,30%;17,30%;17,30%;17,00%;16,90%;16,90%;16,90%;16,90%;16,80%;16,80%;16,80%;16,80%;16,70%;16,70%;17,00%;17,00%;16,90%;16,90%;16,90%;16,90%;16,80%;16,80%;16,80%;16,80%;16,70%;16,70%;16,70%;16,70%;16,60%;16,60%;16,60%;16,60%;16,50%;16,50%;16,50%;16,50%;16,40%;16,40%;16,40%;16,40%;16,40%;16,40%;16,30%;16,30%;16,30%;16,30%;16,30%;16,20%;16,20%;16,20%;16,20%;16,20%;16,20%;16,10%;16,10%;16,10%;16,10%;16,10%;16,10%;16,00%;16,00%;16,00%;16,00%;16,00%;16,00%;15,90%;15,90%;15,90%;15,90%;15,90%;15,80%;15,80%;15,80%;15,80%;15,80%;15,80%;15,80%;15,80%;15,70%;15,70%;15,70%;15,70%;15,70%;15,70%;15,70%;15,70%;15,70%;15,70%;15,70%;15,60%;15,60%;15,60%;15,60%;15,50%;15,50%;15,50%;15,50%;15,50%;15,40%;15,40%;15,40%;15,40%;15,30%;15,30%;15,30%;15,30%;15,20%;15,20%;15,20%;15,20%;15,10%;15,10%;15,10%;15,00%;15,00%;14,90%;14,90%;14,80%;14,80%;14,80%;14,70%;14,70%;14,60%;14,60%;14,50%;14,50%;14,50%;14,40%;14,40%;14,30%;14,30%;14,30%;14,20%;14,20%;14,10%;14,10%;14,10%;14,00%;14,00%;13,90%;13,90%;13,90%;13,80%;13,80%;13,70%;13,70%;13,60%
521973;SANTO ANTONIO DE GOIAS;20,10%;20,10%;20,10%;20,00%;20,00%;20,00%;19,90%;19,90%;19,90%;19,80%;19,80%;19,80%;19,70%;19,70%;19,70%;19,70%;19,60%;19,60%;19,60%;19,50%;19,50%;19,50%;19,50%;19,40%;19,40%;19,40%;19,40%;19,30%;19,30%;19,30%;19,30%;19,20%;19,20%;19,20%;19,20%;19,20%;19,10%;19,10%;19,10%;19,10%;19,10%;19,00%;19,00%;19,00%;19,00%;19,00%;19,00%;18,90%;18,90%;18,90%;18,90%;18,90%;18,80%;18,80%;18,80%;18,80%;18,80%;18,70%;18,70%;18,70%;18,70%;18,60%;18,60%;18,60%;18,60%;18,60%;18,60%;18,50%;18,50%;18,50%;18,50%;18,50%;18,60%;18,60%;18,60%;18,60%;18,60%;18,60%;18,60%;18,50%;18,50%;18,50%;18,50%;18,50%;18,50%;18,50%;18,40%;18,40%;18,40%;18,40%;18,40%;18,30%;18,30%;18,30%;18,30%;18,30%;18,20%;18,20%;18,20%;18,20%;18,10%;18,10%;18,10%;18,10%;18,00%;18,00%;18,00%;18,00%;17,90%;17,90%;17,90%;17,90%;17,80%;17,80%;17,80%;17,80%;17,70%;17,70%;17,70%;17,70%;17,70%;17,60%;17,60%;17,60%;17,50%;17,50%;17,50%;17,40%;17,40%;17,40%;17,40%;17,30%;17,30%;17,30%;17,20%;17,20%;17,20%;17,20%;17,10%;17,10%;17,10%;17,00%;17,00%;17,00%;17,00%;16,90%;16,90%;16,90%;16,80%;16,80%;16,80%;16,80%;16,80%;16,70%;16,70%;16,70%;16,70%;16,60%;16,60%;16,60%;16,50%;16,50%;16,50%;16,40%;16,40%;16,40%;16,30%;16,30%;16,30%;16,20%;16,20%;16,20%;16,20%;16,10%;16,10%;16,10%;16,10%;16,10%;16,00%;16,00%;16,00%;16,00%;15,90%;15,90%;15,90%;15,90%;15,80%;15,80%;15,80%;15,70%;15,70%;15,70%;15,70%;15,60%;15,60%;15,60%;15,60%;15,50%;15,50%;15,50%;15,40%;15,40%;15,40%;15,40%;15,30%
521975;SANTO ANTONIO DO DESCOBERTO;25,70%;25,60%;25,60%;25,50%;25,40%;25,40%;25,30%;25,20%;25,20%;25,10%;25,00%;25,00%;24,90%;24,90%;24,80%;24,70%;24,70%;24,60%;24,60%;24,50%;24,40%;24,40%;24,30%;24,30%;24,20%;24,20%;24,10%;24,00%;24,00%;23,90%;23,90%;23,80%;23,80%;23,70%;23,70%;23,60%;23,60%;23,50%;23,50%;23,40%;23,40%;23,30%;23,30%;23,20%;23,20%;23,10%;23,10%;23,00%;23,00%;23,00%;22,90%;22,90%;22,80%;22,80%;22,80%;22,70%;22,70%;22,70%;22,60%;22,60%;22,50%;22,10%;22,10%;22,10%;22,00%;22,00%;22,00%;21,90%;21,90%;21,90%;21,80%;21,80%;22,20%;22,10%;22,10%;22,10%;22,00%;22,00%;22,00%;21,90%;21,90%;21,90%;21,80%;21,80%;21,80%;21,70%;21,70%;21,70%;21,70%;21,60%;21,60%;21,60%;21,50%;21,50%;21,50%;21,40%;21,40%;21,40%;21,30%;21,30%;21,30%;21,20%;21,20%;21,20%;21,20%;21,10%;21,10%;21,10%;21,00%;21,00%;21,00%;21,00%;20,90%;20,90%;20,90%;20,90%;20,80%;20,80%;20,80%;20,80%;20,70%;20,70%;20,70%;20,70%;20,60%;20,60%;20,60%;20,60%;20,50%;20,50%;20,50%;20,40%;20,40%;20,40%;20,40%;20,30%;20,30%;20,30%;20,30%;20,20%;20,20%;20,20%;20,20%;20,10%;20,10%;20,10%;20,10%;20,00%;20,00%;20,00%;20,00%;19,90%;19,90%;19,90%;19,90%;19,80%;19,80%;19,80%;19,80%;19,70%;19,70%;19,70%;19,70%;19,60%;19,60%;19,60%;19,50%;19,50%;19,50%;19,50%;19,40%;19,40%;19,40%;19,30%;19,30%;19,30%;19,20%;19,20%;19,20%;19,20%;19,10%;19,10%;19,10%;19,00%;19,00%;19,00%;18,90%;18,90%;18,90%;18,80%;18,80%;18,80%;18,70%;18,70%;18,70%;18,60%;18,60%;18,60%;18,50%;18,50%;18,50%;18,50%;18,40%;18,40%;18,40%
521980;SAO DOMINGOS;23,00%;22,90%;22,90%;22,80%;22,80%;22,70%;22,70%;22,60%;22,60%;22,50%;22,50%;22,50%;22,40%;22,40%;22,30%;22,30%;22,20%;22,10%;22,10%;22,00%;22,00%;21,90%;21,90%;21,80%;21,80%;21,70%;21,60%;21,60%;21,50%;21,50%;21,40%;21,40%;21,30%;21,30%;21,20%;21,10%;21,10%;21,00%;21,00%;20,90%;20,90%;20,80%;20,80%;20,70%;20,70%;20,60%;20,50%;20,50%;20,40%;20,40%;20,40%;20,30%;20,30%;20,20%;20,20%;20,10%;20,10%;20,00%;20,00%;20,00%;19,90%;19,40%;19,40%;19,40%;19,30%;19,30%;19,20%;19,20%;19,20%;19,10%;19,10%;19,10%;19,50%;19,40%;19,40%;19,40%;19,30%;19,30%;19,20%;19,20%;19,20%;19,10%;19,10%;19,10%;19,00%;19,00%;18,90%;18,90%;18,90%;18,80%;18,80%;18,80%;18,70%;18,70%;18,60%;18,60%;18,60%;18,50%;18,50%;18,50%;18,40%;18,40%;18,40%;18,30%;18,30%;18,30%;18,20%;18,20%;18,20%;18,10%;18,10%;18,10%;18,00%;18,00%;18,00%;17,90%;17,90%;17,90%;17,80%;17,80%;17,80%;17,70%;17,70%;17,70%;17,70%;17,60%;17,60%;17,60%;17,50%;17,50%;17,50%;17,50%;17,40%;17,40%;17,40%;17,30%;17,30%;17,30%;17,30%;17,20%;17,20%;17,20%;17,10%;17,10%;17,10%;17,10%;17,00%;17,00%;17,00%;16,90%;16,90%;16,90%;16,90%;16,80%;16,80%;16,80%;16,70%;16,70%;16,70%;16,60%;16,60%;16,60%;16,50%;16,50%;16,50%;16,40%;16,40%;16,30%;16,30%;16,30%;16,20%;16,20%;16,10%;16,10%;16,00%;16,00%;15,90%;15,90%;15,80%;15,80%;15,70%;15,70%;15,70%;15,60%;15,60%;15,50%;15,50%;15,50%;15,40%;15,40%;15,30%;15,30%;15,20%;15,20%;15,20%;15,10%;15,10%;15,00%;15,00%;14,90%;14,90%;14,80%;14,80%;14,80%;14,70%
521990;SAO FRANCISCO DE GOIAS;18,60%;18,50%;18,50%;18,50%;18,40%;18,40%;18,30%;18,30%;18,20%;18,20%;18,10%;18,10%;18,00%;18,00%;17,90%;17,90%;17,90%;17,80%;17,80%;17,70%;17,70%;17,70%;17,60%;17,60%;17,50%;17,50%;17,50%;17,40%;17,40%;17,30%;17,30%;17,30%;17,20%;17,20%;17,10%;17,10%;17,10%;17,00%;17,00%;17,00%;17,00%;17,00%;16,90%;16,90%;16,90%;16,90%;16,80%;16,80%;16,80%;16,80%;16,80%;16,80%;16,70%;16,70%;16,70%;16,70%;16,70%;16,70%;16,60%;16,60%;16,60%;16,50%;16,50%;16,40%;16,40%;16,40%;16,40%;16,40%;16,40%;16,40%;16,30%;16,30%;16,50%;16,50%;16,50%;16,40%;16,40%;16,40%;16,40%;16,40%;16,40%;16,30%;16,30%;16,30%;16,30%;16,30%;16,30%;16,30%;16,30%;16,20%;16,20%;16,20%;16,20%;16,20%;16,20%;16,20%;16,20%;16,10%;16,10%;16,10%;16,10%;16,10%;16,10%;16,10%;16,10%;16,10%;16,10%;16,10%;16,00%;16,00%;16,00%;16,00%;16,00%;16,00%;16,00%;16,00%;16,00%;16,00%;16,00%;16,00%;16,00%;16,00%;16,00%;15,90%;15,90%;15,90%;15,90%;15,90%;15,90%;15,90%;15,90%;15,90%;15,90%;15,90%;15,90%;15,90%;15,90%;15,90%;15,90%;15,80%;15,80%;15,80%;15,80%;15,80%;15,80%;15,80%;15,80%;15,80%;15,70%;15,70%;15,70%;15,70%;15,70%;15,70%;15,60%;15,60%;15,60%;15,60%;15,50%;15,50%;15,50%;15,40%;15,40%;15,40%;15,30%;15,30%;15,30%;15,20%;15,20%;15,20%;15,10%;15,10%;15,10%;15,00%;15,00%;15,00%;14,90%;14,90%;14,90%;14,80%;14,80%;14,80%;14,70%;14,70%;14,60%;14,60%;14,50%;14,50%;14,40%;14,40%;14,30%;14,30%;14,20%;14,20%;14,20%;14,10%;14,10%;14,00%;14,00%;13,90%;13,90%;13,80%;13,80%;13,70%;13,70%
522000;SAO JOAO D'ALIANCA;25,00%;24,90%;24,90%;24,90%;24,80%;24,80%;24,70%;24,70%;24,60%;24,60%;24,50%;24,50%;24,40%;24,40%;24,40%;24,30%;24,30%;24,20%;24,20%;24,20%;24,10%;24,10%;24,00%;24,00%;23,90%;23,90%;23,90%;23,80%;23,80%;23,70%;23,70%;23,60%;23,60%;23,50%;23,50%;23,50%;23,40%;23,40%;23,30%;23,30%;23,20%;23,20%;23,10%;23,10%;23,00%;23,00%;23,00%;22,90%;22,90%;22,80%;22,80%;22,70%;22,70%;22,70%;22,60%;22,60%;22,50%;22,50%;22,50%;22,40%;22,40%;21,90%;21,90%;21,80%;21,80%;21,80%;21,70%;21,70%;21,60%;21,60%;21,60%;21,50%;22,00%;21,90%;21,90%;21,80%;21,80%;21,80%;21,70%;21,70%;21,60%;21,60%;21,60%;21,50%;21,50%;21,40%;21,40%;21,40%;21,30%;21,30%;21,30%;21,20%;21,20%;21,10%;21,10%;21,10%;21,00%;21,00%;20,90%;20,90%;20,90%;20,80%;20,80%;20,70%;20,70%;20,70%;20,60%;20,60%;20,50%;20,50%;20,50%;20,40%;20,40%;20,30%;20,30%;20,30%;20,20%;20,20%;20,20%;20,10%;20,10%;20,00%;20,00%;20,00%;19,90%;19,90%;19,80%;19,80%;19,70%;19,70%;19,70%;19,60%;19,60%;19,50%;19,50%;19,50%;19,40%;19,40%;19,40%;19,30%;19,30%;19,30%;19,20%;19,20%;19,20%;19,10%;19,10%;19,10%;19,00%;19,00%;19,00%;19,00%;18,90%;18,90%;18,90%;18,90%;18,80%;18,80%;18,80%;18,80%;18,70%;18,70%;18,70%;18,70%;18,70%;18,60%;18,60%;18,60%;18,60%;18,60%;18,60%;18,60%;18,50%;18,50%;18,50%;18,50%;18,50%;18,50%;18,50%;18,50%;18,50%;18,50%;18,50%;18,40%;18,40%;18,40%;18,40%;18,40%;18,40%;18,40%;18,40%;18,30%;18,30%;18,30%;18,30%;18,30%;18,30%;18,30%;18,30%;18,30%;18,20%;18,20%;18,20%;18,20%;18,20%
522005;SAO JOAO DA PARAUNA;16,40%;16,40%;16,40%;16,30%;16,30%;16,20%;16,20%;16,20%;16,10%;16,10%;16,00%;16,00%;16,00%;15,90%;15,90%;15,80%;15,80%;15,80%;15,70%;15,70%;15,70%;15,60%;15,60%;15,50%;15,50%;15,50%;15,40%;15,40%;15,40%;15,40%;15,30%;15,30%;15,30%;15,20%;15,20%;15,20%;15,20%;15,10%;15,10%;15,00%;15,00%;15,00%;14,90%;14,90%;14,80%;14,80%;14,70%;14,70%;14,70%;14,60%;14,60%;14,60%;14,60%;14,60%;14,60%;14,50%;14,50%;14,50%;14,50%;14,50%;14,50%;14,10%;14,10%;14,10%;14,10%;14,10%;14,10%;14,10%;14,10%;14,10%;14,00%;14,00%;14,10%;14,10%;14,10%;14,10%;14,10%;14,10%;14,10%;14,10%;14,10%;14,10%;14,10%;14,10%;14,10%;14,10%;14,00%;14,00%;14,00%;14,00%;14,00%;14,00%;14,00%;14,00%;14,00%;14,00%;14,00%;14,00%;13,90%;13,90%;13,90%;13,90%;13,90%;13,90%;13,90%;13,90%;13,90%;13,80%;13,80%;13,80%;13,80%;13,80%;13,80%;13,80%;13,70%;13,70%;13,70%;13,70%;13,70%;13,70%;13,60%;13,60%;13,70%;13,70%;13,70%;13,70%;13,70%;13,70%;13,70%;13,70%;13,70%;13,70%;13,70%;13,70%;13,60%;13,60%;13,60%;13,60%;13,60%;13,60%;13,60%;13,60%;13,60%;13,60%;13,60%;13,60%;13,60%;13,50%;13,50%;13,50%;13,50%;13,50%;13,50%;13,50%;13,40%;13,40%;13,40%;13,40%;13,40%;13,40%;13,30%;13,30%;13,30%;13,30%;13,30%;13,20%;13,20%;13,20%;13,20%;13,10%;13,10%;13,10%;13,10%;13,00%;13,00%;13,00%;12,90%;12,90%;12,90%;12,90%;12,80%;12,80%;12,80%;12,80%;12,70%;12,70%;12,70%;12,70%;12,60%;12,60%;12,60%;12,60%;12,50%;12,50%;12,50%;12,50%;12,40%;12,40%;12,40%;12,30%;12,30%;12,30%;12,30%;12,20%;12,20%
522010;SAO LUIS DE MONTES BELOS;16,50%;16,50%;16,40%;16,40%;16,30%;16,30%;16,30%;16,20%;16,20%;16,10%;16,10%;16,10%;16,00%;16,00%;15,90%;15,90%;15,90%;15,80%;15,80%;15,80%;15,70%;15,70%;15,70%;15,60%;15,60%;15,60%;15,50%;15,50%;15,50%;15,40%;15,40%;15,40%;15,30%;15,30%;15,30%;15,30%;15,20%;15,20%;15,20%;15,10%;15,10%;15,10%;15,10%;15,00%;15,00%;15,00%;15,00%;14,90%;14,90%;14,90%;14,90%;14,80%;14,80%;14,80%;14,80%;14,80%;14,70%;14,70%;14,70%;14,70%;14,70%;14,50%;14,50%;14,50%;14,40%;14,40%;14,40%;14,40%;14,40%;14,40%;14,40%;14,30%;14,50%;14,50%;14,50%;14,50%;14,40%;14,40%;14,40%;14,40%;14,40%;14,40%;14,40%;14,30%;14,30%;14,30%;14,30%;14,30%;14,30%;14,30%;14,30%;14,30%;14,20%;14,20%;14,20%;14,20%;14,20%;14,20%;14,20%;14,20%;14,20%;14,20%;14,20%;14,20%;14,20%;14,20%;14,20%;14,20%;14,20%;14,20%;14,20%;14,20%;14,20%;14,20%;14,20%;14,20%;14,20%;14,20%;14,20%;14,20%;14,20%;14,20%;14,20%;14,20%;14,20%;14,20%;14,20%;14,20%;14,20%;14,20%;14,20%;14,20%;14,20%;14,20%;14,20%;14,30%;14,30%;14,30%;14,30%;14,30%;14,30%;14,30%;14,30%;14,30%;14,30%;14,30%;14,30%;14,30%;14,30%;14,30%;14,30%;14,30%;14,30%;14,30%;14,30%;14,30%;14,30%;14,30%;14,30%;14,30%;14,30%;14,30%;14,30%;14,30%;14,30%;14,30%;14,30%;14,30%;14,30%;14,30%;14,30%;14,30%;14,30%;14,30%;14,30%;14,30%;14,30%;14,30%;14,30%;14,20%;14,20%;14,20%;14,20%;14,20%;14,20%;14,20%;14,20%;14,20%;14,20%;14,20%;14,20%;14,10%;14,10%;14,10%;14,10%;14,10%;14,10%;14,10%;14,10%;14,10%;14,10%;14,10%;14,10%;14,00%;14,00%
522015;SAO LUIZ DO NORTE;20,80%;20,70%;20,70%;20,70%;20,60%;20,60%;20,60%;20,60%;20,50%;20,50%;20,50%;20,50%;20,40%;20,40%;20,30%;20,30%;20,30%;20,20%;20,20%;20,20%;20,10%;20,10%;20,00%;20,00%;20,00%;19,90%;19,90%;19,90%;19,80%;19,80%;19,70%;19,70%;19,70%;19,60%;19,60%;19,50%;19,50%;19,50%;19,40%;19,40%;19,30%;19,30%;19,20%;19,20%;19,10%;19,10%;19,10%;19,00%;19,00%;18,90%;18,90%;18,90%;18,80%;18,80%;18,80%;18,80%;18,70%;18,70%;18,70%;18,60%;18,60%;18,30%;18,30%;18,30%;18,20%;18,20%;18,20%;18,20%;18,20%;18,10%;18,10%;18,10%;18,30%;18,30%;18,30%;18,30%;18,20%;18,20%;18,20%;18,20%;18,20%;18,10%;18,10%;18,10%;18,10%;18,00%;18,00%;18,00%;18,00%;18,00%;17,90%;17,90%;17,90%;17,90%;17,80%;17,80%;17,80%;17,80%;17,80%;17,70%;17,70%;17,70%;17,70%;17,70%;17,60%;17,60%;17,60%;17,60%;17,60%;17,50%;17,50%;17,50%;17,50%;17,50%;17,50%;17,40%;17,40%;17,40%;17,40%;17,40%;17,40%;17,30%;17,30%;17,30%;17,30%;17,30%;17,20%;17,20%;17,20%;17,20%;17,20%;17,10%;17,10%;17,10%;17,10%;17,00%;17,00%;17,00%;17,00%;17,00%;16,90%;16,90%;16,90%;16,90%;16,80%;16,80%;16,80%;16,80%;16,70%;16,70%;16,70%;16,60%;16,60%;16,60%;16,60%;16,50%;16,50%;16,50%;16,40%;16,40%;16,40%;16,30%;16,30%;16,20%;16,20%;16,20%;16,10%;16,10%;16,10%;16,00%;16,00%;16,00%;15,90%;15,90%;15,90%;15,80%;15,80%;15,80%;15,70%;15,70%;15,70%;15,60%;15,60%;15,50%;15,50%;15,50%;15,40%;15,40%;15,30%;15,30%;15,20%;15,20%;15,20%;15,10%;15,10%;15,00%;15,00%;15,00%;14,90%;14,90%;14,80%;14,80%;14,70%;14,70%;14,70%
522020;SAO MIGUEL DO ARAGUAIA;19,10%;19,00%;19,00%;18,90%;18,90%;18,80%;18,70%;18,70%;18,60%;18,60%;18,50%;18,50%;18,40%;18,30%;18,30%;18,20%;18,20%;18,10%;18,10%;18,00%;17,90%;17,90%;17,80%;17,80%;17,70%;17,70%;17,60%;17,50%;17,50%;17,40%;17,40%;17,30%;17,30%;17,20%;17,20%;17,10%;17,00%;17,00%;17,00%;16,90%;16,90%;16,80%;16,80%;16,70%;16,70%;16,60%;16,60%;16,50%;16,50%;16,50%;16,40%;16,40%;16,30%;16,30%;16,30%;16,20%;16,20%;16,20%;16,10%;16,10%;16,00%;15,60%;15,60%;15,60%;15,60%;15,50%;15,50%;15,50%;15,40%;15,40%;15,40%;15,40%;15,70%;15,60%;15,60%;15,60%;15,60%;15,50%;15,50%;15,50%;15,40%;15,40%;15,40%;15,40%;15,30%;15,30%;15,30%;15,30%;15,20%;15,20%;15,20%;15,20%;15,10%;15,10%;15,10%;15,10%;15,00%;15,00%;15,00%;15,00%;15,00%;15,00%;14,90%;14,90%;14,90%;14,90%;14,90%;14,90%;14,90%;14,80%;14,80%;14,80%;14,80%;14,80%;14,80%;14,80%;14,80%;14,80%;14,80%;14,80%;14,80%;14,80%;14,80%;14,70%;14,70%;14,70%;14,70%;14,70%;14,70%;14,70%;14,70%;14,70%;14,70%;14,70%;14,70%;14,70%;14,70%;14,70%;14,70%;14,60%;14,60%;14,60%;14,60%;14,60%;14,60%;14,60%;14,60%;14,60%;14,60%;14,60%;14,50%;14,50%;14,50%;14,50%;14,50%;14,50%;14,50%;14,50%;14,40%;14,40%;14,40%;14,40%;14,40%;14,30%;14,30%;14,30%;14,30%;14,30%;14,20%;14,20%;14,20%;14,10%;14,10%;14,10%;14,10%;14,00%;14,00%;14,00%;13,90%;13,90%;13,90%;13,80%;13,80%;13,80%;13,70%;13,70%;13,70%;13,60%;13,60%;13,60%;13,50%;13,50%;13,50%;13,40%;13,40%;13,40%;13,30%;13,30%;13,30%;13,20%;13,20%;13,20%;13,10%;13,10%;13,10%
522026;SAO MIGUEL DO PASSA QUATRO;19,20%;19,10%;19,10%;19,10%;19,10%;19,00%;19,00%;19,00%;19,00%;18,90%;18,90%;18,90%;18,90%;18,80%;18,80%;18,80%;18,70%;18,70%;18,60%;18,60%;18,60%;18,50%;18,50%;18,50%;18,40%;18,40%;18,40%;18,30%;18,30%;18,30%;18,20%;18,20%;18,20%;18,10%;18,10%;18,10%;18,00%;18,00%;18,00%;17,90%;17,90%;17,90%;17,80%;17,80%;17,80%;17,70%;17,70%;17,70%;17,60%;17,60%;17,60%;17,50%;17,50%;17,50%;17,40%;17,40%;17,40%;17,30%;17,30%;17,30%;17,20%;17,00%;17,00%;17,00%;16,90%;16,90%;16,90%;16,90%;16,90%;16,90%;16,80%;16,80%;17,00%;17,00%;17,00%;17,00%;16,90%;16,90%;16,90%;16,90%;16,90%;16,90%;16,80%;16,80%;16,80%;16,80%;16,70%;16,70%;16,70%;16,60%;16,60%;16,60%;16,50%;16,50%;16,50%;16,40%;16,40%;16,40%;16,40%;16,30%;16,30%;16,30%;16,30%;16,20%;16,20%;16,20%;16,20%;16,10%;16,10%;16,10%;16,00%;16,00%;15,90%;15,90%;15,90%;15,80%;15,80%;15,80%;15,70%;15,70%;15,60%;15,60%;15,60%;15,60%;15,50%;15,50%;15,50%;15,50%;15,40%;15,40%;15,40%;15,40%;15,30%;15,30%;15,30%;15,20%;15,20%;15,20%;15,10%;15,10%;15,10%;15,00%;15,00%;15,00%;14,90%;14,90%;14,90%;14,80%;14,80%;14,80%;14,70%;14,70%;14,70%;14,60%;14,60%;14,60%;14,50%;14,50%;14,50%;14,40%;14,40%;14,30%;14,30%;14,30%;14,20%;14,20%;14,20%;14,10%;14,10%;14,00%;14,00%;14,00%;13,90%;13,90%;13,90%;13,80%;13,80%;13,80%;13,70%;13,70%;13,70%;13,60%;13,60%;13,50%;13,50%;13,50%;13,40%;13,40%;13,30%;13,30%;13,20%;13,20%;13,20%;13,10%;13,10%;13,00%;13,00%;13,00%;12,90%;12,90%;12,80%;12,80%;12,80%;12,70%;12,70%
522028;SAO PATRICIO;16,30%;16,30%;16,30%;16,20%;16,20%;16,10%;16,10%;16,10%;16,00%;16,00%;16,00%;15,90%;15,90%;15,80%;15,80%;15,70%;15,60%;15,60%;15,50%;15,40%;15,40%;15,30%;15,30%;15,20%;15,10%;15,10%;15,10%;15,00%;15,00%;15,00%;14,90%;14,90%;14,80%;14,80%;14,80%;14,70%;14,70%;14,70%;14,60%;14,60%;14,50%;14,50%;14,50%;14,40%;14,40%;14,40%;14,30%;14,30%;14,30%;14,20%;14,20%;14,20%;14,10%;14,10%;14,10%;14,10%;14,00%;14,00%;14,00%;14,00%;13,90%;13,90%;13,80%;13,80%;13,80%;13,80%;13,80%;13,70%;13,70%;13,70%;13,70%;13,70%;13,90%;13,80%;13,80%;13,80%;13,80%;13,80%;13,70%;13,70%;13,70%;13,70%;13,70%;13,60%;13,60%;13,60%;13,60%;13,60%;13,60%;13,60%;13,60%;13,50%;13,50%;13,50%;13,50%;13,50%;13,50%;13,50%;13,50%;13,50%;13,50%;13,50%;13,50%;13,50%;13,50%;13,50%;13,50%;13,50%;13,50%;13,50%;13,50%;13,50%;13,50%;13,50%;13,50%;13,50%;13,50%;13,60%;13,60%;13,60%;13,60%;13,60%;13,60%;13,60%;13,60%;13,70%;13,70%;13,70%;13,70%;13,70%;13,70%;13,80%;13,80%;13,80%;13,80%;13,80%;13,80%;13,80%;13,80%;13,80%;13,80%;13,80%;13,80%;13,80%;13,80%;13,80%;13,80%;13,80%;13,80%;13,80%;13,80%;13,70%;13,70%;13,70%;13,70%;13,70%;13,70%;13,60%;13,60%;13,60%;13,60%;13,60%;13,60%;13,60%;13,50%;13,50%;13,50%;13,50%;13,50%;13,40%;13,40%;13,40%;13,40%;13,30%;13,30%;13,30%;13,30%;13,20%;13,20%;13,20%;13,20%;13,10%;13,10%;13,00%;13,00%;13,00%;12,90%;12,90%;12,90%;12,80%;12,80%;12,80%;12,70%;12,70%;12,70%;12,60%;12,60%;12,60%;12,50%;12,50%;12,40%;12,40%;12,40%;12,30%;12,30%
522040;SAO SIMAO;17,50%;17,40%;17,40%;17,30%;17,30%;17,20%;17,20%;17,20%;17,10%;17,10%;17,00%;17,00%;16,90%;16,90%;16,80%;16,80%;16,70%;16,70%;16,70%;16,60%;16,60%;16,50%;16,50%;16,40%;16,40%;16,30%;16,30%;16,30%;16,20%;16,20%;16,20%;16,10%;16,10%;16,00%;16,00%;16,00%;15,90%;15,90%;15,90%;15,80%;15,80%;15,80%;15,80%;15,70%;15,70%;15,70%;15,60%;15,60%;15,60%;15,50%;15,50%;15,50%;15,50%;15,50%;15,40%;15,40%;15,40%;15,40%;15,30%;15,30%;15,30%;15,10%;15,10%;15,10%;15,10%;15,10%;15,00%;15,00%;15,00%;15,00%;15,00%;15,00%;15,10%;15,10%;15,10%;15,10%;15,10%;15,10%;15,00%;15,00%;15,00%;15,00%;15,00%;15,00%;14,90%;14,90%;14,90%;14,90%;14,90%;14,90%;14,90%;14,90%;14,90%;14,90%;14,90%;14,80%;14,80%;14,80%;14,80%;14,80%;14,80%;14,80%;14,80%;14,80%;14,80%;14,80%;14,80%;14,80%;14,80%;14,80%;14,80%;14,80%;14,80%;14,80%;14,80%;14,80%;14,80%;14,80%;14,80%;14,80%;14,80%;14,80%;14,80%;14,80%;14,80%;14,90%;14,90%;14,90%;14,90%;14,90%;14,90%;14,90%;14,90%;14,90%;14,90%;14,90%;14,90%;14,90%;14,90%;14,90%;14,90%;14,90%;14,90%;14,90%;14,90%;14,90%;14,90%;14,90%;14,90%;14,90%;14,90%;14,90%;14,90%;14,90%;14,90%;14,90%;14,90%;14,90%;14,80%;14,80%;14,80%;14,80%;14,80%;14,80%;14,70%;14,70%;14,70%;14,70%;14,70%;14,70%;14,60%;14,60%;14,60%;14,60%;14,50%;14,50%;14,50%;14,50%;14,40%;14,40%;14,40%;14,40%;14,30%;14,30%;14,30%;14,30%;14,20%;14,20%;14,20%;14,10%;14,10%;14,10%;14,10%;14,00%;14,00%;14,00%;14,00%;13,90%;13,90%;13,90%;13,80%;13,80%;13,80%;13,80%;13,70%
522045;SENADOR CANEDO;22,90%;22,90%;22,80%;22,80%;22,70%;22,70%;22,60%;22,60%;22,50%;22,50%;22,50%;22,40%;22,40%;22,30%;22,30%;22,30%;22,20%;22,20%;22,20%;22,10%;22,10%;22,10%;22,10%;22,00%;22,00%;22,00%;21,90%;21,90%;21,90%;21,90%;21,90%;21,80%;21,80%;21,80%;21,80%;21,70%;21,70%;21,70%;21,70%;21,70%;21,60%;21,60%;21,60%;21,60%;21,60%;21,60%;21,50%;21,50%;21,50%;21,50%;21,50%;21,50%;21,40%;21,40%;21,40%;21,40%;21,40%;21,40%;21,40%;21,30%;21,30%;21,20%;21,20%;21,20%;21,20%;21,20%;21,20%;21,20%;21,20%;21,10%;21,10%;21,10%;21,20%;21,20%;21,20%;21,20%;21,20%;21,20%;21,20%;21,20%;21,10%;21,10%;21,10%;21,10%;21,10%;21,10%;21,10%;21,10%;21,00%;21,00%;21,00%;21,00%;21,00%;21,00%;20,90%;20,90%;20,90%;20,90%;20,90%;20,80%;20,80%;20,80%;20,80%;20,80%;20,70%;20,70%;20,70%;20,70%;20,70%;20,60%;20,60%;20,60%;20,60%;20,50%;20,50%;20,50%;20,50%;20,40%;20,40%;20,40%;20,40%;20,30%;20,30%;20,30%;20,30%;20,20%;20,20%;20,20%;20,20%;20,10%;20,10%;20,10%;20,00%;20,00%;20,00%;20,00%;19,90%;19,90%;19,90%;19,90%;19,80%;19,80%;19,80%;19,80%;19,70%;19,70%;19,70%;19,70%;19,70%;19,60%;19,60%;19,60%;19,60%;19,60%;19,60%;19,50%;19,50%;19,50%;19,50%;19,50%;19,50%;19,50%;19,40%;19,40%;19,40%;19,40%;19,40%;19,40%;19,40%;19,40%;19,30%;19,30%;19,30%;19,30%;19,30%;19,30%;19,30%;19,30%;19,30%;19,30%;19,30%;19,30%;19,30%;19,30%;19,20%;19,20%;19,20%;19,20%;19,20%;19,20%;19,20%;19,20%;19,20%;19,20%;19,10%;19,10%;19,10%;19,10%;19,10%;19,10%;19,10%;19,10%;19,10%;19,10%;19,10%
522050;SERRANOPOLIS;19,50%;19,50%;19,40%;19,40%;19,30%;19,30%;19,30%;19,20%;19,20%;19,10%;19,10%;19,00%;19,00%;19,00%;18,90%;18,90%;18,80%;18,80%;18,80%;18,70%;18,70%;18,70%;18,60%;18,60%;18,60%;18,50%;18,50%;18,50%;18,40%;18,40%;18,30%;18,30%;18,30%;18,20%;18,20%;18,20%;18,10%;18,10%;18,10%;18,00%;18,00%;18,00%;18,00%;17,90%;17,90%;17,90%;17,90%;17,80%;17,80%;17,80%;17,80%;17,80%;17,70%;17,70%;17,70%;17,70%;17,70%;17,60%;17,60%;17,60%;17,60%;17,40%;17,30%;17,30%;17,30%;17,30%;17,30%;17,30%;17,30%;17,20%;17,20%;17,20%;17,40%;17,40%;17,30%;17,30%;17,30%;17,30%;17,30%;17,30%;17,30%;17,20%;17,20%;17,20%;17,20%;17,20%;17,20%;17,20%;17,20%;17,10%;17,10%;17,10%;17,10%;17,10%;17,10%;17,10%;17,10%;17,10%;17,10%;17,00%;17,00%;17,00%;17,00%;17,00%;17,00%;17,00%;17,00%;17,00%;17,00%;17,00%;17,00%;17,00%;17,00%;16,90%;16,90%;16,90%;16,90%;16,90%;16,90%;16,90%;16,90%;16,90%;16,90%;16,90%;16,90%;16,90%;16,90%;16,90%;16,90%;16,90%;16,90%;16,90%;16,90%;16,90%;16,90%;16,90%;16,90%;16,80%;16,80%;16,80%;16,80%;16,80%;16,80%;16,80%;16,80%;16,80%;16,80%;16,80%;16,80%;16,80%;16,80%;16,70%;16,70%;16,70%;16,70%;16,70%;16,70%;16,70%;16,70%;16,70%;16,60%;16,60%;16,60%;16,60%;16,60%;16,50%;16,50%;16,50%;16,50%;16,50%;16,40%;16,40%;16,40%;16,40%;16,40%;16,30%;16,30%;16,30%;16,30%;16,30%;16,20%;16,20%;16,20%;16,20%;16,10%;16,10%;16,10%;16,00%;16,00%;16,00%;16,00%;15,90%;15,90%;15,90%;15,90%;15,80%;15,80%;15,80%;15,80%;15,70%;15,70%;15,70%;15,70%;15,60%;15,60%
522060;SILVANIA;19,10%;19,00%;19,00%;18,90%;18,90%;18,80%;18,80%;18,70%;18,60%;18,60%;18,50%;18,50%;18,40%;18,40%;18,30%;18,30%;18,20%;18,20%;18,10%;18,00%;18,00%;17,90%;17,90%;17,80%;17,80%;17,70%;17,70%;17,60%;17,60%;17,60%;17,50%;17,50%;17,40%;17,40%;17,30%;17,30%;17,20%;17,20%;17,10%;17,10%;17,10%;17,00%;17,00%;16,90%;16,90%;16,90%;16,80%;16,80%;16,70%;16,70%;16,70%;16,70%;16,60%;16,60%;16,60%;16,50%;16,50%;16,50%;16,50%;16,40%;16,40%;16,10%;16,10%;16,00%;16,00%;16,00%;16,00%;15,90%;15,90%;15,90%;15,90%;15,90%;16,10%;16,10%;16,10%;16,00%;16,00%;16,00%;16,00%;15,90%;15,90%;15,90%;15,90%;15,90%;15,80%;15,80%;15,80%;15,80%;15,80%;15,70%;15,70%;15,70%;15,70%;15,70%;15,60%;15,60%;15,60%;15,60%;15,60%;15,60%;15,60%;15,50%;15,50%;15,50%;15,50%;15,50%;15,50%;15,50%;15,50%;15,40%;15,40%;15,40%;15,40%;15,40%;15,40%;15,40%;15,40%;15,40%;15,40%;15,40%;15,40%;15,40%;15,40%;15,40%;15,30%;15,30%;15,30%;15,30%;15,30%;15,30%;15,30%;15,30%;15,30%;15,30%;15,30%;15,30%;15,30%;15,30%;15,30%;15,30%;15,30%;15,30%;15,20%;15,20%;15,20%;15,20%;15,20%;15,20%;15,20%;15,20%;15,20%;15,20%;15,20%;15,20%;15,10%;15,10%;15,10%;15,10%;15,10%;15,10%;15,10%;15,00%;15,00%;15,00%;15,00%;15,00%;15,00%;14,90%;14,90%;14,90%;14,90%;14,90%;14,80%;14,80%;14,80%;14,80%;14,80%;14,70%;14,70%;14,70%;14,70%;14,70%;14,60%;14,60%;14,60%;14,60%;14,50%;14,50%;14,50%;14,50%;14,40%;14,40%;14,40%;14,40%;14,30%;14,30%;14,30%;14,30%;14,20%;14,20%;14,20%;14,20%;14,10%;14,10%;14,10%
522068;SIMOLANDIA;23,80%;23,80%;23,70%;23,70%;23,70%;23,60%;23,60%;23,60%;23,50%;23,50%;23,50%;23,50%;23,40%;23,40%;23,30%;23,30%;23,30%;23,20%;23,20%;23,10%;23,10%;23,10%;23,00%;23,00%;22,90%;22,90%;22,80%;22,80%;22,70%;22,70%;22,70%;22,60%;22,60%;22,50%;22,50%;22,40%;22,40%;22,30%;22,20%;22,20%;22,10%;22,10%;22,00%;21,90%;21,90%;21,80%;21,80%;21,70%;21,60%;21,60%;21,50%;21,50%;21,40%;21,40%;21,30%;21,30%;21,20%;21,20%;21,10%;21,10%;21,00%;20,40%;20,40%;20,30%;20,30%;20,20%;20,20%;20,10%;20,10%;20,00%;20,00%;20,00%;20,50%;20,40%;20,40%;20,30%;20,30%;20,20%;20,20%;20,10%;20,10%;20,00%;20,00%;20,00%;19,90%;19,90%;19,80%;19,70%;19,70%;19,60%;19,60%;19,50%;19,50%;19,40%;19,40%;19,30%;19,30%;19,20%;19,20%;19,10%;19,10%;19,00%;19,00%;18,90%;18,90%;18,80%;18,80%;18,70%;18,70%;18,60%;18,60%;18,50%;18,50%;18,40%;18,40%;18,30%;18,30%;18,20%;18,20%;18,10%;18,10%;18,00%;18,00%;17,90%;17,90%;17,90%;17,80%;17,80%;17,70%;17,70%;17,60%;17,60%;17,50%;17,50%;17,40%;17,40%;17,40%;17,30%;17,30%;17,20%;17,20%;17,10%;17,10%;17,00%;17,00%;17,00%;16,90%;16,90%;16,90%;16,80%;16,80%;16,70%;16,70%;16,70%;16,60%;16,60%;16,60%;16,50%;16,50%;16,50%;16,40%;16,40%;16,30%;16,30%;16,30%;16,20%;16,20%;16,10%;16,10%;16,10%;16,00%;16,00%;15,90%;15,90%;15,90%;15,80%;15,80%;15,70%;15,70%;15,70%;15,60%;15,60%;15,50%;15,50%;15,50%;15,40%;15,40%;15,30%;15,30%;15,30%;15,20%;15,20%;15,20%;15,10%;15,10%;15,00%;15,00%;15,00%;14,90%;14,90%;14,80%;14,80%;14,80%;14,70%;14,70%
522070;SITIO D'ABADIA;21,80%;21,70%;21,70%;21,60%;21,50%;21,50%;21,40%;21,30%;21,30%;21,20%;21,20%;21,10%;21,00%;21,00%;20,90%;20,80%;20,80%;20,70%;20,60%;20,60%;20,50%;20,40%;20,40%;20,30%;20,20%;20,20%;20,10%;20,10%;20,00%;20,00%;19,90%;19,90%;19,80%;19,80%;19,70%;19,70%;19,60%;19,60%;19,50%;19,40%;19,40%;19,30%;19,30%;19,20%;19,20%;19,10%;19,10%;19,00%;19,00%;18,90%;18,90%;18,90%;18,80%;18,80%;18,80%;18,70%;18,70%;18,70%;18,60%;18,60%;18,60%;18,20%;18,20%;18,20%;18,10%;18,10%;18,10%;18,00%;18,00%;18,00%;17,90%;17,90%;18,30%;18,20%;18,20%;18,20%;18,10%;18,10%;18,10%;18,00%;18,00%;18,00%;17,90%;17,90%;17,90%;17,80%;17,80%;17,80%;17,80%;17,80%;17,70%;17,70%;17,70%;17,70%;17,70%;17,60%;17,60%;17,60%;17,60%;17,60%;17,50%;17,50%;17,50%;17,50%;17,40%;17,40%;17,40%;17,40%;17,40%;17,30%;17,30%;17,30%;17,30%;17,30%;17,20%;17,20%;17,20%;17,20%;17,20%;17,20%;17,10%;17,10%;17,10%;17,10%;17,10%;17,10%;17,10%;17,00%;17,00%;17,00%;17,00%;17,00%;17,00%;17,00%;16,90%;16,90%;16,90%;16,90%;16,90%;16,90%;16,80%;16,80%;16,80%;16,80%;16,80%;16,80%;16,70%;16,70%;16,70%;16,70%;16,70%;16,70%;16,60%;16,60%;16,60%;16,60%;16,60%;16,60%;16,50%;16,50%;16,50%;16,40%;16,40%;16,40%;16,40%;16,30%;16,30%;16,30%;16,20%;16,20%;16,20%;16,10%;16,10%;16,10%;16,00%;16,00%;16,00%;15,90%;15,90%;15,90%;15,80%;15,80%;15,80%;15,80%;15,80%;15,70%;15,70%;15,70%;15,70%;15,60%;15,60%;15,60%;15,60%;15,60%;15,50%;15,50%;15,50%;15,50%;15,50%;15,40%;15,40%;15,40%;15,40%;15,30%;15,30%
522100;TAQUARAL DE GOIAS;13,70%;13,60%;13,50%;13,50%;13,40%;13,30%;13,20%;13,20%;13,10%;13,00%;13,00%;12,90%;12,80%;12,80%;12,80%;12,70%;12,70%;12,70%;12,70%;12,60%;12,60%;12,60%;12,50%;12,50%;12,50%;12,40%;12,40%;12,30%;12,30%;12,20%;12,20%;12,10%;12,10%;12,10%;12,00%;12,00%;11,90%;11,90%;11,90%;11,90%;11,90%;11,80%;11,80%;11,80%;11,80%;11,80%;11,80%;11,80%;11,80%;11,80%;11,80%;11,80%;11,70%;11,70%;11,70%;11,70%;11,70%;11,70%;11,70%;11,70%;11,70%;11,80%;11,80%;11,80%;11,80%;11,90%;11,90%;11,90%;11,90%;11,90%;11,90%;11,90%;11,80%;11,80%;11,80%;11,80%;11,80%;11,90%;11,90%;11,90%;11,90%;11,90%;11,90%;11,90%;11,90%;11,90%;11,90%;11,90%;11,90%;12,00%;12,00%;12,00%;12,00%;12,00%;12,00%;12,00%;12,00%;12,00%;12,00%;12,00%;12,10%;12,10%;12,10%;12,10%;12,10%;12,20%;12,20%;12,20%;12,20%;12,20%;12,30%;12,30%;12,30%;12,40%;12,40%;12,40%;12,40%;12,50%;12,50%;12,50%;12,50%;12,60%;12,60%;12,60%;12,70%;12,70%;12,70%;12,80%;12,80%;12,80%;12,90%;12,90%;12,90%;12,90%;12,90%;13,00%;13,00%;13,00%;13,00%;13,00%;13,00%;13,00%;13,10%;13,10%;13,10%;13,10%;13,10%;13,10%;13,10%;13,20%;13,20%;13,20%;13,20%;13,20%;13,20%;13,20%;13,30%;13,20%;13,20%;13,20%;13,20%;13,20%;13,10%;13,10%;13,10%;13,10%;13,10%;13,00%;13,00%;13,00%;13,00%;13,00%;12,90%;12,90%;12,90%;12,90%;12,90%;12,80%;12,80%;12,80%;12,80%;12,70%;12,70%;12,70%;12,60%;12,60%;12,60%;12,50%;12,50%;12,50%;12,40%;12,40%;12,40%;12,30%;12,30%;12,30%;12,20%;12,20%;12,20%;12,10%;12,10%;12,10%;12,00%;12,00%;12,00%
522108;TERESINA DE GOIAS;26,30%;26,20%;26,20%;26,10%;26,10%;26,10%;26,00%;26,00%;25,90%;25,90%;25,90%;25,80%;25,80%;25,70%;25,70%;25,60%;25,60%;25,60%;25,50%;25,50%;25,40%;25,40%;25,30%;25,30%;25,20%;25,20%;25,10%;25,10%;25,00%;25,00%;24,90%;24,90%;24,80%;24,80%;24,70%;24,70%;24,60%;24,60%;24,50%;24,50%;24,50%;24,40%;24,40%;24,40%;24,30%;24,30%;24,30%;24,20%;24,20%;24,20%;24,20%;24,10%;24,10%;24,10%;24,00%;24,00%;24,00%;24,00%;23,90%;23,90%;23,90%;23,50%;23,50%;23,50%;23,50%;23,40%;23,40%;23,40%;23,40%;23,30%;23,30%;23,30%;23,50%;23,50%;23,50%;23,50%;23,50%;23,40%;23,40%;23,40%;23,40%;23,30%;23,30%;23,30%;23,30%;23,30%;23,20%;23,20%;23,20%;23,20%;23,10%;23,10%;23,10%;23,10%;23,00%;23,00%;23,00%;23,00%;23,00%;23,00%;22,90%;22,90%;22,90%;22,90%;22,90%;22,90%;22,80%;22,80%;22,80%;22,80%;22,80%;22,80%;22,70%;22,70%;22,70%;22,70%;22,70%;22,60%;22,60%;22,60%;22,60%;22,60%;22,50%;22,50%;22,50%;22,50%;22,40%;22,40%;22,40%;22,40%;22,30%;22,30%;22,30%;22,20%;22,20%;22,20%;22,20%;22,20%;22,10%;22,10%;22,10%;22,10%;22,00%;22,00%;22,00%;22,00%;21,90%;21,90%;21,90%;21,90%;21,90%;21,90%;21,80%;21,80%;21,80%;21,80%;21,80%;21,70%;21,70%;21,70%;21,60%;21,60%;21,60%;21,50%;21,50%;21,50%;21,40%;21,40%;21,40%;21,30%;21,30%;21,20%;21,20%;21,10%;21,10%;21,10%;21,00%;21,00%;20,90%;20,90%;20,80%;20,80%;20,70%;20,70%;20,60%;20,60%;20,50%;20,50%;20,40%;20,40%;20,40%;20,30%;20,30%;20,20%;20,20%;20,10%;20,10%;20,00%;20,00%;19,90%;19,90%;19,80%;19,80%;19,70%;19,70%
522119;TEREZOPOLIS DE GOIAS;22,30%;22,20%;22,20%;22,10%;22,10%;22,00%;22,00%;21,90%;21,90%;21,80%;21,80%;21,70%;21,70%;21,60%;21,60%;21,50%;21,50%;21,40%;21,40%;21,30%;21,30%;21,20%;21,10%;21,10%;21,00%;21,00%;20,90%;20,90%;20,90%;20,80%;20,80%;20,70%;20,70%;20,60%;20,60%;20,50%;20,50%;20,50%;20,40%;20,40%;20,30%;20,30%;20,20%;20,20%;20,10%;20,10%;20,00%;20,00%;19,90%;19,90%;19,90%;19,80%;19,80%;19,70%;19,70%;19,70%;19,60%;19,60%;19,50%;19,50%;19,50%;19,00%;19,00%;19,00%;18,90%;18,90%;18,90%;18,80%;18,80%;18,80%;18,70%;18,70%;19,10%;19,00%;19,00%;19,00%;18,90%;18,90%;18,90%;18,80%;18,80%;18,80%;18,70%;18,70%;18,70%;18,60%;18,60%;18,50%;18,50%;18,50%;18,40%;18,40%;18,30%;18,30%;18,30%;18,20%;18,20%;18,10%;18,10%;18,10%;18,10%;18,00%;18,00%;18,00%;17,90%;17,90%;17,90%;17,90%;17,80%;17,80%;17,80%;17,70%;17,70%;17,70%;17,60%;17,60%;17,60%;17,50%;17,50%;17,50%;17,40%;17,40%;17,40%;17,30%;17,30%;17,30%;17,20%;17,20%;17,20%;17,10%;17,10%;17,10%;17,00%;17,00%;17,00%;16,90%;16,90%;16,90%;16,90%;16,80%;16,80%;16,80%;16,70%;16,70%;16,70%;16,70%;16,60%;16,60%;16,60%;16,50%;16,50%;16,50%;16,40%;16,40%;16,40%;16,30%;16,30%;16,30%;16,20%;16,20%;16,20%;16,10%;16,10%;16,10%;16,00%;16,00%;16,00%;15,90%;15,90%;15,90%;15,80%;15,80%;15,80%;15,80%;15,70%;15,70%;15,70%;15,70%;15,60%;15,60%;15,60%;15,60%;15,50%;15,50%;15,50%;15,40%;15,40%;15,40%;15,30%;15,30%;15,30%;15,20%;15,20%;15,20%;15,20%;15,10%;15,10%;15,10%;15,00%;15,00%;15,00%;14,90%;14,90%;14,90%;14,80%
522130;TRES RANCHOS;16,50%;16,50%;16,40%;16,40%;16,30%;16,20%;16,20%;16,10%;16,10%;16,00%;15,90%;15,90%;15,80%;15,80%;15,70%;15,70%;15,60%;15,60%;15,50%;15,50%;15,40%;15,40%;15,30%;15,20%;15,20%;15,10%;15,10%;15,00%;15,00%;15,00%;14,90%;14,90%;14,80%;14,80%;14,70%;14,70%;14,60%;14,60%;14,50%;14,50%;14,40%;14,40%;14,30%;14,30%;14,30%;14,20%;14,20%;14,10%;14,10%;14,10%;14,00%;14,00%;14,00%;14,00%;13,90%;13,90%;13,90%;13,90%;13,80%;13,80%;13,80%;13,50%;13,50%;13,40%;13,40%;13,40%;13,40%;13,40%;13,30%;13,30%;13,30%;13,30%;13,50%;13,50%;13,50%;13,40%;13,40%;13,40%;13,40%;13,40%;13,30%;13,30%;13,30%;13,30%;13,30%;13,20%;13,20%;13,20%;13,20%;13,20%;13,20%;13,20%;13,20%;13,20%;13,20%;13,10%;13,10%;13,10%;13,10%;13,10%;13,10%;13,10%;13,10%;13,10%;13,10%;13,10%;13,00%;13,00%;13,00%;13,00%;13,00%;13,00%;13,00%;13,10%;13,10%;13,10%;13,10%;13,10%;13,10%;13,10%;13,10%;13,10%;13,10%;13,10%;13,20%;13,20%;13,20%;13,20%;13,20%;13,30%;13,30%;13,30%;13,30%;13,30%;13,30%;13,30%;13,30%;13,30%;13,30%;13,30%;13,30%;13,30%;13,40%;13,40%;13,40%;13,40%;13,40%;13,30%;13,30%;13,30%;13,30%;13,30%;13,30%;13,30%;13,30%;13,30%;13,30%;13,30%;13,20%;13,20%;13,20%;13,10%;13,10%;13,10%;13,00%;13,00%;13,00%;12,90%;12,90%;12,90%;12,80%;12,80%;12,80%;12,70%;12,70%;12,70%;12,70%;12,60%;12,60%;12,60%;12,60%;12,50%;12,50%;12,50%;12,50%;12,50%;12,40%;12,40%;12,40%;12,40%;12,30%;12,30%;12,30%;12,30%;12,30%;12,20%;12,20%;12,20%;12,20%;12,10%;12,10%;12,10%;12,10%;12,10%;12,00%
522140;TRINDADE;20,20%;20,10%;20,10%;20,10%;20,00%;20,00%;19,90%;19,90%;19,80%;19,80%;19,70%;19,70%;19,70%;19,60%;19,60%;19,50%;19,50%;19,50%;19,40%;19,40%;19,40%;19,30%;19,30%;19,20%;19,20%;19,20%;19,10%;19,10%;19,10%;19,10%;19,00%;19,00%;19,00%;18,90%;18,90%;18,90%;18,80%;18,80%;18,80%;18,80%;18,70%;18,70%;18,70%;18,70%;18,60%;18,60%;18,60%;18,60%;18,50%;18,50%;18,50%;18,50%;18,50%;18,40%;18,40%;18,40%;18,40%;18,40%;18,40%;18,30%;18,30%;18,20%;18,20%;18,20%;18,10%;18,10%;18,10%;18,10%;18,10%;18,10%;18,10%;18,10%;18,20%;18,20%;18,20%;18,20%;18,10%;18,10%;18,10%;18,10%;18,10%;18,10%;18,10%;18,10%;18,00%;18,00%;18,00%;18,00%;18,00%;18,00%;18,00%;18,00%;18,00%;17,90%;17,90%;17,90%;17,90%;17,90%;17,90%;17,90%;17,90%;17,90%;17,90%;17,90%;17,80%;17,80%;17,80%;17,80%;17,80%;17,80%;17,80%;17,80%;17,80%;17,80%;17,80%;17,80%;17,80%;17,80%;17,80%;17,80%;17,80%;17,80%;17,70%;17,70%;17,70%;17,70%;17,70%;17,70%;17,70%;17,70%;17,70%;17,70%;17,70%;17,70%;17,70%;17,70%;17,70%;17,70%;17,70%;17,60%;17,60%;17,60%;17,60%;17,60%;17,60%;17,60%;17,60%;17,60%;17,60%;17,60%;17,60%;17,60%;17,60%;17,60%;17,60%;17,60%;17,50%;17,50%;17,50%;17,50%;17,50%;17,50%;17,50%;17,50%;17,50%;17,50%;17,40%;17,40%;17,40%;17,40%;17,40%;17,40%;17,40%;17,40%;17,30%;17,30%;17,30%;17,30%;17,30%;17,30%;17,30%;17,30%;17,20%;17,20%;17,20%;17,20%;17,20%;17,20%;17,10%;17,10%;17,10%;17,10%;17,10%;17,10%;17,10%;17,00%;17,00%;17,00%;17,00%;17,00%;17,00%;16,90%;16,90%;16,90%;16,90%
522145;TROMBAS;19,20%;19,20%;19,10%;19,10%;19,00%;19,00%;18,90%;18,90%;18,80%;18,80%;18,70%;18,70%;18,60%;18,60%;18,50%;18,50%;18,40%;18,40%;18,30%;18,20%;18,20%;18,10%;18,10%;18,00%;18,00%;17,90%;17,90%;17,80%;17,70%;17,70%;17,60%;17,60%;17,50%;17,40%;17,40%;17,30%;17,30%;17,20%;17,20%;17,10%;17,10%;17,00%;17,00%;16,90%;16,80%;16,80%;16,70%;16,70%;16,60%;16,60%;16,50%;16,50%;16,50%;16,40%;16,40%;16,30%;16,30%;16,20%;16,20%;16,10%;16,10%;15,50%;15,50%;15,40%;15,40%;15,40%;15,30%;15,30%;15,20%;15,20%;15,20%;15,10%;15,60%;15,50%;15,50%;15,40%;15,40%;15,40%;15,30%;15,30%;15,30%;15,20%;15,20%;15,10%;15,10%;15,10%;15,00%;15,00%;15,00%;14,90%;14,90%;14,90%;14,80%;14,80%;14,70%;14,70%;14,70%;14,70%;14,60%;14,60%;14,60%;14,60%;14,60%;14,50%;14,50%;14,50%;14,50%;14,40%;14,40%;14,40%;14,40%;14,40%;14,40%;14,30%;14,30%;14,30%;14,30%;14,30%;14,30%;14,20%;14,20%;14,20%;14,20%;14,10%;14,10%;14,10%;14,10%;14,10%;14,00%;14,00%;14,00%;14,00%;13,90%;13,90%;13,90%;13,90%;13,90%;13,90%;13,80%;13,80%;13,80%;13,80%;13,80%;13,80%;13,80%;13,70%;13,70%;13,70%;13,70%;13,70%;13,70%;13,70%;13,70%;13,70%;13,60%;13,60%;13,60%;13,60%;13,60%;13,50%;13,50%;13,50%;13,50%;13,50%;13,40%;13,40%;13,40%;13,40%;13,30%;13,30%;13,30%;13,20%;13,20%;13,20%;13,10%;13,10%;13,10%;13,00%;13,00%;13,00%;12,90%;12,90%;12,90%;12,90%;12,80%;12,80%;12,80%;12,80%;12,70%;12,70%;12,70%;12,70%;12,60%;12,60%;12,60%;12,60%;12,50%;12,50%;12,50%;12,40%;12,40%;12,40%;12,40%;12,30%;12,30%
522150;TURVANIA;16,20%;16,20%;16,10%;16,10%;16,00%;16,00%;15,90%;15,90%;15,80%;15,80%;15,70%;15,70%;15,60%;15,60%;15,50%;15,50%;15,40%;15,40%;15,30%;15,30%;15,20%;15,20%;15,10%;15,10%;15,00%;15,00%;14,90%;14,90%;14,90%;14,80%;14,80%;14,70%;14,70%;14,70%;14,60%;14,60%;14,50%;14,50%;14,40%;14,40%;14,40%;14,30%;14,30%;14,20%;14,20%;14,20%;14,10%;14,10%;14,00%;14,00%;14,00%;13,90%;13,90%;13,90%;13,80%;13,80%;13,80%;13,80%;13,70%;13,70%;13,70%;13,40%;13,40%;13,40%;13,40%;13,30%;13,30%;13,30%;13,30%;13,30%;13,20%;13,20%;13,40%;13,40%;13,40%;13,40%;13,40%;13,30%;13,30%;13,30%;13,30%;13,30%;13,20%;13,20%;13,20%;13,20%;13,20%;13,20%;13,10%;13,10%;13,10%;13,10%;13,10%;13,00%;13,00%;13,00%;13,00%;13,00%;13,00%;13,00%;13,00%;13,00%;13,00%;13,00%;13,00%;13,00%;13,00%;13,00%;13,00%;13,00%;13,00%;13,00%;13,00%;13,10%;13,10%;13,10%;13,10%;13,10%;13,10%;13,10%;13,10%;13,20%;13,20%;13,20%;13,20%;13,20%;13,20%;13,30%;13,30%;13,30%;13,30%;13,30%;13,30%;13,30%;13,40%;13,40%;13,40%;13,40%;13,40%;13,40%;13,40%;13,40%;13,40%;13,50%;13,50%;13,50%;13,50%;13,50%;13,50%;13,50%;13,50%;13,50%;13,50%;13,50%;13,50%;13,50%;13,50%;13,50%;13,50%;13,40%;13,40%;13,40%;13,40%;13,40%;13,30%;13,30%;13,30%;13,30%;13,20%;13,20%;13,20%;13,20%;13,20%;13,10%;13,10%;13,10%;13,10%;13,00%;13,00%;13,00%;13,00%;12,90%;12,90%;12,90%;12,80%;12,80%;12,80%;12,70%;12,70%;12,70%;12,60%;12,60%;12,60%;12,50%;12,50%;12,50%;12,40%;12,40%;12,40%;12,30%;12,30%;12,30%;12,20%;12,20%;12,10%
522155;TURVELANDIA;22,30%;22,30%;22,20%;22,20%;22,20%;22,20%;22,20%;22,20%;22,10%;22,10%;22,10%;22,10%;22,10%;22,00%;22,00%;22,00%;22,00%;21,90%;21,90%;21,90%;21,90%;21,80%;21,80%;21,80%;21,80%;21,70%;21,70%;21,70%;21,60%;21,60%;21,60%;21,60%;21,50%;21,50%;21,50%;21,40%;21,40%;21,40%;21,30%;21,30%;21,30%;21,20%;21,20%;21,20%;21,10%;21,10%;21,10%;21,00%;21,00%;21,00%;20,90%;20,90%;20,90%;20,80%;20,80%;20,80%;20,70%;20,70%;20,70%;20,70%;20,60%;20,30%;20,30%;20,20%;20,20%;20,20%;20,10%;20,10%;20,10%;20,10%;20,00%;20,00%;20,30%;20,30%;20,30%;20,20%;20,20%;20,20%;20,10%;20,10%;20,10%;20,00%;20,00%;20,00%;20,00%;19,90%;19,90%;19,90%;19,80%;19,80%;19,80%;19,80%;19,70%;19,70%;19,70%;19,60%;19,60%;19,60%;19,60%;19,50%;19,50%;19,50%;19,50%;19,40%;19,40%;19,40%;19,40%;19,30%;19,30%;19,30%;19,30%;19,20%;19,20%;19,20%;19,20%;19,20%;19,10%;19,10%;19,10%;19,10%;19,00%;19,00%;19,00%;19,00%;18,90%;18,90%;18,90%;18,80%;18,80%;18,80%;18,80%;18,70%;18,70%;18,70%;18,70%;18,60%;18,60%;18,60%;18,60%;18,50%;18,50%;18,50%;18,40%;18,40%;18,40%;18,40%;18,30%;18,30%;18,30%;18,30%;18,20%;18,20%;18,20%;18,20%;18,10%;18,10%;18,10%;18,10%;18,10%;18,00%;18,00%;18,00%;18,00%;18,00%;17,90%;17,90%;17,90%;17,90%;17,90%;17,80%;17,80%;17,80%;17,70%;17,70%;17,70%;17,60%;17,60%;17,60%;17,50%;17,50%;17,50%;17,40%;17,40%;17,40%;17,40%;17,30%;17,30%;17,30%;17,30%;17,20%;17,20%;17,20%;17,20%;17,10%;17,10%;17,10%;17,10%;17,10%;17,00%;17,00%;17,00%;17,00%;16,90%;16,90%;16,90%
522157;UIRAPURU;20,40%;20,30%;20,20%;20,20%;20,10%;20,00%;20,00%;19,90%;19,80%;19,80%;19,70%;19,60%;19,60%;19,50%;19,40%;19,30%;19,20%;19,20%;19,10%;19,00%;18,90%;18,80%;18,80%;18,70%;18,60%;18,50%;18,50%;18,40%;18,30%;18,30%;18,20%;18,10%;18,10%;18,00%;17,90%;17,80%;17,80%;17,70%;17,60%;17,60%;17,50%;17,50%;17,40%;17,30%;17,30%;17,20%;17,10%;17,10%;17,00%;17,00%;16,90%;16,90%;16,80%;16,80%;16,70%;16,70%;16,60%;16,60%;16,50%;16,50%;16,50%;15,90%;15,80%;15,80%;15,80%;15,70%;15,70%;15,60%;15,60%;15,50%;15,50%;15,50%;15,90%;15,90%;15,80%;15,80%;15,80%;15,70%;15,70%;15,60%;15,60%;15,50%;15,50%;15,50%;15,40%;15,40%;15,40%;15,30%;15,30%;15,20%;15,20%;15,20%;15,10%;15,10%;15,10%;15,00%;15,00%;15,00%;15,00%;14,90%;14,90%;14,90%;14,90%;14,90%;14,90%;14,80%;14,80%;14,80%;14,80%;14,80%;14,80%;14,70%;14,70%;14,70%;14,70%;14,70%;14,70%;14,60%;14,60%;14,60%;14,60%;14,60%;14,60%;14,50%;14,50%;14,50%;14,50%;14,50%;14,50%;14,40%;14,40%;14,40%;14,40%;14,40%;14,40%;14,40%;14,40%;14,40%;14,30%;14,30%;14,30%;14,30%;14,30%;14,30%;14,30%;14,30%;14,20%;14,20%;14,20%;14,20%;14,20%;14,20%;14,10%;14,10%;14,10%;14,10%;14,10%;14,00%;14,00%;14,00%;14,00%;13,90%;13,90%;13,90%;13,80%;13,80%;13,80%;13,70%;13,70%;13,70%;13,60%;13,60%;13,50%;13,50%;13,50%;13,40%;13,40%;13,40%;13,30%;13,30%;13,20%;13,20%;13,20%;13,10%;13,10%;13,10%;13,00%;13,00%;13,00%;12,90%;12,90%;12,90%;12,80%;12,80%;12,80%;12,70%;12,70%;12,70%;12,60%;12,60%;12,60%;12,50%;12,50%;12,40%;12,40%
522160;URUACU;19,30%;19,30%;19,20%;19,20%;19,10%;19,10%;19,10%;19,00%;19,00%;19,00%;18,90%;18,90%;18,80%;18,80%;18,80%;18,70%;18,70%;18,70%;18,60%;18,60%;18,50%;18,50%;18,50%;18,40%;18,40%;18,40%;18,30%;18,30%;18,30%;18,20%;18,20%;18,20%;18,10%;18,10%;18,00%;18,00%;18,00%;17,90%;17,90%;17,90%;17,90%;17,80%;17,80%;17,80%;17,70%;17,70%;17,70%;17,60%;17,60%;17,60%;17,60%;17,50%;17,50%;17,50%;17,50%;17,40%;17,40%;17,40%;17,40%;17,30%;17,30%;17,10%;17,10%;17,00%;17,00%;17,00%;17,00%;17,00%;17,00%;16,90%;16,90%;16,90%;17,10%;17,10%;17,10%;17,00%;17,00%;17,00%;17,00%;17,00%;17,00%;16,90%;16,90%;16,90%;16,90%;16,90%;16,80%;16,80%;16,80%;16,80%;16,80%;16,80%;16,70%;16,70%;16,70%;16,70%;16,70%;16,70%;16,60%;16,60%;16,60%;16,60%;16,60%;16,60%;16,50%;16,50%;16,50%;16,50%;16,50%;16,50%;16,50%;16,40%;16,40%;16,40%;16,40%;16,40%;16,40%;16,40%;16,40%;16,30%;16,30%;16,30%;16,30%;16,30%;16,30%;16,30%;16,30%;16,20%;16,20%;16,20%;16,20%;16,20%;16,20%;16,20%;16,20%;16,10%;16,10%;16,10%;16,10%;16,10%;16,10%;16,10%;16,10%;16,00%;16,00%;16,00%;16,00%;16,00%;16,00%;16,00%;15,90%;15,90%;15,90%;15,90%;15,90%;15,90%;15,90%;15,80%;15,80%;15,80%;15,80%;15,80%;15,70%;15,70%;15,70%;15,70%;15,70%;15,70%;15,60%;15,60%;15,60%;15,60%;15,60%;15,50%;15,50%;15,50%;15,50%;15,40%;15,40%;15,40%;15,40%;15,40%;15,30%;15,30%;15,30%;15,30%;15,20%;15,20%;15,20%;15,20%;15,10%;15,10%;15,10%;15,10%;15,00%;15,00%;15,00%;15,00%;14,90%;14,90%;14,90%;14,90%;14,80%;14,80%;14,80%
522170;URUANA;17,20%;17,20%;17,10%;17,10%;17,00%;17,00%;16,90%;16,90%;16,90%;16,80%;16,80%;16,70%;16,70%;16,60%;16,60%;16,60%;16,50%;16,50%;16,40%;16,40%;16,30%;16,30%;16,20%;16,20%;16,20%;16,10%;16,10%;16,00%;16,00%;15,90%;15,90%;15,90%;15,80%;15,80%;15,70%;15,70%;15,60%;15,60%;15,60%;15,50%;15,50%;15,50%;15,40%;15,40%;15,30%;15,30%;15,30%;15,20%;15,20%;15,20%;15,10%;15,10%;15,10%;15,00%;15,00%;15,00%;14,90%;14,90%;14,90%;14,80%;14,80%;14,50%;14,50%;14,40%;14,40%;14,40%;14,40%;14,30%;14,30%;14,30%;14,30%;14,20%;14,50%;14,50%;14,50%;14,40%;14,40%;14,40%;14,40%;14,30%;14,30%;14,30%;14,30%;14,20%;14,20%;14,20%;14,20%;14,20%;14,10%;14,10%;14,10%;14,10%;14,10%;14,00%;14,00%;14,00%;14,00%;14,00%;13,90%;13,90%;13,90%;13,90%;13,90%;13,90%;13,80%;13,80%;13,80%;13,80%;13,80%;13,80%;13,80%;13,70%;13,70%;13,70%;13,70%;13,70%;13,70%;13,70%;13,70%;13,70%;13,70%;13,70%;13,70%;13,60%;13,60%;13,60%;13,60%;13,60%;13,60%;13,60%;13,60%;13,60%;13,60%;13,60%;13,60%;13,60%;13,60%;13,60%;13,60%;13,50%;13,50%;13,50%;13,50%;13,50%;13,50%;13,50%;13,50%;13,50%;13,50%;13,50%;13,50%;13,50%;13,50%;13,40%;13,40%;13,40%;13,40%;13,40%;13,40%;13,40%;13,40%;13,30%;13,30%;13,30%;13,30%;13,30%;13,30%;13,30%;13,20%;13,20%;13,20%;13,20%;13,20%;13,10%;13,10%;13,10%;13,10%;13,10%;13,00%;13,00%;13,00%;13,00%;13,00%;12,90%;12,90%;12,90%;12,90%;12,90%;12,80%;12,80%;12,80%;12,80%;12,80%;12,70%;12,70%;12,70%;12,70%;12,60%;12,60%;12,60%;12,60%;12,60%;12,50%;12,50%;12,50%
522180;URUTAI;17,50%;17,50%;17,50%;17,40%;17,40%;17,30%;17,30%;17,30%;17,20%;17,20%;17,10%;17,10%;17,10%;17,00%;17,00%;16,90%;16,90%;16,90%;16,80%;16,80%;16,70%;16,70%;16,70%;16,60%;16,60%;16,50%;16,50%;16,50%;16,40%;16,40%;16,30%;16,30%;16,20%;16,20%;16,10%;16,10%;16,10%;16,00%;16,00%;15,90%;15,90%;15,80%;15,80%;15,80%;15,70%;15,70%;15,60%;15,60%;15,60%;15,50%;15,50%;15,50%;15,40%;15,40%;15,40%;15,30%;15,30%;15,30%;15,20%;15,20%;15,20%;14,80%;14,80%;14,80%;14,70%;14,70%;14,70%;14,70%;14,60%;14,60%;14,60%;14,60%;14,80%;14,80%;14,80%;14,80%;14,70%;14,70%;14,70%;14,70%;14,60%;14,60%;14,60%;14,60%;14,60%;14,50%;14,50%;14,50%;14,50%;14,50%;14,50%;14,50%;14,50%;14,40%;14,40%;14,40%;14,40%;14,40%;14,40%;14,40%;14,40%;14,40%;14,40%;14,40%;14,40%;14,40%;14,40%;14,30%;14,30%;14,30%;14,30%;14,40%;14,40%;14,40%;14,40%;14,40%;14,40%;14,40%;14,40%;14,40%;14,40%;14,40%;14,40%;14,40%;14,40%;14,40%;14,40%;14,40%;14,40%;14,40%;14,40%;14,40%;14,40%;14,40%;14,50%;14,50%;14,50%;14,50%;14,50%;14,50%;14,50%;14,50%;14,50%;14,50%;14,50%;14,60%;14,60%;14,60%;14,60%;14,60%;14,60%;14,60%;14,60%;14,60%;14,70%;14,70%;14,70%;14,70%;14,70%;14,70%;14,70%;14,70%;14,70%;14,70%;14,70%;14,70%;14,70%;14,70%;14,70%;14,60%;14,60%;14,60%;14,60%;14,60%;14,60%;14,60%;14,60%;14,50%;14,50%;14,50%;14,50%;14,50%;14,50%;14,50%;14,50%;14,50%;14,50%;14,50%;14,50%;14,50%;14,50%;14,50%;14,50%;14,50%;14,50%;14,50%;14,50%;14,50%;14,50%;14,50%;14,50%;14,50%;14,50%;14,50%;14,50%
522185;VALPARAISO DE GOIAS;23,40%;23,40%;23,30%;23,30%;23,20%;23,20%;23,10%;23,10%;23,00%;23,00%;22,90%;22,90%;22,80%;22,80%;22,80%;22,70%;22,70%;22,70%;22,60%;22,60%;22,60%;22,50%;22,50%;22,50%;22,40%;22,40%;22,40%;22,30%;22,30%;22,30%;22,30%;22,20%;22,20%;22,20%;22,20%;22,10%;22,10%;22,10%;22,10%;22,00%;22,00%;22,00%;21,90%;21,90%;21,90%;21,90%;21,80%;21,80%;21,80%;21,80%;21,80%;21,70%;21,70%;21,70%;21,70%;21,60%;21,60%;21,60%;21,60%;21,50%;21,50%;21,30%;21,30%;21,20%;21,20%;21,20%;21,20%;21,20%;21,10%;21,10%;21,10%;21,10%;21,30%;21,30%;21,30%;21,20%;21,20%;21,20%;21,20%;21,20%;21,10%;21,10%;21,10%;21,10%;21,10%;21,00%;21,00%;21,00%;20,90%;20,90%;20,90%;20,90%;20,80%;20,80%;20,80%;20,80%;20,70%;20,70%;20,70%;20,60%;20,60%;20,60%;20,50%;20,50%;20,50%;20,40%;20,40%;20,40%;20,40%;20,30%;20,30%;20,30%;20,20%;20,20%;20,20%;20,10%;20,10%;20,10%;20,00%;20,00%;20,00%;19,90%;19,90%;19,80%;19,80%;19,80%;19,70%;19,70%;19,70%;19,60%;19,60%;19,50%;19,50%;19,50%;19,40%;19,40%;19,40%;19,30%;19,30%;19,30%;19,20%;19,20%;19,20%;19,10%;19,10%;19,10%;19,00%;19,00%;19,00%;19,00%;18,90%;18,90%;18,90%;18,90%;18,80%;18,80%;18,80%;18,80%;18,70%;18,70%;18,70%;18,70%;18,70%;18,60%;18,60%;18,60%;18,60%;18,60%;18,50%;18,50%;18,50%;18,50%;18,50%;18,50%;18,50%;18,40%;18,40%;18,40%;18,40%;18,40%;18,40%;18,40%;18,40%;18,30%;18,30%;18,30%;18,30%;18,30%;18,30%;18,30%;18,20%;18,20%;18,20%;18,20%;18,20%;18,20%;18,20%;18,10%;18,10%;18,10%;18,10%;18,10%;18,10%;18,10%;18,00%
522190;VARJAO;17,40%;17,40%;17,30%;17,30%;17,30%;17,20%;17,20%;17,10%;17,10%;17,00%;17,00%;16,90%;16,90%;16,80%;16,80%;16,70%;16,70%;16,60%;16,50%;16,50%;16,40%;16,40%;16,30%;16,30%;16,20%;16,20%;16,10%;16,10%;16,00%;16,00%;15,90%;15,90%;15,80%;15,80%;15,70%;15,70%;15,60%;15,60%;15,50%;15,50%;15,50%;15,40%;15,40%;15,40%;15,30%;15,30%;15,20%;15,20%;15,20%;15,10%;15,10%;15,10%;15,10%;15,10%;15,00%;15,00%;15,00%;15,00%;14,90%;14,90%;14,90%;14,50%;14,50%;14,40%;14,40%;14,40%;14,30%;14,30%;14,30%;14,20%;14,20%;14,20%;14,50%;14,50%;14,50%;14,40%;14,40%;14,40%;14,30%;14,30%;14,30%;14,30%;14,20%;14,20%;14,20%;14,20%;14,10%;14,10%;14,10%;14,10%;14,10%;14,10%;14,10%;14,10%;14,10%;14,00%;14,00%;14,00%;14,00%;14,00%;14,00%;14,00%;13,90%;13,90%;13,90%;13,90%;13,90%;13,90%;13,90%;13,90%;13,90%;13,90%;13,90%;13,90%;13,90%;13,90%;13,90%;13,90%;13,90%;13,90%;13,90%;13,90%;13,90%;13,80%;13,80%;13,80%;13,80%;13,80%;13,80%;13,80%;13,80%;13,80%;13,80%;13,70%;13,70%;13,70%;13,70%;13,70%;13,70%;13,70%;13,70%;13,70%;13,70%;13,70%;13,70%;13,70%;13,70%;13,70%;13,70%;13,70%;13,60%;13,60%;13,60%;13,60%;13,60%;13,60%;13,60%;13,50%;13,50%;13,50%;13,40%;13,40%;13,40%;13,30%;13,30%;13,30%;13,30%;13,20%;13,20%;13,20%;13,10%;13,10%;13,00%;13,00%;13,00%;12,90%;12,90%;12,80%;12,80%;12,80%;12,70%;12,70%;12,60%;12,60%;12,60%;12,50%;12,50%;12,50%;12,40%;12,40%;12,40%;12,30%;12,30%;12,20%;12,20%;12,20%;12,10%;12,10%;12,10%;12,00%;12,00%;12,00%;11,90%;11,90%;11,90%
522200;VIANOPOLIS;19,60%;19,50%;19,50%;19,40%;19,40%;19,30%;19,30%;19,20%;19,20%;19,10%;19,10%;19,00%;19,00%;18,90%;18,90%;18,80%;18,80%;18,70%;18,70%;18,60%;18,60%;18,50%;18,50%;18,40%;18,40%;18,40%;18,30%;18,30%;18,20%;18,20%;18,10%;18,10%;18,10%;18,00%;18,00%;17,90%;17,90%;17,90%;17,80%;17,80%;17,70%;17,70%;17,70%;17,60%;17,60%;17,50%;17,50%;17,50%;17,40%;17,40%;17,40%;17,30%;17,30%;17,30%;17,20%;17,20%;17,20%;17,10%;17,10%;17,10%;17,00%;16,80%;16,70%;16,70%;16,70%;16,70%;16,60%;16,60%;16,60%;16,60%;16,60%;16,50%;16,80%;16,80%;16,70%;16,70%;16,70%;16,70%;16,60%;16,60%;16,60%;16,60%;16,60%;16,50%;16,50%;16,50%;16,50%;16,50%;16,40%;16,40%;16,40%;16,40%;16,40%;16,40%;16,40%;16,30%;16,30%;16,30%;16,30%;16,30%;16,30%;16,30%;16,30%;16,30%;16,30%;16,30%;16,30%;16,30%;16,20%;16,20%;16,20%;16,20%;16,20%;16,20%;16,20%;16,20%;16,20%;16,20%;16,20%;16,20%;16,20%;16,20%;16,20%;16,20%;16,20%;16,20%;16,20%;16,30%;16,30%;16,30%;16,30%;16,30%;16,30%;16,30%;16,30%;16,30%;16,30%;16,30%;16,30%;16,30%;16,30%;16,30%;16,30%;16,30%;16,30%;16,30%;16,30%;16,30%;16,30%;16,30%;16,30%;16,30%;16,30%;16,30%;16,30%;16,30%;16,30%;16,30%;16,30%;16,30%;16,30%;16,30%;16,30%;16,30%;16,20%;16,20%;16,20%;16,20%;16,20%;16,20%;16,20%;16,20%;16,20%;16,20%;16,20%;16,10%;16,10%;16,10%;16,10%;16,10%;16,10%;16,10%;16,00%;16,00%;16,00%;16,00%;16,00%;16,00%;16,00%;16,00%;15,90%;15,90%;15,90%;15,90%;15,90%;15,90%;15,90%;15,80%;15,80%;15,80%;15,80%;15,80%;15,80%;15,80%;15,70%
522205;VICENTINOPOLIS;20,10%;20,10%;20,10%;20,00%;20,00%;20,00%;19,90%;19,90%;19,90%;19,90%;19,80%;19,80%;19,80%;19,70%;19,70%;19,70%;19,70%;19,60%;19,60%;19,60%;19,50%;19,50%;19,50%;19,50%;19,40%;19,40%;19,40%;19,40%;19,30%;19,30%;19,30%;19,20%;19,20%;19,20%;19,10%;19,10%;19,10%;19,10%;19,00%;19,00%;19,00%;18,90%;18,90%;18,90%;18,90%;18,80%;18,80%;18,80%;18,70%;18,70%;18,70%;18,70%;18,60%;18,60%;18,60%;18,60%;18,50%;18,50%;18,50%;18,50%;18,40%;18,20%;18,20%;18,10%;18,10%;18,10%;18,10%;18,00%;18,00%;18,00%;18,00%;18,00%;18,20%;18,20%;18,10%;18,10%;18,10%;18,10%;18,10%;18,00%;18,00%;18,00%;18,00%;18,00%;17,90%;17,90%;17,90%;17,90%;17,90%;17,80%;17,80%;17,80%;17,80%;17,80%;17,70%;17,70%;17,70%;17,70%;17,70%;17,60%;17,60%;17,60%;17,60%;17,50%;17,50%;17,50%;17,50%;17,50%;17,40%;17,40%;17,40%;17,40%;17,40%;17,40%;17,40%;17,40%;17,40%;17,30%;17,30%;17,30%;17,30%;17,30%;17,30%;17,30%;17,20%;17,20%;17,20%;17,20%;17,20%;17,20%;17,10%;17,10%;17,10%;17,10%;17,10%;17,10%;17,10%;17,10%;17,00%;17,00%;17,00%;17,00%;17,00%;17,00%;17,00%;17,00%;16,90%;16,90%;16,90%;16,90%;16,90%;16,90%;16,90%;16,90%;16,90%;16,90%;16,90%;16,90%;16,90%;16,80%;16,80%;16,80%;16,80%;16,80%;16,80%;16,80%;16,80%;16,80%;16,80%;16,80%;16,80%;16,70%;16,70%;16,70%;16,70%;16,70%;16,70%;16,70%;16,70%;16,70%;16,60%;16,60%;16,60%;16,60%;16,60%;16,60%;16,60%;16,60%;16,60%;16,60%;16,60%;16,60%;16,60%;16,60%;16,60%;16,60%;16,60%;16,60%;16,60%;16,60%;16,60%;16,50%;16,50%;16,50%;16,50%
522220;VILA BOA;25,10%;25,10%;25,00%;24,90%;24,90%;24,80%;24,80%;24,70%;24,60%;24,60%;24,50%;24,40%;24,40%;24,30%;24,30%;24,30%;24,20%;24,20%;24,10%;24,10%;24,00%;24,00%;24,00%;23,90%;23,90%;23,80%;23,80%;23,70%;23,70%;23,60%;23,60%;23,50%;23,50%;23,50%;23,40%;23,40%;23,30%;23,30%;23,20%;23,20%;23,20%;23,10%;23,10%;23,10%;23,00%;23,00%;22,90%;22,90%;22,90%;22,80%;22,80%;22,70%;22,70%;22,70%;22,60%;22,60%;22,60%;22,50%;22,50%;22,50%;22,40%;22,20%;22,10%;22,10%;22,10%;22,00%;22,00%;22,00%;22,00%;21,90%;21,90%;21,90%;22,20%;22,20%;22,10%;22,10%;22,10%;22,00%;22,00%;22,00%;22,00%;21,90%;21,90%;21,90%;21,80%;21,80%;21,80%;21,70%;21,70%;21,70%;21,60%;21,60%;21,50%;21,50%;21,50%;21,40%;21,40%;21,40%;21,30%;21,30%;21,30%;21,20%;21,20%;21,20%;21,10%;21,10%;21,10%;21,00%;21,00%;21,00%;20,90%;20,90%;20,90%;20,80%;20,80%;20,70%;20,70%;20,70%;20,60%;20,60%;20,60%;20,50%;20,50%;20,50%;20,40%;20,40%;20,40%;20,40%;20,30%;20,30%;20,30%;20,20%;20,20%;20,20%;20,20%;20,10%;20,10%;20,10%;20,00%;20,00%;20,00%;19,90%;19,90%;19,90%;19,90%;19,80%;19,80%;19,70%;19,70%;19,60%;19,60%;19,60%;19,50%;19,50%;19,40%;19,40%;19,30%;19,30%;19,30%;19,20%;19,20%;19,10%;19,10%;19,00%;19,00%;19,00%;18,90%;18,90%;18,80%;18,80%;18,70%;18,70%;18,60%;18,60%;18,50%;18,50%;18,40%;18,40%;18,30%;18,30%;18,20%;18,20%;18,20%;18,10%;18,10%;18,00%;18,00%;18,00%;17,90%;17,90%;17,80%;17,80%;17,80%;17,70%;17,70%;17,60%;17,60%;17,60%;17,50%;17,50%;17,40%;17,40%;17,40%;17,30%;17,30%
522230;VILA PROPICIO;21,90%;21,90%;21,80%;21,70%;21,70%;21,60%;21,60%;21,50%;21,40%;21,40%;21,30%;21,30%;21,20%;21,10%;21,10%;21,00%;20,90%;20,90%;20,80%;20,70%;20,70%;20,60%;20,50%;20,50%;20,40%;20,30%;20,30%;20,20%;20,20%;20,10%;20,00%;20,00%;19,90%;19,90%;19,80%;19,80%;19,70%;19,60%;19,60%;19,50%;19,50%;19,40%;19,40%;19,30%;19,30%;19,20%;19,20%;19,10%;19,00%;19,00%;19,00%;18,90%;18,90%;18,80%;18,80%;18,70%;18,70%;18,70%;18,60%;18,60%;18,50%;18,10%;18,00%;18,00%;18,00%;17,90%;17,90%;17,90%;17,80%;17,80%;17,80%;17,70%;18,10%;18,10%;18,00%;18,00%;18,00%;17,90%;17,90%;17,90%;17,80%;17,80%;17,80%;17,70%;17,70%;17,70%;17,60%;17,60%;17,60%;17,50%;17,50%;17,50%;17,40%;17,40%;17,30%;17,30%;17,30%;17,30%;17,20%;17,20%;17,20%;17,20%;17,20%;17,10%;17,10%;17,10%;17,10%;17,10%;17,10%;17,00%;17,00%;17,00%;17,00%;17,00%;17,00%;17,00%;17,00%;17,00%;17,00%;17,00%;17,00%;17,00%;16,90%;16,90%;16,90%;16,90%;16,90%;16,90%;16,90%;16,90%;16,80%;16,80%;16,80%;16,80%;16,80%;16,80%;16,80%;16,80%;16,80%;16,80%;16,70%;16,70%;16,70%;16,70%;16,70%;16,70%;16,70%;16,70%;16,70%;16,70%;16,70%;16,60%;16,60%;16,60%;16,60%;16,60%;16,60%;16,60%;16,60%;16,60%;16,50%;16,50%;16,50%;16,50%;16,50%;16,50%;16,40%;16,40%;16,40%;16,40%;16,40%;16,30%;16,30%;16,30%;16,30%;16,20%;16,20%;16,20%;16,20%;16,20%;16,10%;16,10%;16,10%;16,10%;16,00%;16,00%;16,00%;16,00%;15,90%;15,90%;15,90%;15,90%;15,80%;15,80%;15,80%;15,80%;15,70%;15,70%;15,70%;15,70%;15,60%;15,60%;15,60%;15,60%;15,50%
