cod_mun;Município;jul/09;ago/09;set/09;out/09;nov/09;dez/09;jan/10;fev/10;mar/10;abr/10;mai/10;jun/10;jul/10;ago/10;set/10;out/10;nov/10;dez/10;jan/11;fev/11;mar/11;abr/11;mai/11;jun/11;jul/11;ago/11;set/11;out/11;nov/11;dez/11;jan/12;fev/12;mar/12;abr/12;mai/12;jun/12;jul/12;ago/12;set/12;out/12;nov/12;dez/12;jan/13;fev/13;mar/13;abr/13;mai/13;jun/13;jul/13;ago/13;set/13;out/13;nov/13;dez/13;jan/14;fev/14;mar/14;abr/14;mai/14;jun/14;jul/14;ago/14;set/14;out/14;nov/14;dez/14;jan/15;fev/15;mar/15;abr/15;mai/15;jun/15;jul/15;ago/15;set/15;out/15;nov/15;dez/15;jan/16;fev/16;mar/16;abr/16;mai/16;jun/16;jul/16;ago/16;set/16;out/16;nov/16;dez/16;jan/17;fev/17;mar/17;abr/17;mai/17;jun/17;jul/17;ago/17;set/17;out/17;nov/17;dez/17;jan/18;fev/18;mar/18;abr/18;mai/18;jun/18;jul/18;ago/18;set/18;out/18;nov/18;dez/18;jan/19;fev/19;mar/19;abr/19;mai/19;jun/19;jul/19;ago/19;set/19;out/19;nov/19;dez/19;jan/20;fev/20;mar/20;abr/20;mai/20;jun/20;jul/20;ago/20;set/20;out/20;nov/20;dez/20;jan/21;fev/21;mar/21;abr/21;mai/21;jun/21;jul/21;ago/21;set/21;out/21;nov/21;dez/21;jan/22;fev/22;mar/22;abr/22;mai/22;jun/22;jul/22;ago/22;set/22;out/22;nov/22;dez/22;jan/23;fev/23;mar/23;abr/23;mai/23;jun/23;jul/23;ago/23;set/23;out/23;nov/23;dez/23;jan/24;fev/24;mar/24;abr/24;mai/24;jun/24;jul/24;ago/24;set/24;out/24;nov/24;dez/24;jan/25;fev/25;mar/25;abr/25;mai/25;jun/25;jul/25;ago/25;set/25;out/25;nov/25;dez/25;jan/26;fev/26;mar/26;abr/26;mai/26;jun/26;jul/26
520005;ABADIA DE GOIAS;6792;6812;6832;6852;6871;6891;6911;6931;6951;6971;6990;7010;7030;7058;7086;7115;7143;7171;7199;7227;7255;7284;7312;7340;7368;7408;7449;7489;7530;7570;7611;7651;7691;7732;7772;7813;7853;7909;7965;8021;8077;8133;8190;8246;8302;8358;8414;8470;8526;8596;8665;8735;8805;8874;8944;9014;9083;9153;9223;9292;9362;10389;10475;10561;10647;10733;10819;10905;10990;11076;11162;11248;10310;10396;10482;10568;10654;10740;10826;10911;10997;11083;11169;11255;11341;11432;11523;11614;11705;11796;11887;11978;12069;12160;12251;12342;12433;12531;12629;12726;12824;12922;13020;13117;13215;13313;13411;13508;13606;13711;13815;13920;14025;14129;14234;14339;14443;14548;14653;14757;14862;14975;15088;15201;15314;15427;15540;15653;15766;15879;15992;16105;16218;16332;16445;16559;16673;16786;16900;17014;17127;17241;17355;17468;17582;17690;17797;17905;18013;18120;18228;18336;18443;18551;18659;18766;18874;18971;19067;19164;19261;19357;19454;19551;19647;19744;19841;19937;20034;20128;20223;20317;20411;20505;20600;20694;20788;20882;20977;21071;21165;21239;21313;21387;21461;21535;21609;21682;21756;21830;21904;21978;22052;22126;22200;22274;22348;22422;22496;22569;22643;22717;22791;22865;22939
520010;ABADIANIA;15700;15725;15750;15775;15800;15825;15850;15874;15899;15924;15949;15974;15999;16013;16028;16042;16056;16071;16085;16099;16114;16128;16142;16157;16171;16182;16193;16204;16215;16226;16237;16247;16258;16269;16280;16291;16302;16311;16320;16329;16338;16347;16356;16364;16373;16382;16391;16400;16409;16420;16430;16441;16452;16462;16473;16484;16494;16505;16516;16526;16537;16675;16684;16694;16704;16714;16723;16733;16743;16753;16762;16772;16664;16674;16684;16693;16703;16713;16723;16732;16742;16752;16762;16771;16781;16792;16803;16813;16824;16835;16846;16856;16867;16878;16889;16899;16910;16920;16931;16941;16951;16961;16972;16982;16992;17002;17013;17023;17033;17046;17059;17071;17084;17097;17110;17122;17135;17148;17161;17173;17186;17198;17209;17221;17232;17244;17256;17267;17279;17290;17302;17313;17325;17335;17344;17354;17363;17373;17383;17392;17402;17411;17421;17430;17440;17446;17452;17458;17464;17470;17476;17482;17488;17494;17500;17506;17512;17517;17522;17528;17533;17538;17543;17548;17553;17559;17564;17569;17574;17579;17585;17590;17595;17601;17606;17611;17617;17622;17627;17633;17638;17646;17655;17663;17671;17680;17688;17696;17705;17713;17721;17730;17738;17746;17755;17763;17771;17780;17788;17796;17805;17813;17821;17830;17838
520013;ACREUNA;20608;20618;20627;20637;20646;20656;20665;20675;20684;20694;20703;20713;20722;20731;20740;20749;20758;20767;20776;20784;20793;20802;20811;20820;20829;20838;20847;20856;20865;20874;20883;20892;20901;20910;20919;20928;20937;20949;20961;20973;20985;20997;21010;21022;21034;21046;21058;21070;21082;21092;21103;21113;21124;21134;21145;21155;21165;21176;21186;21197;21207;21350;21360;21369;21379;21388;21398;21408;21417;21427;21436;21446;21339;21349;21358;21368;21377;21387;21397;21406;21416;21425;21435;21444;21454;21462;21469;21477;21485;21492;21500;21508;21515;21523;21531;21538;21546;21554;21562;21570;21577;21585;21593;21601;21609;21617;21624;21632;21640;21648;21657;21665;21674;21682;21691;21699;21707;21716;21724;21733;21741;21749;21757;21766;21774;21782;21790;21798;21806;21815;21823;21831;21839;21843;21847;21852;21856;21860;21864;21868;21872;21877;21881;21885;21889;21891;21894;21896;21899;21901;21904;21906;21908;21911;21913;21916;21918;21920;21923;21925;21928;21930;21933;21935;21937;21940;21942;21945;21947;21951;21955;21959;21963;21967;21971;21975;21979;21983;21987;21991;21995;22002;22009;22016;22023;22030;22037;22044;22051;22058;22065;22072;22079;22086;22093;22100;22107;22114;22121;22128;22135;22142;22149;22156;22163
520015;ADELANDIA;2535;2533;2532;2530;2529;2527;2526;2524;2522;2521;2519;2518;2516;2516;2515;2515;2514;2514;2513;2513;2512;2512;2511;2511;2510;2509;2508;2507;2505;2504;2503;2502;2501;2500;2498;2497;2496;2495;2494;2493;2492;2491;2491;2490;2489;2488;2487;2486;2485;2483;2482;2480;2479;2477;2476;2474;2472;2471;2469;2468;2466;2452;2451;2450;2449;2448;2447;2446;2445;2444;2443;2442;2453;2452;2451;2450;2449;2448;2447;2446;2445;2444;2443;2442;2441;2439;2438;2436;2434;2433;2431;2429;2428;2426;2424;2423;2421;2419;2418;2416;2414;2413;2411;2409;2408;2406;2404;2403;2401;2400;2399;2397;2396;2395;2394;2392;2391;2390;2389;2387;2386;2385;2384;2382;2381;2380;2379;2377;2376;2375;2374;2372;2371;2369;2367;2366;2364;2362;2360;2358;2356;2355;2353;2351;2349;2347;2346;2344;2342;2340;2339;2337;2335;2333;2332;2330;2328;2325;2321;2318;2314;2311;2308;2304;2301;2297;2294;2290;2287;2288;2289;2290;2290;2291;2292;2293;2294;2295;2295;2296;2297;2296;2295;2293;2292;2291;2290;2288;2287;2286;2285;2283;2282;2281;2280;2278;2277;2276;2275;2273;2272;2271;2270;2268;2267
520017;AGUA FRIA DE GOIAS;5150;5152;5155;5157;5159;5161;5164;5166;5168;5170;5173;5175;5177;5178;5180;5181;5182;5183;5185;5186;5187;5188;5190;5191;5192;5193;5194;5195;5196;5197;5198;5198;5199;5200;5201;5202;5203;5203;5202;5202;5201;5201;5200;5200;5199;5199;5198;5198;5197;5196;5196;5195;5194;5193;5193;5192;5191;5190;5190;5189;5188;5184;5183;5182;5181;5180;5179;5178;5177;5176;5175;5174;5184;5183;5182;5181;5180;5179;5178;5177;5176;5175;5174;5173;5172;5170;5169;5167;5165;5164;5162;5160;5159;5157;5155;5154;5152;5150;5149;5147;5146;5144;5143;5141;5139;5138;5136;5135;5133;5131;5128;5126;5124;5121;5119;5117;5114;5112;5110;5107;5105;5104;5103;5102;5101;5100;5099;5097;5096;5095;5094;5093;5092;5089;5086;5083;5080;5077;5075;5072;5069;5066;5063;5060;5057;5054;5051;5049;5046;5043;5040;5037;5034;5032;5029;5026;5023;5020;5018;5015;5012;5009;5007;5004;5001;4998;4996;4993;4990;4990;4990;4990;4990;4990;4991;4991;4991;4991;4991;4991;4991;4990;4989;4988;4987;4986;4985;4984;4983;4982;4981;4980;4979;4978;4977;4976;4975;4974;4973;4972;4971;4970;4969;4968;4967
520020;AGUA LIMPA;2063;2062;2060;2059;2058;2056;2055;2054;2052;2051;2050;2048;2047;2046;2044;2043;2042;2040;2039;2038;2036;2035;2034;2032;2031;2031;2030;2030;2029;2029;2028;2028;2027;2027;2026;2026;2025;2024;2023;2022;2021;2020;2019;2018;2017;2016;2015;2014;2013;2012;2010;2009;2007;2006;2005;2003;2002;2000;1999;1997;1996;1983;1982;1981;1980;1978;1977;1976;1975;1974;1973;1971;1984;1983;1982;1981;1979;1978;1977;1976;1975;1974;1972;1971;1970;1968;1966;1964;1962;1960;1959;1957;1955;1953;1951;1949;1947;1945;1944;1942;1941;1939;1938;1936;1934;1933;1931;1930;1928;1927;1926;1925;1924;1923;1922;1921;1920;1919;1918;1917;1916;1915;1914;1914;1913;1912;1911;1910;1909;1909;1908;1907;1906;1904;1903;1901;1899;1897;1896;1894;1892;1890;1889;1887;1885;1883;1882;1880;1879;1877;1876;1874;1872;1871;1869;1868;1866;1863;1860;1857;1854;1851;1848;1844;1841;1838;1835;1832;1829;1831;1834;1836;1838;1840;1843;1845;1847;1849;1852;1854;1856;1855;1854;1853;1852;1851;1850;1848;1847;1846;1845;1844;1843;1842;1841;1840;1839;1838;1837;1835;1834;1833;1832;1831;1830
520025;AGUAS LINDAS DE GOIAS;158653;159087;159521;159955;160388;160822;161256;161690;162124;162558;162991;163425;163859;164286;164713;165140;165567;165994;166421;166848;167275;167702;168129;168556;168983;169437;169892;170346;170801;171255;171710;172164;172618;173073;173527;173982;174436;174902;175368;175833;176299;176765;177231;177696;178162;178628;179094;179559;180025;180505;180985;181465;181945;182425;182906;183386;183866;184346;184826;185306;185786;192207;192692;193176;193661;194146;194630;195115;195600;196084;196569;197054;191713;192198;192682;193167;193652;194136;194621;195106;195590;196075;196560;197044;197529;197994;198459;198924;199389;199854;200319;200783;201248;201713;202178;202643;203108;203553;203998;204442;204887;205332;205777;206221;206666;207111;207556;208000;208445;208893;209341;209790;210238;210686;211134;211582;212030;212479;212927;213375;213823;214273;214722;215172;215621;216071;216521;216970;217420;217869;218319;218768;219218;219653;220088;220523;220957;221392;221827;222262;222697;223132;223566;224001;224436;224864;225292;225720;226148;226576;227005;227433;227861;228289;228717;229145;229573;230022;230471;230920;231369;231818;232268;232717;233166;233615;234064;234513;234962;235433;235904;236375;236846;237317;237788;238258;238729;239200;239671;240142;240613;241008;241403;241798;242193;242588;242983;243377;243772;244167;244562;244957;245352;245747;246142;246537;246932;247327;247722;248116;248511;248906;249301;249696;250091
520030;ALEXANIA;24040;24063;24085;24108;24130;24153;24175;24198;24220;24243;24265;24288;24310;24333;24356;24378;24401;24424;24447;24469;24492;24515;24538;24560;24583;24607;24631;24654;24678;24702;24726;24749;24773;24797;24821;24844;24868;24893;24919;24944;24969;24995;25020;25045;25071;25096;25121;25147;25172;25197;25223;25248;25274;25299;25325;25350;25375;25401;25426;25452;25477;25807;25832;25857;25882;25907;25932;25956;25981;26006;26031;26056;25782;25807;25832;25857;25881;25906;25931;25956;25981;26006;26030;26055;26080;26103;26126;26149;26171;26194;26217;26240;26263;26286;26308;26331;26354;26376;26399;26421;26443;26465;26488;26510;26532;26554;26577;26599;26621;26645;26669;26692;26716;26740;26764;26787;26811;26835;26859;26882;26906;26930;26953;26977;27001;27024;27048;27072;27095;27119;27143;27166;27190;27209;27229;27248;27268;27287;27307;27326;27345;27365;27384;27404;27423;27439;27456;27472;27488;27504;27521;27537;27553;27569;27586;27602;27618;27635;27652;27668;27685;27702;27719;27735;27752;27769;27786;27802;27819;27835;27851;27867;27882;27898;27914;27930;27946;27962;27977;27993;28009;28029;28048;28068;28087;28107;28127;28146;28166;28185;28205;28224;28244;28264;28283;28303;28322;28342;28362;28381;28401;28420;28440;28459;28479
520050;ALOANDIA;2082;2081;2080;2080;2079;2078;2077;2076;2075;2075;2074;2073;2072;2072;2073;2073;2074;2074;2075;2075;2075;2076;2076;2077;2077;2077;2077;2077;2077;2077;2078;2078;2078;2078;2078;2078;2078;2078;2078;2078;2077;2077;2077;2077;2077;2077;2076;2076;2076;2075;2073;2072;2070;2069;2067;2066;2064;2063;2061;2060;2058;2060;2059;2058;2056;2055;2054;2053;2051;2050;2049;2048;2060;2059;2058;2056;2055;2054;2053;2051;2050;2049;2048;2046;2045;2044;2044;2043;2043;2042;2042;2041;2040;2040;2039;2039;2038;2037;2036;2035;2034;2033;2032;2031;2030;2029;2028;2027;2026;2025;2024;2023;2022;2021;2020;2018;2017;2016;2015;2014;2013;2013;2013;2012;2012;2012;2012;2011;2011;2011;2011;2010;2010;2009;2007;2006;2004;2003;2001;2000;1998;1997;1995;1994;1992;1992;1992;1992;1991;1991;1991;1991;1991;1991;1990;1990;1990;1987;1985;1982;1979;1977;1974;1971;1969;1966;1963;1961;1958;1960;1962;1965;1967;1969;1971;1973;1975;1978;1980;1982;1984;1983;1983;1982;1982;1981;1981;1980;1979;1979;1978;1978;1977;1976;1976;1975;1975;1974;1974;1973;1972;1972;1971;1971;1970
520055;ALTO HORIZONTE;4360;4375;4391;4406;4422;4437;4453;4468;4483;4499;4514;4530;4545;4557;4569;4581;4593;4605;4617;4628;4640;4652;4664;4676;4688;4698;4709;4719;4729;4740;4750;4760;4771;4781;4791;4802;4812;4822;4832;4843;4853;4863;4873;4883;4893;4904;4914;4924;4934;4945;4957;4968;4979;4991;5002;5013;5025;5036;5047;5059;5070;5229;5241;5252;5264;5275;5286;5298;5309;5321;5332;5343;5217;5228;5240;5251;5263;5274;5286;5297;5308;5320;5331;5343;5354;5365;5376;5387;5398;5409;5420;5431;5442;5453;5464;5475;5486;5497;5509;5520;5531;5543;5554;5565;5577;5588;5599;5611;5622;5633;5645;5656;5668;5679;5691;5702;5713;5725;5736;5748;5759;5771;5783;5795;5807;5819;5831;5843;5855;5867;5879;5891;5903;5914;5924;5935;5945;5956;5967;5977;5988;5998;6009;6019;6030;6040;6049;6059;6069;6078;6088;6098;6107;6117;6127;6136;6146;6155;6163;6172;6180;6189;6197;6206;6214;6223;6231;6240;6248;6259;6269;6280;6290;6301;6312;6322;6333;6343;6354;6364;6375;6384;6394;6403;6412;6422;6431;6440;6450;6459;6468;6478;6487;6496;6506;6515;6524;6534;6543;6552;6562;6571;6580;6590;6599
520060;ALTO PARAISO DE GOIAS;6914;6923;6932;6941;6950;6959;6968;6976;6985;6994;7003;7012;7021;7035;7050;7064;7079;7093;7108;7122;7136;7151;7165;7180;7194;7214;7234;7254;7274;7294;7314;7334;7354;7374;7394;7414;7434;7457;7479;7502;7524;7547;7569;7592;7614;7637;7659;7682;7704;7728;7752;7775;7799;7823;7847;7870;7894;7918;7942;7965;7989;8299;8323;8348;8373;8397;8422;8446;8471;8496;8520;8545;8275;8300;8324;8349;8373;8398;8423;8447;8472;8496;8521;8545;8570;8594;8619;8643;8667;8691;8716;8740;8764;8788;8813;8837;8861;8885;8910;8934;8958;8982;9007;9031;9055;9079;9104;9128;9152;9177;9202;9226;9251;9276;9301;9325;9350;9375;9400;9424;9449;9474;9498;9523;9547;9572;9596;9621;9645;9670;9694;9719;9743;9767;9791;9815;9839;9863;9887;9910;9934;9958;9982;10006;10030;10053;10076;10100;10123;10146;10169;10192;10215;10239;10262;10285;10308;10333;10358;10383;10407;10432;10457;10482;10507;10532;10556;10581;10606;10634;10661;10689;10716;10744;10771;10799;10826;10854;10881;10909;10936;10957;10977;10998;11018;11039;11059;11080;11100;11121;11141;11162;11182;11203;11223;11244;11264;11285;11305;11326;11346;11367;11387;11408;11428
520080;ALVORADA DO NORTE;8257;8259;8262;8264;8266;8269;8271;8273;8276;8278;8280;8283;8285;8287;8290;8292;8294;8297;8299;8301;8304;8306;8308;8311;8313;8317;8320;8324;8327;8331;8335;8338;8342;8345;8349;8352;8356;8359;8362;8365;8368;8371;8374;8377;8380;8383;8386;8389;8392;8396;8400;8405;8409;8413;8417;8421;8425;8429;8434;8438;8442;8480;8482;8485;8487;8490;8492;8494;8497;8499;8502;8504;8477;8479;8482;8484;8487;8489;8492;8494;8496;8499;8501;8504;8506;8509;8511;8514;8516;8519;8521;8524;8526;8529;8531;8534;8536;8537;8539;8540;8542;8543;8545;8546;8547;8549;8550;8552;8553;8555;8556;8558;8559;8561;8563;8564;8566;8567;8569;8570;8572;8573;8575;8576;8578;8579;8581;8582;8583;8585;8586;8588;8589;8590;8591;8592;8592;8593;8594;8595;8596;8597;8597;8598;8599;8599;8599;8598;8598;8598;8598;8597;8597;8597;8597;8596;8596;8595;8593;8592;8591;8589;8588;8587;8585;8584;8583;8581;8580;8581;8583;8584;8586;8587;8589;8590;8591;8593;8594;8596;8597;8599;8601;8603;8604;8606;8608;8610;8612;8614;8615;8617;8619;8621;8623;8625;8626;8628;8630;8632;8634;8636;8637;8639;8641
520082;AMARALINA;3494;3495;3496;3496;3497;3498;3499;3499;3500;3501;3502;3502;3503;3503;3503;3503;3502;3502;3502;3502;3502;3502;3501;3501;3501;3500;3498;3497;3495;3494;3493;3491;3490;3488;3487;3485;3484;3483;3482;3481;3480;3479;3478;3476;3475;3474;3473;3472;3471;3470;3469;3468;3467;3466;3465;3463;3462;3461;3460;3459;3458;3455;3454;3452;3451;3450;3449;3448;3447;3445;3444;3443;3455;3454;3453;3452;3450;3449;3448;3447;3446;3445;3443;3442;3441;3439;3438;3436;3434;3433;3431;3429;3428;3426;3424;3423;3421;3420;3419;3418;3417;3416;3415;3413;3412;3411;3410;3409;3408;3406;3405;3403;3401;3400;3398;3396;3395;3393;3391;3390;3388;3388;3387;3387;3386;3386;3385;3385;3384;3384;3383;3383;3382;3380;3377;3375;3373;3370;3368;3366;3363;3361;3359;3356;3354;3352;3349;3347;3344;3342;3339;3337;3334;3332;3329;3327;3324;3320;3317;3313;3309;3305;3302;3298;3294;3290;3287;3283;3279;3279;3279;3280;3280;3280;3280;3280;3280;3281;3281;3281;3281;3280;3279;3278;3276;3275;3274;3273;3272;3271;3269;3268;3267;3266;3265;3264;3262;3261;3260;3259;3258;3257;3255;3254;3253
520085;AMERICANO DO BRASIL;5579;5581;5583;5586;5588;5590;5592;5594;5596;5599;5601;5603;5605;5605;5604;5604;5603;5603;5602;5602;5601;5601;5600;5600;5599;5598;5598;5597;5597;5596;5596;5595;5594;5594;5593;5593;5592;5590;5588;5587;5585;5583;5581;5579;5577;5576;5574;5572;5570;5569;5567;5566;5564;5563;5561;5560;5558;5557;5555;5554;5552;5533;5531;5529;5527;5525;5523;5522;5520;5518;5516;5514;5534;5532;5530;5529;5527;5525;5523;5521;5519;5518;5516;5514;5512;5510;5507;5505;5503;5500;5498;5496;5493;5491;5489;5486;5484;5482;5480;5477;5475;5473;5471;5468;5466;5464;5462;5459;5457;5456;5454;5453;5451;5450;5449;5447;5446;5444;5443;5441;5440;5438;5436;5435;5433;5431;5429;5427;5425;5424;5422;5420;5418;5415;5412;5409;5406;5403;5400;5397;5394;5391;5388;5385;5382;5379;5375;5372;5368;5365;5362;5358;5355;5351;5348;5344;5341;5338;5334;5331;5328;5324;5321;5318;5314;5311;5308;5304;5301;5299;5298;5296;5294;5293;5291;5289;5288;5286;5284;5283;5281;5279;5278;5276;5274;5272;5271;5269;5267;5265;5264;5262;5260;5258;5257;5255;5253;5251;5250;5248;5246;5244;5243;5241;5239
520090;AMORINOPOLIS;3716;3712;3707;3703;3699;3694;3690;3686;3681;3677;3673;3668;3664;3660;3656;3652;3647;3643;3639;3635;3631;3627;3622;3618;3614;3609;3603;3598;3593;3587;3582;3577;3571;3566;3561;3555;3550;3546;3541;3537;3533;3528;3524;3520;3515;3511;3507;3502;3498;3494;3490;3486;3482;3478;3474;3470;3466;3462;3458;3454;3450;3395;3390;3385;3381;3376;3371;3367;3362;3357;3353;3348;3399;3394;3390;3385;3380;3376;3371;3366;3362;3357;3352;3348;3343;3338;3332;3327;3322;3316;3311;3306;3300;3295;3290;3284;3279;3275;3272;3268;3264;3260;3257;3253;3249;3245;3242;3238;3234;3231;3228;3225;3221;3218;3215;3212;3209;3206;3202;3199;3196;3192;3188;3185;3181;3177;3173;3169;3165;3162;3158;3154;3150;3145;3140;3135;3129;3124;3119;3114;3109;3104;3098;3093;3088;3084;3080;3076;3071;3067;3063;3059;3055;3051;3046;3042;3038;3032;3026;3020;3014;3008;3003;2997;2991;2985;2979;2973;2967;2966;2965;2963;2962;2961;2960;2958;2957;2956;2955;2953;2952;2948;2944;2941;2937;2933;2929;2925;2921;2918;2914;2910;2906;2902;2898;2895;2891;2887;2883;2879;2875;2872;2868;2864;2860
520110;ANAPOLIS;340829;341209;341589;341968;342348;342728;343108;343487;343867;344247;344627;345006;345386;345770;346154;346539;346923;347307;347691;348075;348459;348844;349228;349612;349996;350438;350881;351323;351766;352208;352651;353093;353535;353978;354420;354863;355305;355775;356244;356714;357184;357653;358123;358593;359062;359532;360002;360471;360941;361419;361897;362375;362853;363331;363810;364288;364766;365244;365722;366200;366678;372845;373294;373743;374192;374641;375090;375538;375987;376436;376885;377334;372371;372820;373269;373718;374166;374615;375064;375513;375962;376411;376859;377308;377757;378185;378613;379041;379469;379897;380325;380752;381180;381608;382036;382464;382892;383316;383741;384165;384590;385014;385439;385863;386287;386712;387136;387561;387985;388426;388868;389309;389751;390192;390634;391075;391516;391958;392399;392841;393282;393716;394149;394583;395016;395450;395884;396317;396751;397184;397618;398051;398485;398854;399223;399592;399961;400330;400699;401067;401436;401805;402174;402543;402912;403248;403583;403919;404254;404590;404925;405261;405596;405932;406267;406603;406938;407302;407666;408030;408394;408758;409122;409485;409849;410213;410577;410941;411305;411684;412062;412441;412819;413198;413576;413955;414333;414712;415090;415469;415847;416218;416589;416960;417331;417702;418074;418445;418816;419187;419558;419929;420300;420671;421042;421413;421784;422155;422527;422898;423269;423640;424011;424382;424753
520120;ANHANGUERA;1004;1005;1005;1006;1006;1007;1008;1008;1009;1009;1010;1010;1011;1011;1012;1012;1013;1013;1014;1014;1014;1015;1015;1016;1016;1016;1016;1016;1016;1016;1016;1016;1016;1016;1016;1016;1016;1015;1015;1014;1014;1013;1013;1012;1011;1011;1010;1010;1009;1008;1007;1007;1006;1005;1004;1003;1002;1002;1001;1000;999;993;992;992;992;992;991;991;991;991;990;990;993;993;993;992;992;992;992;991;991;991;991;990;990;989;989;988;987;987;986;985;985;984;983;983;982;981;980;980;979;978;977;976;975;975;974;973;972;972;971;971;970;970;970;969;969;968;968;967;967;966;965;964;962;961;960;959;958;957;955;954;953;952;951;950;949;948;947;946;945;944;943;942;941;941;940;940;939;939;938;938;937;937;936;936;935;932;929;926;923;920;917;914;911;908;905;902;899;901;903;905;906;908;910;912;914;916;917;919;921;920;920;919;918;918;917;916;916;915;914;914;913;912;912;911;910;910;909;908;908;907;906;906;905
520130;ANICUNS;20595;20597;20598;20600;20601;20603;20605;20606;20608;20609;20611;20612;20614;20606;20599;20591;20584;20576;20569;20561;20553;20546;20538;20531;20523;20513;20503;20493;20483;20473;20464;20454;20444;20434;20424;20414;20404;20392;20380;20368;20355;20343;20331;20319;20307;20295;20282;20270;20258;20246;20233;20221;20208;20196;20183;20171;20158;20146;20133;20121;20108;19942;19930;19917;19904;19891;19879;19866;19853;19840;19828;19815;19955;19942;19930;19917;19904;19891;19879;19866;19853;19840;19828;19815;19802;19788;19774;19761;19747;19733;19719;19705;19691;19678;19664;19650;19636;19623;19609;19596;19582;19569;19555;19542;19528;19515;19501;19488;19474;19463;19451;19440;19429;19417;19406;19395;19383;19372;19361;19349;19338;19325;19313;19300;19287;19275;19262;19249;19237;19224;19211;19199;19186;19171;19156;19141;19126;19111;19096;19080;19065;19050;19035;19020;19005;18989;18974;18958;18942;18926;18911;18895;18879;18863;18848;18832;18816;18800;18785;18769;18753;18738;18722;18706;18691;18675;18659;18644;18628;18613;18597;18582;18566;18551;18536;18520;18505;18489;18474;18458;18443;18432;18420;18409;18397;18386;18375;18363;18352;18340;18329;18317;18306;18295;18283;18272;18260;18249;18238;18226;18215;18203;18192;18180;18169
520140;APARECIDA DE GOIANIA;459447;460273;461100;461926;462752;463579;464405;465231;466058;466884;467710;468537;469363;470032;470701;471369;472038;472707;473376;474044;474713;475382;476051;476719;477388;478023;478658;479293;479928;480563;481199;481834;482469;483104;483739;484374;485009;485610;486211;486812;487413;488014;488615;489216;489817;490418;491019;491620;492221;492828;493436;494043;494650;495257;495865;496472;497079;497686;498294;498901;499508;507335;507889;508442;508996;509549;510103;510657;511210;511764;512317;512871;506733;507287;507840;508394;508947;509501;510055;510608;511162;511715;512269;512822;513376;513867;514358;514849;515340;515831;516323;516814;517305;517796;518287;518778;519269;519709;520149;520588;521028;521468;521908;522347;522787;523227;523667;524106;524546;524980;525413;525847;526281;526714;527148;527582;528015;528449;528883;529316;529750;530168;530586;531004;531421;531839;532257;532675;533093;533511;533928;534346;534764;535110;535456;535802;536148;536494;536840;537185;537531;537877;538223;538569;538915;539219;539524;539828;540132;540436;540741;541045;541349;541653;541958;542262;542566;542901;543236;543572;543907;544242;544577;544912;545247;545583;545918;546253;546588;546949;547311;547672;548034;548395;548757;549118;549479;549841;550202;550564;550925;551350;551774;552199;552624;553048;553473;553898;554322;554747;555172;555596;556021;556446;556870;557295;557720;558144;558569;558994;559418;559843;560268;560692;561117
520145;APARECIDA DO RIO DOCE;2488;2489;2489;2490;2490;2491;2491;2492;2492;2493;2493;2494;2494;2495;2496;2497;2498;2499;2500;2501;2502;2503;2504;2505;2506;2508;2510;2511;2513;2515;2517;2518;2520;2522;2524;2525;2527;2530;2534;2537;2540;2544;2547;2550;2554;2557;2560;2564;2567;2571;2575;2579;2582;2586;2590;2594;2598;2602;2605;2609;2613;2656;2660;2663;2666;2669;2673;2676;2679;2682;2686;2689;2653;2656;2660;2663;2666;2669;2673;2676;2679;2682;2686;2689;2692;2697;2701;2706;2711;2715;2720;2725;2729;2734;2739;2743;2748;2751;2754;2757;2760;2763;2766;2768;2771;2774;2777;2780;2783;2787;2791;2795;2798;2802;2806;2810;2814;2818;2821;2825;2829;2833;2837;2841;2845;2849;2853;2856;2860;2864;2868;2872;2876;2880;2884;2887;2891;2895;2899;2902;2906;2910;2914;2917;2921;2924;2926;2929;2931;2934;2936;2939;2941;2944;2946;2949;2951;2951;2952;2952;2952;2953;2953;2953;2954;2954;2954;2955;2955;2960;2965;2969;2974;2979;2984;2988;2993;2998;3003;3007;3012;3015;3018;3020;3023;3026;3029;3031;3034;3037;3040;3042;3045;3048;3051;3053;3056;3059;3062;3064;3067;3070;3073;3075;3078
520150;APORE;3842;3846;3849;3853;3856;3860;3863;3867;3870;3874;3877;3881;3884;3888;3892;3895;3899;3903;3907;3910;3914;3918;3922;3925;3929;3933;3937;3941;3945;3949;3953;3957;3961;3965;3969;3973;3977;3981;3985;3989;3993;3997;4001;4004;4008;4012;4016;4020;4024;4028;4033;4037;4042;4046;4051;4055;4059;4064;4068;4073;4077;4123;4127;4131;4135;4139;4143;4147;4151;4155;4159;4163;4119;4123;4127;4131;4135;4139;4143;4147;4151;4155;4159;4163;4167;4171;4175;4178;4182;4186;4190;4193;4197;4201;4205;4208;4212;4215;4217;4220;4222;4225;4227;4230;4232;4235;4237;4240;4242;4245;4248;4251;4254;4257;4260;4262;4265;4268;4271;4274;4277;4281;4285;4289;4293;4297;4301;4305;4309;4313;4317;4321;4325;4327;4330;4332;4334;4337;4339;4341;4344;4346;4348;4351;4353;4355;4358;4360;4362;4365;4367;4369;4372;4374;4376;4379;4381;4382;4384;4385;4387;4388;4390;4391;4392;4394;4395;4397;4398;4403;4407;4412;4416;4421;4425;4430;4434;4439;4443;4448;4452;4455;4458;4461;4464;4467;4470;4473;4476;4479;4482;4485;4488;4491;4494;4497;4500;4503;4506;4509;4512;4515;4518;4521;4524
520160;ARACU;3937;3935;3933;3931;3929;3927;3925;3922;3920;3918;3916;3914;3912;3911;3909;3908;3906;3905;3904;3902;3901;3899;3898;3896;3895;3894;3893;3892;3891;3890;3889;3887;3886;3885;3884;3883;3882;3882;3883;3883;3884;3884;3885;3885;3885;3886;3886;3887;3887;3887;3887;3887;3887;3887;3887;3886;3886;3886;3886;3886;3886;3886;3886;3886;3886;3885;3885;3885;3885;3885;3885;3884;3886;3886;3886;3886;3885;3885;3885;3885;3885;3885;3884;3884;3884;3884;3883;3883;3882;3882;3881;3881;3880;3880;3879;3879;3878;3878;3877;3877;3877;3876;3876;3876;3875;3875;3875;3874;3874;3874;3875;3875;3875;3876;3876;3876;3877;3877;3877;3878;3878;3878;3878;3878;3878;3878;3879;3879;3879;3879;3879;3879;3879;3878;3877;3876;3875;3874;3873;3872;3871;3870;3869;3868;3867;3865;3863;3862;3860;3858;3856;3854;3852;3851;3849;3847;3845;3843;3840;3838;3835;3833;3831;3828;3826;3823;3821;3818;3816;3818;3820;3823;3825;3827;3829;3831;3833;3836;3838;3840;3842;3842;3842;3842;3841;3841;3841;3841;3841;3841;3840;3840;3840;3840;3840;3840;3839;3839;3839;3839;3839;3839;3838;3838;3838
520170;ARAGARCAS;18617;18623;18629;18635;18641;18647;18654;18660;18666;18672;18678;18684;18690;18692;18694;18695;18697;18699;18701;18702;18704;18706;18708;18709;18711;18714;18716;18719;18721;18724;18727;18729;18732;18734;18737;18739;18742;18744;18746;18748;18750;18752;18754;18756;18758;18760;18762;18764;18766;18768;18770;18772;18773;18775;18777;18779;18781;18783;18784;18786;18788;18816;18817;18818;18819;18820;18821;18822;18823;18824;18825;18826;18814;18815;18816;18817;18818;18819;18820;18821;18822;18823;18824;18825;18826;18825;18825;18824;18823;18822;18822;18821;18820;18819;18819;18818;18817;18817;18816;18816;18815;18815;18814;18814;18813;18813;18812;18812;18811;18811;18811;18811;18810;18810;18810;18810;18810;18810;18809;18809;18809;18808;18808;18807;18806;18805;18805;18804;18803;18802;18802;18801;18800;18798;18795;18793;18791;18788;18786;18784;18781;18779;18777;18774;18772;18766;18760;18754;18748;18742;18736;18730;18724;18718;18712;18706;18700;18695;18691;18686;18681;18676;18672;18667;18662;18657;18653;18648;18643;18640;18637;18633;18630;18627;18624;18620;18617;18614;18611;18607;18604;18604;18604;18603;18603;18603;18603;18602;18602;18602;18602;18601;18601;18601;18601;18600;18600;18600;18600;18599;18599;18599;18599;18598;18598
520180;ARAGOIANIA;8288;8305;8322;8339;8356;8373;8390;8407;8424;8441;8458;8475;8492;8511;8530;8548;8567;8586;8605;8623;8642;8661;8680;8698;8717;8738;8758;8779;8800;8820;8841;8862;8882;8903;8924;8944;8965;8989;9013;9037;9061;9085;9109;9133;9157;9181;9205;9229;9253;9277;9302;9326;9350;9375;9399;9423;9448;9472;9496;9521;9545;9877;9901;9925;9950;9974;9999;10023;10047;10072;10096;10121;9851;9875;9900;9924;9949;9973;9998;10022;10046;10071;10095;10120;10144;10169;10194;10219;10244;10269;10295;10320;10345;10370;10395;10420;10445;10470;10495;10519;10544;10569;10594;10618;10643;10668;10693;10717;10742;10768;10794;10821;10847;10873;10899;10925;10951;10978;11004;11030;11056;11082;11108;11135;11161;11187;11213;11239;11265;11292;11318;11344;11370;11394;11419;11443;11467;11492;11516;11540;11565;11589;11613;11638;11662;11686;11709;11733;11756;11780;11803;11827;11850;11874;11897;11921;11944;11968;11993;12017;12041;12065;12090;12114;12138;12162;12187;12211;12235;12262;12288;12315;12341;12368;12395;12421;12448;12474;12501;12527;12554;12575;12596;12617;12638;12659;12680;12701;12722;12743;12764;12785;12806;12827;12848;12869;12890;12911;12932;12953;12974;12995;13016;13037;13058
520215;ARAGUAPAZ;7700;7700;7700;7700;7700;7700;7700;7699;7699;7699;7699;7699;7699;7696;7694;7691;7689;7686;7684;7681;7678;7676;7673;7671;7668;7666;7665;7663;7661;7660;7658;7656;7655;7653;7651;7650;7648;7647;7645;7644;7642;7641;7639;7638;7636;7635;7633;7632;7630;7627;7625;7622;7619;7617;7614;7611;7609;7606;7603;7601;7598;7577;7574;7570;7566;7562;7558;7554;7551;7547;7543;7539;7579;7575;7571;7568;7564;7560;7556;7552;7548;7545;7541;7537;7533;7531;7528;7526;7523;7521;7518;7516;7513;7511;7508;7506;7503;7499;7495;7491;7487;7483;7479;7475;7471;7467;7463;7459;7455;7452;7450;7447;7444;7441;7439;7436;7433;7430;7428;7425;7422;7419;7417;7414;7412;7409;7407;7404;7401;7399;7396;7394;7391;7387;7383;7378;7374;7370;7366;7361;7357;7353;7349;7344;7340;7335;7330;7324;7319;7314;7309;7303;7298;7293;7288;7282;7277;7273;7268;7264;7259;7255;7250;7246;7241;7237;7232;7228;7223;7220;7216;7213;7209;7206;7203;7199;7196;7192;7189;7185;7182;7180;7177;7175;7172;7170;7167;7165;7162;7160;7157;7155;7152;7150;7147;7145;7142;7140;7137;7135;7132;7130;7127;7125;7122
520235;ARENOPOLIS;3413;3408;3403;3397;3392;3387;3382;3376;3371;3366;3361;3355;3350;3347;3344;3341;3338;3335;3332;3329;3326;3323;3320;3317;3314;3311;3308;3304;3301;3298;3295;3291;3288;3285;3282;3278;3275;3273;3271;3269;3266;3264;3262;3260;3258;3256;3253;3251;3249;3247;3246;3244;3242;3240;3239;3237;3235;3233;3232;3230;3228;3201;3197;3194;3190;3186;3183;3179;3175;3172;3168;3164;3203;3199;3196;3192;3188;3185;3181;3177;3174;3170;3166;3163;3159;3157;3154;3152;3149;3147;3144;3142;3139;3137;3134;3132;3129;3126;3123;3120;3117;3114;3112;3109;3106;3103;3100;3097;3094;3093;3092;3090;3089;3088;3087;3085;3084;3083;3082;3080;3079;3076;3073;3071;3068;3065;3062;3059;3056;3054;3051;3048;3045;3042;3039;3036;3033;3030;3028;3025;3022;3019;3016;3013;3010;3008;3006;3003;3001;2999;2997;2994;2992;2990;2988;2985;2983;2979;2974;2970;2965;2961;2957;2952;2948;2943;2939;2934;2930;2930;2930;2930;2930;2930;2930;2930;2930;2930;2930;2930;2930;2928;2926;2924;2921;2919;2917;2915;2913;2911;2908;2906;2904;2902;2900;2898;2895;2893;2891;2889;2887;2885;2882;2880;2878
520250;ARUANA;7414;7430;7445;7461;7476;7492;7507;7523;7538;7554;7569;7585;7600;7610;7620;7630;7640;7650;7660;7669;7679;7689;7699;7709;7719;7728;7736;7745;7753;7762;7770;7779;7787;7796;7804;7813;7821;7828;7834;7841;7847;7854;7861;7867;7874;7880;7887;7893;7900;7907;7913;7920;7926;7933;7940;7946;7953;7959;7966;7972;7979;8071;8078;8084;8091;8098;8104;8111;8118;8124;8131;8138;8064;8071;8077;8084;8091;8097;8104;8111;8117;8124;8131;8137;8144;8149;8154;8159;8164;8169;8174;8178;8183;8188;8193;8198;8203;8209;8214;8220;8225;8231;8236;8242;8247;8253;8258;8264;8269;8274;8279;8284;8288;8293;8298;8303;8308;8313;8317;8322;8327;8331;8336;8340;8345;8349;8354;8358;8362;8367;8371;8376;8380;8384;8387;8391;8395;8398;8402;8406;8409;8413;8417;8420;8424;8426;8428;8430;8432;8434;8436;8438;8440;8442;8444;8446;8448;8450;8453;8455;8457;8459;8462;8464;8466;8468;8471;8473;8475;8478;8482;8485;8488;8492;8495;8498;8502;8505;8508;8512;8515;8520;8524;8529;8533;8538;8543;8547;8552;8556;8561;8565;8570;8575;8579;8584;8588;8593;8598;8602;8607;8611;8616;8620;8625
520260;AURILANDIA;3797;3792;3787;3783;3778;3773;3768;3763;3758;3754;3749;3744;3739;3735;3731;3727;3723;3719;3716;3712;3708;3704;3700;3696;3692;3689;3686;3683;3680;3677;3674;3671;3668;3665;3662;3659;3656;3653;3650;3647;3643;3640;3637;3634;3631;3628;3624;3621;3618;3615;3613;3610;3608;3605;3603;3600;3597;3595;3592;3590;3587;3544;3541;3538;3535;3532;3529;3526;3523;3520;3517;3515;3547;3544;3541;3538;3535;3532;3530;3527;3524;3521;3518;3515;3512;3509;3505;3502;3499;3495;3492;3489;3485;3482;3479;3475;3472;3470;3468;3465;3463;3461;3459;3456;3454;3452;3450;3447;3445;3443;3440;3438;3435;3433;3431;3428;3426;3423;3421;3418;3416;3415;3413;3412;3410;3409;3407;3406;3404;3403;3401;3400;3398;3395;3392;3389;3386;3383;3380;3376;3373;3370;3367;3364;3361;3359;3356;3354;3351;3349;3347;3344;3342;3339;3337;3334;3332;3327;3322;3317;3312;3307;3302;3296;3291;3286;3281;3276;3271;3271;3270;3270;3269;3269;3269;3268;3268;3267;3267;3266;3266;3264;3261;3259;3256;3254;3252;3249;3247;3244;3242;3239;3237;3235;3232;3230;3227;3225;3223;3220;3218;3215;3213;3210;3208
520280;AVELINOPOLIS;2530;2531;2531;2532;2532;2533;2534;2534;2535;2535;2536;2536;2537;2537;2538;2538;2538;2539;2539;2539;2540;2540;2540;2541;2541;2544;2546;2549;2551;2554;2557;2559;2562;2564;2567;2569;2572;2575;2578;2581;2584;2587;2590;2593;2596;2599;2602;2605;2608;2612;2615;2619;2622;2626;2629;2633;2636;2640;2643;2647;2650;2691;2694;2698;2701;2704;2707;2711;2714;2717;2720;2724;2688;2691;2695;2698;2701;2704;2708;2711;2714;2717;2721;2724;2727;2731;2735;2739;2742;2746;2750;2754;2758;2762;2765;2769;2773;2775;2777;2779;2781;2783;2786;2788;2790;2792;2794;2796;2798;2801;2804;2808;2811;2814;2817;2820;2823;2827;2830;2833;2836;2839;2843;2846;2849;2852;2856;2859;2862;2865;2869;2872;2875;2877;2879;2882;2884;2886;2888;2890;2892;2895;2897;2899;2901;2903;2904;2906;2907;2909;2910;2912;2913;2915;2916;2918;2919;2919;2918;2918;2918;2917;2917;2917;2916;2916;2916;2915;2915;2919;2923;2927;2931;2935;2939;2943;2947;2951;2955;2959;2963;2966;2968;2971;2973;2976;2978;2981;2983;2986;2988;2991;2993;2996;2998;3001;3003;3006;3008;3011;3013;3016;3018;3021;3023
520310;BALIZA;3602;3610;3617;3625;3632;3640;3647;3655;3662;3670;3677;3685;3692;3695;3697;3700;3703;3705;3708;3711;3713;3716;3719;3721;3724;3723;3721;3720;3718;3717;3715;3714;3712;3711;3709;3708;3706;3704;3702;3700;3698;3696;3694;3691;3689;3687;3685;3683;3681;3678;3675;3673;3670;3667;3664;3661;3658;3656;3653;3650;3647;3603;3600;3597;3594;3592;3589;3586;3583;3581;3578;3575;3606;3603;3601;3598;3595;3592;3590;3587;3584;3581;3579;3576;3573;3570;3566;3563;3559;3556;3552;3549;3545;3542;3538;3535;3531;3529;3526;3524;3521;3519;3517;3514;3512;3509;3507;3504;3502;3501;3500;3498;3497;3496;3495;3493;3492;3491;3490;3488;3487;3485;3482;3480;3477;3475;3473;3470;3468;3465;3463;3460;3458;3455;3452;3449;3446;3443;3440;3437;3434;3431;3428;3425;3422;3420;3417;3415;3412;3410;3408;3405;3403;3400;3398;3395;3393;3389;3384;3380;3375;3371;3367;3362;3358;3353;3349;3344;3340;3340;3339;3339;3338;3338;3338;3337;3337;3336;3336;3335;3335;3333;3330;3328;3325;3323;3321;3318;3316;3313;3311;3308;3306;3304;3301;3299;3296;3294;3292;3289;3287;3284;3282;3279;3277
520320;BARRO ALTO;8635;8652;8669;8686;8703;8720;8737;8753;8770;8787;8804;8821;8838;8851;8864;8876;8889;8902;8915;8927;8940;8953;8966;8978;8991;9003;9015;9026;9038;9050;9062;9073;9085;9097;9109;9120;9132;9143;9154;9165;9176;9187;9198;9209;9220;9231;9242;9253;9264;9278;9291;9305;9318;9332;9345;9359;9372;9386;9399;9413;9426;9587;9599;9611;9622;9634;9646;9657;9669;9681;9692;9704;9575;9587;9598;9610;9622;9633;9645;9657;9668;9680;9692;9703;9715;9726;9737;9748;9759;9770;9781;9792;9803;9814;9825;9836;9847;9858;9869;9879;9890;9901;9912;9922;9933;9944;9955;9965;9976;9988;10000;10013;10025;10037;10049;10061;10073;10086;10098;10110;10122;10134;10146;10159;10171;10183;10195;10207;10219;10232;10244;10256;10268;10279;10290;10300;10311;10322;10333;10343;10354;10365;10376;10386;10397;10406;10415;10425;10434;10443;10452;10461;10470;10480;10489;10498;10507;10516;10525;10535;10544;10553;10562;10571;10580;10590;10599;10608;10617;10627;10637;10647;10657;10667;10678;10688;10698;10708;10718;10728;10738;10748;10757;10767;10776;10786;10796;10805;10815;10824;10834;10843;10853;10863;10872;10882;10891;10901;10911;10920;10930;10939;10949;10958;10968
520330;BELA VISTA DE GOIAS;24402;24449;24497;24544;24592;24639;24687;24734;24781;24829;24876;24924;24971;25024;25076;25129;25182;25234;25287;25340;25392;25445;25498;25550;25603;25665;25728;25790;25852;25914;25977;26039;26101;26163;26226;26288;26350;26417;26485;26552;26619;26686;26754;26821;26888;26955;27023;27090;27157;27226;27296;27365;27435;27504;27574;27643;27712;27782;27851;27921;27990;28930;29002;29073;29145;29216;29287;29359;29430;29502;29573;29645;28858;28929;29001;29072;29144;29215;29287;29358;29429;29501;29572;29644;29715;29786;29858;29929;30000;30071;30143;30214;30285;30356;30428;30499;30570;30641;30712;30783;30854;30925;30996;31066;31137;31208;31279;31350;31421;31494;31568;31641;31714;31787;31861;31934;32007;32080;32154;32227;32300;32373;32447;32520;32594;32667;32741;32814;32887;32961;33034;33108;33181;33251;33322;33392;33462;33532;33603;33673;33743;33813;33884;33954;34024;34092;34160;34228;34296;34364;34432;34500;34568;34636;34704;34772;34840;34911;34982;35053;35124;35195;35267;35338;35409;35480;35551;35622;35693;35767;35841;35916;35990;36064;36138;36212;36286;36361;36435;36509;36583;36643;36703;36764;36824;36884;36944;37004;37064;37125;37185;37245;37305;37365;37425;37486;37546;37606;37666;37726;37786;37847;37907;37967;38027
520340;BOM JARDIM DE GOIAS;8608;8608;8607;8607;8607;8606;8606;8606;8605;8605;8605;8604;8604;8600;8596;8592;8588;8584;8580;8575;8571;8567;8563;8559;8555;8551;8548;8544;8540;8537;8533;8529;8526;8522;8518;8515;8511;8507;8503;8499;8495;8491;8487;8483;8479;8475;8471;8467;8463;8459;8454;8450;8446;8441;8437;8433;8428;8424;8420;8415;8411;8355;8350;8345;8339;8334;8329;8324;8319;8314;8309;8304;8359;8354;8349;8344;8339;8334;8329;8323;8318;8313;8308;8303;8298;8294;8290;8286;8282;8278;8274;8269;8265;8261;8257;8253;8249;8244;8239;8234;8229;8224;8220;8215;8210;8205;8200;8195;8190;8186;8182;8178;8174;8170;8167;8163;8159;8155;8151;8147;8143;8139;8134;8130;8125;8121;8116;8112;8107;8103;8098;8094;8089;8084;8078;8073;8068;8062;8057;8052;8046;8041;8036;8030;8025;8018;8012;8005;7998;7991;7985;7978;7971;7964;7958;7951;7944;7938;7932;7926;7920;7914;7908;7902;7896;7890;7884;7878;7872;7868;7864;7860;7856;7852;7848;7844;7840;7836;7832;7828;7824;7820;7816;7812;7808;7804;7800;7795;7791;7787;7783;7779;7775;7771;7767;7763;7759;7755;7751;7746;7742;7738;7734;7730;7726
520350;BOM JESUS DE GOIAS;20651;20683;20715;20746;20778;20810;20842;20873;20905;20937;20969;21000;21032;21059;21086;21114;21141;21168;21195;21222;21249;21277;21304;21331;21358;21386;21413;21441;21468;21496;21524;21551;21579;21606;21634;21661;21689;21715;21740;21766;21791;21817;21843;21868;21894;21919;21945;21970;21996;22022;22048;22074;22099;22125;22151;22177;22203;22229;22254;22280;22306;22631;22655;22678;22702;22726;22749;22773;22797;22820;22844;22868;22606;22630;22653;22677;22701;22724;22748;22772;22795;22819;22843;22866;22890;22911;22932;22953;22974;22995;23016;23037;23058;23079;23100;23121;23142;23163;23183;23204;23224;23245;23265;23286;23306;23327;23347;23368;23388;23408;23428;23448;23468;23488;23508;23527;23547;23567;23587;23607;23627;23648;23668;23689;23710;23730;23751;23772;23792;23813;23834;23854;23875;23891;23907;23923;23938;23954;23970;23986;24002;24018;24033;24049;24065;24080;24095;24111;24126;24141;24156;24171;24186;24202;24217;24232;24247;24265;24283;24300;24318;24336;24354;24371;24389;24407;24425;24442;24460;24480;24500;24520;24540;24560;24581;24601;24621;24641;24661;24681;24701;24720;24738;24757;24776;24794;24813;24832;24850;24869;24888;24906;24925;24944;24962;24981;25000;25018;25037;25056;25074;25093;25112;25130;25149
520355;BONFINOPOLIS;7433;7451;7468;7486;7503;7521;7539;7556;7574;7591;7609;7626;7644;7661;7677;7694;7710;7727;7743;7760;7776;7793;7809;7826;7842;7859;7876;7893;7910;7927;7944;7961;7978;7995;8012;8029;8046;8065;8085;8104;8123;8143;8162;8181;8201;8220;8239;8259;8278;8298;8318;8338;8358;8378;8398;8418;8438;8458;8478;8498;8518;8782;8802;8822;8842;8862;8882;8902;8922;8942;8962;8982;8762;8782;8802;8822;8842;8862;8882;8902;8922;8942;8962;8982;9002;9022;9042;9062;9081;9101;9121;9141;9161;9181;9200;9220;9240;9259;9278;9297;9315;9334;9353;9372;9391;9410;9428;9447;9466;9487;9508;9528;9549;9570;9591;9611;9632;9653;9674;9694;9715;9735;9756;9776;9796;9817;9837;9857;9878;9898;9918;9939;9959;9978;9997;10016;10035;10054;10073;10091;10110;10129;10148;10167;10186;10204;10221;10239;10257;10274;10292;10310;10327;10345;10363;10380;10398;10415;10432;10449;10466;10483;10500;10516;10533;10550;10567;10584;10601;10620;10639;10658;10677;10696;10715;10733;10752;10771;10790;10809;10828;10844;10861;10877;10894;10910;10927;10943;10959;10976;10992;11009;11025;11041;11058;11074;11091;11107;11124;11140;11156;11173;11189;11206;11222
520357;BONOPOLIS;3484;3488;3491;3495;3499;3502;3506;3510;3513;3517;3521;3524;3528;3530;3532;3533;3535;3537;3539;3540;3542;3544;3546;3547;3549;3548;3547;3546;3545;3544;3543;3542;3541;3540;3539;3538;3537;3535;3534;3532;3531;3529;3528;3526;3524;3523;3521;3520;3518;3517;3516;3515;3514;3513;3512;3510;3509;3508;3507;3506;3505;3484;3482;3479;3476;3474;3471;3468;3466;3463;3460;3458;3486;3483;3481;3478;3475;3473;3470;3467;3465;3462;3459;3457;3454;3453;3451;3450;3448;3447;3446;3444;3443;3441;3440;3438;3437;3436;3434;3433;3432;3430;3429;3428;3426;3425;3424;3422;3421;3420;3420;3419;3419;3418;3418;3417;3416;3416;3415;3415;3414;3412;3411;3409;3408;3406;3405;3403;3401;3400;3398;3397;3395;3393;3392;3390;3388;3387;3385;3383;3382;3380;3378;3377;3375;3372;3369;3367;3364;3361;3358;3355;3352;3350;3347;3344;3341;3337;3334;3330;3326;3322;3319;3315;3311;3307;3304;3300;3296;3297;3298;3299;3299;3300;3301;3302;3303;3304;3304;3305;3306;3305;3303;3302;3300;3299;3298;3296;3295;3293;3292;3290;3289;3288;3286;3285;3283;3282;3281;3279;3278;3276;3275;3273;3272
520360;BRAZABRANTES;3280;3283;3287;3290;3294;3297;3301;3304;3307;3311;3314;3318;3321;3325;3329;3333;3337;3341;3345;3348;3352;3356;3360;3364;3368;3372;3377;3381;3385;3389;3394;3398;3402;3406;3411;3415;3419;3424;3429;3434;3438;3443;3448;3453;3458;3463;3467;3472;3477;3482;3488;3493;3498;3503;3509;3514;3519;3524;3530;3535;3540;3622;3627;3632;3637;3642;3647;3652;3657;3662;3667;3672;3616;3621;3626;3631;3636;3641;3646;3651;3656;3661;3666;3671;3676;3681;3687;3692;3697;3703;3708;3713;3719;3724;3729;3735;3740;3745;3750;3754;3759;3764;3769;3773;3778;3783;3788;3792;3797;3803;3808;3814;3820;3825;3831;3837;3842;3848;3854;3859;3865;3871;3877;3883;3889;3895;3902;3908;3914;3920;3926;3932;3938;3942;3946;3951;3955;3959;3963;3967;3971;3976;3980;3984;3988;3993;3998;4003;4008;4013;4018;4023;4028;4033;4038;4043;4048;4050;4053;4055;4058;4060;4063;4065;4067;4070;4072;4075;4077;4083;4089;4095;4101;4107;4113;4119;4125;4131;4137;4143;4149;4153;4158;4162;4166;4171;4175;4179;4184;4188;4192;4197;4201;4205;4210;4214;4218;4223;4227;4231;4236;4240;4244;4249;4253
520380;BRITANIA;5620;5621;5623;5624;5625;5626;5628;5629;5630;5631;5633;5634;5635;5635;5635;5635;5635;5635;5635;5635;5635;5635;5635;5635;5635;5636;5637;5639;5640;5641;5642;5643;5644;5646;5647;5648;5649;5651;5653;5655;5657;5659;5661;5662;5664;5666;5668;5670;5672;5673;5674;5675;5676;5677;5678;5679;5680;5681;5682;5683;5684;5702;5703;5703;5704;5704;5705;5705;5706;5706;5707;5707;5701;5702;5702;5703;5703;5704;5704;5705;5705;5706;5706;5707;5707;5709;5711;5713;5714;5716;5718;5720;5722;5724;5725;5727;5729;5729;5730;5730;5731;5731;5732;5732;5732;5733;5733;5734;5734;5735;5737;5738;5739;5740;5742;5743;5744;5745;5747;5748;5749;5751;5754;5756;5759;5761;5764;5766;5768;5771;5773;5776;5778;5779;5779;5780;5780;5781;5781;5782;5782;5783;5783;5784;5784;5784;5784;5784;5784;5784;5785;5785;5785;5785;5785;5785;5785;5785;5784;5784;5784;5783;5783;5783;5782;5782;5782;5781;5781;5782;5782;5783;5783;5784;5785;5785;5786;5786;5787;5787;5788;5789;5790;5791;5791;5792;5793;5794;5795;5796;5796;5797;5798;5799;5800;5801;5801;5802;5803;5804;5805;5806;5806;5807;5808
520390;BURITI ALEGRE;9226;9230;9233;9237;9240;9244;9248;9251;9255;9258;9262;9265;9269;9275;9281;9286;9292;9298;9304;9309;9315;9321;9327;9332;9338;9347;9355;9364;9372;9381;9389;9398;9406;9415;9423;9432;9440;9450;9459;9469;9479;9488;9498;9508;9517;9527;9537;9546;9556;9567;9578;9589;9600;9611;9622;9633;9644;9655;9666;9677;9688;9823;9834;9844;9854;9864;9875;9885;9895;9905;9916;9926;9813;9823;9834;9844;9854;9864;9875;9885;9895;9905;9916;9926;9936;9946;9956;9966;9976;9986;9996;10005;10015;10025;10035;10045;10055;10064;10074;10083;10093;10102;10112;10121;10130;10140;10149;10159;10168;10179;10191;10202;10214;10225;10237;10248;10259;10271;10282;10294;10305;10316;10327;10337;10348;10359;10370;10380;10391;10402;10413;10423;10434;10442;10451;10459;10468;10476;10485;10493;10501;10510;10518;10527;10535;10542;10549;10556;10563;10570;10578;10585;10592;10599;10606;10613;10620;10628;10637;10645;10654;10662;10671;10679;10687;10696;10704;10713;10721;10730;10739;10749;10758;10767;10776;10785;10794;10804;10813;10822;10831;10839;10848;10856;10864;10872;10881;10889;10897;10905;10914;10922;10930;10938;10947;10955;10963;10971;10980;10988;10996;11004;11013;11021;11029
520393;BURITI DE GOIAS;2635;2635;2634;2634;2633;2633;2632;2632;2631;2631;2630;2630;2629;2629;2629;2629;2629;2629;2629;2629;2629;2629;2629;2629;2629;2629;2629;2628;2628;2628;2628;2627;2627;2627;2627;2626;2626;2627;2627;2628;2628;2629;2630;2630;2631;2631;2632;2632;2633;2635;2636;2638;2639;2641;2642;2644;2645;2647;2648;2650;2651;2667;2669;2671;2672;2674;2676;2677;2679;2681;2682;2684;2666;2668;2669;2671;2673;2674;2676;2678;2679;2681;2683;2684;2686;2687;2688;2689;2690;2691;2692;2693;2694;2695;2696;2697;2698;2700;2701;2703;2704;2706;2708;2709;2711;2712;2714;2715;2717;2719;2720;2722;2724;2725;2727;2729;2730;2732;2734;2735;2737;2738;2739;2740;2741;2742;2743;2743;2744;2745;2746;2747;2748;2749;2751;2752;2753;2754;2756;2757;2758;2759;2761;2762;2763;2764;2765;2766;2767;2768;2770;2771;2772;2773;2774;2775;2776;2774;2772;2771;2769;2767;2765;2763;2761;2760;2758;2756;2754;2757;2760;2763;2766;2769;2772;2774;2777;2780;2783;2786;2789;2790;2791;2792;2793;2794;2795;2795;2796;2797;2798;2799;2800;2801;2802;2803;2804;2805;2806;2806;2807;2808;2809;2810;2811
520396;BURITINOPOLIS;3394;3393;3391;3390;3388;3387;3385;3384;3382;3381;3379;3378;3376;3375;3375;3374;3373;3373;3372;3371;3371;3370;3369;3369;3368;3368;3367;3367;3367;3366;3366;3366;3365;3365;3365;3364;3364;3363;3362;3361;3359;3358;3357;3356;3355;3354;3352;3351;3350;3349;3347;3346;3344;3343;3341;3340;3338;3337;3335;3334;3332;3315;3314;3313;3312;3311;3310;3309;3308;3307;3306;3306;3316;3315;3314;3313;3312;3311;3311;3310;3309;3308;3307;3306;3305;3303;3300;3298;3295;3293;3291;3288;3286;3283;3281;3278;3276;3274;3273;3271;3269;3267;3266;3264;3262;3260;3259;3257;3255;3254;3253;3253;3252;3251;3250;3249;3248;3248;3247;3246;3245;3244;3243;3241;3240;3239;3238;3236;3235;3234;3233;3231;3230;3228;3225;3223;3221;3218;3216;3214;3211;3209;3207;3204;3202;3200;3199;3197;3195;3194;3192;3190;3189;3187;3185;3184;3182;3179;3175;3172;3168;3165;3161;3158;3154;3151;3147;3144;3140;3141;3142;3144;3145;3146;3147;3148;3149;3151;3152;3153;3154;3153;3152;3151;3149;3148;3147;3146;3145;3144;3142;3141;3140;3139;3138;3137;3135;3134;3133;3132;3131;3130;3128;3127;3126
520400;CABECEIRAS;7505;7508;7511;7514;7516;7519;7522;7525;7528;7531;7533;7536;7539;7541;7543;7544;7546;7548;7550;7551;7553;7555;7557;7558;7560;7562;7564;7566;7568;7570;7573;7575;7577;7579;7581;7583;7585;7588;7590;7593;7595;7598;7601;7603;7606;7608;7611;7613;7616;7618;7621;7623;7626;7628;7631;7633;7635;7638;7640;7643;7645;7672;7674;7676;7678;7680;7682;7684;7686;7688;7690;7692;7670;7672;7674;7676;7678;7680;7682;7684;7686;7688;7690;7692;7694;7695;7696;7697;7698;7699;7700;7701;7702;7703;7704;7705;7706;7706;7707;7707;7707;7708;7708;7708;7709;7709;7709;7710;7710;7710;7711;7711;7711;7712;7712;7712;7713;7713;7713;7714;7714;7715;7715;7716;7716;7717;7717;7718;7718;7719;7719;7720;7720;7720;7720;7719;7719;7719;7719;7718;7718;7718;7718;7717;7717;7715;7713;7711;7709;7707;7706;7704;7702;7700;7698;7696;7694;7693;7691;7690;7688;7687;7685;7684;7682;7681;7679;7678;7676;7676;7676;7677;7677;7677;7677;7677;7677;7678;7678;7678;7678;7679;7680;7681;7682;7683;7684;7684;7685;7686;7687;7688;7689;7690;7691;7692;7693;7694;7695;7695;7696;7697;7698;7699;7700
520410;CACHOEIRA ALTA;10583;10596;10609;10621;10634;10647;10660;10672;10685;10698;10711;10723;10736;10745;10753;10762;10771;10779;10788;10797;10805;10814;10823;10831;10840;10849;10858;10867;10876;10885;10894;10903;10912;10921;10930;10939;10948;10956;10965;10973;10981;10989;10998;11006;11014;11022;11031;11039;11047;11055;11064;11072;11080;11089;11097;11105;11114;11122;11130;11139;11147;11248;11255;11262;11270;11277;11284;11291;11299;11306;11313;11320;11240;11247;11255;11262;11269;11276;11284;11291;11298;11305;11313;11320;11327;11333;11339;11346;11352;11358;11364;11370;11376;11383;11389;11395;11401;11406;11411;11416;11421;11426;11431;11436;11441;11446;11451;11456;11461;11467;11474;11480;11486;11493;11499;11505;11512;11518;11524;11531;11537;11544;11550;11557;11563;11570;11576;11583;11589;11596;11602;11609;11615;11618;11622;11625;11628;11632;11635;11638;11642;11645;11648;11652;11655;11658;11661;11664;11667;11670;11673;11675;11678;11681;11684;11687;11690;11693;11696;11698;11701;11704;11707;11709;11712;11715;11718;11720;11723;11729;11734;11740;11745;11751;11756;11762;11767;11773;11778;11784;11789;11794;11800;11805;11811;11816;11822;11827;11832;11838;11843;11849;11854;11859;11865;11870;11876;11881;11887;11892;11897;11903;11908;11914;11919
520420;CACHOEIRA DE GOIAS;1452;1451;1450;1449;1448;1447;1446;1444;1443;1442;1441;1440;1439;1439;1439;1439;1439;1439;1439;1439;1439;1439;1439;1439;1439;1439;1439;1438;1438;1438;1438;1437;1437;1437;1437;1436;1436;1436;1437;1437;1437;1438;1438;1438;1439;1439;1439;1440;1440;1440;1440;1441;1441;1441;1441;1441;1441;1442;1442;1442;1442;1447;1447;1447;1447;1447;1447;1446;1446;1446;1446;1446;1447;1447;1447;1447;1446;1446;1446;1446;1446;1446;1445;1445;1445;1445;1445;1446;1446;1446;1446;1446;1446;1447;1447;1447;1447;1446;1445;1444;1443;1442;1442;1441;1440;1439;1438;1437;1436;1437;1437;1438;1438;1439;1440;1440;1441;1441;1442;1442;1443;1442;1442;1441;1440;1439;1439;1438;1437;1436;1436;1435;1434;1434;1433;1433;1432;1432;1432;1431;1431;1430;1430;1429;1429;1429;1429;1429;1429;1429;1429;1429;1429;1429;1429;1429;1429;1426;1424;1421;1418;1416;1413;1410;1408;1405;1402;1400;1397;1399;1401;1403;1404;1406;1408;1410;1412;1414;1415;1417;1419;1419;1419;1419;1418;1418;1418;1418;1418;1418;1417;1417;1417;1417;1417;1417;1416;1416;1416;1416;1416;1416;1415;1415;1415
520425;CACHOEIRA DOURADA;8475;8471;8468;8464;8461;8457;8454;8450;8446;8443;8439;8436;8432;8428;8424;8420;8416;8412;8408;8404;8400;8396;8392;8388;8384;8382;8380;8378;8376;8374;8372;8369;8367;8365;8363;8361;8359;8356;8353;8350;8347;8344;8341;8338;8335;8332;8329;8326;8323;8319;8316;8312;8308;8304;8301;8297;8293;8289;8286;8282;8278;8238;8234;8229;8225;8221;8216;8212;8208;8203;8199;8195;8241;8237;8232;8228;8224;8219;8215;8211;8206;8202;8198;8193;8189;8186;8183;8180;8177;8174;8171;8168;8165;8162;8159;8156;8153;8148;8143;8138;8133;8128;8124;8119;8114;8109;8104;8099;8094;8091;8088;8085;8081;8078;8075;8072;8069;8066;8062;8059;8056;8052;8048;8045;8041;8037;8033;8029;8025;8022;8018;8014;8010;8005;7999;7994;7988;7983;7977;7972;7966;7961;7955;7950;7944;7939;7933;7928;7922;7917;7911;7906;7900;7895;7889;7884;7878;7874;7870;7866;7861;7857;7853;7849;7845;7841;7836;7832;7828;7826;7824;7821;7819;7817;7815;7812;7810;7808;7806;7803;7801;7798;7795;7791;7788;7785;7782;7778;7775;7772;7769;7765;7762;7759;7756;7752;7749;7746;7743;7739;7736;7733;7730;7726;7723
520430;CACU;13320;13335;13351;13366;13382;13397;13413;13428;13443;13459;13474;13490;13505;13514;13522;13531;13539;13548;13556;13565;13573;13582;13590;13599;13607;13613;13620;13626;13633;13639;13646;13652;13658;13665;13671;13678;13684;13688;13693;13697;13701;13705;13710;13714;13718;13722;13727;13731;13735;13739;13743;13747;13751;13755;13759;13763;13767;13771;13775;13779;13783;13834;13837;13840;13843;13847;13850;13853;13856;13859;13862;13866;13830;13833;13836;13840;13843;13846;13849;13852;13855;13859;13862;13865;13868;13871;13874;13877;13880;13883;13886;13889;13892;13895;13898;13901;13904;13906;13909;13911;13913;13916;13918;13920;13923;13925;13927;13930;13932;13936;13939;13943;13947;13950;13954;13958;13961;13965;13969;13972;13976;13979;13982;13984;13987;13990;13993;13995;13998;14001;14004;14006;14009;14009;14009;14009;14009;14009;14010;14010;14010;14010;14010;14010;14010;14009;14009;14008;14007;14007;14006;14005;14005;14004;14003;14003;14002;14002;14002;14002;14002;14002;14002;14001;14001;14001;14001;14001;14001;14001;14002;14002;14003;14003;14004;14004;14004;14005;14005;14006;14006;14008;14011;14013;14015;14018;14020;14022;14025;14027;14029;14032;14034;14036;14039;14041;14043;14046;14048;14050;14053;14055;14057;14060;14062
520440;CAIAPONIA;16983;16991;17000;17008;17016;17025;17033;17041;17050;17058;17066;17075;17083;17085;17087;17089;17091;17093;17096;17098;17100;17102;17104;17106;17108;17107;17107;17106;17106;17105;17105;17104;17103;17103;17102;17102;17101;17100;17098;17097;17095;17094;17092;17091;17089;17088;17086;17085;17083;17082;17081;17080;17079;17078;17078;17077;17076;17075;17074;17073;17072;17049;17047;17044;17041;17039;17036;17033;17031;17028;17025;17023;17051;17048;17046;17043;17040;17038;17035;17032;17030;17027;17024;17022;17019;17016;17014;17011;17008;17005;17003;17000;16997;16994;16992;16989;16986;16983;16981;16978;16975;16972;16970;16967;16964;16961;16959;16956;16953;16951;16949;16947;16945;16943;16941;16938;16936;16934;16932;16930;16928;16927;16926;16925;16924;16923;16922;16921;16920;16919;16918;16917;16916;16912;16908;16904;16900;16896;16892;16888;16884;16880;16876;16872;16868;16861;16854;16847;16839;16832;16825;16818;16811;16804;16796;16789;16782;16776;16770;16764;16758;16752;16747;16741;16735;16729;16723;16717;16711;16706;16702;16697;16692;16688;16683;16678;16674;16669;16664;16660;16655;16653;16651;16648;16646;16644;16642;16639;16637;16635;16633;16630;16628;16626;16624;16621;16619;16617;16615;16612;16610;16608;16606;16603;16601
520450;CALDAS NOVAS;70053;70220;70387;70554;70720;70887;71054;71221;71388;71555;71721;71888;72055;72218;72380;72543;72706;72868;73031;73194;73356;73519;73682;73844;74007;74182;74358;74533;74708;74884;75059;75234;75410;75585;75760;75936;76111;76299;76487;76675;76862;77050;77238;77426;77614;77802;77989;78177;78365;78564;78762;78961;79159;79358;79556;79755;79953;80152;80350;80549;80747;83427;83631;83834;84037;84241;84444;84648;84851;85055;85258;85461;83221;83424;83628;83831;84035;84238;84442;84645;84848;85052;85255;85459;85662;85864;86065;86267;86468;86670;86872;87073;87275;87476;87678;87879;88081;88283;88486;88688;88890;89093;89295;89497;89700;89902;90104;90307;90509;90718;90927;91136;91345;91554;91763;91972;92181;92390;92599;92808;93017;93227;93438;93648;93858;94068;94279;94489;94699;94909;95120;95330;95540;95738;95936;96133;96331;96529;96727;96924;97122;97320;97518;97715;97913;98101;98288;98476;98663;98851;99038;99226;99413;99601;99788;99976;100163;100354;100546;100737;100928;101119;101311;101502;101693;101884;102076;102267;102458;102652;102846;103041;103235;103429;103623;103817;104011;104206;104400;104594;104788;104957;105127;105296;105465;105635;105804;105973;106143;106312;106481;106651;106820;106989;107159;107328;107497;107667;107836;108005;108175;108344;108513;108683;108852
520455;CALDAZINHA;3385;3389;3393;3397;3401;3405;3409;3412;3416;3420;3424;3428;3432;3437;3442;3447;3452;3457;3462;3467;3472;3477;3482;3487;3492;3498;3504;3509;3515;3521;3527;3532;3538;3544;3550;3555;3561;3569;3576;3584;3591;3599;3606;3614;3621;3629;3636;3644;3651;3660;3669;3678;3686;3695;3704;3713;3722;3731;3739;3748;3757;3876;3885;3894;3903;3912;3921;3930;3939;3948;3957;3966;3867;3876;3885;3894;3903;3912;3921;3930;3939;3948;3957;3966;3975;3983;3991;4000;4008;4016;4024;4032;4040;4049;4057;4065;4073;4081;4090;4098;4107;4115;4124;4132;4140;4149;4157;4166;4174;4183;4192;4200;4209;4218;4227;4235;4244;4253;4262;4270;4279;4289;4298;4308;4317;4327;4336;4346;4355;4365;4374;4384;4393;4401;4409;4417;4425;4433;4441;4449;4457;4465;4473;4481;4489;4496;4503;4510;4517;4524;4531;4537;4544;4551;4558;4565;4572;4577;4582;4587;4591;4596;4601;4606;4611;4616;4620;4625;4630;4639;4648;4656;4665;4674;4683;4691;4700;4709;4718;4726;4735;4742;4749;4756;4763;4770;4777;4784;4791;4798;4805;4812;4819;4826;4833;4840;4847;4854;4861;4868;4875;4882;4889;4896;4903
520460;CAMPESTRE DE GOIAS;3460;3460;3459;3459;3458;3458;3457;3457;3456;3456;3455;3455;3454;3456;3458;3460;3462;3464;3466;3467;3469;3471;3473;3475;3477;3479;3480;3482;3483;3485;3487;3488;3490;3491;3493;3494;3496;3499;3501;3504;3507;3509;3512;3515;3517;3520;3523;3525;3528;3531;3533;3536;3538;3541;3544;3546;3549;3551;3554;3556;3559;3594;3595;3597;3599;3600;3602;3604;3605;3607;3609;3610;3591;3593;3594;3596;3598;3599;3601;3603;3604;3606;3608;3609;3611;3614;3618;3621;3624;3627;3631;3634;3637;3640;3644;3647;3650;3652;3655;3657;3659;3662;3664;3666;3669;3671;3673;3676;3678;3682;3686;3690;3694;3698;3703;3707;3711;3715;3719;3723;3727;3731;3734;3738;3742;3745;3749;3753;3756;3760;3764;3767;3771;3772;3774;3775;3776;3778;3779;3780;3782;3783;3784;3786;3787;3789;3791;3793;3795;3797;3799;3801;3803;3805;3807;3809;3811;3811;3811;3811;3810;3810;3810;3810;3810;3810;3809;3809;3809;3813;3817;3820;3824;3828;3832;3835;3839;3843;3847;3850;3854;3856;3858;3860;3862;3864;3867;3869;3871;3873;3875;3877;3879;3881;3883;3885;3887;3889;3892;3894;3896;3898;3900;3902;3904
520465;CAMPINACU;3765;3764;3763;3762;3760;3759;3758;3757;3756;3755;3753;3752;3751;3751;3750;3750;3749;3749;3748;3748;3747;3747;3746;3746;3745;3746;3746;3747;3747;3748;3748;3749;3749;3750;3750;3751;3751;3751;3751;3750;3750;3750;3750;3749;3749;3749;3749;3748;3748;3749;3750;3750;3751;3752;3753;3753;3754;3755;3756;3756;3757;3766;3765;3765;3764;3763;3763;3762;3762;3761;3760;3760;3765;3764;3764;3763;3763;3762;3762;3761;3760;3760;3759;3759;3758;3759;3761;3762;3763;3765;3766;3767;3769;3770;3771;3773;3774;3774;3773;3773;3772;3772;3771;3771;3770;3770;3769;3769;3768;3769;3769;3770;3771;3771;3772;3773;3773;3774;3775;3775;3776;3776;3777;3777;3777;3778;3778;3778;3779;3779;3779;3780;3780;3779;3778;3778;3777;3776;3775;3774;3773;3773;3772;3771;3770;3770;3770;3770;3770;3770;3770;3769;3769;3769;3769;3769;3769;3766;3764;3761;3759;3756;3754;3751;3748;3746;3743;3741;3738;3740;3741;3743;3745;3746;3748;3750;3751;3753;3755;3756;3758;3758;3758;3759;3759;3759;3759;3759;3759;3760;3760;3760;3760;3760;3760;3761;3761;3761;3761;3761;3761;3762;3762;3762;3762
520470;CAMPINORTE;11105;11115;11126;11136;11147;11157;11168;11178;11188;11199;11209;11220;11230;11238;11247;11255;11263;11271;11280;11288;11296;11304;11313;11321;11329;11340;11350;11361;11371;11382;11393;11403;11414;11424;11435;11445;11456;11467;11478;11489;11500;11511;11522;11532;11543;11554;11565;11576;11587;11599;11611;11622;11634;11646;11658;11669;11681;11693;11705;11716;11728;11882;11892;11902;11913;11923;11933;11943;11954;11964;11974;11984;11870;11880;11891;11901;11911;11921;11932;11942;11952;11962;11973;11983;11993;12004;12015;12025;12036;12047;12058;12068;12079;12090;12101;12111;12122;12131;12140;12149;12158;12167;12176;12184;12193;12202;12211;12220;12229;12240;12251;12263;12274;12285;12296;12307;12318;12330;12341;12352;12363;12375;12386;12398;12409;12421;12433;12444;12456;12467;12479;12490;12502;12510;12519;12527;12536;12544;12553;12561;12569;12578;12586;12595;12603;12610;12617;12624;12631;12638;12645;12651;12658;12665;12672;12679;12686;12693;12700;12707;12713;12720;12727;12734;12741;12748;12754;12761;12768;12777;12787;12796;12805;12814;12824;12833;12842;12851;12861;12870;12879;12888;12896;12905;12914;12922;12931;12940;12948;12957;12966;12974;12983;12992;13000;13009;13018;13026;13035;13044;13052;13061;13070;13078;13087
520480;CAMPO ALEGRE DE GOIAS;6015;6027;6039;6051;6063;6075;6088;6100;6112;6124;6136;6148;6160;6171;6182;6194;6205;6216;6227;6238;6249;6261;6272;6283;6294;6304;6315;6325;6336;6346;6357;6367;6377;6388;6398;6409;6419;6430;6440;6451;6461;6472;6482;6493;6503;6514;6524;6535;6545;6556;6568;6579;6590;6602;6613;6624;6636;6647;6658;6670;6681;6827;6837;6846;6856;6866;6875;6885;6894;6904;6914;6923;6816;6826;6835;6845;6854;6864;6874;6883;6893;6902;6912;6921;6931;6941;6951;6961;6971;6981;6992;7002;7012;7022;7032;7042;7052;7060;7068;7076;7084;7092;7100;7108;7116;7124;7132;7140;7148;7157;7167;7176;7185;7195;7204;7213;7223;7232;7241;7251;7260;7268;7276;7283;7291;7299;7307;7314;7322;7330;7338;7345;7353;7361;7369;7377;7385;7393;7402;7410;7418;7426;7434;7442;7450;7457;7464;7471;7478;7485;7492;7499;7506;7513;7520;7527;7534;7540;7546;7552;7557;7563;7569;7575;7581;7587;7592;7598;7604;7613;7622;7631;7640;7649;7658;7666;7675;7684;7693;7702;7711;7719;7727;7735;7743;7751;7759;7767;7775;7783;7791;7799;7807;7815;7823;7831;7839;7847;7855;7863;7871;7879;7887;7895;7903
520485;CAMPO LIMPO DE GOIAS;6185;6198;6211;6224;6237;6250;6263;6276;6289;6302;6315;6328;6341;6354;6367;6380;6392;6405;6418;6431;6444;6457;6469;6482;6495;6506;6518;6529;6540;6551;6563;6574;6585;6596;6608;6619;6630;6644;6658;6673;6687;6701;6715;6729;6743;6758;6772;6786;6800;6813;6827;6840;6853;6866;6880;6893;6906;6919;6933;6946;6959;7138;7151;7165;7179;7192;7206;7220;7233;7247;7261;7274;7124;7138;7151;7165;7179;7192;7206;7220;7233;7247;7261;7274;7288;7300;7312;7325;7337;7349;7361;7373;7385;7398;7410;7422;7434;7446;7458;7471;7483;7495;7507;7519;7531;7544;7556;7568;7580;7594;7607;7621;7634;7648;7662;7675;7689;7702;7716;7729;7743;7756;7768;7781;7794;7806;7819;7832;7844;7857;7870;7882;7895;7907;7919;7931;7942;7954;7966;7978;7990;8002;8013;8025;8037;8048;8058;8069;8079;8090;8101;8111;8122;8132;8143;8153;8164;8174;8185;8195;8205;8215;8226;8236;8246;8256;8267;8277;8287;8301;8314;8328;8341;8355;8368;8382;8395;8409;8422;8436;8449;8460;8471;8482;8492;8503;8514;8525;8536;8547;8557;8568;8579;8590;8601;8612;8622;8633;8644;8655;8666;8677;8687;8698;8709
520490;CAMPOS BELOS;18823;18828;18832;18837;18841;18846;18851;18855;18860;18864;18869;18873;18878;18878;18878;18877;18877;18877;18877;18876;18876;18876;18876;18875;18875;18877;18879;18881;18883;18885;18887;18888;18890;18892;18894;18896;18898;18898;18899;18899;18899;18900;18900;18900;18901;18901;18901;18902;18902;18902;18902;18901;18901;18901;18901;18900;18900;18900;18900;18899;18899;18907;18905;18903;18901;18900;18898;18896;18894;18893;18891;18889;18906;18904;18903;18901;18899;18897;18896;18894;18892;18890;18889;18887;18885;18882;18879;18876;18873;18870;18867;18864;18861;18858;18855;18852;18849;18844;18839;18834;18829;18824;18819;18814;18809;18804;18799;18794;18789;18785;18780;18776;18771;18767;18762;18758;18753;18749;18744;18740;18735;18730;18725;18720;18715;18710;18706;18701;18696;18691;18686;18681;18676;18669;18662;18655;18648;18641;18635;18628;18621;18614;18607;18600;18593;18583;18572;18562;18551;18541;18531;18520;18510;18499;18489;18478;18468;18459;18450;18441;18431;18422;18413;18404;18395;18386;18376;18367;18358;18350;18341;18333;18325;18316;18308;18300;18291;18283;18275;18266;18258;18255;18253;18250;18248;18245;18243;18240;18237;18235;18232;18230;18227;18224;18222;18219;18217;18214;18212;18209;18206;18204;18201;18199;18196
520495;CAMPOS VERDES;5364;5347;5330;5313;5296;5279;5263;5246;5229;5212;5195;5178;5161;5149;5137;5125;5112;5100;5088;5076;5064;5052;5039;5027;5015;5006;4997;4988;4979;4970;4962;4953;4944;4935;4926;4917;4908;4900;4893;4885;4877;4870;4862;4854;4847;4839;4831;4824;4816;4808;4801;4793;4785;4777;4770;4762;4754;4746;4739;4731;4723;4620;4612;4604;4596;4587;4579;4571;4563;4555;4547;4538;4628;4620;4612;4604;4595;4587;4579;4571;4563;4555;4546;4538;4530;4521;4513;4504;4496;4487;4479;4470;4461;4453;4444;4436;4427;4420;4413;4405;4398;4391;4384;4376;4369;4362;4355;4347;4340;4334;4328;4321;4315;4309;4303;4296;4290;4284;4278;4271;4265;4259;4253;4247;4240;4234;4228;4222;4216;4210;4203;4197;4191;4184;4177;4170;4163;4156;4150;4143;4136;4129;4122;4115;4108;4102;4095;4089;4082;4076;4070;4063;4057;4050;4044;4037;4031;4024;4016;4009;4002;3994;3987;3980;3972;3965;3958;3950;3943;3939;3936;3932;3928;3925;3921;3917;3914;3910;3906;3903;3899;3893;3886;3880;3873;3867;3861;3854;3848;3841;3835;3828;3822;3816;3809;3803;3796;3790;3784;3777;3771;3764;3758;3751;3745
520500;CARMO DO RIO VERDE;9074;9081;9087;9094;9100;9107;9114;9120;9127;9133;9140;9146;9153;9157;9161;9165;9169;9173;9178;9182;9186;9190;9194;9198;9202;9208;9213;9219;9225;9230;9236;9242;9247;9253;9259;9264;9270;9275;9280;9285;9290;9295;9300;9305;9310;9315;9320;9325;9330;9337;9343;9350;9356;9363;9370;9376;9383;9389;9396;9402;9409;9489;9495;9501;9507;9513;9519;9525;9531;9537;9543;9549;9483;9489;9495;9501;9507;9513;9519;9525;9531;9537;9543;9549;9555;9560;9565;9570;9575;9580;9585;9590;9595;9600;9605;9610;9615;9621;9626;9632;9637;9643;9649;9654;9660;9665;9671;9676;9682;9688;9693;9699;9704;9710;9716;9721;9727;9732;9738;9743;9749;9754;9759;9764;9769;9774;9779;9783;9788;9793;9798;9803;9808;9812;9817;9821;9825;9829;9834;9838;9842;9846;9851;9855;9859;9861;9863;9865;9866;9868;9870;9872;9874;9876;9877;9879;9881;9883;9885;9887;9889;9891;9893;9894;9896;9898;9900;9902;9904;9907;9910;9912;9915;9918;9921;9923;9926;9929;9932;9934;9937;9941;9946;9950;9954;9958;9963;9967;9971;9975;9980;9984;9988;9992;9997;10001;10005;10009;10014;10018;10022;10026;10031;10035;10039
520505;CASTELANDIA;3700;3696;3693;3689;3686;3682;3679;3675;3671;3668;3664;3661;3657;3654;3652;3649;3647;3644;3642;3639;3636;3634;3631;3629;3626;3622;3619;3615;3611;3608;3604;3600;3597;3593;3589;3586;3582;3578;3574;3570;3566;3562;3558;3554;3550;3546;3542;3538;3534;3528;3522;3517;3511;3505;3499;3493;3487;3482;3476;3470;3464;3404;3399;3394;3389;3384;3379;3374;3369;3364;3359;3354;3409;3404;3399;3394;3389;3384;3379;3374;3369;3364;3359;3354;3349;3343;3338;3332;3327;3321;3316;3310;3304;3299;3293;3288;3282;3276;3270;3264;3258;3252;3247;3241;3235;3229;3223;3217;3211;3207;3203;3199;3194;3190;3186;3182;3178;3174;3169;3165;3161;3157;3152;3148;3144;3139;3135;3131;3126;3122;3118;3113;3109;3104;3100;3095;3090;3086;3081;3076;3072;3067;3062;3058;3053;3048;3043;3038;3032;3027;3022;3017;3012;3007;3001;2996;2991;2986;2981;2975;2970;2965;2960;2954;2949;2944;2939;2933;2928;2927;2927;2926;2926;2925;2925;2924;2923;2923;2922;2922;2921;2917;2913;2909;2904;2900;2896;2892;2888;2884;2879;2875;2871;2867;2863;2859;2854;2850;2846;2842;2838;2834;2829;2825;2821
520510;CATALAO;86641;86828;87016;87203;87390;87577;87765;87952;88139;88326;88514;88701;88888;89068;89248;89428;89608;89788;89968;90147;90327;90507;90687;90867;91047;91239;91431;91623;91815;92007;92199;92390;92582;92774;92966;93158;93350;93546;93741;93937;94133;94328;94524;94720;94915;95111;95307;95502;95698;95899;96100;96301;96502;96703;96904;97104;97305;97506;97707;97908;98109;100730;100926;101123;101319;101516;101712;101909;102105;102302;102498;102695;100528;100725;100921;101118;101314;101511;101707;101904;102100;102297;102493;102690;102886;103078;103271;103463;103655;103847;104040;104232;104424;104616;104809;105001;105193;105382;105572;105761;105950;106139;106329;106518;106707;106896;107086;107275;107464;107658;107851;108045;108239;108432;108626;108820;109013;109207;109401;109594;109788;109980;110171;110363;110554;110746;110938;111129;111321;111512;111704;111895;112087;112263;112439;112616;112792;112968;113144;113320;113496;113673;113849;114025;114201;114373;114544;114716;114888;115059;115231;115403;115574;115746;115918;116089;116261;116444;116628;116811;116994;117178;117361;117544;117728;117911;118094;118278;118461;118655;118849;119043;119237;119431;119625;119819;120013;120207;120401;120595;120789;120953;121118;121282;121446;121610;121775;121939;122103;122267;122432;122596;122760;122924;123089;123253;123417;123581;123746;123910;124074;124238;124403;124567;124731
520520;CATURAI;4764;4768;4772;4777;4781;4785;4789;4793;4797;4802;4806;4810;4814;4817;4820;4823;4825;4828;4831;4834;4837;4840;4842;4845;4848;4852;4855;4859;4862;4866;4870;4873;4877;4880;4884;4887;4891;4896;4901;4905;4910;4915;4920;4924;4929;4934;4939;4943;4948;4952;4956;4960;4963;4967;4971;4975;4979;4983;4986;4990;4994;5055;5059;5062;5066;5070;5074;5078;5082;5085;5089;5093;5050;5054;5058;5062;5065;5069;5073;5077;5081;5085;5088;5092;5096;5100;5103;5107;5111;5114;5118;5122;5125;5129;5133;5136;5140;5143;5147;5150;5154;5157;5161;5164;5167;5171;5174;5178;5181;5183;5185;5187;5188;5190;5192;5194;5196;5198;5199;5201;5203;5206;5209;5212;5215;5218;5221;5224;5227;5230;5233;5236;5239;5241;5242;5244;5245;5247;5249;5250;5252;5253;5255;5256;5258;5259;5260;5261;5262;5263;5264;5265;5266;5267;5268;5269;5270;5271;5272;5273;5273;5274;5275;5276;5277;5278;5278;5279;5280;5283;5286;5290;5293;5296;5299;5302;5305;5309;5312;5315;5318;5321;5324;5327;5329;5332;5335;5338;5341;5344;5346;5349;5352;5355;5358;5361;5363;5366;5369;5372;5375;5378;5380;5383;5386
520530;CAVALCANTE;9638;9638;9638;9638;9638;9638;9638;9638;9638;9638;9638;9638;9638;9639;9640;9641;9642;9643;9644;9645;9646;9647;9648;9649;9650;9652;9655;9657;9659;9661;9664;9666;9668;9670;9673;9675;9677;9680;9684;9687;9690;9693;9697;9700;9703;9706;9710;9713;9716;9719;9722;9725;9728;9731;9734;9737;9740;9743;9746;9749;9752;9791;9793;9794;9796;9797;9799;9801;9802;9804;9805;9807;9788;9790;9791;9793;9794;9796;9798;9799;9801;9802;9804;9805;9807;9808;9808;9809;9810;9810;9811;9812;9812;9813;9814;9814;9815;9815;9814;9814;9814;9813;9813;9813;9812;9812;9812;9811;9811;9811;9810;9810;9809;9809;9808;9808;9807;9807;9806;9806;9805;9805;9805;9806;9806;9806;9806;9806;9806;9806;9807;9807;9807;9805;9803;9802;9800;9798;9796;9794;9792;9790;9789;9787;9785;9781;9778;9774;9770;9767;9763;9759;9756;9752;9748;9745;9741;9740;9739;9738;9736;9735;9734;9733;9732;9731;9729;9728;9727;9727;9726;9726;9725;9725;9724;9724;9723;9723;9722;9722;9721;9722;9723;9723;9724;9725;9726;9726;9727;9728;9729;9729;9730;9731;9732;9732;9733;9734;9735;9735;9736;9737;9738;9738;9739
520540;CERES;21128;21134;21140;21146;21152;21158;21164;21170;21176;21182;21188;21194;21200;21205;21211;21216;21221;21226;21232;21237;21242;21247;21253;21258;21263;21271;21279;21286;21294;21302;21310;21317;21325;21333;21341;21348;21356;21366;21376;21386;21395;21405;21415;21425;21435;21445;21454;21464;21474;21484;21494;21504;21513;21523;21533;21543;21553;21563;21572;21582;21592;21726;21735;21743;21751;21760;21768;21776;21785;21793;21801;21810;21716;21724;21733;21741;21749;21758;21766;21774;21783;21791;21799;21808;21816;21824;21832;21840;21848;21856;21865;21873;21881;21889;21897;21905;21913;21923;21932;21942;21951;21961;21970;21980;21989;21999;22008;22018;22027;22037;22048;22058;22069;22079;22090;22100;22110;22121;22131;22142;22152;22161;22171;22180;22189;22199;22208;22217;22227;22236;22245;22255;22264;22270;22277;22283;22289;22295;22302;22308;22314;22320;22327;22333;22339;22342;22345;22348;22351;22354;22358;22361;22364;22367;22370;22373;22376;22380;22384;22388;22392;22396;22401;22405;22409;22413;22417;22421;22425;22430;22435;22440;22445;22450;22455;22459;22464;22469;22474;22479;22484;22491;22498;22506;22513;22520;22527;22534;22541;22549;22556;22563;22570;22577;22584;22592;22599;22606;22613;22620;22627;22635;22642;22649;22656
520545;CEZARINA;7656;7662;7667;7673;7678;7684;7689;7695;7700;7706;7711;7717;7722;7725;7727;7730;7732;7735;7738;7740;7743;7745;7748;7750;7753;7756;7758;7761;7764;7766;7769;7772;7774;7777;7780;7782;7785;7790;7795;7799;7804;7809;7814;7818;7823;7828;7833;7837;7842;7846;7850;7854;7857;7861;7865;7869;7873;7877;7880;7884;7888;7940;7944;7948;7952;7956;7960;7965;7969;7973;7977;7981;7936;7940;7944;7948;7952;7956;7961;7965;7969;7973;7977;7981;7985;7989;7992;7996;7999;8003;8007;8010;8014;8017;8021;8024;8028;8032;8036;8041;8045;8049;8053;8057;8061;8066;8070;8074;8078;8082;8086;8090;8094;8098;8102;8106;8110;8114;8118;8122;8126;8131;8135;8140;8145;8149;8154;8159;8163;8168;8173;8177;8182;8185;8188;8192;8195;8198;8201;8204;8207;8211;8214;8217;8220;8221;8221;8222;8223;8223;8224;8225;8225;8226;8227;8227;8228;8229;8230;8231;8232;8233;8235;8236;8237;8238;8239;8240;8241;8243;8245;8247;8249;8251;8253;8255;8257;8259;8261;8263;8265;8268;8271;8274;8277;8280;8283;8286;8289;8292;8295;8298;8301;8304;8307;8310;8313;8316;8319;8322;8325;8328;8331;8334;8337
520547;CHAPADAO DO CEU;6736;6765;6793;6822;6850;6879;6908;6936;6965;6993;7022;7050;7079;7106;7133;7160;7187;7214;7242;7269;7296;7323;7350;7377;7404;7434;7463;7493;7522;7552;7582;7611;7641;7670;7700;7729;7759;7793;7827;7862;7896;7930;7964;7998;8032;8067;8101;8135;8169;8207;8245;8283;8321;8359;8397;8434;8472;8510;8548;8586;8624;9174;9217;9260;9303;9346;9389;9431;9474;9517;9560;9603;9132;9175;9218;9261;9303;9346;9389;9432;9475;9518;9560;9603;9646;9690;9734;9777;9821;9865;9909;9952;9996;10040;10084;10127;10171;10215;10258;10302;10345;10389;10433;10476;10520;10563;10607;10650;10694;10741;10787;10834;10881;10927;10974;11021;11067;11114;11161;11207;11254;11302;11350;11399;11447;11495;11543;11591;11639;11688;11736;11784;11832;11879;11927;11974;12021;12068;12116;12163;12210;12257;12305;12352;12399;12443;12487;12530;12574;12618;12662;12705;12749;12793;12837;12880;12924;12964;13004;13043;13083;13123;13163;13202;13242;13282;13322;13361;13401;13442;13484;13525;13566;13608;13649;13690;13732;13773;13814;13856;13897;13932;13968;14003;14038;14074;14109;14144;14180;14215;14250;14286;14321;14356;14392;14427;14462;14498;14533;14568;14604;14639;14674;14710;14745
520549;CIDADE OCIDENTAL;55225;55372;55519;55666;55813;55960;56107;56254;56401;56548;56695;56842;56989;57165;57341;57517;57693;57869;58045;58220;58396;58572;58748;58924;59100;59309;59518;59727;59936;60145;60354;60562;60771;60980;61189;61398;61607;61839;62070;62302;62534;62765;62997;63229;63460;63692;63924;64155;64387;64631;64875;65119;65363;65607;65851;66095;66339;66583;66827;67071;67315;70617;70875;71132;71390;71648;71905;72163;72421;72678;72936;73194;70363;70621;70878;71136;71394;71651;71909;72167;72424;72682;72940;73197;73455;73710;73964;74219;74473;74728;74983;75237;75492;75746;76001;76255;76510;76764;77018;77271;77525;77779;78033;78286;78540;78794;79048;79301;79555;79817;80080;80342;80605;80867;81130;81392;81654;81917;82179;82442;82704;82971;83238;83505;83772;84039;84306;84573;84840;85107;85374;85641;85908;86172;86437;86701;86965;87229;87494;87758;88022;88286;88551;88815;89079;89343;89607;89871;90135;90399;90664;90928;91192;91456;91720;91984;92248;92521;92794;93067;93340;93613;93887;94160;94433;94706;94979;95252;95525;95812;96098;96385;96671;96958;97244;97531;97817;98104;98390;98677;98963;99180;99398;99615;99832;100049;100267;100484;100701;100918;101136;101353;101570;101787;102005;102222;102439;102656;102874;103091;103308;103525;103743;103960;104177
520551;COCALZINHO DE GOIAS;17477;17504;17531;17557;17584;17611;17638;17664;17691;17718;17745;17771;17798;17834;17870;17906;17941;17977;18013;18049;18085;18121;18156;18192;18228;18274;18321;18367;18413;18460;18506;18552;18599;18645;18691;18738;18784;18837;18889;18942;18995;19047;19100;19153;19205;19258;19311;19363;19416;19472;19528;19583;19639;19695;19751;19806;19862;19918;19974;20029;20085;20842;20899;20955;21011;21067;21124;21180;21236;21292;21349;21405;20784;20840;20897;20953;21009;21065;21122;21178;21234;21290;21347;21403;21459;21516;21573;21630;21687;21744;21801;21858;21915;21972;22029;22086;22143;22197;22252;22306;22360;22414;22469;22523;22577;22631;22686;22740;22794;22850;22906;22961;23017;23073;23129;23184;23240;23296;23352;23407;23463;23519;23576;23632;23688;23745;23801;23857;23914;23970;24026;24083;24139;24193;24246;24300;24353;24407;24460;24514;24567;24621;24674;24728;24781;24832;24882;24933;24983;25034;25085;25135;25186;25236;25287;25337;25388;25439;25490;25541;25592;25643;25695;25746;25797;25848;25899;25950;26001;26054;26107;26160;26213;26266;26320;26373;26426;26479;26532;26585;26638;26685;26731;26778;26824;26871;26917;26964;27010;27057;27103;27150;27196;27243;27289;27336;27382;27429;27475;27522;27568;27615;27661;27708;27754
520552;COLINAS DO SUL;3652;3651;3650;3649;3648;3647;3646;3645;3644;3643;3642;3641;3640;3641;3642;3643;3644;3645;3646;3647;3648;3649;3650;3651;3652;3655;3657;3660;3662;3665;3668;3670;3673;3675;3678;3680;3683;3687;3691;3694;3698;3702;3706;3709;3713;3717;3721;3724;3728;3732;3736;3740;3744;3748;3752;3755;3759;3763;3767;3771;3775;3829;3833;3838;3842;3846;3850;3854;3858;3863;3867;3871;3825;3829;3833;3838;3842;3846;3850;3854;3858;3863;3867;3871;3875;3879;3883;3887;3891;3895;3899;3903;3907;3911;3915;3919;3923;3926;3928;3931;3934;3936;3939;3942;3944;3947;3950;3952;3955;3959;3962;3966;3970;3973;3977;3981;3984;3988;3992;3995;3999;4003;4006;4010;4014;4017;4021;4025;4028;4032;4036;4039;4043;4046;4049;4052;4055;4058;4061;4063;4066;4069;4072;4075;4078;4080;4082;4084;4086;4088;4090;4091;4093;4095;4097;4099;4101;4101;4101;4101;4101;4101;4102;4102;4102;4102;4102;4102;4102;4106;4111;4115;4119;4123;4128;4132;4136;4140;4145;4149;4153;4156;4159;4162;4165;4168;4171;4173;4176;4179;4182;4185;4188;4191;4194;4197;4200;4203;4206;4208;4211;4214;4217;4220;4223
520570;CORREGO DO OURO;2740;2736;2732;2729;2725;2721;2717;2713;2709;2706;2702;2698;2694;2692;2689;2687;2684;2682;2679;2677;2674;2672;2669;2667;2664;2663;2662;2660;2659;2658;2657;2655;2654;2653;2652;2650;2649;2649;2648;2648;2647;2647;2646;2646;2645;2645;2644;2644;2643;2641;2639;2637;2635;2633;2631;2628;2626;2624;2622;2620;2618;2602;2601;2600;2599;2598;2597;2596;2595;2594;2594;2593;2603;2602;2601;2600;2599;2598;2598;2597;2596;2595;2594;2593;2592;2590;2588;2586;2583;2581;2579;2577;2575;2573;2570;2568;2566;2565;2564;2563;2562;2561;2560;2558;2557;2556;2555;2554;2553;2552;2552;2551;2550;2549;2549;2548;2547;2546;2546;2545;2544;2543;2542;2541;2540;2539;2539;2538;2537;2536;2535;2534;2533;2531;2530;2528;2526;2525;2523;2521;2520;2518;2516;2515;2513;2511;2510;2508;2506;2504;2503;2501;2499;2497;2496;2494;2492;2489;2485;2482;2479;2475;2472;2469;2465;2462;2459;2455;2452;2452;2453;2453;2453;2454;2454;2454;2455;2455;2455;2456;2456;2455;2454;2452;2451;2450;2449;2447;2446;2445;2444;2442;2441;2440;2439;2437;2436;2435;2434;2432;2431;2430;2429;2427;2426
520580;CORUMBA DE GOIAS;10583;10585;10588;10590;10592;10594;10597;10599;10601;10603;10606;10608;10610;10613;10615;10618;10620;10623;10626;10628;10631;10633;10636;10638;10641;10644;10648;10651;10654;10657;10661;10664;10667;10670;10674;10677;10680;10683;10686;10688;10691;10694;10697;10699;10702;10705;10708;10710;10713;10716;10719;10722;10725;10728;10731;10734;10737;10740;10743;10746;10749;10784;10785;10787;10788;10789;10791;10792;10794;10795;10796;10798;10781;10782;10784;10785;10787;10788;10790;10791;10792;10794;10795;10797;10798;10799;10800;10800;10801;10802;10803;10803;10804;10805;10806;10806;10807;10808;10809;10810;10810;10811;10812;10813;10814;10815;10815;10816;10817;10818;10818;10819;10819;10820;10820;10821;10821;10822;10822;10823;10823;10823;10822;10822;10822;10821;10821;10821;10820;10820;10820;10819;10819;10817;10816;10814;10813;10811;10810;10808;10806;10805;10803;10802;10800;10797;10794;10792;10789;10786;10783;10780;10777;10775;10772;10769;10766;10763;10760;10757;10754;10751;10749;10746;10743;10740;10737;10734;10731;10730;10728;10727;10725;10724;10723;10721;10720;10718;10717;10715;10714;10715;10716;10717;10717;10718;10719;10720;10721;10722;10722;10723;10724;10725;10726;10727;10727;10728;10729;10730;10731;10732;10732;10733;10734
520590;CORUMBAIBA;8211;8220;8230;8239;8248;8257;8267;8276;8285;8294;8304;8313;8322;8330;8338;8346;8354;8362;8370;8377;8385;8393;8401;8409;8417;8424;8431;8439;8446;8453;8460;8467;8474;8481;8489;8496;8503;8511;8518;8526;8533;8541;8548;8556;8563;8571;8578;8586;8593;8601;8609;8617;8624;8632;8640;8648;8656;8664;8671;8679;8687;8781;8789;8797;8805;8812;8820;8828;8836;8843;8851;8859;8774;8782;8790;8797;8805;8813;8821;8828;8836;8844;8852;8859;8867;8874;8881;8888;8894;8901;8908;8915;8922;8929;8935;8942;8949;8955;8961;8967;8973;8979;8985;8990;8996;9002;9008;9014;9020;9028;9036;9043;9051;9059;9067;9074;9082;9090;9098;9105;9113;9118;9123;9128;9133;9138;9143;9148;9153;9158;9163;9168;9173;9179;9184;9190;9195;9201;9206;9212;9217;9223;9228;9234;9239;9243;9246;9250;9254;9257;9261;9265;9268;9272;9276;9279;9283;9288;9292;9297;9301;9306;9311;9315;9320;9324;9329;9333;9338;9345;9351;9358;9364;9371;9377;9384;9390;9397;9403;9410;9416;9422;9427;9433;9439;9444;9450;9456;9461;9467;9473;9478;9484;9490;9495;9501;9507;9512;9518;9524;9529;9535;9541;9546;9552
520620;CRISTALINA;46342;46439;46537;46634;46731;46829;46926;47023;47121;47218;47315;47413;47510;47607;47704;47800;47897;47994;48091;48187;48284;48381;48478;48574;48671;48777;48883;48989;49095;49201;49308;49414;49520;49626;49732;49838;49944;50054;50163;50273;50382;50492;50601;50711;50820;50930;51039;51149;51258;51371;51485;51598;51711;51824;51938;52051;52164;52277;52391;52504;52617;54096;54207;54319;54430;54542;54653;54765;54876;54988;55099;55211;53982;54094;54205;54317;54428;54540;54651;54763;54874;54986;55097;55209;55320;55428;55536;55644;55752;55860;55968;56075;56183;56291;56399;56507;56615;56723;56831;56939;57047;57155;57263;57371;57479;57587;57695;57803;57911;58022;58133;58244;58354;58465;58576;58687;58798;58909;59019;59130;59241;59352;59464;59575;59686;59798;59909;60020;60132;60243;60354;60466;60577;60682;60786;60891;60996;61100;61205;61310;61414;61519;61624;61728;61833;61935;62038;62140;62243;62345;62448;62550;62652;62755;62857;62960;63062;63170;63278;63385;63493;63601;63709;63816;63924;64032;64140;64247;64355;64468;64580;64693;64805;64918;65030;65143;65255;65368;65480;65593;65705;65799;65892;65986;66079;66173;66266;66360;66453;66547;66640;66734;66827;66921;67014;67108;67201;67295;67388;67482;67575;67669;67762;67856;67949
520630;CRISTIANOPOLIS;3007;3007;3008;3008;3008;3008;3009;3009;3009;3009;3010;3010;3010;3012;3013;3015;3016;3018;3020;3021;3023;3024;3026;3027;3029;3033;3037;3041;3044;3048;3052;3056;3060;3064;3067;3071;3075;3079;3083;3088;3092;3096;3100;3104;3108;3113;3117;3121;3125;3130;3134;3139;3144;3148;3153;3158;3162;3167;3172;3176;3181;3244;3248;3252;3256;3260;3264;3268;3272;3277;3281;3285;3239;3243;3247;3251;3255;3259;3264;3268;3272;3276;3280;3284;3288;3291;3295;3298;3301;3304;3308;3311;3314;3317;3321;3324;3327;3331;3336;3340;3344;3349;3353;3357;3362;3366;3370;3375;3379;3383;3387;3392;3396;3400;3404;3408;3412;3417;3421;3425;3429;3434;3439;3444;3449;3454;3459;3463;3468;3473;3478;3483;3488;3491;3494;3497;3499;3502;3505;3508;3511;3514;3516;3519;3522;3525;3529;3532;3536;3539;3543;3546;3549;3553;3556;3560;3563;3564;3564;3565;3565;3566;3567;3567;3568;3568;3569;3569;3570;3575;3580;3585;3590;3595;3600;3605;3610;3615;3620;3625;3630;3633;3637;3640;3643;3647;3650;3653;3657;3660;3663;3667;3670;3673;3677;3680;3683;3687;3690;3693;3697;3700;3703;3707;3710
520640;CRIXAS;16063;16069;16074;16080;16085;16091;16097;16102;16108;16113;16119;16124;16130;16136;16141;16147;16152;16158;16164;16169;16175;16180;16186;16191;16197;16206;16215;16223;16232;16241;16250;16258;16267;16276;16285;16293;16302;16312;16322;16332;16342;16352;16362;16372;16382;16392;16402;16412;16422;16433;16443;16454;16464;16475;16485;16496;16506;16517;16527;16538;16548;16681;16690;16699;16707;16716;16725;16733;16742;16751;16759;16768;16671;16680;16688;16697;16706;16714;16723;16732;16740;16749;16758;16766;16775;16784;16793;16801;16810;16819;16828;16836;16845;16854;16863;16871;16880;16888;16896;16904;16912;16920;16928;16936;16944;16952;16960;16968;16976;16985;16993;17002;17011;17019;17028;17037;17045;17054;17063;17071;17080;17089;17099;17108;17118;17127;17137;17146;17155;17165;17174;17184;17193;17199;17205;17212;17218;17224;17230;17236;17242;17249;17255;17261;17267;17271;17275;17279;17283;17287;17291;17295;17299;17303;17307;17311;17315;17320;17324;17329;17333;17338;17343;17347;17352;17356;17361;17365;17370;17376;17383;17389;17395;17401;17408;17414;17420;17426;17433;17439;17445;17452;17460;17467;17474;17481;17489;17496;17503;17510;17518;17525;17532;17539;17547;17554;17561;17568;17576;17583;17590;17597;17605;17612;17619
520650;CROMINIA;3666;3665;3664;3663;3661;3660;3659;3658;3657;3656;3654;3653;3652;3653;3654;3656;3657;3658;3659;3660;3661;3663;3664;3665;3666;3668;3669;3671;3672;3674;3676;3677;3679;3680;3682;3683;3685;3687;3690;3692;3694;3696;3699;3701;3703;3705;3708;3710;3712;3715;3717;3720;3722;3725;3728;3730;3733;3735;3738;3740;3743;3780;3782;3785;3787;3789;3792;3794;3796;3799;3801;3803;3777;3779;3782;3784;3786;3789;3791;3793;3796;3798;3800;3803;3805;3807;3809;3812;3814;3816;3818;3820;3822;3825;3827;3829;3831;3834;3837;3840;3842;3845;3848;3851;3854;3857;3859;3862;3865;3867;3869;3870;3872;3874;3876;3877;3879;3881;3883;3884;3886;3889;3892;3895;3898;3901;3905;3908;3911;3914;3917;3920;3923;3924;3926;3927;3928;3930;3931;3932;3934;3935;3936;3938;3939;3940;3941;3941;3942;3943;3944;3944;3945;3946;3947;3947;3948;3947;3946;3945;3944;3943;3942;3941;3940;3939;3938;3937;3936;3939;3943;3946;3950;3953;3957;3960;3963;3967;3970;3974;3977;3979;3981;3983;3984;3986;3988;3990;3992;3994;3995;3997;3999;4001;4003;4005;4006;4008;4010;4012;4014;4016;4017;4019;4021
520660;CUMARI;3063;3061;3060;3058;3056;3054;3053;3051;3049;3047;3046;3044;3042;3042;3042;3042;3042;3042;3042;3041;3041;3041;3041;3041;3041;3040;3040;3039;3039;3038;3038;3037;3036;3036;3035;3035;3034;3034;3033;3033;3032;3032;3031;3031;3030;3030;3029;3029;3028;3028;3029;3029;3029;3029;3030;3030;3030;3030;3031;3031;3031;3036;3036;3035;3035;3034;3034;3033;3033;3032;3032;3031;3036;3036;3035;3035;3034;3034;3033;3033;3032;3032;3031;3031;3030;3030;3029;3029;3028;3028;3028;3027;3027;3026;3026;3025;3025;3024;3023;3022;3021;3020;3019;3017;3016;3015;3014;3013;3012;3012;3012;3011;3011;3011;3011;3010;3010;3010;3010;3009;3009;3009;3008;3008;3007;3007;3007;3006;3006;3005;3005;3004;3004;3003;3002;3000;2999;2998;2997;2995;2994;2993;2992;2990;2989;2988;2988;2987;2987;2986;2986;2985;2984;2984;2983;2983;2982;2979;2977;2974;2971;2968;2966;2963;2960;2957;2955;2952;2949;2950;2950;2951;2951;2952;2952;2953;2953;2954;2954;2955;2955;2955;2954;2954;2954;2953;2953;2953;2952;2952;2952;2951;2951;2951;2950;2950;2950;2949;2949;2949;2948;2948;2948;2947;2947
520670;DAMIANOPOLIS;3367;3368;3370;3371;3372;3373;3375;3376;3377;3378;3380;3381;3382;3383;3385;3386;3387;3388;3390;3391;3392;3393;3395;3396;3397;3400;3403;3405;3408;3411;3414;3416;3419;3422;3425;3427;3430;3434;3438;3442;3446;3450;3454;3457;3461;3465;3469;3473;3477;3481;3485;3489;3493;3497;3501;3505;3509;3513;3517;3521;3525;3567;3571;3574;3577;3581;3584;3587;3591;3594;3597;3601;3564;3567;3571;3574;3577;3581;3584;3587;3591;3594;3597;3601;3604;3607;3610;3614;3617;3620;3623;3626;3629;3633;3636;3639;3642;3646;3650;3653;3657;3661;3665;3668;3672;3676;3680;3683;3687;3691;3694;3698;3701;3705;3708;3712;3715;3719;3722;3726;3729;3733;3737;3741;3744;3748;3752;3756;3760;3764;3767;3771;3775;3777;3779;3781;3782;3784;3786;3788;3790;3792;3793;3795;3797;3800;3802;3805;3807;3810;3812;3815;3817;3820;3822;3825;3827;3827;3827;3827;3827;3827;3828;3828;3828;3828;3828;3828;3828;3833;3837;3842;3847;3851;3856;3861;3865;3870;3875;3879;3884;3887;3890;3892;3895;3898;3901;3903;3906;3909;3912;3914;3917;3920;3923;3925;3928;3931;3934;3936;3939;3942;3945;3947;3950
520680;DAMOLANDIA;2769;2770;2771;2772;2773;2774;2776;2777;2778;2779;2780;2781;2782;2783;2783;2784;2785;2785;2786;2787;2787;2788;2789;2789;2790;2790;2790;2790;2790;2790;2791;2791;2791;2791;2791;2791;2791;2791;2792;2792;2792;2793;2793;2793;2794;2794;2794;2795;2795;2795;2796;2796;2797;2797;2798;2798;2798;2799;2799;2800;2800;2801;2801;2801;2801;2801;2801;2801;2801;2801;2801;2801;2801;2801;2801;2801;2801;2801;2801;2801;2801;2801;2801;2801;2801;2801;2801;2801;2800;2800;2800;2800;2800;2800;2799;2799;2799;2798;2797;2796;2795;2794;2793;2791;2790;2789;2788;2787;2786;2786;2787;2787;2787;2788;2788;2788;2789;2789;2789;2790;2790;2789;2789;2788;2788;2787;2787;2786;2785;2785;2784;2784;2783;2782;2781;2780;2779;2778;2777;2775;2774;2773;2772;2771;2770;2770;2770;2770;2770;2770;2770;2770;2770;2770;2770;2770;2770;2767;2765;2762;2759;2756;2754;2751;2748;2745;2743;2740;2737;2739;2740;2742;2743;2745;2746;2748;2749;2751;2752;2754;2755;2755;2755;2755;2754;2754;2754;2754;2754;2754;2753;2753;2753;2753;2753;2753;2752;2752;2752;2752;2752;2752;2751;2751;2751
520690;DAVINOPOLIS;2084;2085;2085;2086;2086;2087;2088;2088;2089;2089;2090;2090;2091;2091;2091;2091;2091;2091;2091;2090;2090;2090;2090;2090;2090;2089;2088;2086;2085;2084;2083;2081;2080;2079;2078;2076;2075;2074;2074;2073;2072;2071;2071;2070;2069;2068;2068;2067;2066;2066;2066;2065;2065;2065;2065;2064;2064;2064;2064;2063;2063;2052;2051;2050;2048;2047;2046;2045;2043;2042;2041;2040;2053;2052;2051;2049;2048;2047;2046;2044;2043;2042;2041;2039;2038;2036;2035;2033;2031;2029;2028;2026;2024;2022;2021;2019;2017;2016;2015;2013;2012;2011;2010;2008;2007;2006;2005;2003;2002;2001;1999;1998;1997;1995;1994;1993;1991;1990;1989;1987;1986;1985;1984;1983;1982;1981;1980;1979;1978;1977;1976;1975;1974;1971;1968;1966;1963;1960;1957;1954;1951;1949;1946;1943;1940;1939;1937;1936;1935;1933;1932;1931;1929;1928;1927;1925;1924;1920;1916;1912;1908;1904;1900;1896;1892;1888;1884;1880;1876;1878;1880;1882;1884;1886;1889;1891;1893;1895;1897;1899;1901;1900;1899;1898;1897;1896;1895;1894;1893;1892;1891;1890;1889;1888;1887;1886;1885;1884;1883;1882;1881;1880;1879;1878;1877
520710;DIORAMA;2502;2501;2499;2498;2496;2495;2494;2492;2491;2489;2488;2486;2485;2483;2481;2479;2477;2475;2473;2470;2468;2466;2464;2462;2460;2458;2456;2455;2453;2451;2449;2447;2445;2444;2442;2440;2438;2435;2432;2428;2425;2422;2419;2415;2412;2409;2406;2402;2399;2396;2393;2390;2387;2384;2382;2379;2376;2373;2370;2367;2364;2323;2320;2316;2313;2310;2307;2303;2300;2297;2294;2290;2326;2323;2320;2316;2313;2310;2307;2303;2300;2297;2294;2290;2287;2283;2280;2276;2273;2269;2266;2262;2258;2255;2251;2248;2244;2241;2238;2235;2231;2228;2225;2222;2219;2216;2212;2209;2206;2203;2200;2197;2194;2191;2189;2186;2183;2180;2177;2174;2171;2169;2167;2165;2163;2161;2159;2157;2155;2153;2151;2149;2147;2144;2140;2137;2133;2130;2126;2123;2119;2116;2112;2109;2105;2102;2100;2097;2094;2092;2089;2086;2084;2081;2078;2076;2073;2069;2065;2061;2057;2053;2049;2044;2040;2036;2032;2028;2024;2024;2024;2024;2024;2024;2024;2023;2023;2023;2023;2023;2023;2020;2018;2015;2012;2010;2007;2004;2002;1999;1996;1994;1991;1988;1986;1983;1980;1978;1975;1972;1970;1967;1964;1962;1959
520725;DOVERLANDIA;8130;8123;8117;8110;8103;8097;8090;8083;8077;8070;8063;8057;8050;8042;8034;8027;8019;8011;8003;7995;7987;7980;7972;7964;7956;7949;7943;7936;7930;7923;7917;7910;7903;7897;7890;7884;7877;7870;7864;7857;7850;7843;7837;7830;7823;7816;7810;7803;7796;7789;7782;7775;7768;7761;7755;7748;7741;7734;7727;7720;7713;7619;7612;7604;7597;7590;7583;7576;7569;7561;7554;7547;7626;7619;7612;7605;7597;7590;7583;7576;7569;7562;7554;7547;7540;7532;7524;7516;7508;7500;7492;7484;7476;7468;7460;7452;7444;7437;7430;7422;7415;7408;7401;7393;7386;7379;7372;7364;7357;7352;7346;7341;7335;7330;7325;7319;7314;7308;7303;7297;7292;7286;7280;7274;7267;7261;7255;7249;7243;7237;7230;7224;7218;7211;7204;7198;7191;7184;7177;7170;7163;7157;7150;7143;7136;7128;7120;7112;7103;7095;7087;7079;7071;7063;7054;7046;7038;7031;7025;7018;7012;7005;6999;6992;6985;6979;6972;6966;6959;6954;6948;6943;6938;6932;6927;6922;6916;6911;6906;6900;6895;6889;6883;6877;6871;6865;6859;6853;6847;6841;6835;6829;6823;6817;6811;6805;6799;6793;6787;6781;6775;6769;6763;6757;6751
520735;EDEALINA;3829;3828;3828;3827;3827;3826;3826;3825;3824;3824;3823;3823;3822;3823;3823;3824;3824;3825;3825;3826;3826;3827;3827;3828;3828;3829;3830;3830;3831;3832;3833;3833;3834;3835;3836;3836;3837;3840;3842;3845;3847;3850;3853;3855;3858;3860;3863;3865;3868;3870;3871;3873;3875;3876;3878;3880;3881;3883;3885;3886;3888;3922;3922;3923;3924;3924;3925;3926;3926;3927;3928;3928;3919;3920;3920;3921;3922;3922;3923;3924;3924;3925;3926;3926;3927;3929;3931;3934;3936;3938;3940;3942;3944;3947;3949;3951;3953;3955;3956;3958;3959;3961;3962;3964;3965;3967;3968;3970;3971;3973;3975;3978;3980;3982;3984;3986;3988;3991;3993;3995;3997;4000;4003;4005;4008;4011;4014;4016;4019;4022;4025;4027;4030;4030;4030;4030;4030;4030;4031;4031;4031;4031;4031;4031;4031;4032;4034;4035;4037;4038;4040;4041;4042;4044;4045;4047;4048;4048;4048;4048;4048;4048;4048;4047;4047;4047;4047;4047;4047;4050;4054;4057;4060;4064;4067;4070;4074;4077;4080;4084;4087;4088;4090;4091;4093;4094;4096;4097;4098;4100;4101;4103;4104;4105;4107;4108;4110;4111;4113;4114;4115;4117;4118;4120;4121
520740;EDEIA;11442;11446;11450;11454;11458;11462;11467;11471;11475;11479;11483;11487;11491;11494;11497;11500;11503;11506;11509;11511;11514;11517;11520;11523;11526;11530;11535;11539;11543;11548;11552;11556;11561;11565;11569;11574;11578;11581;11585;11588;11592;11595;11599;11602;11605;11609;11612;11616;11619;11623;11626;11630;11633;11637;11641;11644;11648;11651;11655;11658;11662;11714;11716;11718;11721;11723;11725;11727;11729;11731;11734;11736;11710;11712;11714;11717;11719;11721;11723;11725;11727;11730;11732;11734;11736;11739;11742;11746;11749;11752;11755;11758;11761;11765;11768;11771;11774;11776;11779;11781;11783;11786;11788;11790;11793;11795;11797;11800;11802;11806;11810;11814;11817;11821;11825;11829;11833;11837;11840;11844;11848;11852;11855;11859;11863;11866;11870;11874;11877;11881;11885;11888;11892;11893;11895;11896;11898;11899;11901;11902;11903;11905;11906;11908;11909;11910;11911;11912;11913;11914;11915;11916;11917;11918;11919;11920;11921;11922;11922;11923;11924;11924;11925;11926;11926;11927;11928;11928;11929;11931;11933;11935;11937;11939;11941;11943;11945;11947;11949;11951;11953;11955;11958;11960;11963;11965;11968;11970;11972;11975;11977;11980;11982;11984;11987;11989;11992;11994;11997;11999;12001;12004;12006;12009;12011
520750;ESTRELA DO NORTE;3404;3403;3402;3401;3400;3399;3398;3397;3396;3395;3394;3393;3392;3390;3388;3386;3384;3382;3380;3377;3375;3373;3371;3369;3367;3366;3366;3365;3365;3364;3364;3363;3362;3362;3361;3361;3360;3360;3360;3360;3360;3360;3360;3360;3360;3360;3360;3360;3360;3359;3357;3356;3355;3353;3352;3351;3349;3348;3347;3345;3344;3338;3336;3335;3334;3333;3332;3331;3330;3329;3328;3327;3338;3337;3336;3335;3334;3333;3332;3330;3329;3328;3327;3326;3325;3324;3324;3323;3323;3322;3322;3321;3320;3320;3319;3319;3318;3317;3315;3314;3312;3311;3310;3308;3307;3305;3304;3302;3301;3300;3299;3298;3297;3296;3295;3294;3293;3292;3291;3290;3289;3288;3287;3286;3284;3283;3282;3281;3280;3279;3277;3276;3275;3274;3273;3272;3271;3270;3269;3268;3267;3266;3265;3264;3263;3262;3261;3260;3258;3257;3256;3255;3254;3253;3251;3250;3249;3245;3242;3238;3234;3231;3227;3223;3220;3216;3212;3209;3205;3207;3208;3210;3211;3213;3215;3216;3218;3219;3221;3222;3224;3223;3222;3222;3221;3220;3219;3218;3217;3217;3216;3215;3214;3213;3212;3212;3211;3210;3209;3208;3207;3207;3206;3205;3204
520753;FAINA;7225;7221;7218;7214;7211;7207;7204;7200;7196;7193;7189;7186;7182;7180;7178;7176;7174;7172;7170;7167;7165;7163;7161;7159;7157;7157;7157;7158;7158;7158;7158;7158;7158;7159;7159;7159;7159;7159;7160;7160;7160;7161;7161;7161;7162;7162;7162;7163;7163;7164;7166;7167;7168;7169;7171;7172;7173;7174;7176;7177;7178;7185;7186;7187;7188;7189;7190;7192;7193;7194;7195;7196;7184;7185;7186;7188;7189;7190;7191;7192;7193;7195;7196;7197;7198;7199;7200;7201;7201;7202;7203;7204;7205;7206;7206;7207;7208;7208;7208;7208;7207;7207;7207;7207;7207;7207;7206;7206;7206;7207;7208;7210;7211;7212;7213;7214;7215;7217;7218;7219;7220;7221;7222;7223;7224;7225;7227;7228;7229;7230;7231;7232;7233;7232;7231;7230;7229;7228;7227;7225;7224;7223;7222;7221;7220;7218;7216;7214;7212;7210;7209;7207;7205;7203;7201;7199;7197;7195;7194;7192;7190;7189;7187;7185;7184;7182;7180;7179;7177;7176;7175;7174;7173;7172;7171;7169;7168;7167;7166;7165;7164;7164;7165;7165;7165;7165;7166;7166;7166;7166;7167;7167;7167;7167;7168;7168;7168;7168;7169;7169;7169;7169;7170;7170;7170
520760;FAZENDA NOVA;6581;6575;6568;6562;6556;6549;6543;6537;6530;6524;6518;6511;6505;6500;6495;6490;6485;6480;6475;6470;6465;6460;6455;6450;6445;6441;6437;6433;6429;6425;6421;6417;6413;6409;6405;6401;6397;6394;6390;6387;6384;6380;6377;6374;6370;6367;6364;6360;6357;6354;6352;6349;6346;6343;6341;6338;6335;6332;6330;6327;6324;6279;6276;6273;6270;6267;6264;6261;6258;6255;6252;6249;6282;6279;6276;6273;6270;6267;6264;6261;6258;6255;6252;6249;6246;6243;6239;6236;6232;6229;6226;6222;6219;6215;6212;6208;6205;6202;6200;6197;6194;6191;6189;6186;6183;6180;6178;6175;6172;6168;6165;6161;6158;6154;6151;6147;6143;6140;6136;6133;6129;6126;6123;6120;6116;6113;6110;6107;6104;6101;6097;6094;6091;6086;6081;6077;6072;6067;6062;6057;6052;6048;6043;6038;6033;6028;6024;6019;6015;6010;6006;6001;5996;5992;5987;5983;5978;5973;5968;5963;5958;5953;5948;5942;5937;5932;5927;5922;5917;5914;5911;5907;5904;5901;5898;5894;5891;5888;5885;5881;5878;5875;5872;5869;5866;5863;5860;5857;5854;5851;5848;5845;5842;5839;5836;5833;5830;5827;5824;5821;5818;5815;5812;5809;5806
520780;FIRMINOPOLIS;11645;11651;11657;11662;11668;11674;11680;11685;11691;11697;11703;11708;11714;11711;11709;11706;11703;11701;11698;11695;11693;11690;11687;11685;11682;11675;11669;11662;11655;11649;11642;11635;11629;11622;11615;11609;11602;11594;11586;11578;11569;11561;11553;11545;11537;11529;11520;11512;11504;11495;11486;11477;11468;11459;11450;11440;11431;11422;11413;11404;11395;11273;11263;11254;11245;11236;11227;11218;11208;11199;11190;11181;11282;11273;11264;11255;11245;11236;11227;11218;11209;11200;11190;11181;11172;11163;11154;11145;11136;11127;11118;11108;11099;11090;11081;11072;11063;11055;11046;11038;11029;11021;11013;11004;10996;10987;10979;10970;10962;10955;10948;10942;10935;10928;10921;10914;10907;10901;10894;10887;10880;10873;10865;10858;10850;10843;10835;10828;10820;10813;10805;10798;10790;10781;10772;10762;10753;10744;10735;10725;10716;10707;10698;10688;10679;10670;10660;10651;10641;10632;10623;10613;10604;10594;10585;10575;10566;10557;10548;10539;10530;10521;10512;10503;10494;10485;10476;10467;10458;10450;10443;10435;10427;10419;10412;10404;10396;10388;10381;10373;10365;10357;10350;10342;10335;10327;10320;10312;10304;10297;10289;10282;10274;10266;10259;10251;10244;10236;10229;10221;10213;10206;10198;10191;10183
520790;FLORES DE GOIAS;11798;11829;11859;11890;11920;11951;11982;12012;12043;12073;12104;12134;12165;12185;12204;12224;12243;12263;12282;12302;12321;12341;12360;12380;12399;12415;12431;12447;12463;12479;12495;12510;12526;12542;12558;12574;12590;12603;12617;12630;12643;12657;12670;12683;12697;12710;12723;12737;12750;12764;12779;12793;12808;12822;12837;12851;12865;12880;12894;12909;12923;13082;13096;13109;13123;13136;13150;13163;13177;13190;13204;13217;13070;13084;13097;13111;13124;13138;13151;13165;13178;13192;13205;13219;13232;13244;13256;13268;13280;13292;13304;13316;13328;13340;13352;13364;13376;13386;13396;13406;13415;13425;13435;13445;13455;13465;13474;13484;13494;13505;13517;13528;13540;13551;13563;13574;13585;13597;13608;13620;13631;13642;13653;13664;13675;13686;13697;13707;13718;13729;13740;13751;13762;13771;13781;13790;13799;13808;13818;13827;13836;13845;13855;13864;13873;13880;13888;13895;13902;13910;13917;13924;13932;13939;13946;13954;13961;13969;13978;13986;13995;14003;14012;14020;14028;14037;14045;14054;14062;14070;14078;14086;14093;14101;14109;14117;14125;14133;14140;14148;14156;14166;14176;14185;14195;14205;14215;14224;14234;14244;14254;14263;14273;14283;14293;14302;14312;14322;14332;14341;14351;14361;14371;14380;14390
520800;FORMOSA;101613;101754;101895;102036;102176;102317;102458;102599;102740;102881;103021;103162;103303;103424;103544;103665;103785;103906;104026;104147;104267;104388;104508;104629;104749;104873;104996;105120;105243;105367;105490;105614;105737;105861;105984;106108;106231;106354;106477;106599;106722;106845;106968;107090;107213;107336;107459;107581;107704;107830;107955;108081;108206;108332;108458;108583;108709;108834;108960;109085;109211;110846;110961;111076;111192;111307;111422;111538;111653;111768;111884;111999;110720;110835;110951;111066;111181;111297;111412;111527;111643;111758;111873;111989;112104;112208;112313;112417;112522;112626;112731;112835;112939;113044;113148;113253;113357;113456;113554;113653;113751;113850;113948;114047;114145;114244;114342;114441;114539;114638;114736;114835;114933;115032;115130;115229;115327;115426;115524;115623;115721;115818;115916;116013;116110;116208;116305;116402;116500;116597;116694;116792;116889;116969;117049;117129;117209;117289;117370;117450;117530;117610;117690;117770;117850;117920;117989;118059;118128;118198;118268;118337;118407;118476;118546;118615;118685;118760;118834;118909;118983;119058;119133;119207;119282;119356;119431;119505;119580;119655;119730;119805;119879;119954;120029;120104;120179;120254;120328;120403;120478;120568;120658;120748;120838;120928;121019;121109;121199;121289;121379;121469;121559;121649;121739;121829;121919;122009;122100;122190;122280;122370;122460;122550;122640
520810;FORMOSO;5080;5075;5071;5066;5061;5056;5052;5047;5042;5037;5033;5028;5023;5018;5014;5009;5004;5000;4995;4990;4986;4981;4976;4972;4967;4965;4962;4960;4957;4955;4953;4950;4948;4945;4943;4940;4938;4936;4934;4932;4930;4928;4927;4925;4923;4921;4919;4917;4915;4913;4911;4909;4907;4905;4904;4902;4900;4898;4896;4894;4892;4867;4865;4863;4861;4859;4857;4855;4853;4850;4848;4846;4869;4867;4865;4863;4861;4859;4857;4854;4852;4850;4848;4846;4844;4843;4841;4840;4838;4837;4836;4834;4833;4831;4830;4828;4827;4826;4825;4823;4822;4821;4820;4818;4817;4816;4815;4813;4812;4811;4811;4810;4809;4809;4808;4807;4807;4806;4805;4805;4804;4803;4802;4801;4800;4799;4798;4797;4796;4795;4794;4793;4792;4790;4788;4786;4784;4782;4781;4779;4777;4775;4773;4771;4769;4766;4764;4761;4758;4755;4753;4750;4747;4744;4742;4739;4736;4732;4729;4725;4721;4717;4714;4710;4706;4702;4699;4695;4691;4690;4689;4689;4688;4687;4686;4685;4684;4684;4683;4682;4681;4679;4678;4676;4675;4673;4672;4670;4668;4667;4665;4664;4662;4660;4659;4657;4656;4654;4653;4651;4649;4648;4646;4645;4643
520815;GAMELEIRA DE GOIAS;3151;3155;3159;3163;3167;3171;3175;3179;3183;3187;3191;3195;3199;3202;3205;3208;3211;3214;3218;3221;3224;3227;3230;3233;3236;3239;3242;3244;3247;3250;3253;3255;3258;3261;3264;3266;3269;3272;3274;3277;3279;3282;3285;3287;3290;3292;3295;3297;3300;3302;3303;3305;3306;3308;3310;3311;3313;3314;3316;3317;3319;3355;3357;3360;3363;3365;3368;3370;3373;3375;3378;3381;3352;3355;3357;3360;3362;3365;3368;3370;3373;3375;3378;3380;3383;3386;3389;3392;3395;3398;3401;3403;3406;3409;3412;3415;3418;3419;3421;3422;3423;3425;3426;3427;3429;3430;3431;3433;3434;3437;3439;3442;3444;3447;3449;3452;3454;3457;3459;3462;3464;3466;3468;3470;3472;3474;3476;3478;3480;3482;3484;3486;3488;3489;3490;3491;3491;3492;3493;3494;3495;3496;3496;3497;3498;3499;3500;3501;3502;3503;3504;3505;3506;3507;3508;3509;3510;3510;3509;3509;3508;3508;3507;3507;3506;3506;3505;3505;3504;3507;3510;3514;3517;3520;3523;3526;3529;3533;3536;3539;3542;3544;3546;3547;3549;3551;3553;3554;3556;3558;3560;3561;3563;3565;3567;3568;3570;3572;3574;3575;3577;3579;3581;3582;3584
520830;DIVINOPOLIS DE GOIAS;5032;5029;5027;5024;5022;5019;5017;5014;5011;5009;5006;5004;5001;4999;4996;4994;4992;4989;4987;4985;4982;4980;4978;4975;4973;4971;4969;4967;4965;4963;4962;4960;4958;4956;4954;4952;4950;4947;4945;4942;4939;4937;4934;4931;4929;4926;4923;4921;4918;4916;4913;4911;4908;4906;4903;4901;4898;4896;4893;4891;4888;4852;4849;4846;4844;4841;4838;4835;4832;4829;4826;4823;4855;4852;4849;4846;4843;4840;4838;4835;4832;4829;4826;4823;4820;4816;4812;4808;4804;4800;4796;4791;4787;4783;4779;4775;4771;4767;4764;4760;4756;4752;4749;4745;4741;4737;4734;4730;4726;4722;4718;4714;4710;4706;4702;4698;4694;4690;4686;4682;4678;4674;4671;4667;4663;4659;4656;4652;4648;4644;4641;4637;4633;4628;4622;4617;4612;4606;4601;4596;4590;4585;4580;4574;4569;4565;4560;4556;4551;4547;4543;4538;4534;4529;4525;4520;4516;4511;4506;4501;4496;4491;4486;4481;4476;4471;4466;4461;4456;4455;4453;4452;4451;4449;4448;4447;4445;4444;4443;4441;4440;4437;4434;4431;4428;4425;4423;4420;4417;4414;4411;4408;4405;4402;4399;4396;4393;4390;4388;4385;4382;4379;4376;4373;4370
520840;GOIANAPOLIS;11374;11378;11381;11385;11388;11392;11395;11399;11402;11406;11409;11413;11416;11427;11437;11448;11459;11469;11480;11491;11501;11512;11523;11533;11544;11561;11579;11596;11613;11630;11648;11665;11682;11699;11717;11734;11751;11772;11793;11815;11836;11857;11878;11899;11920;11942;11963;11984;12005;12026;12048;12069;12090;12111;12133;12154;12175;12196;12218;12239;12260;12532;12553;12573;12594;12615;12635;12656;12677;12697;12718;12739;12511;12532;12552;12573;12594;12614;12635;12656;12676;12697;12718;12738;12759;12778;12798;12817;12837;12856;12876;12895;12914;12934;12953;12973;12992;13011;13030;13049;13068;13087;13106;13124;13143;13162;13181;13200;13219;13239;13259;13279;13299;13319;13339;13359;13379;13399;13419;13439;13459;13479;13498;13518;13538;13557;13577;13597;13616;13636;13656;13675;13695;13713;13732;13750;13768;13787;13805;13823;13842;13860;13878;13897;13915;13932;13949;13965;13982;13999;14016;14032;14049;14066;14083;14099;14116;14133;14150;14167;14184;14201;14219;14236;14253;14270;14287;14304;14321;14341;14360;14380;14399;14419;14438;14458;14477;14497;14516;14536;14555;14572;14589;14606;14623;14640;14657;14673;14690;14707;14724;14741;14758;14775;14792;14809;14826;14843;14860;14876;14893;14910;14927;14944;14961
520850;GOIANDIRA;5357;5358;5358;5359;5360;5360;5361;5362;5362;5363;5364;5364;5365;5364;5364;5363;5363;5362;5362;5361;5360;5360;5359;5359;5358;5357;5356;5355;5353;5352;5351;5350;5349;5348;5346;5345;5344;5342;5340;5338;5336;5334;5332;5329;5327;5325;5323;5321;5319;5317;5316;5314;5312;5310;5309;5307;5305;5303;5302;5300;5298;5280;5278;5276;5275;5273;5271;5270;5268;5266;5265;5263;5281;5279;5278;5276;5274;5273;5271;5269;5268;5266;5264;5263;5261;5258;5254;5251;5247;5244;5241;5237;5234;5230;5227;5223;5220;5218;5217;5215;5213;5212;5210;5208;5207;5205;5203;5202;5200;5198;5196;5193;5191;5189;5187;5184;5182;5180;5178;5175;5173;5171;5169;5167;5165;5163;5161;5159;5157;5155;5153;5151;5149;5145;5141;5137;5133;5129;5125;5121;5117;5113;5109;5105;5101;5097;5093;5089;5085;5081;5078;5074;5070;5066;5062;5058;5054;5050;5046;5042;5038;5034;5031;5027;5023;5019;5015;5011;5007;5005;5004;5002;5000;4998;4997;4995;4993;4991;4990;4988;4986;4984;4982;4980;4978;4976;4974;4972;4970;4968;4966;4964;4962;4960;4958;4956;4954;4952;4950;4948;4946;4944;4942;4940;4938
520860;GOIANESIA;60287;60367;60447;60527;60607;60687;60767;60846;60926;61006;61086;61166;61246;61328;61411;61493;61576;61658;61741;61823;61905;61988;62070;62153;62235;62330;62426;62521;62616;62712;62807;62902;62998;63093;63188;63284;63379;63482;63585;63689;63792;63895;63998;64101;64204;64308;64411;64514;64617;64723;64829;64935;65041;65147;65253;65358;65464;65570;65676;65782;65888;67284;67386;67488;67590;67692;67794;67895;67997;68099;68201;68303;67177;67279;67381;67483;67584;67686;67788;67890;67992;68094;68195;68297;68399;68496;68594;68691;68789;68886;68984;69081;69178;69276;69373;69471;69568;69663;69758;69854;69949;70044;70139;70234;70329;70425;70520;70615;70710;70807;70904;71001;71098;71195;71293;71390;71487;71584;71681;71778;71875;71971;72068;72164;72260;72356;72453;72549;72645;72741;72838;72934;73030;73114;73199;73283;73368;73452;73537;73621;73705;73790;73874;73959;74043;74121;74198;74276;74353;74431;74508;74586;74663;74741;74818;74896;74973;75057;75140;75224;75307;75391;75474;75558;75641;75725;75808;75892;75975;76062;76148;76235;76321;76408;76495;76581;76668;76754;76841;76927;77014;77097;77180;77263;77346;77429;77512;77594;77677;77760;77843;77926;78009;78092;78175;78258;78341;78424;78507;78589;78672;78755;78838;78921;79004
520870;GOIANIA;1344439;1345775;1347111;1348446;1349782;1351118;1352454;1353789;1355125;1356461;1357797;1359132;1360468;1361498;1362527;1363557;1364586;1365616;1366645;1367675;1368704;1369734;1370763;1371793;1372822;1373898;1374973;1376049;1377124;1378200;1379276;1380351;1381427;1382502;1383578;1384653;1385729;1386768;1387806;1388845;1389884;1390922;1391961;1393000;1394038;1395077;1396116;1397154;1398193;1399260;1400327;1401394;1402461;1403528;1404596;1405663;1406730;1407797;1408864;1409931;1410998;1424411;1425360;1426310;1427260;1428209;1429159;1430108;1431058;1432007;1432957;1433907;1423379;1424329;1425278;1426228;1427177;1428127;1429077;1430026;1430976;1431925;1432875;1433824;1434774;1435595;1436416;1437237;1438058;1438879;1439700;1440520;1441341;1442162;1442983;1443804;1444625;1445438;1446251;1447065;1447878;1448691;1449504;1450317;1451130;1451944;1452757;1453570;1454383;1455176;1455968;1456761;1457554;1458346;1459139;1459932;1460724;1461517;1462310;1463102;1463895;1464654;1465412;1466171;1466930;1467688;1468447;1469206;1469964;1470723;1471482;1472240;1472999;1473536;1474072;1474609;1475146;1475682;1476219;1476756;1477292;1477829;1478366;1478902;1479439;1479849;1480259;1480669;1481078;1481488;1481898;1482308;1482718;1483128;1483537;1483947;1484357;1485083;1485808;1486534;1487259;1487985;1488711;1489436;1490162;1490887;1491613;1492338;1493064;1493192;1493320;1493448;1493576;1493704;1493832;1493959;1494087;1494215;1494343;1494471;1494599;1495320;1496042;1496763;1497485;1498206;1498928;1499649;1500370;1501092;1501813;1502535;1503256;1503977;1504699;1505420;1506142;1506863;1507585;1508306;1509027;1509749;1510470;1511192;1511913
520880;GOIANIRA;32585;32735;32885;33035;33185;33335;33485;33634;33784;33934;34084;34234;34384;34543;34702;34861;35020;35179;35338;35497;35656;35815;35974;36133;36292;36473;36654;36836;37017;37198;37379;37560;37741;37923;38104;38285;38466;38673;38881;39088;39295;39502;39710;39917;40124;40331;40539;40746;40953;41185;41418;41650;41882;42115;42347;42579;42812;43044;43276;43509;43741;47021;47284;47547;47810;48072;48335;48598;48861;49123;49386;49649;46769;47032;47295;47557;47820;48083;48346;48608;48871;49134;49397;49659;49922;50195;50467;50740;51013;51285;51558;51831;52103;52376;52649;52921;53194;53476;53758;54039;54321;54603;54885;55166;55448;55730;56012;56293;56575;56871;57168;57464;57761;58057;58354;58650;58946;59243;59539;59836;60132;60443;60753;61064;61375;61685;61996;62307;62617;62928;63239;63549;63860;64174;64488;64802;65116;65430;65744;66058;66372;66686;67000;67314;67628;67938;68248;68558;68867;69177;69487;69797;70107;70417;70726;71036;71346;71649;71952;72255;72558;72861;73164;73467;73770;74073;74376;74679;74982;75296;75611;75925;76239;76554;76868;77182;77497;77811;78125;78440;78754;78982;79211;79439;79668;79896;80125;80353;80581;80810;81038;81267;81495;81723;81952;82180;82409;82637;82866;83094;83322;83551;83779;84008;84236
520890;GOIAS;25743;25723;25703;25683;25663;25643;25623;25603;25583;25563;25543;25523;25503;25488;25473;25458;25443;25428;25413;25397;25382;25367;25352;25337;25322;25316;25309;25303;25296;25290;25283;25277;25270;25264;25257;25251;25244;25241;25237;25234;25230;25227;25224;25220;25217;25213;25210;25206;25203;25200;25197;25194;25191;25188;25185;25182;25179;25176;25173;25170;25167;25126;25121;25117;25112;25107;25103;25098;25093;25089;25084;25079;25129;25124;25120;25115;25110;25106;25101;25096;25092;25087;25082;25078;25073;25067;25060;25054;25047;25041;25035;25028;25022;25015;25009;25002;24996;24990;24985;24979;24974;24968;24963;24957;24951;24946;24940;24935;24929;24924;24920;24915;24911;24906;24902;24897;24892;24888;24883;24879;24874;24868;24863;24857;24851;24845;24840;24834;24828;24822;24817;24811;24805;24795;24785;24775;24764;24754;24744;24734;24724;24714;24703;24693;24683;24670;24656;24643;24630;24616;24603;24590;24576;24563;24550;24536;24523;24511;24500;24488;24477;24465;24454;24442;24430;24419;24407;24396;24384;24371;24359;24346;24334;24321;24309;24296;24283;24271;24258;24246;24233;24228;24223;24218;24213;24208;24203;24197;24192;24187;24182;24177;24172;24167;24162;24157;24152;24147;24142;24136;24131;24126;24121;24116;24111
520910;GOIATUBA;33514;33525;33535;33546;33557;33567;33578;33589;33599;33610;33621;33631;33642;33658;33673;33689;33705;33720;33736;33752;33767;33783;33799;33814;33830;33853;33875;33898;33921;33943;33966;33989;34011;34034;34057;34079;34102;34127;34153;34178;34204;34229;34255;34280;34305;34331;34356;34382;34407;34433;34458;34484;34509;34535;34561;34586;34612;34637;34663;34688;34714;35043;35065;35087;35109;35131;35153;35175;35197;35219;35241;35263;35018;35040;35062;35084;35106;35128;35150;35171;35193;35215;35237;35259;35281;35302;35323;35344;35365;35386;35407;35428;35449;35470;35491;35512;35533;35551;35568;35586;35604;35621;35639;35657;35674;35692;35710;35727;35745;35765;35786;35806;35827;35847;35868;35888;35908;35929;35949;35970;35990;36006;36023;36039;36056;36072;36089;36105;36121;36138;36154;36171;36187;36200;36213;36226;36239;36252;36266;36279;36292;36305;36318;36331;36344;36353;36362;36370;36379;36388;36397;36405;36414;36423;36432;36440;36449;36461;36474;36486;36498;36511;36523;36535;36548;36560;36572;36585;36597;36612;36627;36642;36657;36672;36687;36702;36717;36732;36747;36762;36777;36794;36812;36829;36846;36863;36881;36898;36915;36932;36950;36967;36984;37001;37019;37036;37053;37070;37088;37105;37122;37139;37157;37174;37191
520915;GOUVELANDIA;4928;4933;4939;4944;4949;4955;4960;4965;4971;4976;4981;4987;4992;4993;4994;4994;4995;4996;4997;4997;4998;4999;5000;5000;5001;4999;4996;4994;4991;4989;4987;4984;4982;4979;4977;4974;4972;4969;4965;4962;4958;4955;4951;4948;4944;4941;4937;4934;4930;4926;4922;4918;4914;4910;4906;4902;4898;4894;4890;4886;4882;4830;4826;4822;4818;4814;4810;4806;4801;4797;4793;4789;4834;4830;4826;4822;4818;4814;4810;4805;4801;4797;4793;4789;4785;4780;4775;4770;4765;4760;4755;4749;4744;4739;4734;4729;4724;4719;4714;4710;4705;4700;4695;4690;4685;4681;4676;4671;4666;4663;4659;4656;4652;4649;4646;4642;4639;4635;4632;4628;4625;4620;4614;4609;4604;4598;4593;4588;4582;4577;4572;4566;4561;4556;4551;4547;4542;4537;4532;4527;4522;4518;4513;4508;4503;4498;4493;4489;4484;4479;4474;4469;4464;4460;4455;4450;4445;4439;4433;4428;4422;4416;4410;4404;4398;4393;4387;4381;4375;4373;4372;4370;4369;4367;4366;4364;4362;4361;4359;4358;4356;4352;4349;4345;4342;4338;4335;4331;4327;4324;4320;4317;4313;4309;4306;4302;4299;4295;4292;4288;4284;4281;4277;4274;4270
520920;GUAPO;14223;14231;14240;14248;14256;14264;14273;14281;14289;14297;14306;14314;14322;14341;14360;14379;14398;14417;14436;14455;14474;14493;14512;14531;14550;14580;14610;14641;14671;14701;14731;14761;14791;14822;14852;14882;14912;14948;14985;15021;15057;15094;15130;15166;15203;15239;15275;15312;15348;15386;15424;15462;15500;15538;15577;15615;15653;15691;15729;15767;15805;16309;16347;16386;16425;16463;16502;16540;16579;16617;16656;16695;16270;16309;16347;16386;16424;16463;16502;16540;16579;16617;16656;16694;16733;16772;16812;16851;16890;16930;16969;17008;17048;17087;17126;17166;17205;17245;17284;17324;17363;17403;17442;17482;17521;17561;17600;17640;17679;17720;17760;17801;17842;17882;17923;17964;18004;18045;18086;18126;18167;18210;18252;18295;18337;18380;18422;18465;18507;18550;18592;18635;18677;18716;18756;18795;18834;18874;18913;18952;18992;19031;19070;19110;19149;19188;19226;19265;19303;19342;19380;19419;19457;19496;19534;19573;19611;19650;19690;19729;19768;19807;19847;19886;19925;19964;20004;20043;20082;20124;20166;20209;20251;20293;20335;20377;20419;20462;20504;20546;20588;20621;20654;20687;20720;20753;20787;20820;20853;20886;20919;20952;20985;21018;21051;21084;21117;21150;21184;21217;21250;21283;21316;21349;21382
520929;GUARAITA;2451;2449;2447;2445;2443;2441;2440;2438;2436;2434;2432;2430;2428;2425;2422;2420;2417;2414;2411;2408;2405;2403;2400;2397;2394;2392;2391;2389;2388;2386;2385;2383;2381;2380;2378;2377;2375;2374;2374;2373;2372;2372;2371;2370;2370;2369;2368;2368;2367;2366;2365;2364;2363;2362;2362;2361;2360;2359;2358;2357;2356;2332;2330;2329;2327;2325;2323;2321;2319;2318;2316;2314;2334;2332;2330;2329;2327;2325;2323;2321;2319;2318;2316;2314;2312;2311;2310;2309;2308;2307;2306;2305;2304;2303;2302;2301;2300;2298;2296;2294;2292;2290;2289;2287;2285;2283;2281;2279;2277;2276;2276;2275;2275;2274;2274;2273;2272;2272;2271;2271;2270;2269;2267;2266;2264;2263;2262;2260;2259;2257;2256;2254;2253;2251;2249;2247;2244;2242;2240;2238;2236;2234;2231;2229;2227;2226;2225;2224;2223;2222;2221;2220;2219;2218;2217;2216;2215;2211;2207;2204;2200;2196;2192;2188;2184;2181;2177;2173;2169;2170;2172;2173;2174;2176;2177;2178;2180;2181;2182;2184;2185;2184;2183;2181;2180;2179;2178;2176;2175;2174;2173;2171;2170;2169;2168;2166;2165;2164;2163;2161;2160;2159;2158;2156;2155
520940;GUARANI DE GOIAS;4417;4414;4411;4408;4405;4402;4399;4396;4393;4390;4387;4384;4381;4379;4377;4375;4372;4370;4368;4366;4364;4362;4359;4357;4355;4355;4354;4354;4354;4353;4353;4353;4352;4352;4352;4351;4351;4350;4348;4347;4346;4344;4343;4342;4340;4339;4338;4336;4335;4334;4334;4333;4333;4332;4332;4331;4330;4330;4329;4329;4328;4318;4317;4316;4315;4314;4313;4312;4311;4310;4309;4307;4319;4318;4317;4316;4315;4314;4313;4311;4310;4309;4308;4307;4306;4305;4303;4302;4300;4299;4298;4296;4295;4293;4292;4290;4289;4287;4284;4282;4279;4277;4275;4272;4270;4267;4265;4262;4260;4258;4257;4255;4253;4252;4250;4248;4247;4245;4243;4242;4240;4239;4237;4236;4234;4233;4231;4230;4228;4227;4225;4224;4222;4219;4216;4213;4210;4207;4205;4202;4199;4196;4193;4190;4187;4185;4182;4180;4178;4175;4173;4171;4168;4166;4164;4161;4159;4155;4152;4148;4145;4141;4138;4134;4130;4127;4123;4120;4116;4115;4114;4114;4113;4112;4111;4110;4109;4109;4108;4107;4106;4105;4104;4102;4101;4100;4099;4097;4096;4095;4094;4092;4091;4090;4089;4087;4086;4085;4084;4082;4081;4080;4079;4077;4076
520945;GUARINOS;2407;2403;2400;2396;2393;2389;2386;2382;2378;2375;2371;2368;2364;2362;2361;2359;2357;2355;2354;2352;2350;2348;2347;2345;2343;2341;2339;2337;2335;2333;2331;2329;2327;2325;2323;2321;2319;2318;2318;2317;2317;2316;2316;2315;2314;2314;2313;2313;2312;2311;2310;2308;2307;2306;2305;2303;2302;2301;2300;2298;2297;2296;2295;2295;2294;2293;2293;2292;2291;2291;2290;2289;2296;2295;2295;2294;2293;2293;2292;2291;2291;2290;2289;2289;2288;2287;2285;2284;2282;2281;2279;2278;2276;2275;2273;2272;2270;2269;2268;2266;2265;2264;2263;2261;2260;2259;2258;2256;2255;2255;2254;2254;2254;2253;2253;2253;2252;2252;2252;2251;2251;2250;2248;2247;2245;2244;2242;2241;2239;2238;2236;2235;2233;2232;2230;2229;2227;2226;2225;2223;2222;2220;2219;2217;2216;2215;2213;2212;2210;2209;2208;2206;2205;2203;2202;2200;2199;2195;2191;2187;2183;2179;2175;2171;2167;2163;2159;2155;2151;2152;2153;2155;2156;2157;2158;2159;2160;2162;2163;2164;2165;2164;2163;2162;2161;2160;2160;2159;2158;2157;2156;2155;2154;2153;2152;2151;2150;2149;2149;2148;2147;2146;2145;2144;2143
520960;HEITORAI;3641;3641;3640;3640;3639;3639;3638;3638;3637;3637;3636;3636;3635;3634;3633;3632;3631;3630;3629;3627;3626;3625;3624;3623;3622;3621;3621;3620;3620;3619;3619;3618;3617;3617;3616;3616;3615;3613;3611;3609;3607;3605;3604;3602;3600;3598;3596;3594;3592;3590;3589;3587;3586;3584;3583;3581;3579;3578;3576;3575;3573;3555;3553;3552;3550;3549;3547;3546;3544;3543;3541;3540;3556;3555;3553;3552;3550;3549;3547;3546;3544;3543;3541;3540;3538;3536;3533;3531;3529;3526;3524;3522;3519;3517;3515;3512;3510;3508;3506;3504;3501;3499;3497;3495;3493;3491;3488;3486;3484;3483;3481;3480;3478;3477;3476;3474;3473;3471;3470;3468;3467;3466;3465;3464;3463;3462;3461;3459;3458;3457;3456;3455;3454;3452;3450;3447;3445;3443;3441;3438;3436;3434;3432;3429;3427;3425;3423;3420;3418;3416;3414;3411;3409;3407;3405;3402;3400;3397;3393;3390;3386;3383;3379;3376;3372;3369;3365;3362;3358;3358;3358;3359;3359;3359;3359;3359;3359;3360;3360;3360;3360;3359;3357;3356;3354;3353;3351;3350;3348;3347;3345;3344;3342;3341;3339;3338;3336;3335;3333;3332;3330;3329;3327;3326;3324
520970;HIDROLANDIA;17062;17104;17146;17188;17230;17272;17314;17356;17398;17440;17482;17524;17566;17616;17666;17716;17766;17816;17866;17916;17966;18016;18066;18116;18166;18225;18285;18344;18403;18462;18522;18581;18640;18699;18759;18818;18877;18945;19013;19080;19148;19216;19284;19351;19419;19487;19555;19622;19690;19759;19829;19898;19968;20037;20107;20176;20245;20315;20384;20454;20523;21477;21552;21626;21700;21774;21849;21923;21997;22071;22146;22220;21404;21478;21553;21627;21701;21775;21850;21924;21998;22072;22147;22221;22295;22369;22443;22517;22590;22664;22738;22812;22886;22960;23033;23107;23181;23257;23333;23408;23484;23560;23636;23711;23787;23863;23939;24014;24090;24168;24245;24323;24400;24478;24556;24633;24711;24788;24866;24943;25021;25101;25181;25261;25341;25421;25501;25580;25660;25740;25820;25900;25980;26058;26136;26214;26292;26370;26448;26526;26604;26682;26760;26838;26916;26993;27070;27147;27224;27301;27378;27454;27531;27608;27685;27762;27839;27919;27999;28079;28159;28239;28320;28400;28480;28560;28640;28720;28800;28886;28971;29057;29142;29228;29314;29399;29485;29570;29656;29741;29827;29890;29954;30017;30080;30144;30207;30270;30334;30397;30460;30524;30587;30650;30714;30777;30840;30904;30967;31030;31094;31157;31220;31284;31347
520980;HIDROLINA;4169;4165;4160;4156;4151;4147;4143;4138;4134;4129;4125;4120;4116;4113;4109;4106;4102;4099;4095;4092;4088;4085;4081;4078;4074;4070;4066;4063;4059;4055;4051;4047;4043;4040;4036;4032;4028;4025;4021;4018;4014;4011;4008;4004;4001;3997;3994;3990;3987;3984;3980;3977;3973;3970;3967;3963;3960;3956;3953;3949;3946;3901;3897;3894;3891;3887;3884;3881;3877;3874;3871;3867;3904;3901;3897;3894;3891;3887;3884;3881;3877;3874;3871;3867;3864;3861;3857;3854;3851;3847;3844;3841;3837;3834;3831;3827;3824;3820;3816;3813;3809;3805;3801;3797;3793;3790;3786;3782;3778;3775;3772;3768;3765;3762;3759;3755;3752;3749;3746;3742;3739;3736;3732;3729;3725;3722;3718;3715;3711;3708;3704;3701;3697;3693;3689;3684;3680;3676;3672;3667;3663;3659;3655;3650;3646;3642;3638;3634;3630;3626;3622;3617;3613;3609;3605;3601;3597;3592;3587;3582;3576;3571;3566;3561;3556;3551;3545;3540;3535;3533;3532;3530;3528;3526;3525;3523;3521;3519;3518;3516;3514;3511;3508;3505;3502;3499;3496;3492;3489;3486;3483;3480;3477;3474;3471;3468;3465;3462;3459;3455;3452;3449;3446;3443;3440
520990;IACIARA;12570;12575;12580;12585;12589;12594;12599;12604;12609;12614;12618;12623;12628;12625;12621;12618;12614;12611;12607;12604;12600;12597;12593;12590;12586;12578;12571;12563;12556;12548;12541;12533;12525;12518;12510;12503;12495;12483;12471;12460;12448;12436;12424;12412;12400;12389;12377;12365;12353;12342;12332;12321;12310;12299;12289;12278;12267;12256;12246;12235;12224;12060;12047;12034;12021;12008;11995;11981;11968;11955;11942;11929;12073;12060;12047;12034;12020;12007;11994;11981;11968;11955;11941;11928;11915;11900;11885;11870;11855;11840;11825;11810;11795;11780;11765;11750;11735;11720;11705;11691;11676;11661;11646;11631;11616;11602;11587;11572;11557;11541;11525;11510;11494;11478;11462;11446;11430;11415;11399;11383;11367;11352;11337;11322;11306;11291;11276;11261;11246;11231;11215;11200;11185;11169;11154;11138;11122;11106;11091;11075;11059;11043;11028;11012;10996;10979;10962;10946;10929;10912;10895;10878;10861;10845;10828;10811;10794;10779;10763;10748;10733;10717;10702;10687;10671;10656;10641;10625;10610;10595;10580;10565;10550;10535;10520;10505;10490;10475;10460;10445;10430;10418;10407;10395;10383;10371;10360;10348;10336;10324;10313;10301;10289;10277;10266;10254;10242;10230;10219;10207;10195;10183;10172;10160;10148
520993;INACIOLANDIA;5816;5819;5821;5824;5826;5829;5831;5834;5836;5839;5841;5844;5846;5848;5850;5852;5854;5856;5858;5859;5861;5863;5865;5867;5869;5871;5873;5875;5877;5879;5881;5883;5885;5887;5889;5891;5893;5896;5899;5902;5905;5908;5911;5913;5916;5919;5922;5925;5928;5931;5933;5936;5938;5941;5944;5946;5949;5951;5954;5956;5959;5983;5985;5987;5989;5991;5993;5995;5997;6000;6002;6004;5981;5983;5985;5987;5989;5991;5994;5996;5998;6000;6002;6004;6006;6007;6008;6009;6010;6011;6012;6013;6014;6015;6016;6017;6018;6020;6021;6023;6025;6026;6028;6030;6031;6033;6035;6036;6038;6040;6042;6043;6045;6047;6049;6050;6052;6054;6056;6057;6059;6060;6062;6063;6065;6066;6068;6069;6070;6072;6073;6075;6076;6076;6075;6075;6074;6074;6074;6073;6073;6072;6072;6071;6071;6070;6069;6068;6066;6065;6064;6063;6062;6061;6059;6058;6057;6057;6057;6057;6056;6056;6056;6056;6056;6056;6055;6055;6055;6056;6056;6057;6057;6058;6058;6059;6059;6060;6060;6061;6061;6062;6064;6065;6066;6067;6069;6070;6071;6072;6074;6075;6076;6077;6079;6080;6081;6082;6084;6085;6086;6087;6089;6090;6091
520995;INDIARA;13867;13881;13894;13908;13921;13935;13949;13962;13976;13989;14003;14016;14030;14048;14065;14083;14101;14118;14136;14154;14171;14189;14207;14224;14242;14265;14288;14311;14333;14356;14379;14402;14425;14448;14470;14493;14516;14541;14566;14591;14615;14640;14665;14690;14715;14740;14764;14789;14814;14839;14864;14889;14914;14939;14964;14989;15014;15039;15064;15089;15114;15466;15492;15518;15544;15570;15596;15622;15648;15673;15699;15725;15439;15465;15491;15517;15543;15569;15595;15620;15646;15672;15698;15724;15750;15774;15798;15822;15846;15870;15894;15918;15942;15966;15990;16014;16038;16060;16083;16105;16127;16150;16172;16194;16217;16239;16261;16284;16306;16329;16352;16376;16399;16422;16445;16468;16491;16515;16538;16561;16584;16605;16625;16646;16666;16687;16708;16728;16749;16769;16790;16810;16831;16852;16873;16894;16915;16936;16957;16977;16998;17019;17040;17061;17082;17100;17117;17135;17152;17170;17188;17205;17223;17240;17258;17275;17293;17311;17328;17346;17363;17381;17399;17416;17434;17451;17469;17486;17504;17524;17545;17565;17585;17605;17626;17646;17666;17686;17707;17727;17747;17767;17787;17807;17826;17846;17866;17886;17906;17926;17945;17965;17985;18005;18025;18045;18064;18084;18104;18124;18144;18164;18183;18203;18223
521000;INHUMAS;49516;49540;49564;49589;49613;49637;49661;49685;49709;49734;49758;49782;49806;49827;49847;49868;49889;49909;49930;49951;49971;49992;50013;50033;50054;50081;50108;50135;50162;50189;50216;50243;50270;50297;50324;50351;50378;50408;50439;50469;50500;50530;50561;50591;50621;50652;50682;50713;50743;50774;50804;50835;50865;50896;50926;50957;50987;51018;51048;51079;51109;51496;51522;51549;51575;51601;51628;51654;51681;51707;51734;51760;51466;51492;51519;51545;51572;51598;51625;51651;51677;51704;51730;51757;51783;51807;51830;51854;51877;51901;51925;51948;51972;51995;52019;52042;52066;52090;52114;52138;52162;52186;52211;52235;52259;52283;52307;52331;52355;52383;52411;52438;52466;52494;52522;52549;52577;52605;52633;52660;52688;52714;52740;52766;52792;52818;52845;52871;52897;52923;52949;52975;53001;53017;53033;53049;53065;53081;53097;53112;53128;53144;53160;53176;53192;53203;53214;53225;53235;53246;53257;53268;53279;53290;53300;53311;53322;53335;53348;53361;53374;53387;53400;53413;53426;53439;53452;53465;53478;53491;53503;53516;53528;53541;53554;53566;53579;53591;53604;53616;53629;53650;53672;53693;53714;53735;53757;53778;53799;53820;53842;53863;53884;53905;53927;53948;53969;53990;54012;54033;54054;54075;54097;54118;54139
521010;IPAMERI;25183;25192;25202;25211;25220;25229;25239;25248;25257;25266;25276;25285;25294;25300;25306;25312;25318;25324;25330;25335;25341;25347;25353;25359;25365;25373;25381;25390;25398;25406;25414;25422;25430;25439;25447;25455;25463;25471;25478;25486;25493;25501;25508;25516;25523;25531;25538;25546;25553;25562;25571;25580;25589;25598;25607;25615;25624;25633;25642;25651;25660;25758;25765;25772;25780;25787;25795;25802;25809;25817;25824;25832;25750;25757;25765;25772;25780;25787;25795;25802;25809;25817;25824;25832;25839;25845;25850;25856;25862;25867;25873;25879;25884;25890;25896;25901;25907;25913;25918;25924;25929;25935;25941;25946;25952;25957;25963;25968;25974;25982;25989;25997;26004;26012;26020;26027;26035;26042;26050;26057;26065;26072;26078;26085;26092;26098;26105;26112;26118;26125;26132;26138;26145;26148;26151;26154;26157;26160;26163;26166;26169;26172;26175;26178;26181;26179;26177;26175;26173;26171;26169;26167;26165;26163;26161;26159;26157;26158;26159;26159;26160;26161;26162;26162;26163;26164;26165;26165;26166;26166;26166;26165;26165;26165;26165;26164;26164;26164;26164;26163;26163;26168;26173;26178;26183;26188;26193;26198;26203;26208;26213;26218;26223;26228;26233;26238;26243;26248;26253;26258;26263;26268;26273;26278;26283
521015;IPIRANGA DE GOIAS;2921;2920;2920;2919;2919;2918;2918;2917;2916;2916;2915;2915;2914;2914;2913;2913;2912;2912;2912;2911;2911;2910;2910;2909;2909;2909;2909;2909;2909;2909;2909;2909;2909;2909;2909;2909;2909;2910;2910;2911;2911;2912;2912;2913;2913;2914;2914;2915;2915;2916;2917;2917;2918;2919;2920;2920;2921;2922;2923;2923;2924;2940;2941;2942;2943;2944;2944;2945;2946;2947;2948;2949;2939;2940;2941;2942;2942;2943;2944;2945;2946;2947;2947;2948;2949;2949;2950;2950;2951;2951;2952;2952;2952;2953;2953;2954;2954;2955;2956;2957;2958;2959;2960;2960;2961;2962;2963;2964;2965;2965;2965;2965;2965;2965;2966;2966;2966;2966;2966;2966;2966;2967;2969;2970;2972;2973;2975;2976;2977;2979;2980;2982;2983;2983;2984;2984;2985;2985;2986;2986;2986;2987;2987;2988;2988;2987;2987;2986;2985;2984;2984;2983;2982;2981;2981;2980;2979;2976;2972;2969;2965;2962;2959;2955;2952;2948;2945;2941;2938;2940;2942;2945;2947;2949;2951;2953;2955;2958;2960;2962;2964;2964;2965;2965;2965;2966;2966;2966;2967;2967;2967;2968;2968;2968;2969;2969;2969;2970;2970;2970;2971;2971;2971;2972;2972
521020;IPORA;32397;32400;32403;32406;32409;32412;32416;32419;32422;32425;32428;32431;32434;32447;32459;32472;32484;32497;32510;32522;32535;32547;32560;32572;32585;32608;32632;32655;32678;32702;32725;32748;32772;32795;32818;32842;32865;32895;32926;32956;32987;33017;33048;33078;33108;33139;33169;33200;33230;33261;33293;33324;33355;33387;33418;33449;33481;33512;33543;33575;33606;34005;34034;34064;34093;34122;34152;34181;34211;34240;34269;34299;33974;34003;34033;34062;34092;34121;34151;34180;34209;34239;34268;34298;34327;34355;34383;34411;34439;34467;34495;34523;34551;34579;34607;34635;34663;34694;34725;34757;34788;34819;34850;34881;34912;34944;34975;35006;35037;35071;35105;35139;35173;35207;35242;35276;35310;35344;35378;35412;35446;35479;35512;35544;35577;35610;35643;35675;35708;35741;35774;35806;35839;35864;35889;35915;35940;35965;35990;36015;36040;36066;36091;36116;36141;36163;36185;36207;36228;36250;36272;36294;36316;36338;36359;36381;36403;36427;36451;36475;36499;36523;36547;36571;36595;36619;36643;36667;36691;36715;36740;36764;36788;36813;36837;36861;36886;36910;36934;36959;36983;37008;37033;37058;37083;37108;37133;37158;37183;37208;37233;37258;37283;37308;37333;37358;37383;37408;37433;37458;37483;37508;37533;37558;37583
521030;ISRAELANDIA;2959;2957;2956;2954;2952;2951;2949;2947;2946;2944;2942;2941;2939;2937;2935;2933;2931;2929;2927;2924;2922;2920;2918;2916;2914;2912;2909;2907;2905;2902;2900;2898;2895;2893;2891;2888;2886;2884;2882;2880;2877;2875;2873;2871;2869;2867;2864;2862;2860;2858;2855;2853;2850;2848;2846;2843;2841;2838;2836;2833;2831;2799;2796;2794;2791;2789;2786;2784;2782;2779;2777;2774;2801;2799;2796;2794;2791;2789;2787;2784;2782;2779;2777;2774;2772;2770;2767;2765;2762;2760;2758;2755;2753;2750;2748;2745;2743;2741;2738;2736;2734;2731;2729;2727;2724;2722;2720;2717;2715;2713;2711;2709;2707;2705;2703;2700;2698;2696;2694;2692;2690;2687;2684;2681;2678;2675;2673;2670;2667;2664;2661;2658;2655;2653;2650;2648;2645;2643;2640;2638;2635;2633;2630;2628;2625;2622;2619;2617;2614;2611;2608;2605;2602;2600;2597;2594;2591;2587;2584;2580;2577;2573;2570;2566;2562;2559;2555;2552;2548;2547;2547;2546;2545;2545;2544;2543;2543;2542;2541;2541;2540;2538;2536;2534;2532;2530;2528;2525;2523;2521;2519;2517;2515;2513;2511;2509;2507;2505;2503;2500;2498;2496;2494;2492;2490
521040;ITABERAI;35608;35667;35726;35785;35844;35903;35962;36021;36080;36139;36198;36257;36316;36373;36430;36487;36544;36601;36658;36714;36771;36828;36885;36942;36999;37061;37122;37184;37246;37307;37369;37431;37492;37554;37616;37677;37739;37804;37870;37935;38001;38066;38132;38197;38262;38328;38393;38459;38524;38591;38658;38724;38791;38858;38925;38991;39058;39125;39192;39258;39325;40194;40259;40324;40389;40454;40519;40584;40649;40714;40779;40844;40127;40192;40257;40322;40387;40452;40517;40582;40647;40712;40777;40842;40907;40971;41035;41098;41162;41226;41290;41353;41417;41481;41545;41608;41672;41736;41801;41865;41929;41994;42058;42122;42187;42251;42315;42380;42444;42511;42579;42646;42714;42781;42849;42916;42983;43051;43118;43186;43253;43320;43387;43454;43520;43587;43654;43721;43788;43855;43921;43988;44055;44114;44173;44233;44292;44351;44410;44469;44528;44588;44647;44706;44765;44823;44881;44939;44996;45054;45112;45170;45228;45286;45343;45401;45459;45519;45579;45640;45700;45760;45820;45880;45940;46001;46061;46121;46181;46245;46308;46372;46435;46499;46562;46626;46689;46753;46816;46880;46943;46998;47053;47108;47163;47218;47273;47328;47383;47438;47493;47548;47603;47658;47713;47768;47823;47878;47933;47988;48043;48098;48153;48208;48263
521056;ITAGUARI;4584;4586;4587;4589;4590;4592;4593;4595;4596;4598;4599;4601;4602;4605;4607;4610;4613;4615;4618;4621;4623;4626;4629;4631;4634;4637;4641;4644;4647;4651;4654;4657;4661;4664;4667;4671;4674;4678;4681;4685;4688;4692;4695;4699;4702;4706;4709;4713;4716;4721;4725;4730;4734;4739;4743;4748;4752;4757;4761;4766;4770;4821;4825;4828;4832;4836;4839;4843;4847;4850;4854;4858;4817;4821;4824;4828;4832;4835;4839;4843;4846;4850;4854;4857;4861;4864;4866;4869;4872;4874;4877;4880;4882;4885;4888;4890;4893;4895;4898;4900;4902;4904;4907;4909;4911;4913;4916;4918;4920;4923;4927;4930;4933;4937;4940;4943;4947;4950;4953;4957;4960;4962;4964;4966;4968;4970;4973;4975;4977;4979;4981;4983;4985;4988;4990;4993;4996;4998;5001;5004;5006;5009;5012;5014;5017;5017;5018;5018;5019;5019;5020;5020;5020;5021;5021;5022;5022;5023;5024;5025;5026;5027;5029;5030;5031;5032;5033;5034;5035;5039;5044;5048;5053;5057;5062;5066;5070;5075;5079;5084;5088;5091;5093;5096;5099;5101;5104;5107;5109;5112;5115;5117;5120;5123;5125;5128;5131;5133;5136;5139;5141;5144;5147;5149;5152
521060;ITAGUARU;5611;5607;5603;5599;5595;5591;5587;5583;5579;5575;5571;5567;5563;5559;5555;5551;5547;5543;5539;5535;5531;5527;5523;5519;5515;5511;5508;5504;5500;5497;5493;5489;5486;5482;5478;5475;5471;5467;5462;5458;5454;5449;5445;5441;5436;5432;5428;5423;5419;5415;5410;5406;5402;5397;5393;5389;5384;5380;5376;5371;5367;5325;5320;5315;5311;5306;5301;5296;5292;5287;5282;5277;5328;5323;5319;5314;5309;5304;5300;5295;5290;5285;5281;5276;5271;5267;5263;5258;5254;5250;5246;5241;5237;5233;5229;5224;5220;5215;5211;5206;5201;5197;5192;5187;5183;5178;5173;5169;5164;5161;5157;5154;5150;5147;5144;5140;5137;5133;5130;5126;5123;5120;5116;5113;5110;5106;5103;5100;5096;5093;5090;5086;5083;5079;5075;5071;5067;5063;5059;5054;5050;5046;5042;5038;5034;5029;5024;5019;5014;5009;5004;4999;4994;4989;4984;4979;4974;4969;4964;4960;4955;4950;4945;4940;4935;4931;4926;4921;4916;4913;4910;4907;4904;4901;4898;4895;4892;4889;4886;4883;4880;4876;4873;4869;4866;4862;4859;4855;4851;4848;4844;4841;4837;4833;4830;4826;4823;4819;4816;4812;4808;4805;4801;4798;4794
521080;ITAJA;5226;5221;5217;5212;5207;5202;5198;5193;5188;5183;5179;5174;5169;5162;5156;5149;5143;5136;5130;5123;5116;5110;5103;5097;5090;5086;5083;5079;5075;5072;5068;5064;5061;5057;5053;5050;5046;5041;5036;5031;5025;5020;5015;5010;5005;5000;4994;4989;4984;4980;4975;4971;4966;4962;4957;4953;4948;4944;4939;4935;4930;4864;4858;4852;4845;4839;4833;4827;4821;4815;4808;4802;4869;4863;4857;4851;4844;4838;4832;4826;4820;4814;4807;4801;4795;4791;4786;4782;4777;4773;4768;4764;4759;4755;4750;4746;4741;4735;4730;4724;4718;4712;4707;4701;4695;4689;4684;4678;4672;4667;4663;4658;4653;4648;4644;4639;4634;4629;4625;4620;4615;4610;4605;4601;4596;4591;4586;4581;4576;4572;4567;4562;4557;4551;4546;4540;4535;4529;4524;4518;4512;4507;4501;4496;4490;4485;4480;4475;4470;4465;4461;4456;4451;4446;4441;4436;4431;4425;4419;4413;4407;4401;4396;4390;4384;4378;4372;4366;4360;4357;4355;4352;4349;4347;4344;4341;4339;4336;4333;4331;4328;4324;4319;4315;4311;4306;4302;4298;4293;4289;4285;4280;4276;4272;4267;4263;4259;4254;4250;4246;4241;4237;4233;4228;4224
521090;ITAPACI;18406;18435;18463;18492;18520;18549;18578;18606;18635;18663;18692;18720;18749;18770;18791;18812;18833;18854;18875;18895;18916;18937;18958;18979;19000;19021;19041;19062;19082;19103;19123;19144;19164;19185;19205;19226;19246;19266;19286;19305;19325;19345;19365;19384;19404;19424;19444;19463;19483;19503;19523;19543;19563;19583;19603;19622;19642;19662;19682;19702;19722;19979;19998;20017;20037;20056;20075;20095;20114;20133;20153;20172;19959;19978;19998;20017;20036;20056;20075;20094;20114;20133;20152;20172;20191;20209;20227;20245;20263;20281;20300;20318;20336;20354;20372;20390;20408;20425;20442;20458;20475;20492;20509;20525;20542;20559;20576;20592;20609;20629;20648;20668;20687;20707;20726;20746;20765;20785;20804;20824;20843;20861;20879;20898;20916;20934;20952;20970;20988;21007;21025;21043;21061;21076;21091;21106;21121;21136;21152;21167;21182;21197;21212;21227;21242;21254;21266;21278;21289;21301;21313;21325;21337;21349;21360;21372;21384;21397;21410;21422;21435;21448;21461;21473;21486;21499;21512;21524;21537;21551;21566;21580;21594;21608;21623;21637;21651;21665;21680;21694;21708;21723;21739;21754;21769;21784;21800;21815;21830;21845;21861;21876;21891;21906;21922;21937;21952;21967;21983;21998;22013;22028;22044;22059;22074
521100;ITAPIRAPUA;8358;8341;8325;8308;8292;8275;8259;8242;8225;8209;8192;8176;8159;8150;8141;8132;8123;8114;8106;8097;8088;8079;8070;8061;8052;8050;8047;8045;8042;8040;8038;8035;8033;8030;8028;8025;8023;8024;8025;8026;8026;8027;8028;8029;8030;8031;8031;8032;8033;8034;8035;8036;8037;8038;8039;8039;8040;8041;8042;8043;8044;8066;8067;8068;8070;8071;8072;8074;8075;8076;8078;8079;8064;8065;8067;8068;8069;8071;8072;8073;8075;8076;8077;8079;8080;8081;8081;8082;8082;8083;8084;8084;8085;8085;8086;8086;8087;8088;8089;8090;8091;8092;8093;8094;8095;8096;8097;8098;8099;8101;8103;8105;8107;8109;8112;8114;8116;8118;8120;8122;8124;8126;8128;8130;8132;8134;8136;8138;8140;8142;8144;8146;8148;8148;8147;8147;8147;8146;8146;8146;8145;8145;8145;8144;8144;8143;8142;8141;8140;8139;8139;8138;8137;8136;8135;8134;8133;8132;8131;8131;8130;8129;8128;8127;8126;8126;8125;8124;8123;8123;8123;8124;8124;8124;8124;8124;8124;8125;8125;8125;8125;8126;8126;8127;8128;8128;8129;8130;8130;8131;8132;8132;8133;8134;8134;8135;8136;8136;8137;8138;8138;8139;8140;8140;8141
521120;ITAPURANGA;27222;27214;27205;27197;27188;27180;27172;27163;27155;27146;27138;27129;27121;27114;27107;27100;27093;27086;27080;27073;27066;27059;27052;27045;27038;27036;27034;27032;27030;27028;27027;27025;27023;27021;27019;27017;27015;27015;27015;27016;27016;27016;27016;27016;27016;27017;27017;27017;27017;27018;27018;27019;27020;27020;27021;27022;27022;27023;27024;27024;27025;27017;27016;27015;27013;27012;27011;27009;27008;27007;27005;27004;27018;27017;27015;27014;27013;27011;27010;27009;27007;27006;27005;27003;27002;27000;26998;26996;26993;26991;26989;26987;26985;26983;26980;26978;26976;26974;26973;26971;26969;26967;26966;26964;26962;26960;26959;26957;26955;26955;26955;26955;26955;26955;26955;26955;26955;26955;26955;26955;26955;26953;26951;26950;26948;26946;26944;26942;26940;26939;26937;26935;26933;26928;26922;26917;26911;26906;26901;26895;26890;26884;26879;26873;26868;26858;26848;26839;26829;26819;26809;26799;26789;26780;26770;26760;26750;26742;26735;26727;26719;26712;26704;26696;26689;26681;26673;26666;26658;26651;26644;26637;26630;26623;26616;26609;26602;26595;26588;26581;26574;26572;26571;26569;26567;26565;26564;26562;26560;26558;26557;26555;26553;26551;26550;26548;26546;26544;26543;26541;26539;26537;26536;26534;26532
521130;ITARUMA;6381;6384;6387;6389;6392;6395;6398;6400;6403;6406;6409;6411;6414;6414;6415;6415;6415;6415;6416;6416;6416;6416;6417;6417;6417;6416;6415;6415;6414;6413;6412;6411;6410;6410;6409;6408;6407;6406;6405;6403;6402;6401;6400;6398;6397;6396;6395;6393;6392;6391;6389;6388;6386;6385;6383;6382;6380;6379;6377;6376;6374;6363;6362;6361;6359;6358;6357;6356;6354;6353;6352;6351;6364;6363;6362;6360;6359;6358;6357;6355;6354;6353;6352;6350;6349;6348;6346;6345;6343;6342;6340;6339;6337;6336;6334;6333;6331;6329;6327;6325;6322;6320;6318;6316;6314;6312;6309;6307;6305;6303;6302;6300;6298;6297;6295;6293;6292;6290;6288;6287;6285;6284;6284;6283;6283;6282;6282;6281;6280;6280;6279;6279;6278;6275;6272;6270;6267;6264;6261;6258;6255;6253;6250;6247;6244;6241;6238;6234;6231;6228;6225;6221;6218;6215;6212;6208;6205;6201;6198;6194;6191;6187;6184;6180;6176;6173;6169;6166;6162;6160;6159;6157;6155;6154;6152;6150;6149;6147;6145;6144;6142;6141;6139;6138;6136;6135;6133;6132;6130;6129;6127;6126;6124;6123;6121;6120;6118;6117;6115;6114;6112;6111;6109;6108;6106
521140;ITAUCU;8742;8740;8738;8736;8734;8732;8730;8728;8726;8724;8722;8720;8718;8714;8711;8707;8703;8699;8696;8692;8688;8684;8681;8677;8673;8667;8662;8656;8650;8644;8639;8633;8627;8621;8616;8610;8604;8598;8592;8586;8579;8573;8567;8561;8555;8549;8542;8536;8530;8524;8518;8512;8506;8500;8494;8487;8481;8475;8469;8463;8457;8378;8371;8365;8358;8351;8345;8338;8331;8325;8318;8311;8384;8377;8371;8364;8357;8351;8344;8337;8331;8324;8317;8311;8304;8298;8293;8287;8281;8275;8270;8264;8258;8252;8247;8241;8235;8228;8222;8215;8209;8202;8196;8189;8182;8176;8169;8163;8156;8151;8146;8141;8135;8130;8125;8120;8115;8110;8104;8099;8094;8088;8083;8077;8072;8066;8061;8055;8049;8044;8038;8033;8027;8021;8014;8008;8002;7995;7989;7983;7976;7970;7964;7957;7951;7943;7935;7928;7920;7912;7904;7896;7888;7881;7873;7865;7857;7850;7843;7836;7828;7821;7814;7807;7800;7793;7785;7778;7771;7765;7759;7754;7748;7742;7736;7730;7724;7719;7713;7707;7701;7696;7690;7685;7679;7674;7669;7663;7658;7652;7647;7641;7636;7631;7625;7620;7614;7609;7604;7598;7593;7587;7582;7576;7571
521150;ITUMBIARA;94908;94993;95077;95162;95246;95331;95415;95500;95584;95669;95753;95838;95922;96005;96087;96170;96252;96335;96417;96500;96582;96665;96747;96830;96912;97010;97107;97205;97302;97400;97497;97595;97692;97790;97887;97985;98082;98187;98293;98398;98504;98609;98715;98820;98925;99031;99136;99242;99347;99457;99566;99676;99785;99895;100004;100114;100223;100333;100442;100552;100661;102055;102158;102261;102363;102466;102569;102671;102774;102877;102979;103082;101948;102051;102153;102256;102359;102461;102564;102667;102769;102872;102975;103077;103180;103279;103378;103476;103575;103674;103773;103871;103970;104069;104168;104266;104365;104467;104570;104672;104775;104877;104980;105082;105184;105287;105389;105492;105594;105703;105813;105922;106031;106140;106250;106359;106468;106577;106687;106796;106905;107012;107120;107227;107334;107441;107549;107656;107763;107870;107978;108085;108192;108280;108368;108456;108544;108632;108721;108809;108897;108985;109073;109161;109249;109328;109406;109485;109564;109642;109721;109800;109878;109957;110036;110114;110193;110279;110364;110450;110535;110621;110707;110792;110878;110963;111049;111134;111220;111309;111398;111487;111576;111665;111755;111844;111933;112022;112111;112200;112289;112375;112461;112547;112633;112719;112806;112892;112978;113064;113150;113236;113322;113408;113494;113580;113666;113752;113839;113925;114011;114097;114183;114269;114355
521160;IVOLANDIA;2750;2748;2746;2744;2742;2740;2738;2736;2734;2732;2730;2728;2726;2726;2725;2725;2724;2724;2723;2723;2722;2722;2721;2721;2720;2720;2719;2719;2718;2718;2717;2717;2716;2716;2715;2715;2714;2714;2713;2713;2713;2712;2712;2712;2711;2711;2711;2710;2710;2710;2711;2711;2712;2712;2713;2713;2713;2714;2714;2715;2715;2716;2716;2715;2715;2714;2714;2713;2713;2712;2712;2711;2716;2716;2715;2715;2714;2714;2713;2713;2712;2712;2711;2711;2710;2711;2712;2712;2713;2714;2715;2715;2716;2717;2718;2718;2719;2719;2719;2720;2720;2720;2720;2720;2720;2721;2721;2721;2721;2722;2724;2725;2726;2728;2729;2730;2732;2733;2734;2736;2737;2737;2738;2738;2739;2739;2740;2740;2740;2741;2741;2742;2742;2741;2741;2740;2739;2739;2738;2737;2737;2736;2735;2735;2734;2734;2734;2733;2733;2733;2733;2732;2732;2732;2732;2731;2731;2729;2727;2725;2723;2721;2719;2716;2714;2712;2710;2708;2706;2708;2710;2712;2714;2716;2718;2719;2721;2723;2725;2727;2729;2729;2729;2730;2730;2730;2730;2730;2730;2731;2731;2731;2731;2731;2731;2732;2732;2732;2732;2732;2732;2733;2733;2733;2733
521170;JANDAIA;6362;6359;6356;6353;6350;6347;6345;6342;6339;6336;6333;6330;6327;6327;6326;6326;6325;6325;6325;6324;6324;6323;6323;6322;6322;6322;6321;6321;6321;6320;6320;6320;6319;6319;6319;6318;6318;6319;6320;6322;6323;6324;6325;6326;6327;6329;6330;6331;6332;6333;6334;6335;6335;6336;6337;6338;6339;6340;6340;6341;6342;6352;6353;6355;6357;6358;6360;6362;6363;6365;6367;6368;6351;6353;6354;6356;6358;6359;6361;6363;6364;6366;6368;6369;6371;6372;6372;6373;6374;6374;6375;6376;6376;6377;6378;6378;6379;6379;6379;6380;6380;6380;6380;6380;6380;6381;6381;6381;6381;6382;6384;6385;6386;6387;6389;6390;6391;6392;6394;6395;6396;6397;6398;6399;6400;6401;6403;6404;6405;6406;6407;6408;6409;6409;6408;6408;6407;6407;6407;6406;6406;6405;6405;6404;6404;6402;6401;6399;6398;6396;6395;6393;6391;6390;6388;6387;6385;6383;6381;6378;6376;6374;6372;6369;6367;6365;6363;6360;6358;6358;6358;6359;6359;6359;6359;6359;6359;6360;6360;6360;6360;6360;6361;6361;6362;6362;6363;6363;6363;6364;6364;6365;6365;6365;6366;6366;6367;6367;6368;6368;6368;6369;6369;6370;6370
521180;JARAGUA;42518;42569;42620;42671;42722;42773;42824;42874;42925;42976;43027;43078;43129;43163;43197;43231;43265;43299;43333;43366;43400;43434;43468;43502;43536;43566;43596;43626;43656;43686;43717;43747;43777;43807;43837;43867;43897;43923;43948;43974;44000;44025;44051;44077;44102;44128;44154;44179;44205;44232;44258;44285;44311;44338;44364;44391;44417;44444;44470;44497;44523;44863;44886;44909;44932;44955;44977;45000;45023;45046;45069;45092;44837;44860;44883;44906;44928;44951;44974;44997;45020;45043;45065;45088;45111;45131;45152;45172;45192;45213;45233;45253;45274;45294;45314;45335;45355;45373;45391;45409;45427;45445;45464;45482;45500;45518;45536;45554;45572;45591;45611;45630;45649;45669;45688;45707;45727;45746;45765;45785;45804;45823;45842;45861;45879;45898;45917;45936;45955;45974;45992;46011;46030;46042;46054;46066;46078;46090;46102;46114;46126;46138;46150;46162;46174;46180;46187;46193;46199;46205;46212;46218;46224;46230;46237;46243;46249;46258;46266;46275;46283;46292;46300;46309;46317;46326;46334;46343;46351;46357;46364;46370;46376;46383;46389;46395;46402;46408;46414;46421;46427;46444;46461;46479;46496;46513;46530;46547;46564;46582;46599;46616;46633;46650;46667;46685;46702;46719;46736;46753;46770;46788;46805;46822;46839
521190;JATAI;89791;89888;89985;90082;90178;90275;90372;90469;90566;90663;90759;90856;90953;91057;91161;91265;91369;91473;91578;91682;91786;91890;91994;92098;92202;92326;92450;92575;92699;92823;92947;93071;93195;93320;93444;93568;93692;93825;93958;94090;94223;94356;94489;94621;94754;94887;95020;95152;95285;95421;95557;95693;95829;95965;96101;96236;96372;96508;96644;96780;96916;98658;98784;98910;99036;99162;99288;99414;99540;99666;99792;99918;98524;98650;98776;98902;99028;99154;99280;99406;99532;99658;99784;99910;100036;100155;100273;100392;100511;100629;100748;100867;100985;101104;101223;101341;101460;101576;101692;101807;101923;102039;102155;102270;102386;102502;102618;102733;102849;102965;103082;103198;103315;103431;103548;103664;103780;103897;104013;104130;104246;104361;104476;104591;104706;104821;104936;105051;105166;105281;105396;105511;105626;105722;105819;105915;106012;106108;106205;106301;106397;106494;106590;106687;106783;106874;106965;107056;107147;107238;107329;107419;107510;107601;107692;107783;107874;107976;108078;108181;108283;108385;108487;108589;108691;108794;108896;108998;109100;109209;109317;109426;109535;109643;109752;109861;109969;110078;110187;110295;110404;110507;110609;110712;110814;110917;111019;111122;111224;111327;111429;111532;111634;111737;111839;111942;112044;112147;112249;112352;112454;112557;112659;112762;112864
521200;JAUPACI;3097;3095;3094;3092;3090;3088;3087;3085;3083;3081;3080;3078;3076;3074;3072;3071;3069;3067;3065;3063;3061;3060;3058;3056;3054;3053;3051;3050;3049;3047;3046;3045;3043;3042;3041;3039;3038;3038;3037;3037;3036;3036;3035;3035;3034;3034;3033;3033;3032;3032;3031;3031;3030;3030;3030;3029;3029;3028;3028;3027;3027;3019;3019;3018;3017;3017;3016;3015;3015;3014;3013;3013;3020;3019;3019;3018;3017;3017;3016;3015;3015;3014;3013;3013;3012;3011;3011;3010;3010;3009;3009;3008;3007;3007;3006;3006;3005;3005;3005;3005;3005;3005;3005;3005;3005;3005;3005;3005;3005;3004;3004;3003;3002;3002;3001;3000;3000;2999;2998;2998;2997;2997;2997;2997;2996;2996;2996;2996;2996;2996;2995;2995;2995;2994;2993;2992;2991;2990;2990;2989;2988;2987;2986;2985;2984;2983;2982;2980;2979;2978;2977;2975;2974;2973;2972;2970;2969;2965;2962;2958;2955;2951;2948;2944;2940;2937;2933;2930;2926;2928;2929;2931;2933;2934;2936;2938;2939;2941;2943;2944;2946;2945;2945;2944;2944;2943;2943;2942;2941;2941;2940;2940;2939;2938;2938;2937;2937;2936;2936;2935;2934;2934;2933;2933;2932
521205;JESUPOLIS;2303;2304;2304;2305;2305;2306;2307;2307;2308;2308;2309;2309;2310;2309;2308;2307;2306;2305;2305;2304;2303;2302;2301;2300;2299;2299;2298;2298;2298;2297;2297;2297;2296;2296;2296;2295;2295;2294;2292;2291;2289;2288;2287;2285;2284;2282;2281;2279;2278;2277;2276;2275;2274;2273;2272;2271;2270;2269;2268;2267;2266;2261;2259;2258;2256;2255;2254;2252;2251;2249;2248;2246;2261;2260;2258;2257;2255;2254;2253;2251;2250;2248;2247;2245;2244;2242;2240;2238;2236;2234;2232;2230;2228;2226;2224;2222;2220;2219;2218;2217;2216;2215;2214;2212;2211;2210;2209;2208;2207;2206;2204;2203;2201;2200;2198;2197;2195;2194;2192;2191;2189;2188;2188;2187;2186;2185;2185;2184;2183;2182;2182;2181;2180;2179;2178;2177;2175;2174;2173;2172;2171;2170;2168;2167;2166;2165;2164;2163;2162;2161;2160;2158;2157;2156;2155;2154;2153;2149;2145;2142;2138;2134;2130;2126;2122;2119;2115;2111;2107;2108;2110;2111;2113;2114;2116;2117;2118;2120;2121;2123;2124;2123;2122;2121;2120;2119;2118;2117;2116;2115;2114;2113;2112;2111;2110;2109;2108;2107;2106;2105;2104;2103;2102;2101;2100
521210;JOVIANIA;7237;7238;7239;7240;7241;7242;7243;7244;7245;7246;7247;7248;7249;7250;7251;7251;7252;7253;7254;7254;7255;7256;7257;7257;7258;7259;7261;7262;7263;7264;7266;7267;7268;7269;7271;7272;7273;7273;7273;7273;7273;7273;7274;7274;7274;7274;7274;7274;7274;7275;7277;7278;7279;7280;7282;7283;7284;7285;7287;7288;7289;7289;7289;7289;7289;7289;7289;7289;7289;7289;7289;7289;7289;7289;7289;7289;7289;7289;7289;7289;7289;7289;7289;7289;7289;7288;7287;7285;7284;7283;7282;7280;7279;7278;7277;7275;7274;7273;7273;7272;7272;7271;7271;7270;7269;7269;7268;7268;7267;7266;7266;7265;7265;7264;7264;7263;7262;7262;7261;7261;7260;7261;7261;7262;7262;7263;7264;7264;7265;7265;7266;7266;7267;7266;7264;7263;7261;7260;7259;7257;7256;7254;7253;7251;7250;7249;7248;7248;7247;7246;7245;7244;7243;7243;7242;7241;7240;7239;7238;7236;7235;7234;7233;7231;7230;7229;7228;7226;7225;7227;7229;7231;7232;7234;7236;7238;7240;7242;7243;7245;7247;7247;7247;7247;7247;7247;7247;7247;7247;7247;7247;7247;7247;7247;7247;7247;7247;7247;7247;7247;7247;7247;7247;7247;7247
521220;JUSSARA;19788;19780;19773;19765;19757;19749;19742;19734;19726;19718;19711;19703;19695;19689;19684;19678;19672;19666;19661;19655;19649;19643;19638;19632;19626;19628;19629;19631;19633;19634;19636;19638;19639;19641;19643;19644;19646;19648;19651;19653;19656;19658;19661;19663;19665;19668;19670;19673;19675;19679;19683;19687;19691;19695;19700;19704;19708;19712;19716;19720;19724;19765;19768;19772;19775;19778;19781;19785;19788;19791;19794;19798;19762;19765;19769;19772;19775;19778;19782;19785;19788;19791;19795;19798;19801;19803;19805;19807;19809;19811;19813;19815;19817;19819;19821;19823;19825;19828;19830;19833;19835;19838;19841;19843;19846;19848;19851;19853;19856;19861;19866;19871;19876;19881;19886;19890;19895;19900;19905;19910;19915;19918;19922;19925;19928;19932;19935;19938;19942;19945;19948;19952;19955;19957;19958;19960;19961;19963;19964;19966;19967;19969;19970;19972;19973;19971;19969;19967;19965;19963;19961;19959;19957;19955;19953;19951;19949;19946;19944;19941;19938;19936;19933;19930;19928;19925;19922;19920;19917;19916;19914;19913;19912;19910;19909;19908;19906;19905;19904;19902;19901;19903;19905;19907;19909;19911;19914;19916;19918;19920;19922;19924;19926;19928;19930;19932;19934;19936;19939;19941;19943;19945;19947;19949;19951
521225;LAGOA SANTA;1231;1233;1235;1236;1238;1240;1242;1243;1245;1247;1249;1250;1252;1253;1254;1255;1255;1256;1257;1258;1259;1260;1260;1261;1262;1263;1264;1265;1266;1267;1268;1269;1270;1271;1272;1273;1274;1275;1276;1276;1277;1278;1279;1279;1280;1281;1282;1282;1283;1284;1286;1287;1288;1289;1291;1292;1293;1294;1296;1297;1298;1309;1309;1310;1311;1311;1312;1312;1313;1314;1314;1315;1308;1309;1309;1310;1310;1311;1312;1312;1313;1313;1314;1314;1315;1315;1316;1316;1317;1317;1318;1318;1318;1319;1319;1320;1320;1321;1323;1324;1325;1326;1328;1329;1330;1331;1333;1334;1335;1337;1338;1340;1341;1343;1344;1346;1347;1349;1350;1352;1353;1355;1357;1359;1361;1363;1365;1366;1368;1370;1372;1374;1376;1377;1378;1378;1379;1380;1381;1381;1382;1383;1384;1384;1385;1386;1387;1388;1389;1390;1391;1392;1393;1394;1395;1396;1397;1396;1396;1395;1394;1393;1393;1392;1391;1390;1390;1389;1388;1391;1394;1398;1401;1404;1407;1410;1413;1417;1420;1423;1426;1427;1428;1428;1429;1430;1431;1431;1432;1433;1434;1434;1435;1436;1437;1437;1438;1439;1440;1440;1441;1442;1443;1443;1444
521230;LEOPOLDO DE BULHOES;7676;7678;7679;7681;7682;7684;7685;7687;7688;7690;7691;7693;7694;7698;7701;7705;7708;7712;7715;7719;7722;7726;7729;7733;7736;7743;7750;7757;7764;7771;7778;7784;7791;7798;7805;7812;7819;7828;7837;7847;7856;7865;7874;7883;7892;7902;7911;7920;7929;7939;7950;7960;7970;7981;7991;8001;8012;8022;8032;8043;8053;8177;8185;8194;8202;8211;8219;8228;8237;8245;8254;8262;8167;8176;8184;8193;8201;8210;8219;8227;8236;8244;8253;8261;8270;8279;8288;8297;8306;8315;8325;8334;8343;8352;8361;8370;8379;8387;8395;8403;8411;8419;8427;8434;8442;8450;8458;8466;8474;8484;8493;8503;8512;8522;8531;8541;8550;8560;8569;8579;8588;8597;8607;8616;8625;8635;8644;8653;8663;8672;8681;8691;8700;8708;8716;8723;8731;8739;8747;8754;8762;8770;8778;8785;8793;8799;8805;8811;8817;8823;8829;8835;8841;8847;8853;8859;8865;8872;8878;8885;8891;8898;8904;8911;8917;8924;8930;8937;8943;8951;8958;8966;8974;8981;8989;8997;9004;9012;9020;9027;9035;9042;9050;9057;9064;9072;9079;9086;9094;9101;9108;9116;9123;9130;9138;9145;9152;9160;9167;9174;9182;9189;9196;9204;9211
521250;LUZIANIA;178468;178700;178932;179164;179396;179628;179860;180092;180324;180556;180788;181020;181252;181479;181706;181932;182159;182386;182613;182839;183066;183293;183520;183746;183973;184228;184484;184739;184994;185250;185505;185760;186016;186271;186526;186782;187037;187299;187561;187823;188085;188347;188609;188870;189132;189394;189656;189918;190180;190448;190716;190984;191251;191519;191787;192055;192323;192591;192858;193126;193394;196900;197152;197405;197657;197910;198163;198415;198668;198920;199173;199426;196630;196883;197135;197388;197640;197893;198146;198398;198651;198903;199156;199408;199661;199892;200124;200355;200587;200818;201050;201281;201512;201744;201975;202207;202438;202656;202874;203092;203310;203528;203746;203964;204182;204400;204618;204836;205054;205274;205494;205714;205933;206153;206373;206593;206813;207033;207252;207472;207692;207908;208123;208339;208554;208770;208985;209201;209416;209632;209847;210063;210278;210466;210654;210843;211031;211219;211407;211595;211783;211972;212160;212348;212536;212705;212875;213044;213213;213383;213552;213721;213891;214060;214229;214399;214568;214748;214928;215107;215287;215467;215647;215826;216006;216186;216366;216545;216725;216904;217083;217262;217441;217620;217799;217977;218156;218335;218514;218693;218872;219071;219270;219470;219669;219868;220067;220266;220465;220665;220864;221063;221262;221461;221660;221860;222059;222258;222457;222656;222855;223055;223254;223453;223652
521260;MAIRIPOTABA;2440;2440;2440;2440;2440;2440;2441;2441;2441;2441;2441;2441;2441;2442;2442;2443;2443;2444;2445;2445;2446;2446;2447;2447;2448;2449;2450;2451;2452;2453;2454;2455;2456;2457;2458;2459;2460;2461;2463;2464;2465;2466;2468;2469;2470;2471;2473;2474;2475;2476;2478;2479;2480;2481;2483;2484;2485;2486;2488;2489;2490;2510;2511;2512;2514;2515;2517;2518;2519;2521;2522;2524;2508;2509;2511;2512;2514;2515;2517;2518;2519;2521;2522;2524;2525;2526;2528;2529;2531;2532;2534;2535;2536;2538;2539;2541;2542;2543;2543;2544;2545;2545;2546;2547;2547;2548;2549;2549;2550;2552;2554;2555;2557;2559;2561;2562;2564;2566;2568;2569;2571;2572;2573;2573;2574;2575;2576;2576;2577;2578;2579;2579;2580;2581;2583;2584;2585;2586;2588;2589;2590;2591;2593;2594;2595;2596;2597;2598;2598;2599;2600;2601;2602;2603;2603;2604;2605;2604;2602;2601;2599;2598;2597;2595;2594;2592;2591;2589;2588;2591;2593;2596;2598;2601;2603;2606;2608;2611;2613;2616;2618;2619;2620;2621;2622;2623;2625;2626;2627;2628;2629;2630;2631;2632;2633;2634;2635;2636;2638;2639;2640;2641;2642;2643;2644
521270;MAMBAI;6765;6780;6794;6809;6823;6838;6852;6867;6881;6896;6910;6925;6939;6951;6963;6974;6986;6998;7010;7021;7033;7045;7057;7068;7080;7090;7099;7109;7118;7128;7138;7147;7157;7166;7176;7185;7195;7205;7214;7224;7233;7243;7252;7262;7271;7281;7290;7300;7309;7319;7328;7338;7348;7357;7367;7377;7386;7396;7406;7415;7425;7552;7561;7569;7578;7587;7596;7605;7614;7622;7631;7640;7542;7551;7560;7569;7577;7586;7595;7604;7613;7622;7630;7639;7648;7656;7664;7673;7681;7689;7697;7705;7713;7722;7730;7738;7746;7754;7762;7770;7778;7786;7795;7803;7811;7819;7827;7835;7843;7852;7861;7869;7878;7887;7896;7904;7913;7922;7931;7939;7948;7956;7964;7973;7981;7989;7997;8005;8013;8022;8030;8038;8046;8054;8061;8069;8077;8084;8092;8100;8107;8115;8123;8130;8138;8144;8151;8157;8163;8169;8176;8182;8188;8194;8201;8207;8213;8220;8228;8235;8243;8250;8258;8265;8272;8280;8287;8295;8302;8311;8319;8328;8336;8345;8354;8362;8371;8379;8388;8396;8405;8412;8420;8427;8434;8442;8449;8456;8464;8471;8478;8486;8493;8500;8508;8515;8522;8530;8537;8544;8552;8559;8566;8574;8581
521280;MARA ROSA;11160;11152;11144;11135;11127;11119;11111;11102;11094;11086;11078;11069;11061;11056;11051;11046;11041;11036;11031;11026;11021;11016;11011;11006;11001;11000;10999;10998;10997;10996;10995;10994;10993;10992;10991;10990;10989;10989;10990;10990;10990;10990;10991;10991;10991;10991;10992;10992;10992;10992;10992;10992;10992;10992;10992;10992;10992;10992;10992;10992;10992;10981;10981;10981;10981;10981;10981;10981;10981;10981;10980;10980;10982;10982;10982;10982;10982;10982;10982;10981;10981;10981;10981;10981;10981;10979;10978;10976;10975;10973;10972;10970;10968;10967;10965;10964;10962;10961;10960;10959;10957;10956;10955;10954;10953;10952;10950;10949;10948;10948;10948;10949;10949;10949;10949;10949;10949;10950;10950;10950;10950;10949;10948;10947;10946;10945;10945;10944;10943;10942;10941;10940;10939;10937;10936;10934;10932;10931;10929;10927;10926;10924;10922;10921;10919;10915;10912;10908;10904;10900;10897;10893;10889;10885;10882;10878;10874;10871;10869;10866;10864;10861;10859;10856;10853;10851;10848;10846;10843;10841;10838;10836;10834;10831;10829;10827;10824;10822;10820;10817;10815;10814;10814;10813;10812;10811;10811;10810;10809;10808;10808;10807;10806;10805;10805;10804;10803;10802;10802;10801;10800;10799;10799;10798;10797
521290;MARZAGAO;2096;2097;2098;2099;2100;2101;2103;2104;2105;2106;2107;2108;2109;2112;2114;2117;2119;2122;2125;2127;2130;2132;2135;2137;2140;2144;2147;2151;2154;2158;2162;2165;2169;2172;2176;2179;2183;2188;2193;2198;2203;2208;2213;2218;2223;2228;2233;2238;2243;2247;2252;2256;2260;2264;2269;2273;2277;2281;2286;2290;2294;2356;2361;2366;2371;2376;2381;2386;2391;2396;2401;2406;2351;2356;2361;2366;2371;2376;2381;2386;2391;2396;2401;2406;2411;2416;2422;2427;2432;2438;2443;2448;2454;2459;2464;2470;2475;2480;2485;2490;2495;2500;2505;2510;2515;2520;2525;2530;2535;2540;2546;2551;2557;2562;2568;2573;2578;2584;2589;2595;2600;2605;2610;2615;2620;2625;2631;2636;2641;2646;2651;2656;2661;2666;2672;2677;2682;2688;2693;2698;2704;2709;2714;2720;2725;2730;2734;2739;2743;2748;2752;2757;2761;2766;2770;2775;2779;2780;2782;2783;2784;2785;2787;2788;2789;2790;2792;2793;2794;2802;2811;2819;2827;2835;2844;2852;2860;2868;2877;2885;2893;2897;2901;2905;2909;2913;2918;2922;2926;2930;2934;2938;2942;2946;2950;2954;2958;2962;2967;2971;2975;2979;2983;2987;2991
521295;MATRINCHA;4534;4532;4530;4528;4526;4524;4522;4519;4517;4515;4513;4511;4509;4506;4504;4501;4498;4495;4493;4490;4487;4484;4482;4479;4476;4474;4472;4470;4467;4465;4463;4461;4459;4457;4454;4452;4450;4448;4446;4444;4442;4440;4438;4435;4433;4431;4429;4427;4425;4423;4420;4418;4416;4413;4411;4409;4406;4404;4402;4399;4397;4357;4354;4350;4347;4344;4340;4337;4334;4330;4327;4324;4360;4357;4353;4350;4347;4343;4340;4337;4333;4330;4327;4323;4320;4317;4314;4310;4307;4304;4301;4297;4294;4291;4288;4284;4281;4278;4275;4272;4269;4266;4263;4260;4257;4254;4251;4248;4245;4242;4240;4237;4234;4232;4229;4226;4224;4221;4218;4216;4213;4210;4208;4205;4203;4200;4198;4195;4192;4190;4187;4185;4182;4179;4176;4173;4170;4167;4164;4160;4157;4154;4151;4148;4145;4142;4139;4136;4132;4129;4126;4123;4120;4117;4113;4110;4107;4103;4099;4095;4091;4087;4083;4078;4074;4070;4066;4062;4058;4056;4054;4052;4050;4048;4046;4043;4041;4039;4037;4035;4033;4031;4028;4026;4023;4021;4019;4016;4014;4011;4009;4006;4004;4002;3999;3997;3994;3992;3990;3987;3985;3982;3980;3977;3975
521300;MAURILANDIA;11486;11499;11511;11524;11536;11549;11562;11574;11587;11599;11612;11624;11637;11640;11643;11646;11649;11652;11656;11659;11662;11665;11668;11671;11674;11671;11668;11665;11661;11658;11655;11652;11649;11646;11642;11639;11636;11630;11623;11617;11610;11604;11598;11591;11585;11578;11572;11565;11559;11552;11546;11539;11532;11526;11519;11512;11506;11499;11492;11486;11479;11371;11362;11353;11344;11335;11326;11317;11308;11299;11290;11281;11379;11370;11361;11352;11343;11334;11325;11316;11307;11298;11289;11280;11271;11262;11253;11243;11234;11225;11216;11206;11197;11188;11179;11169;11160;11148;11136;11125;11113;11101;11089;11077;11065;11054;11042;11030;11018;11006;10995;10983;10972;10960;10949;10937;10925;10914;10902;10891;10879;10868;10858;10847;10836;10825;10815;10804;10793;10782;10772;10761;10750;10738;10725;10713;10701;10688;10676;10664;10651;10639;10627;10614;10602;10591;10580;10569;10558;10547;10536;10525;10514;10503;10492;10481;10470;10459;10448;10437;10426;10415;10404;10393;10382;10371;10360;10349;10338;10330;10322;10313;10305;10297;10289;10280;10272;10264;10256;10247;10239;10231;10223;10216;10208;10200;10192;10184;10176;10169;10161;10153;10145;10137;10129;10122;10114;10106;10098;10090;10082;10075;10067;10059;10051
521305;MIMOSO DE GOIAS;2744;2744;2744;2744;2743;2743;2743;2743;2743;2743;2742;2742;2742;2741;2740;2740;2739;2738;2737;2736;2735;2735;2734;2733;2732;2732;2731;2731;2730;2730;2730;2729;2729;2728;2728;2727;2727;2726;2726;2725;2724;2723;2723;2722;2721;2720;2720;2719;2718;2718;2717;2717;2716;2716;2715;2715;2714;2714;2713;2713;2712;2715;2715;2714;2714;2713;2712;2712;2711;2711;2710;2709;2715;2714;2714;2713;2713;2712;2712;2711;2710;2710;2709;2709;2708;2707;2706;2704;2703;2702;2701;2699;2698;2697;2696;2694;2693;2692;2691;2690;2689;2688;2687;2685;2684;2683;2682;2681;2680;2680;2680;2681;2681;2681;2681;2681;2681;2682;2682;2682;2682;2681;2680;2678;2677;2676;2675;2673;2672;2671;2670;2668;2667;2666;2666;2665;2664;2663;2663;2662;2661;2660;2660;2659;2658;2657;2656;2655;2654;2653;2652;2651;2650;2649;2648;2647;2646;2643;2640;2637;2634;2631;2629;2626;2623;2620;2617;2614;2611;2613;2615;2617;2618;2620;2622;2624;2626;2628;2629;2631;2633;2632;2632;2631;2631;2630;2630;2629;2628;2628;2627;2627;2626;2625;2625;2624;2624;2623;2623;2622;2621;2621;2620;2620;2619
521308;MINACU;32613;32580;32547;32514;32481;32448;32416;32383;32350;32317;32284;32251;32218;32183;32149;32114;32080;32045;32011;31976;31941;31907;31872;31838;31803;31771;31739;31708;31676;31644;31612;31580;31548;31517;31485;31453;31421;31389;31356;31324;31291;31259;31226;31194;31161;31129;31096;31064;31031;30999;30968;30936;30904;30872;30841;30809;30777;30745;30714;30682;30650;30233;30200;30168;30135;30103;30070;30038;30005;29973;29940;29908;30265;30233;30200;30168;30135;30103;30070;30038;30005;29973;29940;29908;29875;29843;29812;29780;29748;29717;29685;29653;29622;29590;29558;29527;29495;29465;29435;29405;29375;29345;29315;29284;29254;29224;29194;29164;29134;29107;29080;29053;29026;28999;28972;28944;28917;28890;28863;28836;28809;28783;28758;28732;28706;28680;28655;28629;28603;28577;28552;28526;28500;28468;28437;28405;28374;28342;28311;28279;28247;28216;28184;28153;28121;28088;28054;28021;27987;27954;27921;27887;27854;27820;27787;27753;27720;27688;27656;27624;27592;27560;27529;27497;27465;27433;27401;27369;27337;27304;27271;27238;27204;27171;27138;27105;27072;27039;27005;26972;26939;26912;26885;26858;26831;26804;26778;26751;26724;26697;26670;26643;26616;26589;26562;26535;26508;26481;26455;26428;26401;26374;26347;26320;26293
521310;MINEIROS;52662;52770;52879;52987;53095;53203;53312;53420;53528;53636;53745;53853;53961;54067;54173;54279;54385;54491;54598;54704;54810;54916;55022;55128;55234;55348;55462;55576;55690;55804;55918;56031;56145;56259;56373;56487;56601;56720;56839;56958;57077;57196;57316;57435;57554;57673;57792;57911;58030;58153;58276;58399;58522;58645;58768;58890;59013;59136;59259;59382;59505;61130;61251;61372;61493;61614;61735;61856;61977;62098;62219;62340;61005;61126;61247;61368;61489;61610;61731;61852;61973;62094;62215;62336;62457;62575;62693;62811;62929;63047;63166;63284;63402;63520;63638;63756;63874;63991;64108;64225;64342;64459;64577;64694;64811;64928;65045;65162;65279;65400;65522;65643;65764;65886;66007;66128;66250;66371;66492;66614;66735;66856;66977;67098;67219;67340;67461;67581;67702;67823;67944;68065;68186;68298;68411;68523;68635;68748;68860;68972;69085;69197;69309;69422;69534;69643;69753;69862;69971;70080;70190;70299;70408;70517;70627;70736;70845;70963;71080;71198;71315;71433;71550;71668;71785;71903;72020;72138;72255;72382;72509;72637;72764;72891;73018;73145;73272;73400;73527;73654;73781;73883;73984;74086;74187;74289;74390;74492;74593;74695;74796;74898;74999;75101;75202;75304;75405;75507;75608;75710;75811;75913;76014;76116;76217
521340;MOIPORA;1819;1817;1815;1813;1811;1809;1807;1804;1802;1800;1798;1796;1794;1793;1792;1791;1790;1789;1788;1786;1785;1784;1783;1782;1781;1780;1779;1778;1777;1776;1776;1775;1774;1773;1772;1771;1770;1770;1770;1770;1770;1770;1770;1770;1770;1770;1770;1770;1770;1769;1769;1768;1767;1767;1766;1765;1765;1764;1763;1763;1762;1753;1753;1752;1752;1751;1750;1750;1749;1749;1748;1748;1754;1753;1753;1752;1752;1751;1751;1750;1749;1749;1748;1748;1747;1747;1747;1747;1747;1747;1747;1747;1747;1747;1747;1747;1747;1746;1745;1745;1744;1743;1742;1741;1740;1740;1739;1738;1737;1737;1736;1736;1735;1735;1735;1734;1734;1733;1733;1732;1732;1732;1732;1732;1732;1732;1732;1732;1732;1732;1732;1732;1732;1731;1730;1729;1728;1727;1726;1724;1723;1722;1721;1720;1719;1718;1718;1717;1716;1715;1715;1714;1713;1712;1712;1711;1710;1707;1704;1701;1698;1695;1692;1689;1686;1683;1680;1677;1674;1676;1677;1679;1680;1682;1684;1685;1687;1688;1690;1691;1693;1693;1692;1692;1691;1691;1690;1690;1689;1689;1688;1688;1687;1687;1686;1686;1685;1685;1684;1684;1683;1683;1682;1682;1681
521350;MONTE ALEGRE DE GOIAS;7814;7816;7818;7820;7822;7824;7826;7828;7830;7832;7834;7836;7838;7835;7832;7829;7825;7822;7819;7816;7813;7810;7806;7803;7800;7795;7790;7785;7780;7775;7771;7766;7761;7756;7751;7746;7741;7734;7727;7719;7712;7705;7698;7690;7683;7676;7669;7661;7654;7647;7641;7634;7627;7620;7614;7607;7600;7593;7587;7580;7573;7482;7474;7466;7458;7450;7442;7434;7425;7417;7409;7401;7489;7481;7473;7465;7457;7449;7441;7432;7424;7416;7408;7400;7392;7383;7375;7366;7357;7349;7340;7331;7323;7314;7305;7297;7288;7280;7272;7264;7256;7248;7240;7232;7224;7216;7208;7200;7192;7184;7176;7168;7160;7152;7145;7137;7129;7121;7113;7105;7097;7090;7082;7075;7067;7060;7053;7045;7038;7030;7023;7015;7008;6999;6991;6982;6974;6965;6957;6948;6939;6931;6922;6914;6905;6896;6887;6878;6869;6860;6852;6843;6834;6825;6816;6807;6798;6790;6781;6773;6765;6756;6748;6740;6731;6723;6715;6706;6698;6691;6684;6677;6670;6663;6656;6648;6641;6634;6627;6620;6613;6606;6600;6593;6587;6580;6574;6567;6560;6554;6547;6541;6534;6527;6521;6514;6508;6501;6495;6488;6481;6475;6468;6462;6455
521370;MONTES CLAROS DE GOIAS;8188;8188;8188;8188;8187;8187;8187;8187;8187;8187;8186;8186;8186;8187;8188;8189;8190;8191;8192;8192;8193;8194;8195;8196;8197;8201;8205;8209;8212;8216;8220;8224;8228;8232;8235;8239;8243;8249;8254;8260;8265;8271;8277;8282;8288;8293;8299;8304;8310;8316;8321;8327;8333;8338;8344;8350;8355;8361;8367;8372;8378;8439;8445;8451;8457;8463;8469;8475;8481;8487;8493;8500;8434;8440;8446;8452;8458;8464;8471;8477;8483;8489;8495;8501;8507;8512;8517;8522;8527;8532;8537;8541;8546;8551;8556;8561;8566;8572;8577;8583;8588;8594;8600;8605;8611;8616;8622;8627;8633;8640;8646;8653;8659;8666;8672;8679;8685;8692;8698;8705;8711;8717;8724;8730;8737;8743;8750;8756;8762;8769;8775;8782;8788;8793;8797;8802;8806;8811;8816;8820;8825;8829;8834;8838;8843;8846;8850;8853;8856;8859;8863;8866;8869;8872;8876;8879;8882;8885;8889;8892;8895;8898;8902;8905;8908;8911;8915;8918;8921;8925;8930;8934;8938;8942;8947;8951;8955;8959;8964;8968;8972;8976;8981;8985;8989;8994;8998;9002;9007;9011;9015;9020;9024;9028;9033;9037;9041;9046;9050;9054;9059;9063;9067;9072;9076
521375;MONTIVIDIU;10466;10486;10506;10526;10546;10566;10586;10605;10625;10645;10665;10685;10705;10721;10737;10753;10768;10784;10800;10816;10832;10848;10863;10879;10895;10910;10926;10941;10956;10972;10987;11002;11018;11033;11048;11064;11079;11094;11109;11123;11138;11153;11168;11182;11197;11212;11227;11241;11256;11270;11284;11298;11311;11325;11339;11353;11367;11381;11394;11408;11422;11619;11633;11646;11659;11673;11686;11699;11713;11726;11739;11753;11604;11617;11631;11644;11657;11671;11684;11697;11711;11724;11737;11751;11764;11778;11791;11805;11818;11832;11846;11859;11873;11886;11900;11913;11927;11939;11951;11964;11976;11988;12000;12012;12024;12037;12049;12061;12073;12087;12100;12114;12128;12141;12155;12169;12182;12196;12210;12223;12237;12251;12264;12278;12291;12305;12319;12332;12346;12359;12373;12386;12400;12412;12424;12436;12448;12460;12472;12483;12495;12507;12519;12531;12543;12554;12564;12575;12585;12596;12606;12617;12627;12638;12648;12659;12669;12681;12692;12704;12716;12727;12739;12751;12762;12774;12786;12797;12809;12821;12834;12846;12858;12871;12883;12895;12908;12920;12932;12945;12957;12968;12980;12991;13003;13014;13026;13037;13048;13060;13071;13083;13094;13105;13117;13128;13140;13151;13163;13174;13185;13197;13208;13220;13231
521377;MONTIVIDIU DO NORTE;4184;4184;4185;4185;4186;4186;4187;4187;4187;4188;4188;4189;4189;4187;4185;4183;4181;4179;4178;4176;4174;4172;4170;4168;4166;4164;4162;4160;4158;4156;4154;4152;4150;4148;4146;4144;4142;4139;4136;4133;4130;4127;4124;4120;4117;4114;4111;4108;4105;4102;4100;4097;4095;4092;4090;4087;4084;4082;4079;4077;4074;4048;4045;4041;4038;4035;4031;4028;4025;4021;4018;4015;4050;4047;4043;4040;4037;4033;4030;4027;4023;4020;4017;4013;4010;4008;4006;4004;4002;4000;3998;3995;3993;3991;3989;3987;3985;3983;3981;3978;3976;3974;3972;3969;3967;3965;3963;3960;3958;3956;3953;3951;3949;3946;3944;3942;3939;3937;3935;3932;3930;3928;3926;3923;3921;3919;3917;3914;3912;3910;3908;3905;3903;3901;3898;3896;3894;3891;3889;3887;3884;3882;3880;3877;3875;3872;3869;3866;3863;3860;3858;3855;3852;3849;3846;3843;3840;3835;3830;3825;3820;3815;3810;3805;3800;3795;3790;3785;3780;3779;3778;3778;3777;3776;3775;3774;3773;3773;3772;3771;3770;3768;3766;3763;3761;3759;3757;3754;3752;3750;3748;3745;3743;3741;3739;3736;3734;3732;3730;3727;3725;3723;3721;3718;3716
521380;MORRINHOS;42304;42342;42380;42418;42456;42494;42533;42571;42609;42647;42685;42723;42761;42807;42853;42899;42945;42991;43038;43084;43130;43176;43222;43268;43314;43374;43433;43493;43553;43612;43672;43732;43791;43851;43911;43970;44030;44097;44164;44231;44298;44365;44433;44500;44567;44634;44701;44768;44835;44903;44972;45040;45109;45177;45246;45314;45382;45451;45519;45588;45656;46558;46626;46694;46762;46830;46898;46966;47034;47102;47170;47238;46489;46557;46625;46693;46761;46829;46897;46964;47032;47100;47168;47236;47304;47371;47438;47505;47572;47639;47707;47774;47841;47908;47975;48042;48109;48177;48245;48313;48381;48449;48517;48584;48652;48720;48788;48856;48924;48996;49067;49139;49210;49282;49353;49425;49496;49568;49639;49711;49782;49854;49926;49998;50070;50142;50214;50285;50357;50429;50501;50573;50645;50707;50770;50832;50895;50957;51020;51082;51144;51207;51269;51332;51394;51453;51511;51570;51629;51687;51746;51805;51863;51922;51981;52039;52098;52161;52224;52287;52350;52413;52477;52540;52603;52666;52729;52792;52855;52920;52986;53051;53117;53182;53248;53313;53378;53444;53509;53575;53640;53697;53754;53812;53869;53926;53983;54040;54097;54155;54212;54269;54326;54383;54440;54498;54555;54612;54669;54726;54783;54841;54898;54955;55012
521385;MORRO AGUDO DE GOIAS;2442;2441;2439;2438;2437;2435;2434;2433;2431;2430;2429;2427;2426;2425;2424;2423;2422;2421;2421;2420;2419;2418;2417;2416;2415;2415;2415;2415;2415;2415;2415;2414;2414;2414;2414;2414;2414;2415;2416;2418;2419;2420;2421;2422;2423;2425;2426;2427;2428;2428;2429;2429;2429;2429;2430;2430;2430;2430;2431;2431;2431;2434;2435;2437;2438;2439;2440;2441;2442;2444;2445;2446;2434;2435;2436;2438;2439;2440;2441;2442;2443;2445;2446;2447;2448;2449;2450;2451;2452;2453;2454;2454;2455;2456;2457;2458;2459;2460;2462;2463;2464;2465;2467;2468;2469;2470;2472;2473;2474;2474;2475;2475;2476;2476;2477;2477;2477;2478;2478;2479;2479;2480;2481;2482;2483;2484;2486;2487;2488;2489;2490;2491;2492;2493;2494;2495;2495;2496;2497;2498;2499;2500;2500;2501;2502;2502;2503;2503;2503;2504;2504;2504;2505;2505;2505;2506;2506;2503;2500;2498;2495;2492;2489;2486;2483;2481;2478;2475;2472;2474;2477;2479;2481;2483;2486;2488;2490;2492;2495;2497;2499;2500;2500;2501;2501;2502;2502;2503;2503;2504;2504;2505;2505;2506;2506;2507;2507;2508;2508;2509;2509;2510;2510;2511;2511
521390;MOSSAMEDES;5213;5207;5202;5196;5190;5184;5179;5173;5167;5161;5156;5150;5144;5139;5134;5128;5123;5118;5113;5107;5102;5097;5092;5086;5081;5078;5075;5072;5068;5065;5062;5059;5056;5053;5049;5046;5043;5041;5039;5037;5035;5033;5031;5028;5026;5024;5022;5020;5018;5015;5012;5010;5007;5004;5001;4998;4995;4993;4990;4987;4984;4948;4945;4942;4939;4936;4933;4930;4927;4924;4921;4917;4951;4948;4945;4942;4939;4936;4933;4929;4926;4923;4920;4917;4914;4912;4910;4907;4905;4903;4901;4898;4896;4894;4892;4889;4887;4884;4881;4878;4875;4872;4869;4866;4863;4860;4857;4854;4851;4849;4847;4845;4843;4841;4839;4836;4834;4832;4830;4828;4826;4823;4821;4818;4815;4812;4810;4807;4804;4801;4799;4796;4793;4791;4788;4786;4783;4781;4779;4776;4774;4771;4769;4766;4764;4761;4758;4756;4753;4750;4747;4744;4741;4739;4736;4733;4730;4726;4722;4718;4714;4710;4706;4701;4697;4693;4689;4685;4681;4679;4677;4675;4672;4670;4668;4666;4664;4662;4659;4657;4655;4653;4650;4648;4645;4643;4641;4638;4636;4633;4631;4628;4626;4624;4621;4619;4616;4614;4612;4609;4607;4604;4602;4599;4597
521400;MOZARLANDIA;13507;13520;13534;13547;13561;13574;13588;13601;13614;13628;13641;13655;13668;13679;13689;13700;13710;13721;13731;13742;13752;13763;13773;13784;13794;13804;13813;13823;13832;13842;13852;13861;13871;13880;13890;13899;13909;13920;13930;13941;13952;13962;13973;13984;13994;14005;14016;14026;14037;14047;14057;14066;14076;14086;14096;14105;14115;14125;14135;14144;14154;14289;14299;14309;14319;14328;14338;14348;14358;14367;14377;14387;14279;14289;14299;14308;14318;14328;14338;14347;14357;14367;14377;14386;14396;14404;14411;14419;14426;14434;14442;14449;14457;14464;14472;14479;14487;14495;14503;14512;14520;14528;14536;14544;14552;14561;14569;14577;14585;14594;14604;14613;14623;14632;14642;14651;14660;14670;14679;14689;14698;14708;14717;14727;14736;14746;14756;14765;14775;14784;14794;14803;14813;14820;14827;14835;14842;14849;14856;14863;14870;14878;14885;14892;14899;14905;14910;14916;14921;14927;14932;14938;14943;14949;14954;14960;14965;14970;14976;14981;14986;14992;14997;15002;15008;15013;15018;15024;15029;15036;15042;15049;15056;15062;15069;15076;15082;15089;15096;15102;15109;15117;15124;15132;15139;15147;15154;15162;15169;15177;15184;15192;15199;15207;15214;15222;15229;15237;15244;15252;15259;15267;15274;15282;15289
521405;MUNDO NOVO;6770;6760;6750;6739;6729;6719;6709;6698;6688;6678;6668;6657;6647;6641;6635;6630;6624;6618;6612;6606;6600;6595;6589;6583;6577;6575;6573;6571;6569;6567;6566;6564;6562;6560;6558;6556;6554;6553;6551;6550;6549;6547;6546;6545;6543;6542;6541;6539;6538;6537;6535;6534;6532;6531;6529;6528;6526;6525;6523;6522;6520;6515;6513;6511;6510;6508;6507;6505;6504;6502;6500;6499;6515;6513;6512;6510;6509;6507;6506;6504;6502;6501;6499;6498;6496;6493;6490;6488;6485;6482;6479;6476;6473;6471;6468;6465;6462;6460;6457;6455;6453;6450;6448;6446;6443;6441;6439;6436;6434;6432;6429;6427;6424;6422;6420;6417;6415;6412;6410;6407;6405;6403;6402;6400;6398;6397;6395;6393;6392;6390;6388;6387;6385;6381;6377;6374;6370;6366;6362;6358;6354;6351;6347;6343;6339;6335;6331;6327;6323;6319;6316;6312;6308;6304;6300;6296;6292;6288;6284;6280;6276;6272;6268;6263;6259;6255;6251;6247;6243;6241;6240;6238;6236;6235;6233;6231;6230;6228;6226;6225;6223;6221;6220;6218;6216;6214;6213;6211;6209;6207;6206;6204;6202;6200;6199;6197;6195;6193;6192;6190;6188;6186;6185;6183;6181
521410;MUTUNOPOLIS;3939;3938;3937;3935;3934;3933;3932;3930;3929;3928;3927;3925;3924;3922;3919;3917;3915;3912;3910;3908;3905;3903;3901;3898;3896;3894;3892;3889;3887;3885;3883;3880;3878;3876;3874;3871;3869;3867;3864;3862;3859;3857;3855;3852;3850;3847;3845;3842;3840;3838;3836;3834;3832;3830;3828;3826;3824;3822;3820;3818;3816;3786;3783;3781;3778;3776;3773;3771;3768;3766;3763;3761;3788;3786;3783;3781;3778;3776;3773;3771;3768;3766;3763;3761;3758;3756;3754;3752;3749;3747;3745;3743;3741;3739;3736;3734;3732;3730;3727;3725;3723;3720;3718;3716;3713;3711;3709;3706;3704;3703;3701;3700;3699;3697;3696;3695;3693;3692;3691;3689;3688;3687;3686;3685;3683;3682;3681;3680;3679;3678;3676;3675;3674;3672;3669;3667;3664;3662;3659;3657;3654;3652;3649;3647;3644;3641;3639;3636;3633;3630;3628;3625;3622;3619;3617;3614;3611;3608;3604;3601;3597;3594;3590;3587;3583;3580;3576;3573;3569;3568;3568;3567;3567;3566;3566;3565;3564;3564;3563;3563;3562;3560;3558;3557;3555;3553;3551;3549;3547;3546;3544;3542;3540;3538;3536;3535;3533;3531;3529;3527;3525;3524;3522;3520;3518
521440;NAZARIO;7947;7954;7960;7967;7974;7980;7987;7994;8000;8007;8014;8020;8027;8030;8032;8035;8037;8040;8043;8045;8048;8050;8053;8055;8058;8060;8063;8065;8067;8070;8072;8074;8077;8079;8081;8084;8086;8088;8090;8092;8094;8096;8099;8101;8103;8105;8107;8109;8111;8114;8117;8120;8123;8126;8129;8132;8135;8138;8141;8144;8147;8176;8178;8180;8182;8184;8185;8187;8189;8191;8193;8195;8174;8176;8178;8180;8181;8183;8185;8187;8189;8191;8192;8194;8196;8198;8201;8203;8205;8208;8210;8212;8215;8217;8219;8222;8224;8225;8227;8228;8229;8231;8232;8233;8235;8236;8237;8239;8240;8243;8246;8249;8251;8254;8257;8260;8263;8266;8268;8271;8274;8277;8279;8282;8284;8287;8290;8292;8295;8297;8300;8302;8305;8306;8307;8308;8308;8309;8310;8311;8312;8313;8313;8314;8315;8315;8314;8314;8314;8313;8313;8313;8312;8312;8312;8311;8311;8312;8312;8313;8314;8314;8315;8316;8316;8317;8318;8318;8319;8320;8321;8322;8323;8324;8325;8325;8326;8327;8328;8329;8330;8332;8333;8335;8336;8338;8340;8341;8343;8344;8346;8347;8349;8351;8352;8354;8355;8357;8359;8360;8362;8363;8365;8366;8368
521450;NEROPOLIS;24028;24074;24120;24166;24212;24258;24304;24349;24395;24441;24487;24533;24579;24625;24671;24717;24763;24809;24856;24902;24948;24994;25040;25086;25132;25184;25235;25287;25338;25390;25442;25493;25545;25596;25648;25699;25751;25805;25859;25913;25967;26021;26075;26128;26182;26236;26290;26344;26398;26455;26512;26568;26625;26682;26739;26795;26852;26909;26966;27022;27079;27815;27871;27926;27982;28038;28094;28150;28206;28262;28318;28374;27758;27814;27870;27926;27982;28038;28094;28149;28205;28261;28317;28373;28429;28484;28539;28595;28650;28705;28760;28815;28870;28926;28981;29036;29091;29146;29202;29257;29313;29368;29424;29479;29534;29590;29645;29701;29756;29812;29869;29925;29982;30038;30095;30151;30207;30264;30320;30377;30433;30492;30552;30611;30670;30729;30789;30848;30907;30966;31026;31085;31144;31198;31252;31306;31360;31414;31469;31523;31577;31631;31685;31739;31793;31844;31896;31947;31998;32049;32101;32152;32203;32254;32306;32357;32408;32461;32513;32566;32618;32671;32724;32776;32829;32881;32934;32986;33039;33095;33150;33206;33261;33317;33373;33428;33484;33539;33595;33650;33706;33753;33801;33848;33895;33942;33990;34037;34084;34131;34179;34226;34273;34320;34368;34415;34462;34509;34557;34604;34651;34698;34746;34793;34840
521460;NIQUELANDIA;43444;43439;43433;43428;43423;43417;43412;43407;43401;43396;43391;43385;43380;43347;43313;43280;43246;43213;43180;43146;43113;43079;43046;43012;42979;42934;42889;42844;42799;42754;42709;42663;42618;42573;42528;42483;42438;42384;42330;42276;42222;42168;42114;42059;42005;41951;41897;41843;41789;41733;41676;41620;41564;41507;41451;41395;41338;41282;41226;41169;41113;40414;40358;40302;40246;40190;40133;40077;40021;39965;39909;39853;40468;40412;40356;40300;40243;40187;40131;40075;40019;39963;39906;39850;39794;39738;39682;39627;39571;39515;39459;39403;39347;39292;39236;39180;39124;39068;39011;38955;38898;38842;38786;38729;38673;38616;38560;38503;38447;38393;38338;38284;38229;38175;38121;38066;38012;37957;37903;37848;37794;37740;37686;37632;37577;37523;37469;37415;37361;37307;37252;37198;37144;37086;37028;36970;36912;36854;36797;36739;36681;36623;36565;36507;36449;36391;36332;36274;36215;36157;36099;36040;35982;35923;35865;35806;35748;35695;35642;35589;35536;35483;35430;35377;35324;35271;35218;35165;35112;35058;35004;34951;34897;34843;34789;34735;34681;34628;34574;34520;34466;34418;34370;34322;34274;34226;34178;34130;34082;34034;33986;33938;33890;33842;33794;33746;33698;33650;33602;33554;33506;33458;33410;33362;33314
521470;NOVA AMERICA;2307;2307;2306;2306;2305;2305;2305;2304;2304;2303;2303;2302;2302;2302;2302;2302;2302;2302;2303;2303;2303;2303;2303;2303;2303;2303;2304;2304;2304;2304;2305;2305;2305;2305;2306;2306;2306;2306;2306;2306;2306;2306;2307;2307;2307;2307;2307;2307;2307;2308;2308;2309;2309;2310;2310;2311;2311;2312;2312;2313;2313;2321;2321;2322;2323;2324;2324;2325;2326;2327;2327;2328;2320;2321;2322;2322;2323;2324;2325;2325;2326;2327;2328;2328;2329;2330;2330;2331;2331;2332;2333;2333;2334;2334;2335;2335;2336;2337;2337;2338;2338;2339;2340;2340;2341;2341;2342;2342;2343;2345;2346;2348;2349;2351;2352;2354;2355;2357;2358;2360;2361;2362;2362;2363;2363;2364;2365;2365;2366;2366;2367;2367;2368;2369;2371;2372;2374;2375;2377;2378;2379;2381;2382;2384;2385;2385;2385;2385;2385;2385;2385;2384;2384;2384;2384;2384;2384;2382;2380;2378;2375;2373;2371;2369;2367;2365;2362;2360;2358;2359;2361;2362;2364;2365;2367;2368;2369;2371;2372;2374;2375;2375;2376;2376;2377;2377;2378;2378;2378;2379;2379;2380;2380;2380;2381;2381;2382;2382;2383;2383;2383;2384;2384;2385;2385
521480;NOVA AURORA;2095;2096;2097;2097;2098;2099;2100;2100;2101;2102;2103;2103;2104;2104;2105;2105;2106;2106;2107;2107;2107;2108;2108;2109;2109;2110;2111;2112;2112;2113;2114;2115;2116;2117;2117;2118;2119;2119;2119;2120;2120;2120;2120;2120;2120;2121;2121;2121;2121;2122;2123;2123;2124;2125;2126;2126;2127;2128;2129;2129;2130;2145;2145;2145;2144;2144;2144;2144;2143;2143;2143;2143;2144;2144;2144;2143;2143;2143;2143;2142;2142;2142;2142;2141;2141;2141;2141;2141;2141;2141;2141;2141;2141;2141;2141;2141;2141;2141;2142;2142;2143;2143;2144;2144;2144;2145;2145;2146;2146;2146;2146;2146;2146;2146;2146;2146;2146;2146;2146;2146;2146;2146;2146;2146;2146;2146;2147;2147;2147;2147;2147;2147;2147;2146;2145;2144;2143;2142;2142;2141;2140;2139;2138;2137;2136;2136;2135;2135;2134;2134;2133;2133;2132;2132;2131;2131;2130;2128;2125;2123;2120;2118;2116;2113;2111;2108;2106;2103;2101;2103;2106;2108;2111;2113;2116;2118;2120;2123;2125;2128;2130;2130;2130;2131;2131;2131;2131;2131;2131;2132;2132;2132;2132;2132;2132;2133;2133;2133;2133;2133;2133;2134;2134;2134;2134
521483;NOVA CRIXAS;12143;12148;12152;12157;12162;12166;12171;12176;12180;12185;12190;12194;12199;12205;12210;12216;12221;12227;12232;12238;12243;12249;12254;12260;12265;12271;12278;12284;12290;12297;12303;12309;12316;12322;12328;12335;12341;12348;12356;12363;12370;12377;12385;12392;12399;12406;12414;12421;12428;12435;12442;12449;12456;12463;12470;12477;12484;12491;12498;12505;12512;12598;12602;12607;12612;12617;12621;12626;12631;12636;12640;12645;12591;12596;12601;12605;12610;12615;12620;12624;12629;12634;12639;12643;12648;12654;12660;12666;12672;12678;12684;12689;12695;12701;12707;12713;12719;12723;12727;12731;12735;12739;12744;12748;12752;12756;12760;12764;12768;12775;12782;12789;12796;12803;12810;12817;12824;12831;12838;12845;12852;12858;12864;12870;12876;12882;12888;12893;12899;12905;12911;12917;12923;12927;12931;12936;12940;12944;12948;12952;12956;12961;12965;12969;12973;12975;12978;12980;12982;12985;12987;12989;12992;12994;12996;12999;13001;13004;13008;13011;13015;13018;13022;13025;13028;13032;13035;13039;13042;13046;13051;13055;13060;13064;13069;13073;13077;13082;13086;13091;13095;13100;13105;13110;13114;13119;13124;13129;13134;13139;13143;13148;13153;13158;13163;13168;13172;13177;13182;13187;13192;13197;13201;13206;13211
521486;NOVA GLORIA;8818;8814;8809;8805;8801;8796;8792;8788;8783;8779;8775;8770;8766;8761;8756;8751;8746;8741;8736;8730;8725;8720;8715;8710;8705;8703;8700;8698;8695;8693;8691;8688;8686;8683;8681;8678;8676;8675;8674;8673;8672;8671;8670;8668;8667;8666;8665;8664;8663;8663;8663;8664;8664;8664;8664;8664;8664;8664;8665;8665;8665;8655;8654;8653;8652;8651;8650;8649;8648;8647;8646;8645;8656;8655;8654;8653;8652;8651;8650;8649;8648;8647;8646;8645;8644;8642;8640;8638;8636;8634;8633;8631;8629;8627;8625;8623;8621;8618;8616;8613;8611;8608;8606;8603;8600;8598;8595;8593;8590;8589;8589;8588;8588;8587;8587;8586;8585;8585;8584;8584;8583;8582;8581;8580;8579;8578;8577;8576;8575;8574;8573;8572;8571;8568;8566;8563;8560;8557;8555;8552;8549;8546;8544;8541;8538;8533;8527;8522;8517;8511;8506;8501;8495;8490;8485;8479;8474;8469;8463;8458;8453;8447;8442;8437;8431;8426;8421;8415;8410;8407;8404;8401;8398;8395;8393;8390;8387;8384;8381;8378;8375;8373;8372;8370;8369;8367;8366;8364;8362;8361;8359;8358;8356;8354;8353;8351;8350;8348;8347;8345;8343;8342;8340;8339;8337
521487;NOVA IGUACU DE GOIAS;2910;2910;2911;2911;2912;2912;2913;2913;2913;2914;2914;2915;2915;2915;2915;2915;2915;2915;2916;2916;2916;2916;2916;2916;2916;2916;2916;2916;2916;2916;2916;2916;2916;2916;2916;2916;2916;2918;2920;2922;2923;2925;2927;2929;2931;2933;2934;2936;2938;2940;2941;2943;2944;2946;2947;2949;2950;2952;2953;2955;2956;2982;2984;2985;2987;2988;2990;2991;2993;2994;2996;2997;2980;2982;2983;2985;2986;2988;2989;2991;2992;2994;2995;2997;2998;2999;3000;3001;3002;3003;3005;3006;3007;3008;3009;3010;3011;3012;3014;3015;3016;3018;3019;3020;3022;3023;3024;3026;3027;3028;3028;3029;3030;3030;3031;3032;3032;3033;3034;3034;3035;3037;3039;3041;3043;3045;3048;3050;3052;3054;3056;3058;3060;3060;3060;3061;3061;3061;3061;3061;3061;3062;3062;3062;3062;3063;3063;3064;3065;3065;3066;3067;3067;3068;3069;3069;3070;3068;3066;3064;3061;3059;3057;3055;3053;3051;3048;3046;3044;3046;3049;3051;3053;3056;3058;3060;3063;3065;3067;3070;3072;3073;3074;3075;3076;3077;3078;3079;3080;3081;3082;3083;3084;3085;3086;3087;3088;3089;3090;3091;3092;3093;3094;3095;3096
521490;NOVA ROMA;3543;3541;3539;3538;3536;3534;3532;3530;3528;3527;3525;3523;3521;3519;3517;3514;3512;3510;3508;3505;3503;3501;3499;3496;3494;3492;3490;3488;3486;3484;3483;3481;3479;3477;3475;3473;3471;3469;3467;3464;3462;3460;3458;3455;3453;3451;3449;3446;3444;3442;3439;3437;3434;3432;3429;3427;3424;3422;3419;3417;3414;3370;3367;3364;3361;3358;3355;3353;3350;3347;3344;3341;3373;3370;3367;3365;3362;3359;3356;3353;3350;3348;3345;3342;3339;3336;3332;3329;3325;3322;3319;3315;3312;3308;3305;3301;3298;3294;3290;3286;3282;3278;3275;3271;3267;3263;3259;3255;3251;3249;3247;3245;3243;3241;3239;3236;3234;3232;3230;3228;3226;3223;3219;3216;3213;3209;3206;3203;3199;3196;3193;3189;3186;3183;3180;3177;3173;3170;3167;3164;3161;3158;3154;3151;3148;3145;3142;3139;3136;3133;3131;3128;3125;3122;3119;3116;3113;3109;3104;3100;3095;3091;3087;3082;3078;3073;3069;3064;3060;3059;3059;3058;3058;3057;3057;3056;3055;3055;3054;3054;3053;3050;3048;3045;3043;3040;3038;3035;3032;3030;3027;3025;3022;3019;3017;3014;3012;3009;3007;3004;3001;2999;2996;2994;2991
521500;NOVA VENEZA;8159;8171;8182;8194;8205;8217;8229;8240;8252;8263;8275;8286;8298;8308;8319;8329;8339;8349;8360;8370;8380;8390;8401;8411;8421;8430;8440;8449;8458;8467;8477;8486;8495;8504;8514;8523;8532;8543;8553;8564;8574;8585;8596;8606;8617;8627;8638;8648;8659;8669;8679;8689;8698;8708;8718;8728;8738;8748;8757;8767;8777;8908;8917;8927;8936;8945;8955;8964;8973;8983;8992;9001;8898;8907;8917;8926;8935;8945;8954;8963;8973;8982;8991;9001;9010;9020;9030;9040;9050;9060;9070;9079;9089;9099;9109;9119;9129;9138;9146;9155;9164;9172;9181;9190;9198;9207;9216;9224;9233;9242;9251;9260;9269;9278;9288;9297;9306;9315;9324;9333;9342;9352;9361;9371;9380;9390;9399;9409;9418;9428;9437;9447;9456;9464;9471;9479;9487;9494;9502;9510;9517;9525;9533;9540;9548;9554;9560;9566;9572;9578;9584;9590;9596;9602;9608;9614;9620;9627;9633;9640;9646;9653;9660;9666;9673;9679;9686;9692;9699;9707;9714;9722;9729;9737;9745;9752;9760;9767;9775;9782;9790;9798;9806;9813;9821;9829;9837;9844;9852;9860;9868;9875;9883;9891;9899;9906;9914;9922;9930;9937;9945;9953;9961;9968;9976
521520;NOVO BRASIL;3658;3654;3650;3646;3642;3638;3635;3631;3627;3623;3619;3615;3611;3610;3608;3607;3605;3604;3603;3601;3600;3598;3597;3595;3594;3593;3593;3592;3591;3591;3590;3589;3589;3588;3587;3587;3586;3586;3585;3585;3584;3584;3583;3583;3582;3582;3581;3581;3580;3580;3581;3581;3581;3581;3582;3582;3582;3582;3583;3583;3583;3590;3589;3589;3589;3589;3588;3588;3588;3588;3587;3587;3589;3589;3589;3588;3588;3588;3588;3587;3587;3587;3587;3586;3586;3585;3584;3583;3582;3581;3580;3579;3578;3577;3576;3575;3574;3574;3574;3574;3574;3574;3574;3574;3574;3574;3574;3574;3574;3575;3575;3576;3576;3577;3578;3578;3579;3579;3580;3580;3581;3582;3582;3583;3583;3584;3584;3585;3585;3586;3586;3587;3587;3587;3586;3586;3585;3585;3585;3584;3584;3583;3583;3582;3582;3581;3581;3580;3579;3578;3578;3577;3576;3575;3575;3574;3573;3571;3569;3567;3565;3563;3562;3560;3558;3556;3554;3552;3550;3552;3553;3555;3556;3558;3559;3561;3562;3564;3565;3567;3568;3568;3568;3568;3568;3568;3568;3567;3567;3567;3567;3567;3567;3567;3567;3567;3567;3567;3567;3566;3566;3566;3566;3566;3566
521523;NOVO GAMA;96840;96959;97079;97198;97317;97437;97556;97675;97795;97914;98033;98153;98272;98358;98445;98531;98617;98703;98790;98876;98962;99048;99135;99221;99307;99388;99469;99550;99630;99711;99792;99873;99954;100035;100115;100196;100277;100351;100425;100499;100573;100647;100722;100796;100870;100944;101018;101092;101166;101243;101321;101398;101475;101552;101630;101707;101784;101861;101939;102016;102093;103090;103158;103226;103293;103361;103429;103497;103565;103633;103701;103769;103013;103081;103149;103217;103285;103353;103421;103488;103556;103624;103692;103760;103828;103883;103938;103993;104048;104103;104158;104212;104267;104322;104377;104432;104487;104532;104578;104623;104668;104714;104759;104804;104850;104895;104940;104986;105031;105077;105123;105169;105215;105261;105308;105354;105400;105446;105492;105538;105584;105628;105671;105715;105758;105802;105846;105889;105933;105976;106020;106063;106107;106136;106166;106195;106224;106254;106283;106312;106342;106371;106400;106430;106459;106476;106494;106511;106528;106546;106563;106580;106598;106615;106632;106650;106667;106686;106705;106723;106742;106761;106780;106798;106817;106836;106855;106873;106892;106909;106925;106942;106959;106975;106992;107009;107025;107042;107059;107075;107092;107140;107187;107235;107282;107330;107378;107425;107473;107520;107568;107615;107663;107711;107758;107806;107853;107901;107949;107996;108044;108091;108139;108186;108234
521525;NOVO PLANALTO;4003;4005;4006;4008;4009;4011;4012;4014;4015;4017;4018;4020;4021;4021;4021;4021;4021;4021;4021;4021;4021;4021;4021;4021;4021;4019;4017;4015;4012;4010;4008;4006;4004;4002;3999;3997;3995;3993;3991;3989;3987;3985;3983;3981;3979;3977;3975;3973;3971;3970;3969;3969;3968;3967;3966;3965;3964;3964;3963;3962;3961;3937;3935;3932;3930;3928;3925;3923;3920;3918;3915;3913;3939;3937;3934;3932;3929;3927;3925;3922;3920;3917;3915;3912;3910;3908;3905;3903;3900;3898;3896;3893;3891;3888;3886;3883;3881;3880;3878;3877;3875;3874;3873;3871;3870;3868;3867;3865;3864;3863;3861;3860;3858;3857;3856;3854;3853;3851;3850;3848;3847;3846;3844;3843;3841;3840;3839;3837;3836;3834;3833;3831;3830;3828;3825;3823;3820;3818;3816;3813;3811;3808;3806;3803;3801;3799;3797;3794;3792;3790;3788;3785;3783;3781;3779;3776;3774;3770;3767;3763;3759;3755;3752;3748;3744;3740;3737;3733;3729;3729;3728;3728;3727;3727;3726;3726;3725;3725;3724;3724;3723;3721;3720;3718;3716;3715;3713;3711;3710;3708;3706;3705;3703;3701;3700;3698;3696;3695;3693;3691;3690;3688;3686;3685;3683
521530;ORIZONA;14521;14529;14537;14545;14552;14560;14568;14576;14584;14592;14599;14607;14615;14625;14634;14644;14654;14663;14673;14683;14692;14702;14712;14721;14731;14744;14757;14770;14782;14795;14808;14821;14834;14847;14859;14872;14885;14899;14913;14927;14941;14955;14969;14982;14996;15010;15024;15038;15052;15067;15081;15096;15110;15125;15140;15154;15169;15183;15198;15212;15227;15420;15434;15447;15461;15475;15489;15502;15516;15530;15544;15557;15405;15419;15433;15446;15460;15474;15488;15501;15515;15529;15543;15556;15570;15585;15600;15615;15629;15644;15659;15674;15689;15704;15718;15733;15748;15763;15778;15793;15808;15823;15839;15854;15869;15884;15899;15914;15929;15945;15961;15976;15992;16008;16024;16039;16055;16071;16087;16102;16118;16134;16151;16167;16183;16200;16216;16232;16249;16265;16281;16298;16314;16327;16340;16353;16366;16379;16393;16406;16419;16432;16445;16458;16471;16482;16494;16505;16517;16528;16540;16551;16562;16574;16585;16597;16608;16619;16629;16640;16650;16661;16672;16682;16693;16703;16714;16724;16735;16748;16761;16774;16787;16800;16813;16825;16838;16851;16864;16877;16890;16902;16914;16926;16938;16950;16963;16975;16987;16999;17011;17023;17035;17047;17059;17071;17083;17095;17108;17120;17132;17144;17156;17168;17180
521540;OURO VERDE DE GOIAS;4168;4165;4162;4159;4156;4153;4150;4147;4144;4141;4138;4135;4132;4130;4127;4125;4122;4120;4118;4115;4113;4110;4108;4105;4103;4102;4102;4101;4100;4100;4099;4098;4098;4097;4096;4096;4095;4095;4095;4095;4095;4095;4096;4096;4096;4096;4096;4096;4096;4096;4096;4096;4095;4095;4095;4095;4095;4095;4094;4094;4094;4101;4100;4100;4100;4100;4100;4100;4099;4099;4099;4099;4100;4100;4100;4100;4099;4099;4099;4099;4099;4099;4098;4098;4098;4098;4099;4099;4099;4099;4100;4100;4100;4100;4101;4101;4101;4101;4101;4101;4100;4100;4100;4100;4100;4100;4099;4099;4099;4100;4101;4101;4102;4103;4104;4104;4105;4106;4107;4107;4108;4109;4110;4111;4112;4113;4114;4115;4116;4117;4118;4119;4120;4120;4120;4120;4120;4120;4120;4120;4120;4120;4120;4120;4120;4119;4118;4116;4115;4114;4113;4111;4110;4109;4108;4106;4105;4104;4103;4103;4102;4101;4100;4099;4098;4098;4097;4096;4095;4096;4097;4098;4099;4100;4102;4103;4104;4105;4106;4107;4108;4108;4108;4108;4108;4108;4109;4109;4109;4109;4109;4109;4109;4109;4109;4109;4109;4109;4110;4110;4110;4110;4110;4110;4110
521550;OUVIDOR;5439;5449;5460;5470;5480;5491;5501;5511;5522;5532;5542;5553;5563;5573;5583;5593;5603;5613;5623;5632;5642;5652;5662;5672;5682;5693;5705;5716;5728;5739;5751;5762;5773;5785;5796;5808;5819;5831;5843;5855;5866;5878;5890;5902;5914;5926;5937;5949;5961;5974;5986;5999;6011;6024;6037;6049;6062;6074;6087;6099;6112;6279;6291;6303;6315;6328;6340;6352;6364;6376;6388;6401;6266;6278;6290;6303;6315;6327;6339;6351;6363;6376;6388;6400;6412;6424;6437;6449;6461;6473;6486;6498;6510;6522;6535;6547;6559;6570;6582;6593;6604;6616;6627;6638;6650;6661;6672;6684;6695;6708;6721;6735;6748;6761;6774;6787;6800;6814;6827;6840;6853;6866;6878;6891;6904;6916;6929;6942;6954;6967;6980;6992;7005;7017;7030;7042;7054;7067;7079;7091;7104;7116;7128;7141;7153;7162;7172;7181;7191;7200;7210;7219;7228;7238;7247;7257;7266;7277;7287;7298;7308;7319;7329;7340;7350;7361;7371;7382;7392;7405;7417;7430;7442;7455;7467;7480;7492;7505;7517;7530;7542;7552;7563;7573;7583;7593;7604;7614;7624;7634;7645;7655;7665;7675;7686;7696;7706;7716;7727;7737;7747;7757;7768;7778;7788
521560;PADRE BERNARDO;27896;27944;27992;28040;28087;28135;28183;28231;28279;28327;28374;28422;28470;28515;28560;28605;28650;28695;28740;28784;28829;28874;28919;28964;29009;29060;29111;29163;29214;29265;29316;29367;29418;29470;29521;29572;29623;29675;29727;29779;29830;29882;29934;29986;30038;30090;30141;30193;30245;30299;30353;30407;30461;30515;30569;30622;30676;30730;30784;30838;30892;31617;31669;31722;31775;31827;31880;31932;31985;32037;32090;32143;31561;31614;31666;31719;31771;31824;31877;31929;31982;32034;32087;32139;32192;32243;32294;32345;32396;32447;32498;32548;32599;32650;32701;32752;32803;32852;32902;32951;33001;33050;33100;33149;33198;33248;33297;33347;33396;33446;33497;33547;33597;33647;33698;33748;33798;33848;33899;33949;33999;34050;34100;34151;34201;34252;34302;34353;34403;34454;34504;34555;34605;34650;34694;34739;34783;34828;34873;34917;34962;35006;35051;35095;35140;35182;35225;35267;35309;35351;35394;35436;35478;35520;35563;35605;35647;35691;35735;35779;35823;35867;35911;35955;35999;36043;36087;36131;36175;36218;36261;36304;36347;36390;36434;36477;36520;36563;36606;36649;36692;36735;36778;36821;36864;36907;36950;36992;37035;37078;37121;37164;37207;37250;37293;37336;37379;37422;37465;37507;37550;37593;37636;37679;37722
521565;PALESTINA DE GOIAS;3435;3434;3433;3432;3431;3430;3429;3427;3426;3425;3424;3423;3422;3421;3420;3418;3417;3416;3415;3413;3412;3411;3410;3408;3407;3405;3403;3401;3399;3397;3395;3393;3391;3389;3387;3385;3383;3381;3379;3377;3375;3373;3372;3370;3368;3366;3364;3362;3360;3358;3357;3355;3353;3352;3350;3348;3347;3345;3343;3342;3340;3316;3314;3312;3310;3309;3307;3305;3303;3301;3299;3297;3318;3316;3314;3312;3310;3308;3307;3305;3303;3301;3299;3297;3295;3293;3291;3289;3287;3285;3284;3282;3280;3278;3276;3274;3272;3270;3268;3266;3264;3262;3260;3258;3256;3254;3252;3250;3248;3247;3246;3245;3244;3243;3242;3240;3239;3238;3237;3236;3235;3234;3233;3231;3230;3229;3228;3226;3225;3224;3223;3221;3220;3218;3215;3213;3211;3208;3206;3204;3201;3199;3197;3194;3192;3190;3188;3186;3184;3182;3180;3177;3175;3173;3171;3169;3167;3164;3160;3157;3153;3150;3146;3143;3139;3136;3132;3129;3125;3126;3126;3127;3127;3128;3129;3129;3130;3130;3131;3131;3132;3130;3129;3127;3126;3124;3123;3121;3119;3118;3116;3115;3113;3111;3110;3108;3107;3105;3104;3102;3100;3099;3097;3096;3094
521570;PALMEIRAS DE GOIAS;23385;23425;23466;23506;23546;23587;23627;23667;23708;23748;23788;23829;23869;23908;23947;23986;24025;24064;24103;24142;24181;24220;24259;24298;24337;24382;24426;24471;24515;24560;24604;24649;24693;24738;24782;24827;24871;24924;24977;25031;25084;25137;25190;25243;25296;25350;25403;25456;25509;25568;25627;25687;25746;25805;25864;25923;25982;26042;26101;26160;26219;27038;27100;27162;27224;27286;27348;27410;27471;27533;27595;27657;26975;27037;27099;27161;27223;27285;27347;27408;27470;27532;27594;27656;27718;27782;27845;27909;27972;28036;28099;28163;28226;28290;28353;28417;28480;28548;28615;28683;28750;28818;28885;28953;29020;29088;29155;29223;29290;29361;29432;29503;29574;29645;29716;29786;29857;29928;29999;30070;30141;30214;30287;30360;30433;30506;30579;30652;30725;30798;30871;30944;31017;31083;31148;31214;31280;31345;31411;31477;31542;31608;31674;31739;31805;31863;31922;31980;32038;32097;32155;32213;32272;32330;32388;32447;32505;32558;32611;32664;32717;32770;32823;32875;32928;32981;33034;33087;33140;33191;33242;33292;33343;33394;33445;33495;33546;33597;33648;33698;33749;33801;33853;33906;33958;34010;34062;34114;34166;34219;34271;34323;34375;34427;34479;34532;34584;34636;34688;34740;34792;34845;34897;34949;35001
521580;PALMELO;2372;2372;2372;2372;2371;2371;2371;2371;2371;2371;2370;2370;2370;2370;2370;2369;2369;2369;2369;2368;2368;2368;2368;2367;2367;2366;2365;2364;2363;2362;2361;2360;2359;2358;2357;2356;2355;2354;2353;2351;2350;2349;2348;2346;2345;2344;2343;2341;2340;2340;2340;2340;2339;2339;2339;2339;2339;2339;2338;2338;2338;2329;2329;2328;2327;2327;2326;2325;2325;2324;2323;2323;2330;2329;2329;2328;2327;2327;2326;2325;2325;2324;2323;2323;2322;2322;2322;2322;2322;2322;2322;2321;2321;2321;2321;2321;2321;2320;2320;2319;2318;2317;2317;2316;2315;2314;2314;2313;2312;2312;2312;2312;2311;2311;2311;2311;2311;2311;2310;2310;2310;2310;2309;2309;2308;2308;2308;2307;2307;2306;2306;2305;2305;2303;2302;2300;2299;2297;2296;2294;2292;2291;2289;2288;2286;2286;2286;2285;2285;2285;2285;2284;2284;2284;2284;2283;2283;2279;2276;2272;2269;2265;2262;2258;2254;2251;2247;2244;2240;2243;2246;2248;2251;2254;2257;2259;2262;2265;2268;2270;2273;2272;2272;2271;2271;2270;2270;2269;2268;2268;2267;2267;2266;2265;2265;2264;2264;2263;2263;2262;2261;2261;2260;2260;2259
521590;PALMINOPOLIS;3644;3644;3644;3643;3643;3643;3643;3642;3642;3642;3642;3641;3641;3642;3643;3644;3645;3646;3647;3648;3649;3650;3651;3652;3653;3654;3655;3656;3657;3658;3659;3659;3660;3661;3662;3663;3664;3666;3667;3669;3671;3672;3674;3676;3677;3679;3681;3682;3684;3686;3688;3691;3693;3695;3697;3699;3701;3704;3706;3708;3710;3739;3741;3742;3744;3745;3747;3748;3750;3751;3753;3754;3737;3739;3740;3742;3743;3745;3746;3748;3749;3751;3752;3754;3755;3757;3758;3760;3761;3763;3765;3766;3768;3769;3771;3772;3774;3776;3778;3780;3782;3784;3786;3788;3790;3792;3794;3796;3798;3801;3805;3808;3811;3815;3818;3821;3825;3828;3831;3835;3838;3841;3843;3846;3848;3851;3854;3856;3859;3861;3864;3866;3869;3871;3873;3874;3876;3878;3880;3881;3883;3885;3887;3888;3890;3891;3893;3894;3895;3897;3898;3899;3901;3902;3903;3905;3906;3906;3905;3905;3904;3904;3903;3903;3902;3902;3901;3901;3900;3903;3907;3910;3913;3916;3920;3923;3926;3929;3933;3936;3939;3941;3942;3944;3946;3947;3949;3951;3952;3954;3956;3957;3959;3961;3962;3964;3966;3967;3969;3971;3972;3974;3976;3977;3979
521600;PANAMA;2733;2732;2732;2731;2731;2730;2730;2729;2728;2728;2727;2727;2726;2725;2724;2723;2721;2720;2719;2718;2717;2716;2714;2713;2712;2711;2709;2708;2707;2705;2704;2703;2701;2700;2699;2697;2696;2695;2693;2692;2691;2689;2688;2687;2685;2684;2683;2681;2680;2679;2678;2677;2676;2675;2674;2672;2671;2670;2669;2668;2667;2636;2634;2632;2630;2629;2627;2625;2623;2622;2620;2618;2638;2636;2635;2633;2631;2629;2628;2626;2624;2622;2621;2619;2617;2615;2614;2612;2610;2608;2607;2605;2603;2601;2600;2598;2596;2594;2591;2589;2587;2584;2582;2580;2577;2575;2573;2570;2568;2566;2565;2563;2561;2560;2558;2556;2555;2553;2551;2550;2548;2546;2544;2543;2541;2539;2537;2535;2533;2532;2530;2528;2526;2524;2521;2519;2516;2514;2511;2509;2506;2504;2501;2499;2496;2494;2491;2489;2486;2484;2481;2479;2476;2474;2471;2469;2466;2464;2461;2459;2456;2454;2452;2449;2447;2444;2442;2439;2437;2438;2439;2440;2441;2442;2443;2444;2445;2446;2447;2448;2449;2448;2446;2445;2443;2442;2441;2439;2438;2436;2435;2433;2432;2431;2429;2428;2426;2425;2424;2422;2421;2419;2418;2416;2415
521630;PARANAIGUARA;9187;9189;9191;9193;9194;9196;9198;9200;9202;9204;9205;9207;9209;9203;9198;9192;9186;9181;9175;9169;9164;9158;9152;9147;9141;9134;9126;9119;9111;9104;9097;9089;9082;9074;9067;9059;9052;9042;9032;9021;9011;9001;8991;8980;8970;8960;8950;8939;8929;8918;8907;8897;8886;8875;8864;8853;8842;8831;8821;8810;8799;8665;8654;8642;8631;8620;8609;8598;8587;8575;8564;8553;8675;8664;8653;8642;8630;8619;8608;8597;8586;8575;8563;8552;8541;8530;8519;8509;8498;8487;8476;8465;8454;8443;8433;8422;8411;8399;8388;8376;8364;8353;8341;8329;8318;8306;8294;8283;8271;8260;8249;8238;8226;8215;8204;8193;8182;8171;8159;8148;8137;8126;8116;8105;8094;8084;8073;8062;8052;8041;8030;8020;8009;7996;7984;7971;7958;7945;7933;7920;7907;7894;7882;7869;7856;7844;7832;7820;7808;7796;7784;7771;7759;7747;7735;7723;7711;7700;7689;7678;7667;7656;7645;7633;7622;7611;7600;7589;7578;7569;7560;7551;7542;7533;7524;7515;7506;7497;7488;7479;7470;7461;7451;7442;7432;7423;7413;7404;7394;7385;7375;7366;7356;7347;7337;7328;7318;7309;7299;7290;7280;7271;7261;7252;7242
521640;PARAUNA;11127;11125;11123;11121;11119;11117;11115;11113;11111;11109;11107;11105;11103;11102;11101;11099;11098;11097;11096;11094;11093;11092;11091;11089;11088;11089;11090;11091;11092;11093;11094;11094;11095;11096;11097;11098;11099;11099;11099;11099;11098;11098;11098;11098;11098;11098;11097;11097;11097;11096;11095;11094;11093;11092;11092;11091;11090;11089;11088;11087;11086;11076;11074;11071;11069;11066;11063;11061;11058;11056;11053;11050;11077;11074;11072;11069;11067;11064;11062;11059;11056;11054;11051;11049;11046;11044;11041;11039;11037;11034;11032;11030;11027;11025;11023;11020;11018;11015;11012;11009;11006;11003;11001;10998;10995;10992;10989;10986;10983;10981;10978;10976;10973;10971;10969;10966;10964;10961;10959;10956;10954;10950;10947;10943;10940;10936;10933;10929;10925;10922;10918;10915;10911;10907;10902;10898;10893;10889;10884;10880;10875;10871;10866;10862;10857;10852;10848;10843;10838;10834;10829;10824;10820;10815;10810;10806;10801;10798;10795;10792;10789;10786;10783;10780;10777;10774;10771;10768;10765;10764;10762;10761;10760;10758;10757;10756;10754;10753;10752;10750;10749;10747;10745;10744;10742;10740;10738;10736;10734;10733;10731;10729;10727;10725;10723;10722;10720;10718;10716;10714;10712;10711;10709;10707;10705
521645;PEROLANDIA;2995;2996;2997;2998;2999;3000;3001;3002;3003;3004;3005;3006;3007;3007;3007;3007;3007;3007;3008;3008;3008;3008;3008;3008;3008;3008;3008;3008;3008;3008;3008;3008;3008;3008;3008;3008;3008;3009;3009;3010;3011;3011;3012;3013;3013;3014;3015;3015;3016;3016;3016;3016;3015;3015;3015;3015;3015;3015;3014;3014;3014;3026;3026;3025;3025;3025;3025;3024;3024;3024;3024;3023;3025;3025;3025;3024;3024;3024;3024;3023;3023;3023;3023;3022;3022;3022;3021;3021;3020;3020;3020;3019;3019;3018;3018;3017;3017;3017;3018;3018;3019;3019;3020;3020;3020;3021;3021;3022;3022;3022;3023;3023;3023;3024;3024;3024;3025;3025;3025;3026;3026;3026;3025;3025;3025;3024;3024;3024;3023;3023;3023;3022;3022;3021;3020;3019;3018;3017;3016;3015;3014;3013;3012;3011;3010;3009;3009;3008;3007;3007;3006;3005;3005;3004;3003;3003;3002;2999;2997;2994;2991;2989;2986;2983;2981;2978;2975;2973;2970;2973;2975;2978;2980;2983;2985;2988;2990;2993;2995;2998;3000;3000;3000;3000;3000;3000;3000;2999;2999;2999;2999;2999;2999;2999;2999;2999;2999;2999;2999;2998;2998;2998;2998;2998;2998
521680;PETROLINA DE GOIAS;10569;10565;10562;10558;10554;10550;10547;10543;10539;10535;10532;10528;10524;10519;10514;10509;10504;10499;10494;10488;10483;10478;10473;10468;10463;10458;10453;10448;10443;10438;10434;10429;10424;10419;10414;10409;10404;10398;10393;10387;10382;10376;10371;10365;10359;10354;10348;10343;10337;10333;10329;10325;10321;10317;10314;10310;10306;10302;10298;10294;10290;10232;10226;10221;10216;10210;10205;10200;10194;10189;10184;10178;10236;10231;10225;10220;10215;10209;10204;10199;10193;10188;10183;10177;10172;10167;10162;10157;10152;10147;10142;10137;10132;10127;10122;10117;10112;10106;10099;10093;10087;10080;10074;10068;10061;10055;10049;10042;10036;10031;10026;10021;10015;10010;10005;10000;9995;9990;9984;9979;9974;9968;9963;9957;9951;9946;9940;9934;9929;9923;9917;9912;9906;9899;9892;9886;9879;9872;9865;9858;9851;9844;9838;9831;9824;9816;9808;9800;9792;9784;9776;9768;9760;9752;9744;9736;9728;9722;9715;9709;9702;9696;9689;9683;9676;9670;9663;9657;9650;9644;9638;9632;9626;9620;9614;9607;9601;9595;9589;9583;9577;9572;9567;9563;9558;9553;9548;9543;9538;9533;9529;9524;9519;9514;9509;9505;9500;9495;9490;9485;9480;9475;9471;9466;9461
521690;PILAR DE GOIAS;2861;2858;2854;2851;2847;2844;2841;2837;2834;2830;2827;2823;2820;2816;2812;2808;2804;2800;2797;2793;2789;2785;2781;2777;2773;2769;2765;2761;2757;2753;2749;2744;2740;2736;2732;2728;2724;2720;2717;2713;2710;2706;2703;2699;2695;2692;2688;2685;2681;2677;2673;2669;2665;2661;2658;2654;2650;2646;2642;2638;2634;2587;2584;2580;2577;2573;2570;2566;2563;2559;2556;2552;2591;2588;2584;2581;2577;2574;2570;2567;2563;2560;2556;2553;2549;2546;2542;2539;2535;2532;2529;2525;2522;2518;2515;2511;2508;2505;2502;2499;2496;2493;2490;2487;2484;2481;2478;2475;2472;2469;2466;2464;2461;2458;2455;2452;2449;2447;2444;2441;2438;2435;2433;2430;2427;2425;2422;2419;2417;2414;2411;2409;2406;2403;2400;2397;2394;2391;2388;2384;2381;2378;2375;2372;2369;2367;2365;2363;2360;2358;2356;2354;2352;2350;2347;2345;2343;2338;2334;2329;2324;2319;2315;2310;2305;2300;2296;2291;2286;2286;2286;2287;2287;2287;2287;2287;2287;2288;2288;2288;2288;2285;2282;2280;2277;2274;2271;2268;2265;2263;2260;2257;2254;2251;2248;2246;2243;2240;2237;2234;2231;2229;2226;2223;2220
521710;PIRACANJUBA;24399;24401;24402;24404;24405;24407;24409;24410;24412;24413;24415;24416;24418;24420;24421;24423;24425;24426;24428;24430;24431;24433;24435;24436;24438;24443;24449;24454;24460;24465;24471;24476;24481;24487;24492;24498;24503;24511;24519;24527;24534;24542;24550;24558;24566;24574;24581;24589;24597;24605;24613;24621;24629;24637;24646;24654;24662;24670;24678;24686;24694;24807;24813;24819;24825;24832;24838;24844;24850;24857;24863;24869;24798;24804;24811;24817;24823;24829;24836;24842;24848;24854;24861;24867;24873;24879;24885;24891;24897;24903;24910;24916;24922;24928;24934;24940;24946;24953;24961;24968;24975;24983;24990;24997;25005;25012;25019;25027;25034;25043;25051;25060;25068;25077;25085;25094;25102;25111;25119;25128;25136;25144;25152;25160;25168;25176;25184;25191;25199;25207;25215;25223;25231;25234;25236;25239;25241;25244;25246;25249;25251;25254;25256;25259;25261;25261;25261;25261;25261;25261;25262;25262;25262;25262;25262;25262;25262;25264;25267;25269;25271;25273;25276;25278;25280;25282;25285;25287;25289;25291;25292;25294;25296;25297;25299;25301;25302;25304;25306;25307;25309;25314;25320;25325;25330;25336;25341;25346;25352;25357;25362;25368;25373;25378;25384;25389;25394;25400;25405;25410;25416;25421;25426;25432;25437
521720;PIRANHAS;11671;11664;11656;11649;11642;11634;11627;11620;11612;11605;11598;11590;11583;11580;11577;11573;11570;11567;11564;11560;11557;11554;11551;11547;11544;11545;11546;11547;11548;11549;11551;11552;11553;11554;11555;11556;11557;11560;11564;11567;11570;11574;11577;11580;11584;11587;11590;11594;11597;11599;11602;11604;11606;11609;11611;11613;11616;11618;11620;11623;11625;11673;11675;11677;11679;11681;11683;11685;11687;11689;11691;11694;11669;11671;11673;11675;11677;11679;11682;11684;11686;11688;11690;11692;11694;11697;11699;11702;11704;11707;11709;11712;11714;11717;11719;11722;11724;11727;11730;11733;11736;11739;11742;11744;11747;11750;11753;11756;11759;11763;11767;11771;11775;11779;11784;11788;11792;11796;11800;11804;11808;11812;11817;11821;11825;11830;11834;11838;11843;11847;11851;11856;11860;11862;11865;11867;11869;11872;11874;11876;11879;11881;11883;11886;11888;11887;11887;11886;11886;11885;11885;11884;11883;11883;11882;11882;11881;11882;11884;11885;11886;11887;11889;11890;11891;11892;11894;11895;11896;11897;11899;11900;11902;11903;11905;11906;11907;11909;11910;11912;11913;11915;11918;11920;11922;11924;11927;11929;11931;11933;11936;11938;11940;11942;11945;11947;11949;11951;11954;11956;11958;11960;11963;11965;11967
521730;PIRENOPOLIS;23430;23442;23454;23466;23478;23490;23503;23515;23527;23539;23551;23563;23575;23594;23613;23633;23652;23671;23690;23709;23728;23748;23767;23786;23805;23830;23855;23879;23904;23929;23954;23978;24003;24028;24053;24077;24102;24131;24160;24189;24218;24247;24276;24305;24334;24363;24392;24421;24450;24480;24510;24540;24570;24600;24631;24661;24691;24721;24751;24781;24811;25202;25230;25259;25287;25315;25343;25372;25400;25428;25456;25485;25172;25200;25229;25257;25285;25313;25342;25370;25398;25426;25455;25483;25511;25539;25566;25594;25621;25649;25677;25704;25732;25759;25787;25814;25842;25867;25893;25918;25943;25968;25994;26019;26044;26069;26095;26120;26145;26172;26199;26226;26253;26280;26307;26333;26360;26387;26414;26441;26468;26495;26521;26548;26574;26601;26628;26654;26681;26707;26734;26760;26787;26808;26829;26849;26870;26891;26912;26932;26953;26974;26995;27015;27036;27055;27074;27093;27111;27130;27149;27168;27187;27206;27224;27243;27262;27282;27302;27323;27343;27363;27383;27403;27423;27444;27464;27484;27504;27525;27546;27567;27588;27609;27631;27652;27673;27694;27715;27736;27757;27780;27802;27825;27847;27870;27893;27915;27938;27960;27983;28005;28028;28051;28073;28096;28118;28141;28164;28186;28209;28231;28254;28276;28299
521740;PIRES DO RIO;29505;29523;29540;29558;29575;29593;29611;29628;29646;29663;29681;29698;29716;29734;29752;29770;29787;29805;29823;29841;29859;29877;29894;29912;29930;29954;29978;30002;30025;30049;30073;30097;30121;30145;30168;30192;30216;30242;30268;30294;30320;30346;30372;30398;30424;30450;30476;30502;30528;30555;30581;30608;30635;30661;30688;30715;30741;30768;30795;30821;30848;31185;31209;31232;31256;31279;31303;31326;31350;31374;31397;31421;31159;31183;31206;31230;31253;31277;31301;31324;31348;31371;31395;31418;31442;31465;31488;31511;31534;31557;31581;31604;31627;31650;31673;31696;31719;31743;31766;31790;31813;31837;31861;31884;31908;31931;31955;31978;32002;32028;32054;32081;32107;32133;32159;32185;32211;32238;32264;32290;32316;32341;32366;32391;32416;32441;32467;32492;32517;32542;32567;32592;32617;32637;32656;32676;32695;32715;32735;32754;32774;32793;32813;32832;32852;32869;32885;32902;32919;32935;32952;32969;32985;33002;33019;33035;33052;33071;33089;33108;33127;33145;33164;33183;33201;33220;33239;33257;33276;33294;33312;33331;33349;33367;33385;33403;33421;33440;33458;33476;33494;33514;33534;33555;33575;33595;33615;33635;33655;33676;33696;33716;33736;33756;33776;33797;33817;33837;33857;33877;33897;33918;33938;33958;33978
521760;PLANALTINA;83575;83644;83712;83781;83850;83918;83987;84056;84124;84193;84262;84330;84399;84510;84620;84731;84841;84952;85063;85173;85284;85394;85505;85615;85726;85879;86032;86185;86338;86491;86644;86796;86949;87102;87255;87408;87561;87734;87907;88080;88253;88426;88600;88773;88946;89119;89292;89465;89638;89816;89994;90172;90350;90528;90707;90885;91063;91241;91419;91597;91775;94141;94316;94491;94666;94840;95015;95190;95365;95540;95715;95889;93959;94134;94309;94484;94658;94833;95008;95183;95358;95533;95707;95882;96057;96222;96386;96551;96716;96880;97045;97210;97374;97539;97704;97868;98033;98190;98348;98505;98663;98820;98978;99135;99292;99450;99607;99765;99922;100080;100239;100397;100555;100713;100872;101030;101188;101346;101505;101663;101821;101979;102136;102294;102451;102609;102766;102924;103081;103239;103396;103554;103711;103856;104002;104147;104292;104437;104583;104728;104873;105018;105164;105309;105454;105593;105731;105870;106009;106147;106286;106425;106563;106702;106841;106979;107118;107261;107405;107548;107691;107835;107978;108121;108265;108408;108551;108695;108838;108986;109135;109283;109432;109580;109729;109877;110025;110174;110322;110471;110619;110759;110900;111040;111181;111321;111462;111602;111742;111883;112023;112164;112304;112444;112585;112725;112866;113006;113147;113287;113427;113568;113708;113849;113989
521770;PONTALINA;17520;17522;17525;17527;17529;17532;17534;17536;17539;17541;17543;17546;17548;17551;17554;17557;17560;17563;17566;17569;17572;17575;17578;17581;17584;17591;17598;17605;17612;17619;17626;17632;17639;17646;17653;17660;17667;17676;17686;17695;17705;17714;17724;17733;17742;17752;17761;17771;17780;17790;17800;17809;17819;17829;17839;17848;17858;17868;17878;17887;17897;18021;18029;18037;18045;18053;18061;18069;18077;18085;18093;18101;18011;18019;18027;18035;18043;18051;18059;18067;18075;18083;18091;18099;18107;18116;18124;18133;18141;18150;18158;18167;18175;18184;18192;18201;18209;18216;18224;18231;18238;18246;18253;18260;18268;18275;18282;18290;18297;18306;18315;18324;18333;18342;18351;18359;18368;18377;18386;18395;18404;18412;18419;18427;18434;18442;18450;18457;18465;18472;18480;18487;18495;18501;18506;18512;18517;18523;18528;18534;18539;18545;18550;18556;18561;18564;18566;18569;18572;18574;18577;18580;18582;18585;18588;18590;18593;18596;18599;18602;18604;18607;18610;18613;18616;18619;18621;18624;18627;18632;18637;18642;18646;18651;18656;18661;18666;18671;18675;18680;18685;18692;18698;18705;18711;18718;18724;18731;18737;18744;18750;18757;18763;18770;18776;18783;18789;18796;18802;18809;18815;18822;18828;18835;18841
521800;PORANGATU;43762;43775;43787;43800;43812;43825;43838;43850;43863;43875;43888;43900;43913;43923;43934;43944;43954;43964;43975;43985;43995;44005;44016;44026;44036;44053;44070;44087;44104;44121;44139;44156;44173;44190;44207;44224;44241;44259;44278;44296;44314;44333;44351;44369;44388;44406;44424;44443;44461;44479;44497;44515;44532;44550;44568;44586;44604;44622;44639;44657;44675;44899;44913;44928;44942;44956;44970;44984;44998;45013;45027;45041;44882;44896;44910;44925;44939;44953;44967;44981;44995;45010;45024;45038;45052;45063;45073;45084;45094;45105;45115;45126;45136;45147;45157;45168;45178;45186;45195;45203;45211;45219;45228;45236;45244;45252;45261;45269;45277;45287;45296;45306;45315;45325;45335;45344;45354;45363;45373;45382;45392;45401;45409;45418;45426;45435;45444;45452;45461;45469;45478;45486;45495;45495;45495;45494;45494;45494;45494;45493;45493;45493;45493;45492;45492;45488;45484;45480;45476;45472;45468;45464;45460;45456;45452;45448;45444;45442;45440;45438;45436;45434;45433;45431;45429;45427;45425;45423;45421;45419;45418;45416;45414;45412;45411;45409;45407;45405;45404;45402;45400;45409;45419;45428;45437;45447;45456;45465;45475;45484;45493;45503;45512;45521;45531;45540;45549;45559;45568;45577;45587;45596;45605;45615;45624
521805;PORTEIRAO;3359;3363;3367;3371;3375;3379;3384;3388;3392;3396;3400;3404;3408;3413;3417;3422;3426;3431;3435;3440;3444;3449;3453;3458;3462;3466;3471;3475;3480;3484;3489;3493;3497;3502;3506;3511;3515;3521;3527;3533;3538;3544;3550;3556;3562;3568;3573;3579;3585;3591;3597;3603;3609;3615;3621;3627;3633;3639;3645;3651;3657;3734;3739;3745;3750;3756;3761;3767;3772;3778;3783;3789;3728;3734;3739;3745;3750;3756;3761;3767;3772;3778;3783;3789;3794;3799;3804;3809;3814;3819;3824;3828;3833;3838;3843;3848;3853;3858;3862;3867;3871;3876;3880;3885;3889;3894;3898;3903;3907;3912;3918;3923;3928;3933;3939;3944;3949;3954;3960;3965;3970;3974;3979;3983;3988;3992;3997;4001;4005;4010;4014;4019;4023;4027;4031;4035;4039;4043;4047;4051;4055;4059;4063;4067;4071;4076;4080;4085;4089;4094;4098;4103;4107;4112;4116;4121;4125;4127;4128;4130;4132;4133;4135;4137;4138;4140;4142;4143;4145;4152;4158;4165;4172;4178;4185;4192;4198;4205;4212;4218;4225;4229;4234;4238;4242;4246;4251;4255;4259;4263;4268;4272;4276;4280;4285;4289;4293;4297;4302;4306;4310;4314;4319;4323;4327
521810;PORTELANDIA;3894;3893;3891;3890;3888;3887;3886;3884;3883;3881;3880;3878;3877;3875;3872;3870;3868;3865;3863;3861;3858;3856;3854;3851;3849;3846;3843;3840;3837;3834;3832;3829;3826;3823;3820;3817;3814;3810;3806;3802;3798;3794;3790;3785;3781;3777;3773;3769;3765;3761;3758;3754;3750;3746;3743;3739;3735;3731;3728;3724;3720;3664;3660;3656;3652;3648;3644;3640;3636;3632;3628;3625;3668;3664;3660;3656;3652;3648;3645;3641;3637;3633;3629;3625;3621;3616;3610;3605;3599;3594;3589;3583;3578;3572;3567;3561;3556;3552;3548;3544;3539;3535;3531;3527;3523;3519;3514;3510;3506;3502;3498;3495;3491;3487;3483;3479;3475;3472;3468;3464;3460;3456;3452;3448;3444;3440;3436;3431;3427;3423;3419;3415;3411;3407;3404;3400;3396;3393;3389;3385;3382;3378;3374;3371;3367;3363;3360;3356;3352;3348;3345;3341;3337;3333;3330;3326;3322;3316;3309;3303;3296;3290;3284;3277;3271;3264;3258;3251;3245;3244;3243;3242;3241;3240;3240;3239;3238;3237;3236;3235;3234;3230;3227;3223;3220;3216;3213;3209;3205;3202;3198;3195;3191;3187;3184;3180;3177;3173;3170;3166;3162;3159;3155;3152;3148
521830;POSSE;32102;32135;32168;32201;32234;32267;32300;32332;32365;32398;32431;32464;32497;32525;32553;32581;32608;32636;32664;32692;32720;32748;32775;32803;32831;32861;32891;32920;32950;32980;33010;33039;33069;33099;33129;33158;33188;33218;33249;33279;33310;33340;33371;33401;33431;33462;33492;33523;33553;33583;33613;33643;33673;33703;33734;33764;33794;33824;33854;33884;33914;34313;34339;34366;34392;34419;34446;34472;34499;34525;34552;34579;34282;34309;34335;34362;34388;34415;34442;34468;34495;34521;34548;34574;34601;34623;34645;34666;34688;34710;34732;34753;34775;34797;34819;34840;34862;34881;34900;34918;34937;34956;34975;34993;35012;35031;35050;35068;35087;35105;35124;35142;35160;35179;35197;35215;35234;35252;35270;35289;35307;35324;35341;35358;35375;35392;35410;35427;35444;35461;35478;35495;35512;35525;35538;35551;35563;35576;35589;35602;35615;35628;35640;35653;35666;35675;35684;35693;35702;35711;35720;35729;35738;35747;35756;35765;35774;35785;35797;35808;35820;35831;35843;35854;35865;35877;35888;35900;35911;35923;35936;35948;35961;35973;35986;35998;36010;36023;36035;36048;36060;36079;36099;36118;36137;36156;36176;36195;36214;36233;36253;36272;36291;36310;36330;36349;36368;36387;36407;36426;36445;36464;36484;36503;36522
521839;PROFESSOR JAMIL;3486;3485;3484;3484;3483;3482;3481;3480;3479;3479;3478;3477;3476;3476;3477;3477;3477;3477;3478;3478;3478;3478;3479;3479;3479;3480;3481;3482;3483;3484;3485;3485;3486;3487;3488;3489;3490;3493;3495;3498;3501;3503;3506;3509;3511;3514;3517;3519;3522;3524;3526;3528;3530;3532;3534;3535;3537;3539;3541;3543;3545;3571;3573;3575;3576;3578;3580;3582;3583;3585;3587;3589;3569;3571;3573;3574;3576;3578;3580;3581;3583;3585;3587;3588;3590;3592;3594;3596;3598;3600;3602;3603;3605;3607;3609;3611;3613;3615;3617;3620;3622;3624;3626;3628;3630;3633;3635;3637;3639;3641;3642;3644;3646;3647;3649;3651;3652;3654;3656;3657;3659;3661;3663;3665;3667;3669;3671;3673;3675;3677;3679;3681;3683;3684;3684;3685;3686;3686;3687;3688;3688;3689;3690;3690;3691;3692;3694;3695;3696;3698;3699;3700;3702;3703;3704;3706;3707;3706;3705;3704;3703;3702;3702;3701;3700;3699;3698;3697;3696;3699;3702;3705;3708;3711;3714;3717;3720;3723;3726;3729;3732;3734;3735;3737;3738;3740;3741;3743;3744;3746;3747;3749;3750;3752;3753;3755;3756;3758;3759;3761;3762;3764;3765;3767;3768
521850;QUIRINOPOLIS;44009;44055;44101;44148;44194;44240;44286;44332;44378;44425;44471;44517;44563;44601;44638;44676;44713;44751;44789;44826;44864;44901;44939;44976;45014;45053;45091;45130;45169;45207;45246;45285;45323;45362;45401;45439;45478;45518;45558;45598;45637;45677;45717;45757;45797;45837;45876;45916;45956;45996;46037;46077;46117;46158;46198;46238;46279;46319;46359;46400;46440;46945;46981;47017;47053;47089;47125;47161;47197;47234;47270;47306;46906;46942;46978;47014;47050;47086;47123;47159;47195;47231;47267;47303;47339;47372;47405;47437;47470;47503;47536;47568;47601;47634;47667;47699;47732;47764;47796;47828;47860;47892;47925;47957;47989;48021;48053;48085;48117;48151;48185;48219;48253;48287;48321;48354;48388;48422;48456;48490;48524;48557;48589;48622;48654;48687;48720;48752;48785;48817;48850;48882;48915;48939;48963;48988;49012;49036;49060;49084;49108;49133;49157;49181;49205;49223;49242;49260;49278;49296;49315;49333;49351;49369;49388;49406;49424;49446;49469;49491;49513;49535;49558;49580;49602;49624;49647;49669;49691;49716;49740;49765;49789;49814;49839;49863;49888;49912;49937;49961;49986;50015;50043;50072;50100;50129;50158;50186;50215;50243;50272;50300;50329;50358;50386;50415;50443;50472;50501;50529;50558;50586;50615;50643;50672
521860;RIALMA;10783;10785;10787;10789;10791;10793;10795;10797;10799;10801;10803;10805;10807;10812;10816;10821;10826;10830;10835;10840;10844;10849;10854;10858;10863;10871;10879;10887;10895;10903;10911;10918;10926;10934;10942;10950;10958;10968;10979;10989;10999;11010;11020;11030;11041;11051;11061;11072;11082;11093;11105;11116;11127;11138;11150;11161;11172;11183;11195;11206;11217;11368;11379;11391;11402;11414;11426;11437;11449;11460;11472;11483;11356;11368;11379;11391;11402;11414;11426;11437;11449;11460;11472;11483;11495;11506;11517;11528;11539;11550;11562;11573;11584;11595;11606;11617;11628;11640;11653;11665;11677;11690;11702;11714;11727;11739;11751;11764;11776;11790;11803;11817;11830;11844;11857;11871;11884;11898;11911;11925;11938;11951;11964;11978;11991;12004;12017;12030;12043;12057;12070;12083;12096;12107;12117;12128;12139;12149;12160;12171;12181;12192;12203;12213;12224;12234;12243;12253;12262;12272;12281;12291;12300;12310;12319;12329;12338;12347;12355;12364;12373;12381;12390;12399;12407;12416;12425;12433;12442;12451;12460;12469;12478;12487;12497;12506;12515;12524;12533;12542;12551;12561;12570;12580;12589;12599;12608;12618;12627;12637;12646;12656;12665;12675;12684;12694;12703;12713;12722;12732;12741;12751;12760;12770;12779
521870;RIANAPOLIS;4615;4615;4615;4614;4614;4614;4614;4613;4613;4613;4613;4612;4612;4610;4608;4606;4604;4602;4600;4597;4595;4593;4591;4589;4587;4585;4583;4581;4578;4576;4574;4572;4570;4568;4565;4563;4561;4558;4554;4551;4547;4544;4540;4537;4533;4530;4526;4523;4519;4515;4511;4507;4503;4499;4495;4491;4487;4483;4479;4475;4471;4418;4414;4410;4406;4402;4398;4394;4390;4386;4382;4378;4422;4418;4414;4410;4406;4402;4398;4394;4390;4386;4382;4378;4374;4369;4363;4358;4352;4347;4341;4336;4330;4325;4319;4314;4308;4303;4299;4294;4289;4285;4280;4275;4271;4266;4261;4257;4252;4248;4243;4239;4234;4230;4225;4221;4216;4212;4207;4203;4198;4194;4189;4185;4180;4176;4172;4167;4163;4158;4154;4149;4145;4141;4136;4132;4127;4123;4119;4114;4110;4105;4101;4096;4092;4087;4081;4076;4070;4065;4060;4054;4049;4043;4038;4032;4027;4021;4014;4008;4002;3995;3989;3983;3976;3970;3964;3957;3951;3950;3949;3948;3947;3946;3945;3943;3942;3941;3940;3939;3938;3934;3931;3927;3923;3919;3916;3912;3908;3904;3901;3897;3893;3889;3886;3882;3878;3874;3871;3867;3863;3859;3856;3852;3848
521878;RIO QUENTE;3208;3217;3226;3235;3244;3253;3262;3271;3280;3289;3298;3307;3316;3323;3329;3336;3343;3349;3356;3363;3369;3376;3383;3389;3396;3401;3406;3410;3415;3420;3425;3429;3434;3439;3444;3448;3453;3457;3461;3465;3469;3473;3478;3482;3486;3490;3494;3498;3502;3507;3511;3516;3520;3525;3529;3534;3538;3543;3547;3552;3556;3608;3612;3615;3619;3622;3626;3630;3633;3637;3640;3644;3604;3608;3611;3615;3618;3622;3626;3629;3633;3636;3640;3643;3647;3651;3655;3659;3663;3667;3671;3674;3678;3682;3686;3690;3694;3698;3703;3707;3711;3715;3720;3724;3728;3732;3737;3741;3745;3748;3752;3755;3759;3762;3766;3769;3772;3776;3779;3783;3786;3790;3794;3799;3803;3807;3811;3815;3819;3824;3828;3832;3836;3839;3843;3846;3849;3853;3856;3859;3863;3866;3869;3873;3876;3879;3882;3885;3888;3891;3894;3896;3899;3902;3905;3908;3911;3912;3913;3915;3916;3917;3918;3919;3920;3922;3923;3924;3925;3931;3937;3942;3948;3954;3960;3965;3971;3977;3983;3988;3994;3997;4001;4004;4007;4010;4014;4017;4020;4023;4027;4030;4033;4036;4040;4043;4046;4049;4053;4056;4059;4062;4066;4069;4072
521880;RIO VERDE;175086;175565;176045;176524;177003;177482;177962;178441;178920;179399;179879;180358;180837;181239;181640;182042;182444;182845;183247;183649;184050;184452;184854;185255;185657;186036;186415;186793;187172;187551;187930;188308;188687;189066;189445;189823;190202;190566;190931;191295;191659;192023;192388;192752;193116;193480;193845;194209;194573;194942;195311;195681;196050;196419;196788;197157;197526;197896;198265;198634;199003;203804;204158;204512;204866;205219;205573;205927;206281;206634;206988;207342;203435;203789;204143;204496;204850;205204;205558;205911;206265;206619;206973;207326;207680;208013;208346;208678;209011;209344;209677;210009;210342;210675;211008;211340;211673;211994;212315;212636;212957;213278;213599;213919;214240;214561;214882;215203;215524;215848;216171;216495;216818;217142;217466;217789;218113;218436;218760;219083;219407;219728;220049;220370;220691;221012;221333;221653;221974;222295;222616;222937;223258;223552;223845;224139;224432;224726;225020;225313;225607;225900;226194;226487;226781;227066;227350;227635;227919;228204;228489;228773;229058;229342;229627;229911;230196;230508;230821;231133;231446;231758;232071;232383;232695;233008;233320;233633;233945;234285;234625;234965;235305;235645;235985;236325;236665;237005;237345;237685;238025;238314;238603;238892;239181;239470;239760;240049;240338;240627;240916;241205;241494;241783;242072;242361;242650;242939;243229;243518;243807;244096;244385;244674;244963
521890;RUBIATABA;19344;19347;19350;19353;19355;19358;19361;19364;19367;19370;19372;19375;19378;19381;19384;19387;19390;19393;19396;19398;19401;19404;19407;19410;19413;19419;19425;19431;19437;19443;19449;19454;19460;19466;19472;19478;19484;19491;19497;19504;19511;19517;19524;19531;19537;19544;19551;19557;19564;19572;19580;19588;19595;19603;19611;19619;19627;19635;19642;19650;19658;19745;19751;19757;19763;19769;19776;19782;19788;19794;19800;19806;19738;19744;19750;19757;19763;19769;19775;19781;19787;19794;19800;19806;19812;19817;19823;19828;19833;19838;19844;19849;19854;19859;19865;19870;19875;19880;19885;19891;19896;19901;19906;19911;19916;19922;19927;19932;19937;19944;19951;19959;19966;19973;19980;19987;19994;20002;20009;20016;20023;20029;20034;20040;20046;20051;20057;20063;20068;20074;20080;20085;20091;20093;20094;20096;20097;20099;20100;20102;20103;20105;20106;20108;20109;20108;20107;20107;20106;20105;20104;20103;20102;20102;20101;20100;20099;20100;20102;20103;20104;20105;20107;20108;20109;20110;20112;20113;20114;20116;20117;20119;20120;20122;20123;20125;20126;20128;20129;20131;20132;20137;20141;20146;20150;20155;20159;20164;20168;20173;20177;20182;20186;20191;20195;20200;20204;20209;20213;20218;20222;20227;20231;20236;20240
521900;SANCLERLANDIA;7761;7760;7760;7759;7759;7758;7758;7757;7756;7756;7755;7755;7754;7754;7754;7754;7754;7754;7754;7753;7753;7753;7753;7753;7753;7755;7757;7758;7760;7762;7764;7765;7767;7769;7771;7772;7774;7777;7779;7782;7785;7787;7790;7793;7795;7798;7801;7803;7806;7809;7812;7816;7819;7822;7825;7828;7831;7835;7838;7841;7844;7890;7892;7894;7896;7898;7900;7903;7905;7907;7909;7911;7886;7888;7890;7893;7895;7897;7899;7901;7903;7906;7908;7910;7912;7914;7916;7918;7919;7921;7923;7925;7927;7929;7930;7932;7934;7936;7938;7940;7942;7944;7947;7949;7951;7953;7955;7957;7959;7962;7966;7969;7973;7976;7980;7983;7986;7990;7993;7997;8000;8003;8006;8009;8012;8015;8018;8021;8024;8027;8030;8033;8036;8038;8039;8041;8043;8044;8046;8048;8049;8051;8053;8054;8056;8055;8055;8054;8053;8052;8052;8051;8050;8049;8049;8048;8047;8047;8047;8046;8046;8046;8046;8045;8045;8045;8045;8044;8044;8046;8047;8049;8050;8052;8054;8055;8057;8058;8060;8061;8063;8065;8067;8069;8070;8072;8074;8076;8078;8080;8081;8083;8085;8087;8089;8091;8092;8094;8096;8098;8100;8102;8103;8105;8107
521910;SANTA BARBARA DE GOIAS;5813;5818;5823;5828;5833;5838;5843;5847;5852;5857;5862;5867;5872;5875;5878;5882;5885;5888;5891;5894;5897;5901;5904;5907;5910;5913;5917;5920;5923;5927;5930;5933;5937;5940;5943;5947;5950;5953;5956;5960;5963;5966;5969;5972;5975;5979;5982;5985;5988;5992;5996;6000;6004;6008;6012;6015;6019;6023;6027;6031;6035;6081;6084;6088;6091;6095;6098;6102;6106;6109;6113;6116;6077;6081;6084;6088;6091;6095;6099;6102;6106;6109;6113;6116;6120;6123;6125;6128;6130;6133;6136;6138;6141;6143;6146;6148;6151;6153;6154;6156;6158;6159;6161;6163;6164;6166;6168;6169;6171;6174;6176;6179;6181;6184;6186;6189;6191;6194;6196;6199;6201;6203;6206;6208;6210;6213;6215;6217;6220;6222;6224;6227;6229;6230;6231;6232;6233;6234;6236;6237;6238;6239;6240;6241;6242;6243;6243;6244;6244;6245;6246;6246;6247;6247;6248;6248;6249;6249;6248;6248;6248;6247;6247;6247;6246;6246;6246;6245;6245;6248;6251;6254;6257;6260;6263;6265;6268;6271;6274;6277;6280;6282;6284;6287;6289;6291;6293;6295;6297;6300;6302;6304;6306;6308;6310;6313;6315;6317;6319;6321;6323;6326;6328;6330;6332
521920;SANTA CRUZ DE GOIAS;3243;3241;3239;3237;3235;3233;3231;3228;3226;3224;3222;3220;3218;3217;3216;3215;3213;3212;3211;3210;3209;3208;3206;3205;3204;3203;3203;3202;3201;3200;3200;3199;3198;3197;3197;3196;3195;3194;3193;3192;3191;3190;3189;3188;3187;3186;3185;3184;3183;3182;3180;3179;3177;3176;3174;3173;3171;3170;3168;3167;3165;3154;3153;3152;3151;3150;3148;3147;3146;3145;3144;3143;3155;3154;3153;3152;3150;3149;3148;3147;3146;3145;3143;3142;3141;3140;3139;3137;3136;3135;3134;3132;3131;3130;3129;3127;3126;3125;3124;3122;3121;3120;3119;3117;3116;3115;3114;3112;3111;3110;3108;3107;3105;3104;3102;3101;3099;3098;3096;3095;3093;3092;3091;3089;3088;3087;3086;3084;3083;3082;3081;3079;3078;3077;3075;3074;3072;3071;3069;3068;3066;3065;3063;3062;3060;3058;3057;3055;3053;3051;3050;3048;3046;3044;3043;3041;3039;3036;3032;3029;3025;3022;3019;3015;3012;3008;3005;3001;2998;3000;3001;3003;3004;3006;3007;3009;3010;3012;3013;3015;3016;3015;3014;3013;3012;3011;3010;3009;3008;3007;3006;3005;3004;3003;3002;3001;3000;2999;2998;2997;2996;2995;2994;2993;2992
521925;SANTA FE DE GOIAS;4823;4827;4830;4834;4837;4841;4844;4848;4851;4855;4858;4862;4865;4867;4868;4870;4871;4873;4875;4876;4878;4879;4881;4882;4884;4886;4887;4889;4891;4892;4894;4896;4897;4899;4901;4902;4904;4906;4908;4910;4911;4913;4915;4917;4919;4921;4922;4924;4926;4928;4930;4932;4934;4936;4938;4939;4941;4943;4945;4947;4949;4982;4983;4984;4985;4986;4987;4988;4989;4990;4991;4992;4979;4980;4981;4982;4983;4984;4985;4986;4987;4988;4989;4990;4991;4992;4994;4995;4997;4998;5000;5001;5002;5004;5005;5007;5008;5008;5007;5007;5007;5006;5006;5006;5005;5005;5005;5004;5004;5006;5007;5009;5011;5012;5014;5016;5017;5019;5021;5022;5024;5026;5028;5031;5033;5035;5037;5039;5041;5044;5046;5048;5050;5049;5048;5047;5045;5044;5043;5042;5041;5040;5038;5037;5036;5036;5036;5036;5035;5035;5035;5035;5035;5035;5034;5034;5034;5033;5032;5031;5029;5028;5027;5026;5025;5024;5022;5021;5020;5021;5023;5024;5025;5027;5028;5029;5031;5032;5033;5035;5036;5037;5038;5039;5040;5041;5042;5042;5043;5044;5045;5046;5047;5048;5049;5050;5051;5052;5053;5053;5054;5055;5056;5057;5058
521930;SANTA HELENA DE GOIAS;37718;37726;37735;37743;37751;37759;37768;37776;37784;37792;37801;37809;37817;37826;37835;37844;37852;37861;37870;37879;37888;37897;37905;37914;37923;37937;37952;37966;37980;37994;38009;38023;38037;38051;38066;38080;38094;38110;38126;38142;38157;38173;38189;38205;38221;38237;38252;38268;38284;38302;38320;38339;38357;38375;38393;38411;38429;38448;38466;38484;38502;38711;38725;38738;38752;38765;38779;38792;38806;38819;38833;38846;38695;38709;38722;38736;38749;38763;38776;38790;38803;38817;38830;38844;38857;38869;38881;38894;38906;38918;38930;38942;38954;38967;38979;38991;39003;39013;39024;39034;39044;39055;39065;39075;39086;39096;39106;39117;39127;39139;39151;39163;39175;39187;39199;39211;39223;39235;39247;39259;39271;39281;39291;39302;39312;39322;39332;39342;39352;39363;39373;39383;39393;39396;39400;39403;39406;39409;39413;39416;39419;39422;39426;39429;39432;39432;39431;39431;39430;39430;39429;39429;39428;39428;39427;39427;39426;39428;39430;39431;39433;39435;39437;39438;39440;39442;39444;39445;39447;39450;39453;39456;39458;39461;39464;39467;39470;39473;39475;39478;39481;39491;39501;39511;39521;39531;39541;39551;39561;39571;39581;39591;39601;39611;39621;39631;39641;39651;39661;39671;39681;39691;39701;39711;39721
521935;SANTA ISABEL;3767;3767;3766;3766;3765;3765;3764;3764;3763;3763;3762;3762;3761;3760;3758;3757;3756;3754;3753;3752;3750;3749;3748;3746;3745;3743;3742;3740;3739;3737;3736;3734;3732;3731;3729;3728;3726;3724;3722;3720;3718;3716;3715;3713;3711;3709;3707;3705;3703;3701;3699;3697;3694;3692;3690;3688;3686;3684;3681;3679;3677;3675;3673;3672;3671;3669;3668;3666;3665;3664;3662;3661;3675;3674;3672;3671;3669;3668;3667;3665;3664;3662;3661;3659;3658;3657;3656;3655;3654;3653;3652;3650;3649;3648;3647;3646;3645;3645;3644;3644;3643;3643;3642;3642;3641;3641;3640;3640;3639;3638;3638;3637;3636;3636;3635;3634;3634;3633;3632;3632;3631;3631;3631;3631;3631;3631;3632;3632;3632;3632;3632;3632;3632;3631;3629;3628;3626;3625;3623;3622;3620;3619;3617;3616;3614;3612;3611;3609;3607;3605;3604;3602;3600;3598;3597;3595;3593;3590;3587;3584;3581;3578;3576;3573;3570;3567;3564;3561;3558;3558;3558;3558;3557;3557;3557;3557;3557;3557;3556;3556;3556;3555;3554;3553;3552;3551;3550;3548;3547;3546;3545;3544;3543;3542;3541;3540;3539;3538;3537;3535;3534;3533;3532;3531;3530
521940;SANTA RITA DO ARAGUAIA;6843;6850;6857;6864;6871;6878;6886;6893;6900;6907;6914;6921;6928;6930;6931;6933;6934;6936;6937;6939;6940;6942;6943;6945;6946;6941;6937;6932;6927;6923;6918;6913;6909;6904;6899;6895;6890;6883;6876;6869;6862;6855;6849;6842;6835;6828;6821;6814;6807;6800;6793;6786;6779;6772;6766;6759;6752;6745;6738;6731;6724;6631;6622;6613;6604;6596;6587;6578;6569;6560;6551;6543;6638;6629;6620;6612;6603;6594;6585;6576;6567;6559;6550;6541;6532;6524;6517;6509;6501;6493;6486;6478;6470;6462;6455;6447;6439;6431;6423;6415;6407;6399;6392;6384;6376;6368;6360;6352;6344;6337;6330;6323;6316;6309;6302;6294;6287;6280;6273;6266;6259;6252;6245;6238;6231;6224;6217;6210;6203;6196;6189;6182;6175;6167;6159;6151;6143;6135;6128;6120;6112;6104;6096;6088;6080;6072;6064;6056;6048;6040;6033;6025;6017;6009;6001;5993;5985;5978;5972;5965;5959;5952;5946;5939;5932;5926;5919;5913;5906;5901;5895;5890;5885;5879;5874;5869;5863;5858;5853;5847;5842;5836;5829;5823;5816;5810;5804;5797;5791;5784;5778;5771;5765;5759;5752;5746;5739;5733;5727;5720;5714;5707;5701;5694;5688
521945;SANTA RITA DO NOVO DESTINO;3208;3208;3207;3207;3207;3206;3206;3206;3205;3205;3205;3204;3204;3202;3199;3197;3194;3192;3189;3187;3184;3182;3179;3177;3174;3171;3168;3165;3162;3159;3157;3154;3151;3148;3145;3142;3139;3135;3130;3126;3122;3117;3113;3109;3104;3100;3096;3091;3087;3084;3081;3078;3075;3072;3069;3065;3062;3059;3056;3053;3050;2999;2996;2992;2989;2985;2982;2978;2975;2971;2968;2964;3003;3000;2996;2993;2989;2986;2982;2979;2975;2972;2968;2965;2961;2958;2955;2952;2949;2946;2943;2940;2937;2934;2931;2928;2925;2921;2916;2912;2907;2903;2899;2894;2890;2885;2881;2876;2872;2869;2865;2862;2859;2855;2852;2849;2845;2842;2839;2835;2832;2829;2827;2824;2821;2819;2816;2813;2811;2808;2805;2803;2800;2797;2793;2790;2787;2783;2780;2777;2773;2770;2767;2763;2760;2757;2753;2750;2746;2743;2740;2736;2733;2729;2726;2722;2719;2713;2708;2702;2696;2691;2685;2679;2674;2668;2662;2657;2651;2651;2651;2650;2650;2650;2650;2649;2649;2649;2649;2648;2648;2645;2642;2639;2636;2633;2630;2626;2623;2620;2617;2614;2611;2608;2605;2602;2599;2596;2593;2589;2586;2583;2580;2577;2574
521950;SANTA ROSA DE GOIAS;3048;3045;3041;3038;3034;3031;3027;3024;3020;3017;3013;3010;3006;3003;3000;2998;2995;2992;2989;2986;2983;2981;2978;2975;2972;2971;2971;2970;2969;2968;2968;2967;2966;2965;2965;2964;2963;2962;2962;2961;2961;2960;2960;2959;2958;2958;2957;2957;2956;2956;2955;2955;2954;2954;2953;2953;2952;2952;2951;2951;2950;2936;2935;2934;2934;2933;2932;2931;2931;2930;2929;2928;2937;2936;2936;2935;2934;2933;2933;2932;2931;2930;2930;2929;2928;2927;2927;2926;2925;2924;2924;2923;2922;2921;2921;2920;2919;2918;2917;2916;2915;2914;2913;2911;2910;2909;2908;2907;2906;2905;2903;2902;2900;2899;2898;2896;2895;2893;2892;2890;2889;2889;2888;2888;2887;2887;2887;2886;2886;2885;2885;2884;2884;2883;2883;2882;2881;2881;2880;2879;2879;2878;2877;2877;2876;2875;2874;2874;2873;2872;2871;2870;2869;2869;2868;2867;2866;2862;2858;2855;2851;2847;2843;2839;2835;2832;2828;2824;2820;2821;2823;2824;2826;2827;2829;2830;2831;2833;2834;2836;2837;2836;2836;2835;2834;2833;2833;2832;2831;2830;2830;2829;2828;2827;2827;2826;2825;2824;2824;2823;2822;2821;2821;2820;2819
521960;SANTA TEREZA DE GOIAS;4130;4125;4120;4115;4110;4105;4100;4094;4089;4084;4079;4074;4069;4063;4057;4051;4045;4039;4034;4028;4022;4016;4010;4004;3998;3994;3991;3987;3983;3979;3976;3972;3968;3964;3961;3957;3953;3947;3942;3936;3930;3924;3919;3913;3907;3901;3896;3890;3884;3879;3874;3870;3865;3860;3855;3850;3845;3841;3836;3831;3826;3766;3761;3756;3750;3745;3740;3734;3729;3724;3718;3713;3771;3766;3760;3755;3750;3744;3739;3734;3728;3723;3718;3712;3707;3701;3695;3689;3683;3677;3672;3666;3660;3654;3648;3642;3636;3631;3625;3620;3614;3609;3604;3598;3593;3587;3582;3576;3571;3566;3561;3556;3551;3546;3542;3537;3532;3527;3522;3517;3512;3507;3503;3498;3494;3489;3485;3480;3475;3471;3466;3462;3457;3451;3446;3440;3435;3429;3424;3418;3412;3407;3401;3396;3390;3385;3380;3375;3370;3365;3360;3354;3349;3344;3339;3334;3329;3323;3316;3310;3303;3297;3291;3284;3278;3271;3265;3258;3252;3250;3248;3245;3243;3241;3239;3236;3234;3232;3230;3227;3225;3221;3216;3212;3207;3203;3199;3194;3190;3185;3181;3176;3172;3168;3163;3159;3154;3150;3146;3141;3137;3132;3128;3123;3119
521970;SANTA TEREZINHA DE GOIAS;10808;10796;10785;10773;10761;10750;10738;10726;10715;10703;10691;10680;10668;10663;10658;10652;10647;10642;10637;10631;10626;10621;10616;10610;10605;10604;10602;10601;10599;10598;10596;10595;10593;10592;10590;10589;10587;10590;10592;10595;10597;10600;10603;10605;10608;10610;10613;10615;10618;10621;10623;10626;10629;10631;10634;10637;10639;10642;10645;10647;10650;10691;10693;10695;10697;10700;10702;10704;10706;10708;10710;10712;10688;10690;10692;10694;10696;10698;10701;10703;10705;10707;10709;10711;10713;10716;10719;10723;10726;10729;10732;10735;10738;10742;10745;10748;10751;10752;10754;10755;10756;10758;10759;10760;10762;10763;10764;10766;10767;10770;10774;10777;10781;10784;10788;10791;10794;10798;10801;10805;10808;10811;10813;10816;10818;10821;10823;10826;10828;10831;10833;10836;10838;10839;10840;10841;10842;10843;10845;10846;10847;10848;10849;10850;10851;10850;10849;10847;10846;10845;10844;10842;10841;10840;10839;10837;10836;10835;10833;10832;10830;10829;10827;10826;10824;10823;10821;10820;10818;10818;10818;10818;10818;10818;10818;10818;10818;10818;10818;10818;10818;10820;10821;10823;10824;10826;10828;10829;10831;10832;10834;10835;10837;10839;10840;10842;10843;10845;10847;10848;10850;10851;10853;10854;10856
521971;SANTO ANTONIO DA BARRA;4501;4501;4502;4502;4502;4502;4503;4503;4503;4503;4504;4504;4504;4504;4505;4505;4506;4506;4507;4507;4507;4508;4508;4509;4509;4509;4509;4509;4509;4509;4510;4510;4510;4510;4510;4510;4510;4509;4509;4508;4507;4506;4506;4505;4504;4503;4503;4502;4501;4500;4500;4499;4499;4498;4498;4497;4496;4496;4495;4495;4494;4478;4477;4476;4475;4474;4473;4472;4471;4470;4470;4469;4479;4478;4477;4476;4475;4474;4474;4473;4472;4471;4470;4469;4468;4466;4464;4462;4460;4458;4456;4454;4452;4450;4448;4446;4444;4442;4440;4439;4437;4435;4433;4431;4429;4428;4426;4424;4422;4421;4420;4419;4418;4417;4416;4415;4414;4413;4412;4411;4410;4408;4406;4405;4403;4401;4399;4397;4395;4394;4392;4390;4388;4386;4384;4382;4380;4378;4376;4374;4372;4370;4368;4366;4364;4362;4359;4357;4354;4352;4349;4347;4344;4342;4339;4337;4334;4330;4326;4322;4317;4313;4309;4305;4301;4297;4292;4288;4284;4285;4286;4286;4287;4288;4289;4289;4290;4291;4292;4292;4293;4292;4291;4290;4288;4287;4286;4285;4284;4283;4281;4280;4279;4278;4277;4276;4274;4273;4272;4271;4270;4269;4267;4266;4265
521973;SANTO ANTONIO DE GOIAS;4591;4605;4620;4634;4648;4663;4677;4691;4706;4720;4734;4749;4763;4778;4792;4807;4821;4836;4850;4865;4879;4894;4908;4923;4937;4952;4967;4982;4997;5012;5027;5041;5056;5071;5086;5101;5116;5133;5150;5167;5184;5201;5219;5236;5253;5270;5287;5304;5321;5340;5359;5378;5397;5416;5435;5453;5472;5491;5510;5529;5548;5803;5823;5843;5864;5884;5904;5925;5945;5965;5986;6006;5783;5803;5824;5844;5864;5885;5905;5925;5946;5966;5986;6007;6027;6046;6066;6085;6104;6123;6143;6162;6181;6200;6220;6239;6258;6278;6298;6318;6338;6358;6379;6399;6419;6439;6459;6479;6499;6519;6539;6558;6578;6598;6618;6637;6657;6677;6697;6716;6736;6756;6775;6795;6814;6834;6854;6873;6893;6912;6932;6951;6971;6991;7011;7031;7050;7070;7090;7110;7130;7150;7169;7189;7209;7227;7246;7264;7282;7300;7319;7337;7355;7373;7392;7410;7428;7445;7461;7478;7495;7511;7528;7545;7561;7578;7595;7611;7628;7648;7669;7689;7710;7730;7751;7771;7791;7812;7832;7853;7873;7889;7905;7921;7937;7953;7970;7986;8002;8018;8034;8050;8066;8082;8098;8114;8130;8146;8163;8179;8195;8211;8227;8243;8259
521975;SANTO ANTONIO DO DESCOBERTO;64424;64490;64556;64622;64687;64753;64819;64885;64951;65017;65082;65148;65214;65276;65338;65400;65462;65524;65586;65647;65709;65771;65833;65895;65957;66027;66097;66166;66236;66306;66376;66445;66515;66585;66655;66724;66794;66865;66936;67008;67079;67150;67221;67292;67363;67435;67506;67577;67648;67721;67794;67868;67941;68014;68087;68160;68233;68307;68380;68453;68526;69488;69555;69622;69689;69755;69822;69889;69956;70023;70090;70156;69414;69481;69548;69615;69681;69748;69815;69882;69949;70016;70082;70149;70216;70275;70334;70393;70452;70511;70571;70630;70689;70748;70807;70866;70925;70979;71032;71086;71139;71193;71247;71300;71354;71407;71461;71514;71568;71622;71676;71730;71783;71837;71891;71945;71999;72053;72106;72160;72214;72266;72319;72371;72423;72476;72528;72580;72633;72685;72737;72790;72842;72884;72925;72967;73008;73050;73092;73133;73175;73216;73258;73299;73341;73376;73411;73445;73480;73515;73550;73584;73619;73654;73689;73723;73758;73794;73829;73865;73901;73936;73972;74008;74043;74079;74115;74150;74186;74222;74257;74293;74329;74364;74400;74436;74471;74507;74543;74578;74614;74665;74715;74766;74816;74867;74918;74968;75019;75069;75120;75170;75221;75272;75322;75373;75423;75474;75525;75575;75626;75676;75727;75777;75828
521980;SAO DOMINGOS;11443;11446;11450;11453;11457;11460;11464;11467;11470;11474;11477;11481;11484;11481;11477;11474;11471;11467;11464;11461;11457;11454;11451;11447;11444;11434;11425;11415;11405;11396;11386;11376;11367;11357;11347;11338;11328;11317;11306;11295;11284;11273;11262;11251;11240;11229;11218;11207;11196;11185;11174;11163;11152;11141;11131;11120;11109;11098;11087;11076;11065;10918;10906;10895;10883;10872;10860;10849;10837;10826;10814;10803;10929;10918;10906;10895;10883;10872;10860;10849;10837;10826;10814;10803;10791;10779;10766;10754;10741;10729;10716;10704;10691;10679;10666;10654;10641;10628;10616;10603;10590;10578;10565;10552;10540;10527;10514;10502;10489;10477;10464;10452;10439;10427;10415;10402;10390;10377;10365;10352;10340;10329;10318;10306;10295;10284;10273;10261;10250;10239;10228;10216;10205;10192;10179;10166;10153;10140;10128;10115;10102;10089;10076;10063;10050;10036;10022;10008;9994;9980;9966;9952;9938;9924;9910;9896;9882;9869;9856;9843;9830;9817;9804;9791;9778;9765;9752;9739;9726;9714;9702;9690;9678;9666;9654;9641;9629;9617;9605;9593;9581;9571;9560;9550;9540;9529;9519;9509;9498;9488;9478;9467;9457;9447;9436;9426;9416;9405;9395;9385;9374;9364;9354;9343;9333
521990;SAO FRANCISCO DE GOIAS;6275;6276;6276;6277;6277;6278;6279;6279;6280;6280;6281;6281;6282;6283;6285;6286;6287;6289;6290;6291;6293;6294;6295;6297;6298;6299;6301;6302;6304;6305;6307;6308;6309;6311;6312;6314;6315;6317;6320;6322;6324;6327;6329;6331;6334;6336;6338;6341;6343;6345;6348;6350;6352;6355;6357;6359;6362;6364;6366;6369;6371;6409;6411;6414;6416;6418;6421;6423;6425;6428;6430;6432;6406;6408;6411;6413;6415;6418;6420;6422;6425;6427;6429;6432;6434;6435;6435;6436;6437;6437;6438;6439;6439;6440;6441;6441;6442;6443;6445;6446;6447;6448;6450;6451;6452;6453;6455;6456;6457;6459;6462;6464;6466;6468;6471;6473;6475;6477;6480;6482;6484;6486;6487;6489;6490;6492;6493;6495;6496;6498;6499;6501;6502;6502;6501;6501;6501;6500;6500;6500;6499;6499;6499;6498;6498;6497;6496;6495;6494;6493;6492;6491;6490;6489;6488;6487;6486;6485;6483;6482;6480;6479;6477;6476;6474;6473;6471;6470;6468;6470;6472;6474;6476;6478;6480;6481;6483;6485;6487;6489;6491;6492;6494;6495;6496;6498;6499;6500;6502;6503;6504;6506;6507;6508;6510;6511;6512;6514;6515;6516;6518;6519;6520;6522;6523
522000;SAO JOAO D'ALIANCA;10003;10031;10059;10087;10115;10143;10172;10200;10228;10256;10284;10312;10340;10367;10394;10421;10448;10475;10502;10529;10556;10583;10610;10637;10664;10691;10717;10744;10771;10797;10824;10851;10877;10904;10931;10957;10984;11011;11038;11064;11091;11118;11145;11171;11198;11225;11252;11278;11305;11332;11359;11387;11414;11441;11468;11495;11522;11550;11577;11604;11631;11999;12026;12053;12079;12106;12133;12159;12186;12213;12239;12266;11971;11998;12024;12051;12078;12104;12131;12158;12184;12211;12238;12264;12291;12317;12343;12370;12396;12422;12448;12474;12500;12527;12553;12579;12605;12630;12655;12680;12705;12730;12756;12781;12806;12831;12856;12881;12906;12932;12958;12984;13010;13036;13062;13088;13114;13140;13166;13192;13218;13243;13269;13294;13319;13345;13370;13395;13421;13446;13471;13497;13522;13548;13573;13599;13625;13650;13676;13702;13727;13753;13779;13804;13830;13854;13878;13902;13925;13949;13973;13997;14021;14045;14068;14092;14116;14142;14168;14193;14219;14245;14271;14296;14322;14348;14374;14399;14425;14453;14480;14508;14536;14563;14591;14619;14646;14674;14702;14729;14757;14779;14802;14824;14847;14869;14892;14914;14936;14959;14981;15004;15026;15048;15071;15093;15116;15138;15161;15183;15205;15228;15250;15273;15295
522005;SAO JOAO DA PARAUNA;1770;1768;1766;1765;1763;1761;1759;1757;1755;1754;1752;1750;1748;1747;1746;1745;1744;1743;1742;1740;1739;1738;1737;1736;1735;1734;1734;1733;1733;1732;1732;1731;1730;1730;1729;1729;1728;1730;1731;1733;1734;1736;1737;1739;1740;1742;1743;1745;1746;1746;1747;1747;1747;1748;1748;1748;1749;1749;1749;1750;1750;1765;1766;1768;1769;1770;1771;1772;1773;1775;1776;1777;1764;1765;1766;1768;1769;1770;1771;1772;1773;1775;1776;1777;1778;1778;1779;1779;1780;1780;1781;1781;1781;1782;1782;1783;1783;1784;1785;1785;1786;1787;1788;1788;1789;1790;1791;1791;1792;1792;1793;1793;1793;1793;1794;1794;1794;1794;1795;1795;1795;1796;1796;1797;1797;1798;1798;1799;1799;1800;1800;1801;1801;1802;1803;1803;1804;1805;1806;1806;1807;1808;1809;1809;1810;1810;1809;1809;1808;1808;1807;1807;1806;1806;1805;1805;1804;1802;1801;1799;1797;1796;1794;1792;1791;1789;1787;1786;1784;1786;1788;1790;1792;1794;1796;1797;1799;1801;1803;1805;1807;1807;1808;1808;1809;1809;1810;1810;1810;1811;1811;1812;1812;1812;1813;1813;1814;1814;1815;1815;1815;1816;1816;1817;1817
522010;SAO LUIS DE MONTES BELOS;30672;30695;30718;30740;30763;30786;30809;30831;30854;30877;30900;30922;30945;30967;30989;31011;31032;31054;31076;31098;31120;31142;31163;31185;31207;31233;31259;31285;31310;31336;31362;31388;31414;31440;31465;31491;31517;31543;31569;31596;31622;31648;31674;31700;31726;31753;31779;31805;31831;31859;31888;31916;31944;31972;32001;32029;32057;32085;32114;32142;32170;32531;32556;32581;32606;32631;32656;32681;32706;32731;32756;32781;32503;32528;32553;32578;32603;32628;32653;32678;32703;32728;32753;32778;32803;32828;32853;32878;32903;32928;32954;32979;33004;33029;33054;33079;33104;33129;33154;33179;33204;33229;33254;33278;33303;33328;33353;33378;33403;33431;33460;33488;33517;33545;33574;33602;33630;33659;33687;33716;33744;33771;33797;33824;33850;33877;33903;33930;33956;33983;34009;34036;34062;34082;34103;34123;34144;34164;34185;34205;34225;34246;34266;34287;34307;34325;34343;34360;34378;34396;34414;34431;34449;34467;34485;34502;34520;34541;34562;34583;34604;34625;34646;34666;34687;34708;34729;34750;34771;34793;34814;34836;34858;34879;34901;34923;34944;34966;34988;35009;35031;35052;35074;35095;35117;35138;35160;35181;35202;35224;35245;35267;35288;35309;35331;35352;35374;35395;35417;35438;35459;35481;35502;35524;35545
522015;SAO LUIZ DO NORTE;4702;4705;4708;4710;4713;4716;4719;4721;4724;4727;4730;4732;4735;4736;4738;4739;4740;4742;4743;4744;4746;4747;4748;4750;4751;4753;4755;4757;4759;4761;4763;4764;4766;4768;4770;4772;4774;4776;4778;4780;4781;4783;4785;4787;4789;4791;4792;4794;4796;4798;4801;4803;4805;4808;4810;4812;4815;4817;4819;4822;4824;4858;4859;4860;4862;4863;4865;4866;4868;4869;4870;4872;4855;4856;4858;4859;4861;4862;4864;4865;4866;4868;4869;4871;4872;4873;4875;4876;4877;4878;4880;4881;4882;4883;4885;4886;4887;4888;4889;4889;4890;4891;4892;4892;4893;4894;4895;4895;4896;4897;4899;4900;4902;4903;4905;4906;4907;4909;4910;4912;4913;4915;4916;4918;4920;4921;4923;4925;4926;4928;4930;4931;4933;4933;4933;4933;4933;4933;4933;4932;4932;4932;4932;4932;4932;4932;4931;4931;4931;4930;4930;4930;4929;4929;4929;4928;4928;4926;4925;4923;4921;4919;4918;4916;4914;4912;4911;4909;4907;4909;4910;4912;4913;4915;4917;4918;4920;4921;4923;4924;4926;4927;4928;4929;4930;4931;4933;4934;4935;4936;4937;4938;4939;4940;4941;4942;4943;4944;4946;4947;4948;4949;4950;4951;4952
522020;SAO MIGUEL DO ARAGUAIA;23029;23019;23009;22999;22989;22979;22970;22960;22950;22940;22930;22920;22910;22901;22893;22884;22875;22866;22858;22849;22840;22831;22823;22814;22805;22802;22798;22795;22791;22788;22784;22781;22777;22774;22770;22767;22763;22762;22761;22759;22758;22757;22756;22754;22753;22752;22751;22749;22748;22746;22745;22743;22741;22739;22738;22736;22734;22732;22731;22729;22727;22705;22703;22700;22697;22694;22691;22688;22686;22683;22680;22677;22707;22704;22701;22699;22696;22693;22690;22687;22684;22682;22679;22676;22673;22669;22666;22662;22659;22655;22652;22648;22644;22641;22637;22634;22630;22626;22621;22617;22612;22608;22604;22599;22595;22590;22586;22581;22577;22574;22572;22569;22566;22563;22561;22558;22555;22552;22550;22547;22544;22541;22538;22535;22532;22529;22526;22523;22520;22517;22514;22511;22508;22501;22494;22487;22480;22473;22467;22460;22453;22446;22439;22432;22425;22415;22405;22395;22385;22375;22366;22356;22346;22336;22326;22316;22306;22297;22289;22280;22271;22262;22254;22245;22236;22227;22219;22210;22201;22191;22181;22171;22160;22150;22140;22130;22120;22110;22099;22089;22079;22076;22073;22069;22066;22063;22060;22056;22053;22050;22047;22043;22040;22037;22034;22030;22027;22024;22021;22017;22014;22011;22008;22004;22001
522026;SAO MIGUEL DO PASSA QUATRO;3829;3832;3834;3837;3840;3842;3845;3848;3850;3853;3856;3858;3861;3865;3868;3872;3876;3879;3883;3887;3890;3894;3898;3901;3905;3910;3914;3919;3923;3928;3932;3937;3941;3946;3950;3955;3959;3965;3970;3976;3982;3987;3993;3999;4004;4010;4016;4021;4027;4033;4039;4045;4050;4056;4062;4068;4074;4080;4085;4091;4097;4165;4171;4176;4182;4188;4193;4199;4204;4210;4216;4221;4160;4166;4171;4177;4182;4188;4194;4199;4205;4210;4216;4221;4227;4233;4238;4244;4249;4255;4261;4266;4272;4277;4283;4288;4294;4298;4303;4307;4311;4316;4320;4324;4329;4333;4337;4342;4346;4352;4357;4363;4368;4374;4379;4385;4390;4396;4401;4407;4412;4416;4420;4424;4428;4432;4436;4439;4443;4447;4451;4455;4459;4463;4467;4472;4476;4480;4484;4488;4492;4497;4501;4505;4509;4512;4515;4518;4521;4524;4527;4530;4533;4536;4539;4542;4545;4547;4549;4551;4553;4555;4557;4558;4560;4562;4564;4566;4568;4572;4577;4581;4586;4590;4595;4599;4603;4608;4612;4617;4621;4625;4629;4634;4638;4642;4646;4650;4654;4659;4663;4667;4671;4675;4679;4684;4688;4692;4696;4700;4704;4709;4713;4717;4721
522028;SAO PATRICIO;2056;2056;2056;2056;2055;2055;2055;2055;2055;2055;2054;2054;2054;2055;2055;2056;2056;2057;2057;2058;2058;2059;2059;2060;2060;2060;2059;2059;2059;2058;2058;2058;2057;2057;2057;2056;2056;2057;2058;2060;2061;2062;2063;2064;2065;2067;2068;2069;2070;2072;2073;2075;2076;2078;2080;2081;2083;2084;2086;2087;2089;2101;2102;2103;2104;2105;2106;2107;2109;2110;2111;2112;2100;2101;2102;2103;2104;2105;2107;2108;2109;2110;2111;2112;2113;2114;2116;2117;2118;2119;2121;2122;2123;2124;2126;2127;2128;2129;2131;2132;2133;2135;2136;2137;2139;2140;2141;2143;2144;2145;2146;2147;2148;2149;2151;2152;2153;2154;2155;2156;2157;2159;2161;2163;2164;2166;2168;2170;2172;2174;2175;2177;2179;2179;2179;2180;2180;2180;2180;2180;2180;2181;2181;2181;2181;2182;2182;2183;2183;2184;2185;2185;2186;2186;2187;2187;2188;2186;2183;2181;2179;2176;2174;2172;2169;2167;2165;2162;2160;2163;2165;2168;2170;2173;2175;2178;2180;2183;2185;2188;2190;2191;2192;2193;2193;2194;2195;2196;2197;2198;2198;2199;2200;2201;2202;2203;2203;2204;2205;2206;2207;2208;2208;2209;2210
522040;SAO SIMAO;17154;17171;17189;17206;17223;17240;17258;17275;17292;17309;17327;17344;17361;17366;17371;17376;17381;17386;17392;17397;17402;17407;17412;17417;17422;17424;17427;17429;17432;17434;17437;17439;17441;17444;17446;17449;17451;17450;17449;17448;17447;17446;17446;17445;17444;17443;17442;17441;17440;17440;17440;17440;17440;17440;17441;17441;17441;17441;17441;17441;17441;17441;17440;17438;17437;17436;17434;17433;17432;17430;17429;17428;17441;17440;17438;17437;17436;17434;17433;17432;17430;17429;17428;17426;17425;17423;17421;17419;17417;17415;17414;17412;17410;17408;17406;17404;17402;17402;17401;17401;17400;17400;17399;17399;17398;17398;17397;17397;17396;17397;17397;17398;17398;17399;17400;17400;17401;17401;17402;17402;17403;17403;17402;17402;17402;17401;17401;17401;17400;17400;17400;17399;17399;17397;17394;17392;17389;17387;17384;17382;17379;17377;17374;17372;17369;17364;17359;17353;17348;17343;17338;17332;17327;17322;17317;17311;17306;17301;17296;17291;17286;17281;17277;17272;17267;17262;17257;17252;17247;17243;17238;17234;17229;17225;17221;17216;17212;17207;17203;17198;17194;17193;17192;17191;17190;17189;17188;17186;17185;17184;17183;17182;17181;17180;17179;17178;17177;17176;17175;17173;17172;17171;17170;17169;17168
522045;SENADOR CANEDO;81250;81562;81873;82185;82496;82808;83120;83431;83743;84054;84366;84677;84989;85342;85696;86049;86402;86756;87109;87462;87816;88169;88522;88876;89229;89632;90036;90439;90842;91245;91649;92052;92455;92858;93262;93665;94068;94504;94940;95376;95812;96248;96685;97121;97557;97993;98429;98865;99301;99762;100222;100683;101144;101604;102065;102526;102986;103447;103908;104368;104829;111081;111574;112067;112560;113054;113547;114040;114533;115026;115519;116013;110600;111093;111586;112080;112573;113066;113559;114052;114545;115039;115532;116025;116518;117015;117513;118010;118507;119005;119502;119999;120497;120994;121491;121989;122486;122991;123495;124000;124504;125009;125513;126018;126522;127027;127531;128036;128540;129064;129587;130111;130634;131158;131681;132205;132728;133252;133775;134299;134822;135362;135902;136442;136982;137522;138062;138601;139141;139681;140221;140761;141301;141850;142399;142948;143496;144045;144594;145143;145692;146241;146789;147338;147887;148454;149022;149589;150156;150724;151291;151858;152426;152993;153560;154128;154695;155303;155912;156520;157128;157736;158345;158953;159561;160169;160778;161386;161994;162649;163303;163958;164612;165267;165922;166576;167231;167885;168540;169194;169849;170282;170715;171147;171580;172013;172446;172878;173311;173744;174177;174609;175042;175475;175908;176340;176773;177206;177639;178071;178504;178937;179370;179802;180235
522050;SERRANOPOLIS;7568;7574;7580;7586;7592;7598;7604;7610;7616;7622;7628;7634;7640;7644;7647;7651;7654;7658;7661;7665;7668;7672;7675;7679;7682;7687;7692;7697;7701;7706;7711;7716;7721;7726;7730;7735;7740;7745;7749;7754;7758;7763;7767;7772;7776;7781;7785;7790;7794;7799;7804;7809;7814;7819;7825;7830;7835;7840;7845;7850;7855;7905;7909;7913;7916;7920;7924;7928;7932;7936;7939;7943;7901;7905;7909;7913;7916;7920;7924;7928;7932;7936;7939;7943;7947;7951;7955;7959;7962;7966;7970;7974;7978;7982;7985;7989;7993;7996;7999;8002;8005;8008;8011;8013;8016;8019;8022;8025;8028;8032;8036;8040;8044;8048;8052;8055;8059;8063;8067;8071;8075;8078;8082;8085;8088;8092;8095;8098;8102;8105;8108;8112;8115;8117;8120;8122;8124;8126;8129;8131;8133;8135;8138;8140;8142;8143;8144;8145;8146;8147;8148;8149;8150;8151;8152;8153;8154;8155;8156;8158;8159;8160;8161;8162;8163;8165;8166;8167;8168;8171;8174;8176;8179;8182;8185;8187;8190;8193;8196;8198;8201;8204;8207;8210;8213;8216;8219;8222;8225;8228;8231;8234;8237;8240;8243;8246;8249;8252;8255;8258;8261;8264;8267;8270;8273
522060;SILVANIA;19575;19585;19594;19604;19613;19623;19632;19642;19651;19661;19670;19680;19689;19703;19716;19730;19743;19757;19771;19784;19798;19811;19825;19838;19852;19872;19891;19911;19930;19950;19970;19989;20009;20028;20048;20067;20087;20109;20131;20154;20176;20198;20220;20242;20264;20287;20309;20331;20353;20377;20400;20424;20447;20471;20494;20518;20541;20565;20588;20612;20635;20925;20947;20968;20990;21011;21033;21054;21076;21097;21119;21140;20903;20925;20946;20968;20989;21011;21032;21054;21075;21097;21118;21140;21161;21182;21203;21224;21245;21266;21287;21308;21329;21350;21371;21392;21413;21433;21453;21474;21494;21514;21534;21554;21574;21595;21615;21635;21655;21676;21698;21719;21740;21762;21783;21804;21826;21847;21868;21890;21911;21932;21953;21974;21995;22016;22037;22057;22078;22099;22120;22141;22162;22180;22198;22215;22233;22251;22269;22286;22304;22322;22340;22357;22375;22390;22406;22421;22436;22451;22467;22482;22497;22512;22528;22543;22558;22573;22589;22604;22619;22635;22650;22665;22681;22696;22711;22727;22742;22758;22775;22791;22808;22824;22841;22857;22873;22890;22906;22923;22939;22957;22974;22992;23009;23027;23045;23062;23080;23097;23115;23132;23150;23168;23185;23203;23220;23238;23256;23273;23291;23308;23326;23343;23361
522068;SIMOLANDIA;6643;6641;6640;6638;6637;6635;6634;6632;6630;6629;6627;6626;6624;6622;6620;6618;6616;6614;6612;6610;6608;6606;6604;6602;6600;6597;6594;6590;6587;6584;6581;6577;6574;6571;6568;6564;6561;6556;6552;6547;6542;6537;6533;6528;6523;6518;6514;6509;6504;6499;6495;6490;6485;6481;6476;6471;6467;6462;6457;6453;6448;6385;6379;6374;6368;6362;6356;6351;6345;6339;6333;6328;6390;6384;6379;6373;6367;6361;6356;6350;6344;6338;6333;6327;6321;6315;6308;6302;6295;6289;6283;6276;6270;6263;6257;6250;6244;6236;6228;6221;6213;6205;6197;6189;6181;6174;6166;6158;6150;6144;6138;6133;6127;6121;6115;6109;6103;6098;6092;6086;6080;6074;6067;6061;6055;6048;6042;6036;6029;6023;6017;6010;6004;5997;5989;5982;5975;5967;5960;5953;5945;5938;5931;5923;5916;5909;5901;5894;5887;5879;5872;5865;5857;5850;5843;5835;5828;5821;5814;5807;5800;5793;5786;5778;5771;5764;5757;5750;5743;5739;5735;5731;5726;5722;5718;5714;5710;5706;5701;5697;5693;5688;5683;5678;5673;5668;5664;5659;5654;5649;5644;5639;5634;5629;5624;5619;5614;5609;5605;5600;5595;5590;5585;5580;5575
522070;SITIO D'ABADIA;2894;2895;2895;2896;2897;2897;2898;2899;2899;2900;2901;2901;2902;2903;2904;2906;2907;2908;2909;2910;2911;2913;2914;2915;2916;2916;2916;2916;2916;2916;2917;2917;2917;2917;2917;2917;2917;2918;2920;2921;2922;2923;2925;2926;2927;2928;2930;2931;2932;2933;2934;2935;2936;2937;2939;2940;2941;2942;2943;2944;2945;2954;2954;2954;2954;2954;2955;2955;2955;2955;2955;2955;2953;2953;2953;2954;2954;2954;2954;2954;2954;2955;2955;2955;2955;2956;2956;2957;2957;2958;2959;2959;2960;2960;2961;2961;2962;2962;2962;2962;2962;2962;2962;2961;2961;2961;2961;2961;2961;2962;2963;2963;2964;2965;2966;2966;2967;2968;2969;2969;2970;2970;2971;2971;2971;2972;2972;2972;2973;2973;2973;2974;2974;2973;2972;2972;2971;2970;2969;2968;2967;2967;2966;2965;2964;2965;2965;2966;2967;2967;2968;2969;2969;2970;2971;2971;2972;2970;2967;2965;2962;2960;2958;2955;2953;2950;2948;2945;2943;2946;2948;2951;2953;2956;2958;2961;2963;2966;2968;2971;2973;2973;2974;2974;2975;2975;2976;2976;2976;2977;2977;2978;2978;2978;2979;2979;2980;2980;2981;2981;2981;2982;2982;2983;2983
522100;TAQUARAL DE GOIAS;3638;3637;3637;3636;3635;3635;3634;3633;3633;3632;3631;3631;3630;3631;3632;3633;3634;3635;3636;3636;3637;3638;3639;3640;3641;3643;3644;3646;3647;3649;3651;3652;3654;3655;3657;3658;3660;3663;3667;3670;3674;3677;3681;3684;3687;3691;3694;3698;3701;3704;3707;3711;3714;3717;3720;3723;3726;3730;3733;3736;3739;3789;3793;3797;3801;3805;3808;3812;3816;3820;3824;3828;3785;3789;3793;3797;3801;3805;3809;3812;3816;3820;3824;3828;3832;3835;3838;3842;3845;3848;3851;3854;3857;3861;3864;3867;3870;3874;3877;3881;3884;3888;3892;3895;3899;3902;3906;3909;3913;3918;3923;3927;3932;3937;3942;3946;3951;3956;3961;3965;3970;3974;3977;3981;3984;3988;3991;3995;3998;4002;4005;4009;4012;4016;4019;4023;4027;4030;4034;4038;4041;4045;4049;4052;4056;4058;4060;4062;4064;4066;4069;4071;4073;4075;4077;4079;4081;4082;4083;4084;4085;4086;4087;4088;4089;4090;4091;4092;4093;4097;4102;4106;4111;4115;4120;4124;4128;4133;4137;4142;4146;4149;4152;4155;4157;4160;4163;4166;4169;4172;4174;4177;4180;4183;4186;4189;4191;4194;4197;4200;4203;4206;4208;4211;4214
522108;TERESINA DE GOIAS;3019;3020;3021;3023;3024;3025;3026;3027;3028;3030;3031;3032;3033;3033;3033;3033;3032;3032;3032;3032;3032;3032;3031;3031;3031;3030;3030;3029;3028;3028;3027;3026;3026;3025;3024;3024;3023;3021;3018;3016;3014;3011;3009;3007;3004;3002;3000;2997;2995;2993;2992;2990;2989;2987;2986;2984;2982;2981;2979;2978;2976;2954;2952;2949;2947;2944;2941;2939;2936;2934;2931;2929;2956;2953;2951;2948;2946;2943;2941;2938;2935;2933;2930;2928;2925;2922;2919;2917;2914;2911;2908;2905;2902;2900;2897;2894;2891;2888;2885;2882;2879;2876;2873;2869;2866;2863;2860;2857;2854;2852;2849;2847;2844;2842;2840;2837;2835;2832;2830;2827;2825;2823;2820;2818;2816;2813;2811;2809;2806;2804;2802;2799;2797;2794;2792;2789;2787;2784;2782;2779;2776;2774;2771;2769;2766;2763;2760;2756;2753;2750;2747;2743;2740;2737;2734;2730;2727;2723;2719;2714;2710;2706;2702;2697;2693;2689;2685;2680;2676;2677;2678;2678;2679;2680;2681;2681;2682;2683;2684;2684;2685;2683;2681;2679;2677;2675;2673;2670;2668;2666;2664;2662;2660;2658;2656;2654;2652;2650;2648;2645;2643;2641;2639;2637;2635
522119;TEREZOPOLIS DE GOIAS;6562;6572;6582;6593;6603;6613;6623;6633;6643;6654;6664;6674;6684;6694;6704;6713;6723;6733;6743;6752;6762;6772;6782;6791;6801;6812;6822;6833;6843;6854;6864;6875;6885;6896;6906;6917;6927;6937;6947;6956;6966;6976;6986;6995;7005;7015;7025;7034;7044;7055;7067;7078;7090;7101;7113;7124;7135;7147;7158;7170;7181;7334;7344;7354;7364;7373;7383;7393;7403;7413;7423;7433;7322;7332;7342;7352;7362;7372;7382;7391;7401;7411;7421;7431;7441;7451;7461;7471;7481;7491;7501;7511;7521;7531;7541;7551;7561;7570;7579;7588;7597;7606;7616;7625;7634;7643;7652;7661;7670;7679;7688;7698;7707;7716;7725;7734;7743;7753;7762;7771;7780;7789;7798;7807;7816;7825;7835;7844;7853;7862;7871;7880;7889;7897;7905;7913;7920;7928;7936;7944;7952;7960;7967;7975;7983;7990;7996;8003;8009;8016;8023;8029;8036;8042;8049;8055;8062;8069;8077;8084;8091;8098;8106;8113;8120;8127;8135;8142;8149;8157;8165;8173;8180;8188;8196;8204;8212;8220;8227;8235;8243;8251;8259;8267;8275;8283;8292;8300;8308;8316;8324;8332;8340;8348;8356;8364;8372;8380;8389;8397;8405;8413;8421;8429;8437
522130;TRES RANCHOS;2897;2897;2898;2898;2898;2899;2899;2899;2900;2900;2900;2901;2901;2901;2900;2900;2899;2899;2899;2898;2898;2897;2897;2896;2896;2896;2896;2896;2896;2896;2896;2895;2895;2895;2895;2895;2895;2896;2898;2899;2900;2902;2903;2904;2906;2907;2908;2910;2911;2911;2912;2912;2912;2912;2913;2913;2913;2913;2914;2914;2914;2924;2925;2926;2927;2928;2929;2930;2931;2932;2933;2934;2923;2924;2925;2926;2927;2928;2929;2930;2931;2932;2933;2934;2935;2935;2934;2934;2934;2933;2933;2933;2932;2932;2932;2931;2931;2932;2933;2934;2934;2935;2936;2937;2938;2939;2939;2940;2941;2942;2943;2945;2946;2947;2948;2949;2950;2952;2953;2954;2955;2956;2957;2958;2959;2960;2962;2963;2964;2965;2966;2967;2968;2968;2969;2969;2969;2969;2970;2970;2970;2970;2971;2971;2971;2971;2972;2972;2972;2973;2973;2973;2974;2974;2974;2975;2975;2973;2971;2969;2966;2964;2962;2960;2958;2956;2953;2951;2949;2951;2953;2954;2956;2958;2960;2961;2963;2965;2967;2968;2970;2971;2971;2972;2972;2973;2973;2974;2974;2975;2975;2976;2976;2977;2977;2978;2978;2979;2979;2980;2980;2981;2981;2982;2982
522140;TRINDADE;104880;105078;105277;105475;105674;105872;106071;106269;106467;106666;106864;107063;107261;107473;107685;107896;108108;108320;108532;108743;108955;109167;109379;109590;109802;110043;110284;110526;110767;111008;111249;111490;111731;111973;112214;112455;112696;112953;113210;113467;113724;113981;114238;114495;114752;115009;115266;115523;115780;116045;116311;116576;116842;117107;117373;117638;117903;118169;118434;118700;118965;122471;122735;122999;123263;123527;123791;124055;124319;124583;124847;125111;122201;122465;122729;122993;123257;123521;123785;124049;124313;124577;124841;125105;125369;125629;125889;126149;126408;126668;126928;127188;127448;127708;127967;128227;128487;128750;129013;129276;129539;129802;130065;130328;130591;130854;131117;131380;131643;131915;132187;132458;132730;133002;133274;133545;133817;134089;134361;134632;134904;135179;135454;135729;136003;136278;136553;136828;137103;137378;137652;137927;138202;138459;138716;138973;139230;139487;139745;140002;140259;140516;140773;141030;141287;141539;141791;142043;142295;142547;142799;143051;143303;143555;143807;144059;144311;144577;144844;145110;145377;145643;145910;146176;146442;146709;146975;147242;147508;147787;148066;148346;148625;148904;149183;149462;149741;150021;150300;150579;150858;151083;151308;151534;151759;151984;152209;152434;152659;152885;153110;153335;153560;153785;154010;154236;154461;154686;154911;155136;155361;155587;155812;156037;156262
522145;TROMBAS;3541;3540;3539;3538;3537;3536;3535;3533;3532;3531;3530;3529;3528;3526;3524;3523;3521;3519;3517;3515;3513;3512;3510;3508;3506;3504;3501;3499;3496;3494;3491;3489;3486;3484;3481;3479;3476;3473;3471;3468;3465;3463;3460;3457;3455;3452;3449;3447;3444;3442;3440;3439;3437;3435;3433;3431;3429;3428;3426;3424;3422;3397;3394;3392;3389;3386;3383;3381;3378;3375;3372;3370;3399;3396;3394;3391;3388;3385;3383;3380;3377;3374;3372;3369;3366;3363;3360;3357;3354;3351;3349;3346;3343;3340;3337;3334;3331;3328;3326;3323;3321;3318;3316;3313;3310;3308;3305;3303;3300;3299;3298;3296;3295;3294;3293;3291;3290;3289;3288;3286;3285;3283;3280;3278;3276;3273;3271;3269;3266;3264;3262;3259;3257;3253;3250;3246;3243;3239;3236;3232;3228;3225;3221;3218;3214;3211;3208;3206;3203;3200;3197;3194;3191;3189;3186;3183;3180;3176;3171;3167;3162;3158;3153;3149;3144;3140;3135;3131;3126;3124;3123;3121;3119;3118;3116;3114;3113;3111;3109;3108;3106;3104;3102;3100;3097;3095;3093;3091;3089;3087;3084;3082;3080;3078;3076;3074;3071;3069;3067;3065;3063;3061;3058;3056;3054
522150;TURVANIA;4984;4981;4978;4974;4971;4968;4965;4961;4958;4955;4952;4948;4945;4942;4939;4935;4932;4929;4926;4922;4919;4916;4913;4909;4906;4903;4900;4896;4893;4890;4887;4883;4880;4877;4874;4870;4867;4865;4862;4860;4857;4855;4853;4850;4848;4845;4843;4840;4838;4836;4833;4831;4829;4826;4824;4822;4819;4817;4815;4812;4810;4769;4766;4764;4761;4759;4756;4753;4751;4748;4746;4743;4772;4769;4767;4764;4762;4759;4757;4754;4751;4749;4746;4744;4741;4738;4736;4733;4730;4728;4725;4722;4720;4717;4714;4712;4709;4706;4704;4701;4699;4696;4694;4691;4688;4686;4683;4681;4678;4676;4673;4671;4669;4666;4664;4662;4659;4657;4655;4652;4650;4648;4645;4643;4640;4638;4635;4633;4630;4628;4625;4623;4620;4617;4615;4612;4609;4606;4604;4601;4598;4595;4593;4590;4587;4583;4580;4576;4572;4569;4565;4561;4558;4554;4550;4547;4543;4539;4534;4530;4526;4521;4517;4513;4508;4504;4500;4495;4491;4490;4489;4488;4487;4486;4485;4483;4482;4481;4480;4479;4478;4476;4473;4471;4468;4466;4464;4461;4459;4456;4454;4451;4449;4447;4444;4442;4439;4437;4435;4432;4430;4427;4425;4422;4420
522155;TURVELANDIA;4426;4432;4437;4443;4448;4454;4459;4465;4470;4476;4481;4487;4492;4497;4501;4506;4510;4515;4520;4524;4529;4533;4538;4542;4547;4551;4556;4560;4564;4569;4573;4577;4582;4586;4590;4595;4599;4603;4607;4611;4615;4619;4623;4627;4631;4635;4639;4643;4647;4652;4657;4661;4666;4671;4676;4680;4685;4690;4695;4699;4704;4773;4778;4782;4786;4791;4795;4799;4804;4808;4812;4817;4768;4772;4777;4781;4785;4790;4794;4798;4803;4807;4811;4816;4820;4824;4828;4832;4835;4839;4843;4847;4851;4855;4858;4862;4866;4870;4874;4878;4882;4886;4891;4895;4899;4903;4907;4911;4915;4918;4921;4925;4928;4931;4934;4937;4940;4944;4947;4950;4953;4957;4961;4965;4969;4973;4977;4981;4985;4989;4993;4997;5001;5004;5008;5011;5014;5018;5021;5024;5028;5031;5034;5038;5041;5043;5045;5047;5049;5051;5054;5056;5058;5060;5062;5064;5066;5068;5069;5071;5072;5074;5075;5077;5078;5080;5081;5083;5084;5088;5092;5096;5099;5103;5107;5111;5115;5119;5122;5126;5130;5133;5137;5140;5144;5147;5151;5154;5157;5161;5164;5168;5171;5174;5178;5181;5185;5188;5192;5195;5198;5202;5205;5209;5212
522157;UIRAPURU;3012;3010;3008;3007;3005;3003;3001;2999;2997;2996;2994;2992;2990;2989;2988;2987;2986;2985;2984;2982;2981;2980;2979;2978;2977;2976;2975;2974;2973;2972;2971;2970;2969;2968;2967;2966;2965;2965;2964;2964;2963;2963;2962;2962;2961;2961;2960;2960;2959;2958;2957;2956;2955;2954;2953;2952;2951;2950;2949;2948;2947;2939;2938;2937;2935;2934;2933;2931;2930;2929;2927;2926;2940;2939;2937;2936;2935;2933;2932;2931;2929;2928;2927;2925;2924;2923;2922;2920;2919;2918;2917;2915;2914;2913;2912;2910;2909;2908;2908;2907;2906;2905;2905;2904;2903;2902;2902;2901;2900;2899;2898;2897;2896;2895;2894;2892;2891;2890;2889;2888;2887;2887;2886;2886;2885;2885;2884;2884;2883;2883;2882;2882;2881;2880;2878;2877;2876;2874;2873;2872;2870;2869;2868;2866;2865;2863;2861;2859;2857;2855;2854;2852;2850;2848;2846;2844;2842;2838;2834;2830;2826;2822;2819;2815;2811;2807;2803;2799;2795;2796;2797;2799;2800;2801;2802;2803;2804;2806;2807;2808;2809;2808;2807;2806;2805;2804;2804;2803;2802;2801;2800;2799;2798;2797;2796;2795;2794;2793;2793;2792;2791;2790;2789;2788;2787
522160;URUACU;37920;37945;37970;37995;38020;38045;38071;38096;38121;38146;38171;38196;38221;38250;38279;38308;38337;38366;38396;38425;38454;38483;38512;38541;38570;38609;38649;38688;38727;38767;38806;38845;38885;38924;38963;39003;39042;39085;39127;39170;39212;39255;39298;39340;39383;39425;39468;39510;39553;39597;39640;39684;39727;39771;39814;39858;39901;39945;39988;40032;40075;40626;40666;40706;40746;40785;40825;40865;40905;40944;40984;41024;40584;40624;40664;40703;40743;40783;40823;40862;40902;40942;40982;41021;41061;41098;41134;41171;41208;41244;41281;41318;41354;41391;41428;41464;41501;41537;41574;41610;41646;41683;41719;41755;41792;41828;41864;41901;41937;41974;42012;42049;42086;42123;42161;42198;42235;42272;42310;42347;42384;42420;42456;42492;42527;42563;42599;42635;42671;42707;42742;42778;42814;42842;42871;42899;42927;42956;42984;43012;43041;43069;43097;43126;43154;43180;43206;43232;43257;43283;43309;43335;43361;43387;43412;43438;43464;43492;43520;43547;43575;43603;43631;43658;43686;43714;43742;43769;43797;43826;43856;43885;43915;43944;43974;44003;44032;44062;44091;44121;44150;44182;44214;44246;44278;44310;44342;44373;44405;44437;44469;44501;44533;44565;44597;44629;44661;44693;44725;44756;44788;44820;44852;44884;44916
522170;URUANA;14242;14239;14236;14233;14230;14227;14225;14222;14219;14216;14213;14210;14207;14204;14202;14199;14196;14193;14191;14188;14185;14182;14180;14177;14174;14173;14171;14170;14168;14167;14165;14164;14162;14161;14159;14158;14156;14156;14156;14157;14157;14157;14157;14157;14157;14158;14158;14158;14158;14158;14158;14158;14158;14158;14159;14159;14159;14159;14159;14159;14159;14151;14150;14149;14148;14147;14146;14145;14144;14143;14142;14141;14152;14151;14150;14149;14148;14147;14146;14144;14143;14142;14141;14140;14139;14138;14137;14136;14134;14133;14132;14131;14130;14129;14127;14126;14125;14124;14122;14121;14120;14118;14117;14116;14114;14113;14112;14110;14109;14109;14108;14108;14108;14107;14107;14107;14106;14106;14106;14105;14105;14104;14103;14101;14100;14099;14098;14096;14095;14094;14093;14091;14090;14086;14082;14078;14074;14070;14066;14062;14058;14054;14050;14046;14042;14037;14031;14026;14020;14015;14010;14004;13999;13993;13988;13982;13977;13973;13968;13964;13959;13955;13950;13946;13941;13937;13932;13928;13923;13919;13914;13910;13906;13901;13897;13893;13888;13884;13880;13875;13871;13870;13869;13868;13866;13865;13864;13863;13862;13861;13859;13858;13857;13856;13855;13854;13852;13851;13850;13849;13848;13847;13845;13844;13843
522180;URUTAI;3148;3148;3148;3148;3148;3148;3149;3149;3149;3149;3149;3149;3149;3150;3152;3153;3154;3155;3157;3158;3159;3160;3162;3163;3164;3167;3169;3172;3174;3177;3180;3182;3185;3187;3190;3192;3195;3199;3203;3206;3210;3214;3218;3221;3225;3229;3233;3236;3240;3244;3247;3251;3255;3258;3262;3266;3269;3273;3277;3280;3284;3325;3328;3332;3335;3338;3341;3344;3347;3351;3354;3357;3322;3325;3328;3332;3335;3338;3341;3344;3347;3351;3354;3357;3360;3364;3368;3372;3376;3380;3384;3387;3391;3395;3399;3403;3407;3410;3413;3417;3420;3423;3426;3429;3432;3436;3439;3442;3445;3449;3452;3456;3460;3463;3467;3471;3474;3478;3482;3485;3489;3493;3497;3502;3506;3510;3514;3518;3522;3527;3531;3535;3539;3541;3543;3545;3546;3548;3550;3552;3554;3556;3557;3559;3561;3565;3568;3572;3575;3579;3583;3586;3590;3593;3597;3600;3604;3604;3604;3604;3604;3604;3604;3604;3604;3604;3604;3604;3604;3609;3615;3620;3625;3630;3636;3641;3646;3651;3657;3662;3667;3670;3673;3675;3678;3681;3684;3686;3689;3692;3695;3697;3700;3703;3706;3708;3711;3714;3717;3719;3722;3725;3728;3730;3733
522185;VALPARAISO DE GOIAS;130115;130456;130798;131139;131480;131822;132163;132504;132846;133187;133528;133870;134211;134598;134984;135371;135758;136144;136531;136918;137304;137691;138078;138464;138851;139294;139737;140179;140622;141065;141508;141950;142393;142836;143279;143721;144164;144633;145103;145572;146041;146511;146980;147449;147919;148388;148857;149327;149796;150279;150761;151244;151727;152209;152692;153175;153657;154140;154623;155105;155588;162048;162537;163027;163516;164006;164495;164985;165474;165964;166453;166943;161551;162041;162530;163020;163509;163999;164488;164978;165467;165957;166446;166936;167425;167903;168382;168860;169339;169817;170296;170774;171252;171731;172209;172688;173166;173629;174092;174554;175017;175480;175943;176405;176868;177331;177794;178256;178719;179185;179651;180117;180583;181049;181515;181980;182446;182912;183378;183844;184310;184781;185252;185723;186193;186664;187135;187606;188077;188548;189018;189489;189960;190423;190885;191348;191811;192273;192736;193199;193661;194124;194587;195049;195512;195979;196447;196914;197381;197849;198316;198783;199251;199718;200185;200653;201120;201618;202117;202615;203114;203612;204111;204609;205107;205606;206104;206603;207101;207635;208169;208702;209236;209770;210304;210837;211371;211905;212439;212972;213506;213915;214324;214734;215143;215552;215961;216370;216779;217189;217598;218007;218416;218825;219234;219644;220053;220462;220871;221280;221689;222099;222508;222917;223326
522190;VARJAO;3739;3740;3740;3741;3741;3742;3742;3743;3743;3744;3744;3745;3745;3746;3747;3748;3749;3750;3751;3751;3752;3753;3754;3755;3756;3756;3756;3756;3756;3756;3757;3757;3757;3757;3757;3757;3757;3757;3757;3757;3757;3757;3758;3758;3758;3758;3758;3758;3758;3759;3759;3760;3761;3761;3762;3763;3763;3764;3765;3765;3766;3777;3777;3777;3777;3777;3777;3777;3777;3778;3778;3778;3776;3776;3776;3776;3776;3776;3777;3777;3777;3777;3777;3777;3777;3777;3777;3777;3777;3777;3778;3778;3778;3778;3778;3778;3778;3779;3780;3781;3781;3782;3783;3784;3785;3786;3786;3787;3788;3788;3788;3788;3788;3788;3789;3789;3789;3789;3789;3789;3789;3790;3791;3793;3794;3795;3796;3797;3798;3800;3801;3802;3803;3803;3802;3802;3802;3801;3801;3801;3800;3800;3800;3799;3799;3798;3796;3795;3793;3792;3790;3789;3787;3786;3784;3783;3781;3779;3778;3776;3774;3772;3771;3769;3767;3765;3764;3762;3760;3761;3761;3762;3763;3763;3764;3765;3765;3766;3767;3767;3768;3768;3768;3769;3769;3769;3769;3769;3769;3770;3770;3770;3770;3770;3770;3771;3771;3771;3771;3771;3771;3772;3772;3772;3772
522200;VIANOPOLIS;12743;12751;12759;12768;12776;12784;12792;12800;12808;12817;12825;12833;12841;12852;12862;12873;12883;12894;12905;12915;12926;12936;12947;12957;12968;12983;12998;13012;13027;13042;13057;13071;13086;13101;13116;13130;13145;13162;13180;13197;13215;13232;13250;13267;13284;13302;13319;13337;13354;13370;13387;13403;13420;13436;13453;13469;13485;13502;13518;13535;13551;13770;13786;13802;13818;13834;13850;13866;13882;13899;13915;13931;13753;13769;13785;13801;13817;13833;13850;13866;13882;13898;13914;13930;13946;13962;13978;13994;14010;14026;14042;14057;14073;14089;14105;14121;14137;14154;14170;14187;14204;14220;14237;14254;14270;14287;14304;14320;14337;14356;14375;14393;14412;14431;14450;14468;14487;14506;14525;14543;14562;14580;14599;14617;14635;14653;14672;14690;14708;14726;14745;14763;14781;14797;14814;14830;14847;14863;14880;14896;14912;14929;14945;14962;14978;14992;15005;15019;15033;15046;15060;15074;15087;15101;15115;15128;15142;15156;15170;15183;15197;15211;15225;15238;15252;15266;15280;15293;15307;15321;15335;15349;15363;15377;15392;15406;15420;15434;15448;15462;15476;15490;15504;15518;15532;15546;15560;15574;15588;15602;15616;15630;15644;15658;15672;15686;15700;15714;15728;15742;15756;15770;15784;15798;15812
522205;VICENTINOPOLIS;7352;7363;7374;7385;7396;7407;7418;7428;7439;7450;7461;7472;7483;7492;7500;7509;7517;7526;7535;7543;7552;7560;7569;7577;7586;7598;7609;7621;7632;7644;7655;7667;7678;7690;7701;7713;7724;7734;7744;7754;7764;7774;7784;7793;7803;7813;7823;7833;7843;7854;7865;7875;7886;7897;7908;7918;7929;7940;7951;7961;7972;8101;8110;8120;8129;8138;8148;8157;8166;8176;8185;8194;8091;8100;8110;8119;8128;8138;8147;8156;8166;8175;8184;8194;8203;8212;8222;8231;8240;8249;8259;8268;8277;8286;8296;8305;8314;8324;8334;8343;8353;8363;8373;8382;8392;8402;8412;8421;8431;8441;8450;8460;8469;8479;8488;8498;8507;8517;8526;8536;8545;8555;8564;8574;8583;8593;8603;8612;8622;8631;8641;8650;8660;8668;8676;8683;8691;8699;8707;8714;8722;8730;8738;8745;8753;8761;8769;8776;8784;8792;8800;8807;8815;8823;8831;8838;8846;8855;8863;8872;8880;8889;8897;8906;8914;8923;8931;8940;8948;8959;8970;8980;8991;9002;9013;9023;9034;9045;9056;9066;9077;9085;9093;9102;9110;9118;9126;9134;9142;9150;9159;9167;9175;9183;9191;9200;9208;9216;9224;9232;9240;9248;9257;9265;9273
522220;VILA BOA;4639;4647;4654;4662;4669;4677;4684;4692;4699;4707;4714;4722;4729;4732;4734;4737;4739;4742;4745;4747;4750;4752;4755;4757;4760;4760;4759;4759;4758;4758;4758;4757;4757;4756;4756;4755;4755;4751;4748;4744;4741;4737;4734;4730;4726;4723;4719;4716;4712;4710;4707;4705;4702;4700;4697;4695;4692;4690;4687;4685;4682;4631;4627;4623;4619;4615;4612;4608;4604;4600;4596;4592;4635;4631;4627;4623;4619;4615;4612;4608;4604;4600;4596;4592;4588;4584;4579;4575;4570;4566;4562;4557;4553;4548;4544;4539;4535;4530;4526;4521;4517;4512;4508;4503;4498;4494;4489;4485;4480;4475;4471;4466;4461;4456;4452;4447;4442;4437;4433;4428;4423;4419;4415;4411;4407;4403;4399;4394;4390;4386;4382;4378;4374;4369;4364;4359;4353;4348;4343;4338;4333;4328;4322;4317;4312;4308;4303;4299;4294;4290;4286;4281;4277;4272;4268;4263;4259;4254;4249;4244;4239;4234;4229;4223;4218;4213;4208;4203;4198;4197;4196;4195;4194;4193;4192;4190;4189;4188;4187;4186;4185;4182;4178;4175;4172;4168;4165;4162;4158;4155;4152;4148;4145;4142;4138;4135;4132;4128;4125;4122;4118;4115;4112;4108;4105
522230;VILA PROPICIO;5219;5223;5226;5230;5233;5237;5240;5244;5247;5251;5254;5258;5261;5265;5270;5274;5278;5283;5287;5291;5296;5300;5304;5309;5313;5317;5320;5324;5327;5331;5335;5338;5342;5345;5349;5352;5356;5360;5365;5369;5374;5378;5383;5387;5391;5396;5400;5405;5409;5414;5419;5424;5429;5434;5440;5445;5450;5455;5460;5465;5470;5545;5549;5554;5558;5563;5567;5572;5576;5581;5585;5590;5539;5544;5548;5553;5557;5562;5566;5571;5575;5580;5584;5589;5593;5597;5602;5606;5610;5614;5619;5623;5627;5631;5636;5640;5644;5650;5655;5661;5666;5672;5678;5683;5689;5694;5700;5705;5711;5716;5722;5727;5732;5738;5743;5748;5754;5759;5764;5770;5775;5780;5785;5791;5796;5801;5806;5811;5816;5822;5827;5832;5837;5840;5844;5847;5851;5854;5858;5861;5864;5868;5871;5875;5878;5880;5883;5885;5888;5890;5893;5895;5897;5900;5902;5905;5907;5909;5911;5912;5914;5916;5918;5919;5921;5923;5925;5926;5928;5933;5937;5942;5946;5951;5955;5960;5964;5969;5973;5978;5982;5986;5990;5994;5997;6001;6005;6009;6013;6017;6020;6024;6028;6032;6036;6040;6043;6047;6051;6055;6059;6063;6066;6070;6074
