UF;Município;Semana Epidemiológica;casos;obitos;Ano;cod_mun
GO;ACREUNA;26;1;0;2019;520013
GO;ANAPOLIS;1;1;1;2019;520110
GO;ANAPOLIS;4;1;0;2019;520110
GO;ANAPOLIS;5;3;0;2019;520110
GO;ANAPOLIS;8;3;1;2019;520110
GO;ANAPOLIS;9;6;0;2019;520110
GO;ANAPOLIS;10;1;0;2019;520110
GO;ANAPOLIS;11;3;0;2019;520110
GO;ANAPOLIS;12;5;0;2019;520110
GO;ANAPOLIS;13;2;0;2019;520110
GO;ANAPOLIS;14;8;0;2019;520110
GO;ANAPOLIS;15;2;0;2019;520110
GO;ANAPOLIS;16;2;0;2019;520110
GO;ANAPOLIS;17;2;0;2019;520110
GO;ANAPOLIS;18;1;0;2019;520110
GO;ANAPOLIS;19;2;0;2019;520110
GO;ANAPOLIS;20;2;1;2019;520110
GO;ANAPOLIS;21;7;1;2019;520110
GO;ANAPOLIS;22;6;1;2019;520110
GO;ANAPOLIS;23;5;4;2019;520110
GO;ANAPOLIS;24;3;2;2019;520110
GO;ANAPOLIS;25;5;2;2019;520110
GO;ANAPOLIS;26;4;0;2019;520110
GO;ANAPOLIS;27;1;0;2019;520110
GO;ANAPOLIS;28;5;3;2019;520110
GO;ANAPOLIS;29;1;0;2019;520110
GO;ANAPOLIS;30;2;0;2019;520110
GO;ANAPOLIS;32;2;1;2019;520110
GO;ANAPOLIS;33;2;0;2019;520110
GO;ANAPOLIS;34;3;1;2019;520110
GO;ANAPOLIS;35;1;1;2019;520110
GO;ANAPOLIS;36;2;0;2019;520110
GO;ANAPOLIS;37;1;0;2019;520110
GO;ANAPOLIS;41;1;0;2019;520110
GO;ANAPOLIS;42;1;0;2019;520110
GO;ANAPOLIS;43;3;1;2019;520110
GO;ANAPOLIS;44;1;0;2019;520110
GO;ANAPOLIS;45;2;0;2019;520110
GO;ANAPOLIS;46;1;0;2019;520110
GO;ANAPOLIS;47;3;0;2019;520110
GO;ANAPOLIS;48;1;0;2019;520110
GO;ANAPOLIS;49;1;1;2019;520110
GO;ANAPOLIS;51;1;1;2019;520110
GO;APARECIDA DE GOIANIA;2;1;0;2019;520140
GO;APARECIDA DE GOIANIA;8;2;0;2019;520140
GO;APARECIDA DE GOIANIA;9;3;0;2019;520140
GO;APARECIDA DE GOIANIA;10;1;0;2019;520140
GO;APARECIDA DE GOIANIA;11;3;1;2019;520140
GO;APARECIDA DE GOIANIA;12;3;1;2019;520140
GO;APARECIDA DE GOIANIA;13;2;0;2019;520140
GO;APARECIDA DE GOIANIA;14;3;0;2019;520140
GO;APARECIDA DE GOIANIA;15;4;1;2019;520140
GO;APARECIDA DE GOIANIA;16;2;0;2019;520140
GO;APARECIDA DE GOIANIA;17;5;1;2019;520140
GO;APARECIDA DE GOIANIA;18;2;0;2019;520140
GO;APARECIDA DE GOIANIA;19;4;0;2019;520140
GO;APARECIDA DE GOIANIA;20;5;0;2019;520140
GO;APARECIDA DE GOIANIA;21;4;2;2019;520140
GO;APARECIDA DE GOIANIA;22;9;2;2019;520140
GO;APARECIDA DE GOIANIA;23;3;0;2019;520140
GO;APARECIDA DE GOIANIA;24;2;1;2019;520140
GO;APARECIDA DE GOIANIA;25;2;1;2019;520140
GO;APARECIDA DE GOIANIA;26;1;0;2019;520140
GO;APARECIDA DE GOIANIA;27;3;2;2019;520140
GO;APARECIDA DE GOIANIA;28;1;0;2019;520140
GO;APARECIDA DE GOIANIA;29;2;0;2019;520140
GO;APARECIDA DE GOIANIA;30;2;1;2019;520140
GO;APARECIDA DE GOIANIA;32;2;0;2019;520140
GO;APARECIDA DE GOIANIA;33;4;0;2019;520140
GO;APARECIDA DE GOIANIA;35;2;0;2019;520140
GO;APARECIDA DE GOIANIA;36;1;0;2019;520140
GO;APARECIDA DE GOIANIA;38;1;0;2019;520140
GO;APARECIDA DE GOIANIA;40;1;0;2019;520140
GO;APARECIDA DE GOIANIA;41;3;1;2019;520140
GO;APARECIDA DE GOIANIA;42;1;0;2019;520140
GO;APARECIDA DE GOIANIA;43;2;0;2019;520140
GO;APARECIDA DE GOIANIA;45;1;0;2019;520140
GO;APARECIDA DE GOIANIA;47;1;1;2019;520140
GO;APARECIDA DE GOIANIA;48;1;0;2019;520140
GO;APARECIDA DE GOIANIA;49;2;0;2019;520140
GO;APARECIDA DE GOIANIA;51;1;1;2019;520140
GO;ARENOPOLIS;21;1;0;2019;520235
GO;ARENOPOLIS;27;1;0;2019;520235
GO;BELA VISTA DE GOIAS;13;1;0;2019;520330
GO;BELA VISTA DE GOIAS;20;1;0;2019;520330
GO;BOM JESUS DE GOIAS;25;1;1;2019;520350
GO;CALDAS NOVAS;14;1;0;2019;520450
GO;CALDAS NOVAS;16;3;0;2019;520450
GO;CALDAS NOVAS;19;1;0;2019;520450
GO;CALDAS NOVAS;20;1;1;2019;520450
GO;CALDAS NOVAS;21;2;1;2019;520450
GO;CALDAS NOVAS;23;2;0;2019;520450
GO;CALDAS NOVAS;24;1;1;2019;520450
GO;CALDAS NOVAS;27;2;2;2019;520450
GO;CALDAS NOVAS;28;2;1;2019;520450
GO;CALDAS NOVAS;29;1;0;2019;520450
GO;CALDAS NOVAS;31;1;0;2019;520450
GO;CALDAS NOVAS;39;1;0;2019;520450
GO;CALDAS NOVAS;40;1;0;2019;520450
GO;CALDAS NOVAS;41;1;1;2019;520450
GO;CALDAS NOVAS;42;1;0;2019;520450
GO;CALDAS NOVAS;46;1;0;2019;520450
GO;CALDAS NOVAS;50;1;0;2019;520450
GO;CALDAZINHA;39;1;1;2019;520455
GO;CATALAO;7;1;1;2019;520510
GO;CATALAO;11;2;0;2019;520510
GO;CATALAO;13;1;1;2019;520510
GO;CATALAO;14;1;0;2019;520510
GO;CATALAO;15;2;0;2019;520510
GO;CATALAO;17;2;0;2019;520510
GO;CATALAO;19;1;1;2019;520510
GO;CATALAO;20;2;0;2019;520510
GO;CATALAO;21;1;0;2019;520510
GO;CATALAO;22;1;0;2019;520510
GO;CATALAO;24;2;0;2019;520510
GO;CATALAO;26;1;0;2019;520510
GO;CATALAO;27;1;0;2019;520510
GO;CATALAO;28;2;1;2019;520510
GO;CATALAO;29;1;0;2019;520510
GO;CATALAO;31;2;0;2019;520510
GO;CATALAO;32;1;1;2019;520510
GO;CATALAO;33;3;2;2019;520510
GO;CATALAO;37;1;0;2019;520510
GO;CATALAO;39;1;1;2019;520510
GO;CATALAO;41;2;0;2019;520510
GO;CATALAO;44;2;0;2019;520510
GO;CERES;18;1;0;2019;520540
GO;CERES;19;1;1;2019;520540
GO;CERES;20;1;0;2019;520540
GO;CERES;23;1;0;2019;520540
GO;CERES;38;1;1;2019;520540
GO;CERES;42;1;1;2019;520540
GO;COCALZINHO DE GOIAS;28;1;0;2019;520551
GO;CORUMBA DE GOIAS;15;1;0;2019;520580
GO;CORUMBA DE GOIAS;18;1;0;2019;520580
GO;CORUMBA DE GOIAS;19;1;0;2019;520580
GO;CRISTALINA;30;1;1;2019;520620
GO;CRISTALINA;36;1;1;2019;520620
GO;EDEALINA;21;1;0;2019;520735
GO;EDEIA;3;1;0;2019;520740
GO;GOIANESIA;28;1;1;2019;520860
GO;GOIANIA;1;4;2;2019;520870
GO;GOIANIA;2;2;0;2019;520870
GO;GOIANIA;3;6;3;2019;520870
GO;GOIANIA;4;4;0;2019;520870
GO;GOIANIA;5;3;1;2019;520870
GO;GOIANIA;6;2;0;2019;520870
GO;GOIANIA;7;11;3;2019;520870
GO;GOIANIA;8;9;3;2019;520870
GO;GOIANIA;9;8;2;2019;520870
GO;GOIANIA;10;16;1;2019;520870
GO;GOIANIA;11;16;2;2019;520870
GO;GOIANIA;12;19;3;2019;520870
GO;GOIANIA;13;24;3;2019;520870
GO;GOIANIA;14;21;1;2019;520870
GO;GOIANIA;15;27;5;2019;520870
GO;GOIANIA;16;17;4;2019;520870
GO;GOIANIA;17;20;2;2019;520870
GO;GOIANIA;18;23;6;2019;520870
GO;GOIANIA;19;18;2;2019;520870
GO;GOIANIA;20;12;3;2019;520870
GO;GOIANIA;21;22;2;2019;520870
GO;GOIANIA;22;15;0;2019;520870
GO;GOIANIA;23;12;2;2019;520870
GO;GOIANIA;24;10;0;2019;520870
GO;GOIANIA;25;13;2;2019;520870
GO;GOIANIA;26;10;1;2019;520870
GO;GOIANIA;27;6;0;2019;520870
GO;GOIANIA;28;4;1;2019;520870
GO;GOIANIA;29;18;3;2019;520870
GO;GOIANIA;30;12;1;2019;520870
GO;GOIANIA;31;5;2;2019;520870
GO;GOIANIA;32;3;1;2019;520870
GO;GOIANIA;33;4;1;2019;520870
GO;GOIANIA;34;8;1;2019;520870
GO;GOIANIA;35;6;1;2019;520870
GO;GOIANIA;36;4;0;2019;520870
GO;GOIANIA;37;4;2;2019;520870
GO;GOIANIA;38;6;2;2019;520870
GO;GOIANIA;39;8;1;2019;520870
GO;GOIANIA;40;7;2;2019;520870
GO;GOIANIA;41;8;1;2019;520870
GO;GOIANIA;42;8;4;2019;520870
GO;GOIANIA;43;4;1;2019;520870
GO;GOIANIA;44;5;2;2019;520870
GO;GOIANIA;45;3;1;2019;520870
GO;GOIANIA;46;5;1;2019;520870
GO;GOIANIA;47;5;0;2019;520870
GO;GOIANIA;48;8;2;2019;520870
GO;GOIANIA;49;5;0;2019;520870
GO;GOIANIA;50;3;3;2019;520870
GO;GOIANIA;51;5;1;2019;520870
GO;GOIANIA;52;1;0;2019;520870
GO;GOIAS;17;1;0;2019;520890
GO;GOIAS;24;1;0;2019;520890
GO;GOIAS;26;1;0;2019;520890
GO;GOIATUBA;1;2;0;2019;520910
GO;GOIATUBA;15;2;0;2019;520910
GO;GOIATUBA;20;1;0;2019;520910
GO;GOIATUBA;23;1;1;2019;520910
GO;GOIATUBA;37;1;0;2019;520910
GO;INHUMAS;16;1;0;2019;521000
GO;INHUMAS;28;1;0;2019;521000
GO;INHUMAS;31;1;0;2019;521000
GO;INHUMAS;33;1;0;2019;521000
GO;INHUMAS;36;1;0;2019;521000
GO;IPORA;15;1;0;2019;521020
GO;IPORA;17;1;0;2019;521020
GO;IPORA;18;1;0;2019;521020
GO;IPORA;20;1;0;2019;521020
GO;IPORA;22;1;0;2019;521020
GO;IPORA;23;1;0;2019;521020
GO;IPORA;24;1;0;2019;521020
GO;IPORA;37;1;0;2019;521020
GO;IPORA;38;2;0;2019;521020
GO;IPORA;39;2;0;2019;521020
GO;ITABERAI;24;1;0;2019;521040
GO;JATAI;9;1;0;2019;521190
GO;JATAI;10;1;0;2019;521190
GO;JATAI;11;1;0;2019;521190
GO;JATAI;13;2;0;2019;521190
GO;JATAI;14;1;0;2019;521190
GO;JATAI;15;1;1;2019;521190
GO;JATAI;18;1;0;2019;521190
GO;JATAI;19;1;0;2019;521190
GO;JATAI;25;1;1;2019;521190
GO;JATAI;26;2;0;2019;521190
GO;JATAI;27;1;1;2019;521190
GO;JATAI;28;1;0;2019;521190
GO;JATAI;29;3;0;2019;521190
GO;JATAI;31;1;0;2019;521190
GO;JATAI;38;1;0;2019;521190
GO;JATAI;39;1;0;2019;521190
GO;JATAI;43;1;0;2019;521190
GO;JATAI;44;1;0;2019;521190
GO;JATAI;45;1;1;2019;521190
GO;LUZIANIA;5;1;1;2019;521250
GO;LUZIANIA;15;1;1;2019;521250
GO;LUZIANIA;23;1;0;2019;521250
GO;LUZIANIA;34;1;0;2019;521250
GO;MINEIROS;10;1;1;2019;521310
GO;MINEIROS;18;1;0;2019;521310
GO;MINEIROS;23;1;0;2019;521310
GO;MINEIROS;26;1;0;2019;521310
GO;MINEIROS;28;1;0;2019;521310
GO;MINEIROS;32;1;0;2019;521310
GO;MINEIROS;33;1;0;2019;521310
GO;MORRINHOS;10;1;0;2019;521380
GO;NEROPOLIS;41;1;0;2019;521450
GO;NOVO GAMA;20;1;0;2019;521523
GO;PARAUNA;3;1;0;2019;521640
GO;PIRENOPOLIS;12;1;0;2019;521730
GO;PIRENOPOLIS;13;2;0;2019;521730
GO;PIRENOPOLIS;18;1;0;2019;521730
GO;PIRENOPOLIS;19;1;1;2019;521730
GO;PIRENOPOLIS;20;1;0;2019;521730
GO;PIRENOPOLIS;22;2;1;2019;521730
GO;PIRENOPOLIS;24;1;1;2019;521730
GO;PIRENOPOLIS;32;1;0;2019;521730
GO;PIRENOPOLIS;34;1;0;2019;521730
GO;PIRENOPOLIS;37;1;1;2019;521730
GO;PIRENOPOLIS;40;1;0;2019;521730
GO;PIRENOPOLIS;41;1;0;2019;521730
GO;PIRENOPOLIS;51;1;0;2019;521730
GO;POSSE;15;1;0;2019;521830
GO;RIO VERDE;1;1;1;2019;521880
GO;RIO VERDE;2;1;0;2019;521880
GO;RIO VERDE;5;1;1;2019;521880
GO;RIO VERDE;6;1;0;2019;521880
GO;RIO VERDE;8;1;0;2019;521880
GO;RIO VERDE;12;2;0;2019;521880
GO;RIO VERDE;13;1;0;2019;521880
GO;RIO VERDE;14;2;0;2019;521880
GO;RIO VERDE;15;3;1;2019;521880
GO;RIO VERDE;17;1;0;2019;521880
GO;RIO VERDE;18;3;1;2019;521880
GO;RIO VERDE;19;2;2;2019;521880
GO;RIO VERDE;21;1;0;2019;521880
GO;RIO VERDE;22;4;0;2019;521880
GO;RIO VERDE;23;2;0;2019;521880
GO;RIO VERDE;26;2;2;2019;521880
GO;RIO VERDE;27;1;0;2019;521880
GO;RIO VERDE;31;1;0;2019;521880
GO;RIO VERDE;32;1;1;2019;521880
GO;RIO VERDE;34;1;0;2019;521880
GO;RIO VERDE;38;1;1;2019;521880
GO;RIO VERDE;39;1;0;2019;521880
GO;RIO VERDE;41;1;0;2019;521880
GO;RIO VERDE;42;1;0;2019;521880
GO;RIO VERDE;43;1;1;2019;521880
GO;SANCLERLANDIA;22;1;1;2019;521900
GO;SANTA HELENA DE GOIAS;9;1;0;2019;521930
GO;SANTA HELENA DE GOIAS;10;1;0;2019;521930
GO;SANTA HELENA DE GOIAS;15;1;0;2019;521930
GO;SANTA HELENA DE GOIAS;16;2;0;2019;521930
GO;SANTA HELENA DE GOIAS;17;1;0;2019;521930
GO;SANTA HELENA DE GOIAS;28;1;1;2019;521930
GO;SAO MIGUEL DO PASSA QUATRO;38;1;0;2019;522026
GO;SAO MIGUEL DO PASSA QUATRO;42;1;0;2019;522026
GO;SAO SIMAO;25;1;0;2019;522040
GO;SAO SIMAO;27;1;0;2019;522040
GO;SENADOR CANEDO;17;1;0;2019;522045
GO;SENADOR CANEDO;18;1;0;2019;522045
GO;SENADOR CANEDO;20;1;1;2019;522045
GO;SENADOR CANEDO;21;1;0;2019;522045
GO;SENADOR CANEDO;22;3;1;2019;522045
GO;SENADOR CANEDO;23;1;0;2019;522045
GO;SILVANIA;1;1;1;2019;522060
GO;SILVANIA;30;1;1;2019;522060
GO;SILVANIA;32;1;0;2019;522060
GO;TRINDADE;9;1;0;2019;522140
GO;TRINDADE;11;1;1;2019;522140
GO;TRINDADE;13;1;0;2019;522140
GO;TRINDADE;14;1;0;2019;522140
GO;TRINDADE;15;1;0;2019;522140
GO;TRINDADE;17;1;0;2019;522140
GO;TRINDADE;24;1;0;2019;522140
GO;TRINDADE;28;1;0;2019;522140
GO;TRINDADE;30;2;1;2019;522140
GO;TRINDADE;31;2;0;2019;522140
GO;TRINDADE;32;2;0;2019;522140
GO;TRINDADE;33;2;1;2019;522140
GO;TRINDADE;43;1;0;2019;522140
GO;URUACU;31;1;0;2019;522160
GO;URUACU;32;1;0;2019;522160
GO;URUACU;41;1;0;2019;522160
GO;VALPARAISO DE GOIAS;3;1;1;2019;522185
GO;VALPARAISO DE GOIAS;23;1;1;2019;522185
GO;VALPARAISO DE GOIAS;43;1;1;2019;522185
GO;VALPARAISO DE GOIAS;47;1;0;2019;522185
GO;;3;3;1;2019;
GO;;4;1;0;2019;
GO;GOIANIA;49;1;0;2019;520870
GO;ABADIA DE GOIAS;39;1;1;2020;520005
GO;ACREUNA;20;1;0;2020;520013
GO;ACREUNA;21;1;0;2020;520013
GO;ACREUNA;25;1;1;2020;520013
GO;ACREUNA;39;1;1;2020;520013
GO;ACREUNA;48;1;0;2020;520013
GO;ACREUNA;52;2;1;2020;520013
GO;AGUAS LINDAS DE GOIAS;12;1;0;2020;520025
GO;AGUAS LINDAS DE GOIAS;13;2;0;2020;520025
GO;AGUAS LINDAS DE GOIAS;14;1;0;2020;520025
GO;AGUAS LINDAS DE GOIAS;15;2;0;2020;520025
GO;AGUAS LINDAS DE GOIAS;17;3;1;2020;520025
GO;AGUAS LINDAS DE GOIAS;18;3;2;2020;520025
GO;AGUAS LINDAS DE GOIAS;19;2;1;2020;520025
GO;AGUAS LINDAS DE GOIAS;20;3;1;2020;520025
GO;AGUAS LINDAS DE GOIAS;21;2;1;2020;520025
GO;AGUAS LINDAS DE GOIAS;22;4;4;2020;520025
GO;AGUAS LINDAS DE GOIAS;23;3;1;2020;520025
GO;AGUAS LINDAS DE GOIAS;24;5;3;2020;520025
GO;AGUAS LINDAS DE GOIAS;25;38;17;2020;520025
GO;AGUAS LINDAS DE GOIAS;26;24;8;2020;520025
GO;AGUAS LINDAS DE GOIAS;27;25;10;2020;520025
GO;AGUAS LINDAS DE GOIAS;28;36;13;2020;520025
GO;AGUAS LINDAS DE GOIAS;29;37;10;2020;520025
GO;AGUAS LINDAS DE GOIAS;30;19;8;2020;520025
GO;AGUAS LINDAS DE GOIAS;31;46;20;2020;520025
GO;AGUAS LINDAS DE GOIAS;32;42;23;2020;520025
GO;AGUAS LINDAS DE GOIAS;33;39;12;2020;520025
GO;AGUAS LINDAS DE GOIAS;34;52;18;2020;520025
GO;AGUAS LINDAS DE GOIAS;35;22;10;2020;520025
GO;AGUAS LINDAS DE GOIAS;36;24;11;2020;520025
GO;AGUAS LINDAS DE GOIAS;37;21;8;2020;520025
GO;AGUAS LINDAS DE GOIAS;38;18;10;2020;520025
GO;AGUAS LINDAS DE GOIAS;39;4;1;2020;520025
GO;AGUAS LINDAS DE GOIAS;40;1;0;2020;520025
GO;AGUAS LINDAS DE GOIAS;45;1;0;2020;520025
GO;AGUAS LINDAS DE GOIAS;46;1;0;2020;520025
GO;AGUAS LINDAS DE GOIAS;50;1;0;2020;520025
GO;AGUAS LINDAS DE GOIAS;51;1;1;2020;520025
GO;ALEXANIA;24;1;1;2020;520030
GO;ALEXANIA;25;5;3;2020;520030
GO;ALEXANIA;26;1;0;2020;520030
GO;ALEXANIA;27;1;0;2020;520030
GO;ALEXANIA;28;4;1;2020;520030
GO;ALEXANIA;29;1;0;2020;520030
GO;ALEXANIA;30;1;0;2020;520030
GO;ALEXANIA;32;2;0;2020;520030
GO;ALEXANIA;33;1;0;2020;520030
GO;ALEXANIA;37;2;1;2020;520030
GO;ALEXANIA;38;3;2;2020;520030
GO;ALEXANIA;49;2;0;2020;520030
GO;ALEXANIA;50;2;1;2020;520030
GO;ALEXANIA;51;1;0;2020;520030
GO;ALEXANIA;52;1;0;2020;520030
GO;ALOANDIA;36;1;1;2020;520050
GO;AMERICANO DO BRASIL;13;1;0;2020;520085
GO;AMERICANO DO BRASIL;15;1;0;2020;520085
GO;AMERICANO DO BRASIL;24;2;1;2020;520085
GO;AMERICANO DO BRASIL;25;1;0;2020;520085
GO;AMERICANO DO BRASIL;28;2;1;2020;520085
GO;AMERICANO DO BRASIL;30;1;0;2020;520085
GO;AMERICANO DO BRASIL;31;1;0;2020;520085
GO;ANAPOLIS;2;1;0;2020;520110
GO;ANAPOLIS;3;4;0;2020;520110
GO;ANAPOLIS;4;2;1;2020;520110
GO;ANAPOLIS;8;2;0;2020;520110
GO;ANAPOLIS;9;1;0;2020;520110
GO;ANAPOLIS;10;6;0;2020;520110
GO;ANAPOLIS;11;2;0;2020;520110
GO;ANAPOLIS;12;12;1;2020;520110
GO;ANAPOLIS;13;8;1;2020;520110
GO;ANAPOLIS;14;17;5;2020;520110
GO;ANAPOLIS;15;5;0;2020;520110
GO;ANAPOLIS;16;8;2;2020;520110
GO;ANAPOLIS;17;14;5;2020;520110
GO;ANAPOLIS;18;10;3;2020;520110
GO;ANAPOLIS;19;9;3;2020;520110
GO;ANAPOLIS;20;12;7;2020;520110
GO;ANAPOLIS;21;12;4;2020;520110
GO;ANAPOLIS;22;13;6;2020;520110
GO;ANAPOLIS;23;22;8;2020;520110
GO;ANAPOLIS;24;26;12;2020;520110
GO;ANAPOLIS;25;32;13;2020;520110
GO;ANAPOLIS;26;39;18;2020;520110
GO;ANAPOLIS;27;52;25;2020;520110
GO;ANAPOLIS;28;64;31;2020;520110
GO;ANAPOLIS;29;57;22;2020;520110
GO;ANAPOLIS;30;89;40;2020;520110
GO;ANAPOLIS;31;76;32;2020;520110
GO;ANAPOLIS;32;74;37;2020;520110
GO;ANAPOLIS;33;103;42;2020;520110
GO;ANAPOLIS;34;106;39;2020;520110
GO;ANAPOLIS;35;85;27;2020;520110
GO;ANAPOLIS;36;71;22;2020;520110
GO;ANAPOLIS;37;85;32;2020;520110
GO;ANAPOLIS;38;71;22;2020;520110
GO;ANAPOLIS;39;60;19;2020;520110
GO;ANAPOLIS;40;60;22;2020;520110
GO;ANAPOLIS;41;47;11;2020;520110
GO;ANAPOLIS;42;39;10;2020;520110
GO;ANAPOLIS;43;20;7;2020;520110
GO;ANAPOLIS;44;14;3;2020;520110
GO;ANAPOLIS;45;27;11;2020;520110
GO;ANAPOLIS;46;19;4;2020;520110
GO;ANAPOLIS;47;23;6;2020;520110
GO;ANAPOLIS;48;24;4;2020;520110
GO;ANAPOLIS;49;16;3;2020;520110
GO;ANAPOLIS;50;23;10;2020;520110
GO;ANAPOLIS;51;26;11;2020;520110
GO;ANAPOLIS;52;35;13;2020;520110
GO;ANAPOLIS;53;30;14;2020;520110
GO;ANICUNS;13;1;0;2020;520130
GO;ANICUNS;23;1;1;2020;520130
GO;ANICUNS;32;1;1;2020;520130
GO;ANICUNS;33;1;1;2020;520130
GO;ANICUNS;36;1;1;2020;520130
GO;ANICUNS;38;1;1;2020;520130
GO;ANICUNS;39;1;0;2020;520130
GO;ANICUNS;40;1;0;2020;520130
GO;ANICUNS;41;1;1;2020;520130
GO;ANICUNS;42;1;1;2020;520130
GO;APARECIDA DE GOIANIA;2;1;1;2020;520140
GO;APARECIDA DE GOIANIA;3;2;1;2020;520140
GO;APARECIDA DE GOIANIA;5;3;0;2020;520140
GO;APARECIDA DE GOIANIA;7;1;0;2020;520140
GO;APARECIDA DE GOIANIA;9;1;0;2020;520140
GO;APARECIDA DE GOIANIA;11;2;0;2020;520140
GO;APARECIDA DE GOIANIA;12;6;0;2020;520140
GO;APARECIDA DE GOIANIA;13;13;3;2020;520140
GO;APARECIDA DE GOIANIA;14;10;3;2020;520140
GO;APARECIDA DE GOIANIA;15;10;1;2020;520140
GO;APARECIDA DE GOIANIA;16;6;1;2020;520140
GO;APARECIDA DE GOIANIA;17;11;5;2020;520140
GO;APARECIDA DE GOIANIA;18;21;5;2020;520140
GO;APARECIDA DE GOIANIA;19;12;6;2020;520140
GO;APARECIDA DE GOIANIA;20;24;10;2020;520140
GO;APARECIDA DE GOIANIA;21;19;7;2020;520140
GO;APARECIDA DE GOIANIA;22;27;7;2020;520140
GO;APARECIDA DE GOIANIA;23;53;21;2020;520140
GO;APARECIDA DE GOIANIA;24;49;25;2020;520140
GO;APARECIDA DE GOIANIA;25;80;27;2020;520140
GO;APARECIDA DE GOIANIA;26;100;37;2020;520140
GO;APARECIDA DE GOIANIA;27;99;29;2020;520140
GO;APARECIDA DE GOIANIA;28;120;46;2020;520140
GO;APARECIDA DE GOIANIA;29;100;37;2020;520140
GO;APARECIDA DE GOIANIA;30;102;40;2020;520140
GO;APARECIDA DE GOIANIA;31;107;39;2020;520140
GO;APARECIDA DE GOIANIA;32;98;35;2020;520140
GO;APARECIDA DE GOIANIA;33;123;44;2020;520140
GO;APARECIDA DE GOIANIA;34;98;27;2020;520140
GO;APARECIDA DE GOIANIA;35;91;35;2020;520140
GO;APARECIDA DE GOIANIA;36;82;25;2020;520140
GO;APARECIDA DE GOIANIA;37;58;11;2020;520140
GO;APARECIDA DE GOIANIA;38;64;21;2020;520140
GO;APARECIDA DE GOIANIA;39;57;14;2020;520140
GO;APARECIDA DE GOIANIA;40;47;8;2020;520140
GO;APARECIDA DE GOIANIA;41;42;13;2020;520140
GO;APARECIDA DE GOIANIA;42;24;7;2020;520140
GO;APARECIDA DE GOIANIA;43;14;3;2020;520140
GO;APARECIDA DE GOIANIA;44;10;2;2020;520140
GO;APARECIDA DE GOIANIA;45;22;4;2020;520140
GO;APARECIDA DE GOIANIA;46;17;3;2020;520140
GO;APARECIDA DE GOIANIA;47;19;4;2020;520140
GO;APARECIDA DE GOIANIA;48;13;6;2020;520140
GO;APARECIDA DE GOIANIA;49;20;7;2020;520140
GO;APARECIDA DE GOIANIA;50;31;4;2020;520140
GO;APARECIDA DE GOIANIA;51;23;1;2020;520140
GO;APARECIDA DE GOIANIA;52;28;7;2020;520140
GO;APARECIDA DE GOIANIA;53;41;16;2020;520140
GO;APARECIDA DO RIO DOCE;22;1;1;2020;520145
GO;APORE;18;1;1;2020;520150
GO;APORE;32;2;1;2020;520150
GO;APORE;38;1;0;2020;520150
GO;APORE;39;1;0;2020;520150
GO;APORE;52;1;0;2020;520150
GO;ARACU;13;1;0;2020;520160
GO;ARACU;20;1;0;2020;520160
GO;ARACU;24;1;0;2020;520160
GO;ARACU;27;1;0;2020;520160
GO;ARACU;29;2;0;2020;520160
GO;ARACU;31;3;0;2020;520160
GO;ARAGARCAS;23;1;1;2020;520170
GO;ARAGARCAS;24;1;1;2020;520170
GO;ARAGARCAS;27;1;0;2020;520170
GO;ARAGARCAS;28;4;0;2020;520170
GO;ARAGARCAS;29;3;1;2020;520170
GO;ARAGARCAS;30;6;2;2020;520170
GO;ARAGARCAS;31;6;3;2020;520170
GO;ARAGARCAS;32;3;1;2020;520170
GO;ARAGARCAS;33;3;1;2020;520170
GO;ARAGARCAS;37;2;0;2020;520170
GO;ARAGARCAS;38;1;0;2020;520170
GO;ARAGARCAS;39;4;0;2020;520170
GO;ARAGARCAS;40;2;1;2020;520170
GO;ARAGARCAS;41;2;0;2020;520170
GO;ARAGARCAS;42;1;0;2020;520170
GO;ARAGARCAS;44;2;0;2020;520170
GO;ARAGARCAS;49;1;0;2020;520170
GO;ARAGARCAS;51;1;0;2020;520170
GO;ARAGARCAS;52;6;1;2020;520170
GO;ARAGARCAS;53;1;1;2020;520170
GO;ARAGOIANIA;17;1;0;2020;520180
GO;ARAGOIANIA;18;1;0;2020;520180
GO;ARAGOIANIA;26;1;0;2020;520180
GO;ARAGOIANIA;34;1;1;2020;520180
GO;ARAGUAPAZ;18;2;2;2020;520215
GO;ARAGUAPAZ;32;1;1;2020;520215
GO;ARAGUAPAZ;38;1;1;2020;520215
GO;ARUANA;20;2;0;2020;520250
GO;ARUANA;23;1;0;2020;520250
GO;ARUANA;27;1;0;2020;520250
GO;ARUANA;35;1;1;2020;520250
GO;ARUANA;47;1;0;2020;520250
GO;ARUANA;50;1;0;2020;520250
GO;AVELINOPOLIS;32;1;0;2020;520280
GO;AVELINOPOLIS;34;1;0;2020;520280
GO;BARRO ALTO;30;1;1;2020;520320
GO;BARRO ALTO;31;2;0;2020;520320
GO;BARRO ALTO;35;1;0;2020;520320
GO;BARRO ALTO;36;1;0;2020;520320
GO;BARRO ALTO;39;1;1;2020;520320
GO;BARRO ALTO;40;2;2;2020;520320
GO;BARRO ALTO;53;1;1;2020;520320
GO;BELA VISTA DE GOIAS;13;1;0;2020;520330
GO;BELA VISTA DE GOIAS;14;1;0;2020;520330
GO;BELA VISTA DE GOIAS;15;1;0;2020;520330
GO;BELA VISTA DE GOIAS;16;1;0;2020;520330
GO;BELA VISTA DE GOIAS;17;2;1;2020;520330
GO;BELA VISTA DE GOIAS;25;1;1;2020;520330
GO;BELA VISTA DE GOIAS;28;1;1;2020;520330
GO;BELA VISTA DE GOIAS;29;1;1;2020;520330
GO;BELA VISTA DE GOIAS;38;2;2;2020;520330
GO;BELA VISTA DE GOIAS;40;1;1;2020;520330
GO;BELA VISTA DE GOIAS;49;1;1;2020;520330
GO;BOM JARDIM DE GOIAS;27;2;2;2020;520340
GO;BOM JARDIM DE GOIAS;28;1;1;2020;520340
GO;BOM JARDIM DE GOIAS;33;1;1;2020;520340
GO;BOM JESUS DE GOIAS;12;1;1;2020;520350
GO;BOM JESUS DE GOIAS;14;1;1;2020;520350
GO;BOM JESUS DE GOIAS;19;1;0;2020;520350
GO;BOM JESUS DE GOIAS;20;2;1;2020;520350
GO;BOM JESUS DE GOIAS;22;1;1;2020;520350
GO;BOM JESUS DE GOIAS;23;1;0;2020;520350
GO;BOM JESUS DE GOIAS;24;2;0;2020;520350
GO;BOM JESUS DE GOIAS;25;1;0;2020;520350
GO;BOM JESUS DE GOIAS;26;1;0;2020;520350
GO;BOM JESUS DE GOIAS;27;2;2;2020;520350
GO;BOM JESUS DE GOIAS;28;4;0;2020;520350
GO;BOM JESUS DE GOIAS;29;3;0;2020;520350
GO;BOM JESUS DE GOIAS;30;2;0;2020;520350
GO;BOM JESUS DE GOIAS;31;1;0;2020;520350
GO;BOM JESUS DE GOIAS;32;3;0;2020;520350
GO;BOM JESUS DE GOIAS;33;2;0;2020;520350
GO;BOM JESUS DE GOIAS;34;1;0;2020;520350
GO;BOM JESUS DE GOIAS;35;4;1;2020;520350
GO;BOM JESUS DE GOIAS;36;3;1;2020;520350
GO;BOM JESUS DE GOIAS;37;1;0;2020;520350
GO;BOM JESUS DE GOIAS;38;1;0;2020;520350
GO;BOM JESUS DE GOIAS;39;1;0;2020;520350
GO;BOM JESUS DE GOIAS;41;1;0;2020;520350
GO;BRITANIA;24;1;0;2020;520380
GO;BURITI ALEGRE;12;1;1;2020;520390
GO;BURITI ALEGRE;29;2;0;2020;520390
GO;BURITI ALEGRE;32;2;0;2020;520390
GO;BURITI ALEGRE;33;1;1;2020;520390
GO;BURITI ALEGRE;35;3;0;2020;520390
GO;BURITI ALEGRE;39;2;1;2020;520390
GO;BURITI ALEGRE;40;1;0;2020;520390
GO;BURITI ALEGRE;48;1;0;2020;520390
GO;BURITI ALEGRE;53;1;0;2020;520390
GO;BURITI DE GOIAS;26;1;0;2020;520393
GO;BURITI DE GOIAS;31;1;1;2020;520393
GO;BURITI DE GOIAS;32;1;0;2020;520393
GO;CABECEIRAS;32;1;0;2020;520400
GO;CACHOEIRA ALTA;12;2;0;2020;520410
GO;CACHOEIRA ALTA;16;1;0;2020;520410
GO;CACHOEIRA ALTA;26;1;1;2020;520410
GO;CACHOEIRA ALTA;29;1;1;2020;520410
GO;CACHOEIRA ALTA;31;1;1;2020;520410
GO;CACHOEIRA ALTA;32;2;1;2020;520410
GO;CACHOEIRA ALTA;33;5;2;2020;520410
GO;CACHOEIRA ALTA;34;3;0;2020;520410
GO;CACHOEIRA ALTA;35;1;0;2020;520410
GO;CACHOEIRA ALTA;36;1;0;2020;520410
GO;CACHOEIRA ALTA;38;3;0;2020;520410
GO;CACHOEIRA ALTA;39;2;0;2020;520410
GO;CACHOEIRA ALTA;40;2;0;2020;520410
GO;CACHOEIRA ALTA;41;3;2;2020;520410
GO;CACHOEIRA ALTA;43;1;0;2020;520410
GO;CACHOEIRA ALTA;53;1;0;2020;520410
GO;CACHOEIRA DOURADA;33;1;0;2020;520425
GO;CACU;13;1;1;2020;520430
GO;CACU;24;2;2;2020;520430
GO;CACU;26;1;1;2020;520430
GO;CACU;34;1;1;2020;520430
GO;CACU;50;1;1;2020;520430
GO;CAIAPONIA;28;1;0;2020;520440
GO;CAIAPONIA;29;1;0;2020;520440
GO;CAIAPONIA;32;1;0;2020;520440
GO;CAIAPONIA;33;1;0;2020;520440
GO;CAIAPONIA;34;4;1;2020;520440
GO;CAIAPONIA;35;1;0;2020;520440
GO;CAIAPONIA;36;3;0;2020;520440
GO;CAIAPONIA;37;1;0;2020;520440
GO;CAIAPONIA;38;1;1;2020;520440
GO;CAIAPONIA;40;1;1;2020;520440
GO;CAIAPONIA;42;1;0;2020;520440
GO;CAIAPONIA;51;2;0;2020;520440
GO;CALDAS NOVAS;2;2;0;2020;520450
GO;CALDAS NOVAS;8;1;0;2020;520450
GO;CALDAS NOVAS;10;1;0;2020;520450
GO;CALDAS NOVAS;11;3;0;2020;520450
GO;CALDAS NOVAS;12;5;0;2020;520450
GO;CALDAS NOVAS;13;1;0;2020;520450
GO;CALDAS NOVAS;14;3;1;2020;520450
GO;CALDAS NOVAS;17;2;0;2020;520450
GO;CALDAS NOVAS;18;3;1;2020;520450
GO;CALDAS NOVAS;19;4;3;2020;520450
GO;CALDAS NOVAS;20;2;0;2020;520450
GO;CALDAS NOVAS;21;2;0;2020;520450
GO;CALDAS NOVAS;22;4;1;2020;520450
GO;CALDAS NOVAS;23;10;2;2020;520450
GO;CALDAS NOVAS;24;9;3;2020;520450
GO;CALDAS NOVAS;25;5;0;2020;520450
GO;CALDAS NOVAS;26;5;2;2020;520450
GO;CALDAS NOVAS;27;8;0;2020;520450
GO;CALDAS NOVAS;28;14;1;2020;520450
GO;CALDAS NOVAS;29;8;1;2020;520450
GO;CALDAS NOVAS;30;16;3;2020;520450
GO;CALDAS NOVAS;31;12;2;2020;520450
GO;CALDAS NOVAS;32;27;9;2020;520450
GO;CALDAS NOVAS;33;13;3;2020;520450
GO;CALDAS NOVAS;34;16;5;2020;520450
GO;CALDAS NOVAS;35;10;2;2020;520450
GO;CALDAS NOVAS;36;12;5;2020;520450
GO;CALDAS NOVAS;37;14;0;2020;520450
GO;CALDAS NOVAS;38;9;0;2020;520450
GO;CALDAS NOVAS;39;11;0;2020;520450
GO;CALDAS NOVAS;40;9;4;2020;520450
GO;CALDAS NOVAS;41;8;3;2020;520450
GO;CALDAS NOVAS;42;18;2;2020;520450
GO;CALDAS NOVAS;43;9;0;2020;520450
GO;CALDAS NOVAS;44;2;0;2020;520450
GO;CALDAS NOVAS;45;9;0;2020;520450
GO;CALDAS NOVAS;46;11;0;2020;520450
GO;CALDAS NOVAS;47;20;2;2020;520450
GO;CALDAS NOVAS;48;19;1;2020;520450
GO;CALDAS NOVAS;49;28;1;2020;520450
GO;CALDAS NOVAS;50;23;1;2020;520450
GO;CALDAS NOVAS;51;22;1;2020;520450
GO;CALDAS NOVAS;52;8;1;2020;520450
GO;CALDAS NOVAS;53;15;2;2020;520450
GO;CAMPINACU;20;1;0;2020;520465
GO;CAMPINORTE;27;1;0;2020;520470
GO;CAMPINORTE;28;1;0;2020;520470
GO;CAMPINORTE;30;2;1;2020;520470
GO;CAMPINORTE;31;1;1;2020;520470
GO;CAMPINORTE;32;1;0;2020;520470
GO;CAMPINORTE;34;1;0;2020;520470
GO;CAMPINORTE;35;1;1;2020;520470
GO;CAMPINORTE;37;2;1;2020;520470
GO;CAMPINORTE;48;1;0;2020;520470
GO;CAMPINORTE;50;1;1;2020;520470
GO;CAMPINORTE;51;1;1;2020;520470
GO;CAMPOS BELOS;18;1;1;2020;520490
GO;CAMPOS BELOS;30;2;2;2020;520490
GO;CAMPOS BELOS;31;1;1;2020;520490
GO;CAMPOS BELOS;32;1;1;2020;520490
GO;CAMPOS BELOS;34;1;1;2020;520490
GO;CASTELANDIA;15;1;0;2020;520505
GO;CASTELANDIA;21;2;0;2020;520505
GO;CASTELANDIA;22;1;0;2020;520505
GO;CASTELANDIA;28;1;0;2020;520505
GO;CATALAO;2;1;1;2020;520510
GO;CATALAO;7;1;0;2020;520510
GO;CATALAO;8;1;0;2020;520510
GO;CATALAO;11;2;1;2020;520510
GO;CATALAO;12;2;0;2020;520510
GO;CATALAO;13;2;2;2020;520510
GO;CATALAO;15;1;1;2020;520510
GO;CATALAO;18;2;0;2020;520510
GO;CATALAO;20;3;1;2020;520510
GO;CATALAO;21;4;1;2020;520510
GO;CATALAO;22;4;0;2020;520510
GO;CATALAO;23;6;0;2020;520510
GO;CATALAO;24;8;2;2020;520510
GO;CATALAO;25;12;4;2020;520510
GO;CATALAO;26;12;3;2020;520510
GO;CATALAO;27;15;1;2020;520510
GO;CATALAO;28;18;3;2020;520510
GO;CATALAO;29;19;7;2020;520510
GO;CATALAO;30;24;4;2020;520510
GO;CATALAO;31;26;11;2020;520510
GO;CATALAO;32;31;11;2020;520510
GO;CATALAO;33;33;9;2020;520510
GO;CATALAO;34;44;6;2020;520510
GO;CATALAO;35;19;5;2020;520510
GO;CATALAO;36;24;3;2020;520510
GO;CATALAO;37;28;4;2020;520510
GO;CATALAO;38;19;2;2020;520510
GO;CATALAO;39;14;5;2020;520510
GO;CATALAO;40;19;4;2020;520510
GO;CATALAO;41;26;3;2020;520510
GO;CATALAO;42;13;0;2020;520510
GO;CATALAO;43;9;2;2020;520510
GO;CATALAO;44;8;1;2020;520510
GO;CATALAO;45;12;1;2020;520510
GO;CATALAO;46;17;2;2020;520510
GO;CATALAO;47;16;1;2020;520510
GO;CATALAO;48;18;3;2020;520510
GO;CATALAO;49;19;1;2020;520510
GO;CATALAO;50;12;2;2020;520510
GO;CATALAO;51;19;6;2020;520510
GO;CATALAO;52;27;7;2020;520510
GO;CATALAO;53;41;10;2020;520510
GO;CATURAI;15;1;0;2020;520520
GO;CERES;14;1;0;2020;520540
GO;CERES;15;3;0;2020;520540
GO;CERES;17;2;0;2020;520540
GO;CERES;20;1;0;2020;520540
GO;CERES;23;1;1;2020;520540
GO;CERES;26;2;1;2020;520540
GO;CERES;27;2;2;2020;520540
GO;CERES;28;1;1;2020;520540
GO;CERES;29;2;2;2020;520540
GO;CERES;30;5;5;2020;520540
GO;CERES;31;1;1;2020;520540
GO;CERES;32;2;2;2020;520540
GO;CERES;33;5;2;2020;520540
GO;CERES;35;3;3;2020;520540
GO;CERES;38;1;1;2020;520540
GO;CERES;39;1;1;2020;520540
GO;CERES;40;1;0;2020;520540
GO;CERES;41;3;3;2020;520540
GO;CERES;42;2;2;2020;520540
GO;CERES;44;1;0;2020;520540
GO;CERES;47;2;2;2020;520540
GO;CERES;48;1;1;2020;520540
GO;CERES;49;1;1;2020;520540
GO;CERES;52;1;1;2020;520540
GO;CEZARINA;16;1;0;2020;520545
GO;CEZARINA;19;1;0;2020;520545
GO;CEZARINA;21;3;0;2020;520545
GO;CEZARINA;22;1;0;2020;520545
GO;CEZARINA;24;1;0;2020;520545
GO;CEZARINA;27;4;2;2020;520545
GO;CEZARINA;28;1;1;2020;520545
GO;CEZARINA;29;4;1;2020;520545
GO;CEZARINA;30;4;2;2020;520545
GO;CEZARINA;31;6;1;2020;520545
GO;CEZARINA;32;5;1;2020;520545
GO;CEZARINA;33;4;0;2020;520545
GO;CEZARINA;34;3;0;2020;520545
GO;CEZARINA;36;1;0;2020;520545
GO;CEZARINA;39;1;0;2020;520545
GO;CEZARINA;40;1;0;2020;520545
GO;CEZARINA;41;2;0;2020;520545
GO;CEZARINA;45;2;1;2020;520545
GO;CEZARINA;46;2;0;2020;520545
GO;CEZARINA;53;1;1;2020;520545
GO;CHAPADAO DO CEU;8;1;0;2020;520547
GO;CHAPADAO DO CEU;11;1;0;2020;520547
GO;CHAPADAO DO CEU;12;3;0;2020;520547
GO;CIDADE OCIDENTAL;18;1;1;2020;520549
GO;CIDADE OCIDENTAL;25;2;0;2020;520549
GO;CIDADE OCIDENTAL;26;2;1;2020;520549
GO;CIDADE OCIDENTAL;27;4;0;2020;520549
GO;CIDADE OCIDENTAL;28;7;3;2020;520549
GO;CIDADE OCIDENTAL;29;5;1;2020;520549
GO;CIDADE OCIDENTAL;30;6;1;2020;520549
GO;CIDADE OCIDENTAL;31;7;0;2020;520549
GO;CIDADE OCIDENTAL;32;6;0;2020;520549
GO;CIDADE OCIDENTAL;33;12;0;2020;520549
GO;CIDADE OCIDENTAL;34;7;0;2020;520549
GO;CIDADE OCIDENTAL;35;5;0;2020;520549
GO;CIDADE OCIDENTAL;36;2;0;2020;520549
GO;CIDADE OCIDENTAL;37;6;0;2020;520549
GO;CIDADE OCIDENTAL;38;6;0;2020;520549
GO;CIDADE OCIDENTAL;40;3;0;2020;520549
GO;CIDADE OCIDENTAL;45;4;0;2020;520549
GO;CIDADE OCIDENTAL;46;1;0;2020;520549
GO;CIDADE OCIDENTAL;47;2;0;2020;520549
GO;CIDADE OCIDENTAL;48;3;0;2020;520549
GO;CIDADE OCIDENTAL;49;3;0;2020;520549
GO;CIDADE OCIDENTAL;50;3;0;2020;520549
GO;CIDADE OCIDENTAL;51;1;0;2020;520549
GO;CIDADE OCIDENTAL;52;5;0;2020;520549
GO;CIDADE OCIDENTAL;53;4;0;2020;520549
GO;COCALZINHO DE GOIAS;12;1;0;2020;520551
GO;COCALZINHO DE GOIAS;21;1;0;2020;520551
GO;COCALZINHO DE GOIAS;23;1;1;2020;520551
GO;COCALZINHO DE GOIAS;33;2;2;2020;520551
GO;COCALZINHO DE GOIAS;43;1;1;2020;520551
GO;COCALZINHO DE GOIAS;52;1;1;2020;520551
GO;COLINAS DO SUL;49;1;0;2020;520552
GO;COLINAS DO SUL;53;1;0;2020;520552
GO;CORREGO DO OURO;16;1;0;2020;520570
GO;CORUMBA DE GOIAS;13;1;0;2020;520580
GO;CORUMBA DE GOIAS;15;3;2;2020;520580
GO;CORUMBA DE GOIAS;16;1;1;2020;520580
GO;CORUMBA DE GOIAS;17;1;0;2020;520580
GO;CORUMBA DE GOIAS;21;1;0;2020;520580
GO;CORUMBA DE GOIAS;25;2;0;2020;520580
GO;CORUMBA DE GOIAS;32;1;0;2020;520580
GO;CORUMBA DE GOIAS;33;4;2;2020;520580
GO;CORUMBA DE GOIAS;34;3;0;2020;520580
GO;CORUMBA DE GOIAS;36;1;1;2020;520580
GO;CORUMBA DE GOIAS;37;2;0;2020;520580
GO;CORUMBA DE GOIAS;38;5;1;2020;520580
GO;CORUMBA DE GOIAS;40;1;1;2020;520580
GO;CORUMBA DE GOIAS;48;1;1;2020;520580
GO;CORUMBA DE GOIAS;49;1;1;2020;520580
GO;CORUMBAIBA;11;1;0;2020;520590
GO;CORUMBAIBA;13;1;0;2020;520590
GO;CORUMBAIBA;15;3;1;2020;520590
GO;CORUMBAIBA;16;2;1;2020;520590
GO;CORUMBAIBA;18;1;0;2020;520590
GO;CORUMBAIBA;19;1;0;2020;520590
GO;CORUMBAIBA;24;1;0;2020;520590
GO;CORUMBAIBA;26;1;0;2020;520590
GO;CORUMBAIBA;35;1;0;2020;520590
GO;CORUMBAIBA;49;1;0;2020;520590
GO;CRISTALINA;13;1;0;2020;520620
GO;CRISTALINA;18;2;1;2020;520620
GO;CRISTALINA;19;1;1;2020;520620
GO;CRISTALINA;20;2;1;2020;520620
GO;CRISTALINA;21;3;0;2020;520620
GO;CRISTALINA;22;4;1;2020;520620
GO;CRISTALINA;25;3;0;2020;520620
GO;CRISTALINA;27;4;1;2020;520620
GO;CRISTALINA;28;2;2;2020;520620
GO;CRISTALINA;29;3;1;2020;520620
GO;CRISTALINA;30;2;1;2020;520620
GO;CRISTALINA;31;2;0;2020;520620
GO;CRISTALINA;32;4;4;2020;520620
GO;CRISTALINA;33;2;0;2020;520620
GO;CRISTALINA;34;1;1;2020;520620
GO;CRISTALINA;35;1;0;2020;520620
GO;CRISTALINA;38;2;1;2020;520620
GO;CRISTALINA;39;2;0;2020;520620
GO;CRISTALINA;40;2;1;2020;520620
GO;CRISTALINA;42;1;0;2020;520620
GO;CRISTALINA;51;1;1;2020;520620
GO;CRISTALINA;53;1;0;2020;520620
GO;CRIXAS;35;1;1;2020;520640
GO;CRIXAS;49;1;1;2020;520640
GO;CRIXAS;53;1;1;2020;520640
GO;CROMINIA;16;2;0;2020;520650
GO;CROMINIA;32;1;0;2020;520650
GO;CUMARI;12;1;0;2020;520660
GO;CUMARI;23;1;0;2020;520660
GO;CUMARI;24;1;0;2020;520660
GO;DAMIANOPOLIS;30;1;0;2020;520670
GO;DAMIANOPOLIS;34;2;0;2020;520670
GO;DAMIANOPOLIS;35;1;0;2020;520670
GO;DAMOLANDIA;24;1;0;2020;520680
GO;DAMOLANDIA;27;1;1;2020;520680
GO;DAMOLANDIA;28;1;1;2020;520680
GO;DAMOLANDIA;33;1;0;2020;520680
GO;DAMOLANDIA;41;1;1;2020;520680
GO;DIORAMA;26;1;0;2020;520710
GO;DIVINOPOLIS DE GOIAS;38;1;0;2020;520830
GO;DIVINOPOLIS DE GOIAS;39;1;1;2020;520830
GO;DIVINOPOLIS DE GOIAS;43;1;0;2020;520830
GO;DIVINOPOLIS DE GOIAS;52;1;1;2020;520830
GO;DOVERLANDIA;15;1;0;2020;520725
GO;EDEALINA;26;1;0;2020;520735
GO;EDEALINA;28;1;0;2020;520735
GO;EDEALINA;33;1;0;2020;520735
GO;EDEALINA;36;1;0;2020;520735
GO;EDEALINA;40;1;0;2020;520735
GO;EDEALINA;41;1;0;2020;520735
GO;EDEALINA;47;2;0;2020;520735
GO;EDEALINA;48;1;0;2020;520735
GO;EDEALINA;49;1;0;2020;520735
GO;EDEALINA;50;2;0;2020;520735
GO;EDEALINA;53;1;0;2020;520735
GO;EDEIA;16;1;0;2020;520740
GO;EDEIA;17;1;0;2020;520740
GO;EDEIA;19;1;0;2020;520740
GO;EDEIA;20;1;0;2020;520740
GO;EDEIA;21;1;0;2020;520740
GO;EDEIA;22;1;1;2020;520740
GO;EDEIA;23;3;0;2020;520740
GO;EDEIA;25;4;1;2020;520740
GO;EDEIA;27;1;0;2020;520740
GO;EDEIA;28;1;0;2020;520740
GO;EDEIA;29;1;0;2020;520740
GO;EDEIA;30;4;0;2020;520740
GO;EDEIA;31;2;1;2020;520740
GO;EDEIA;32;2;0;2020;520740
GO;EDEIA;33;2;0;2020;520740
GO;EDEIA;34;1;0;2020;520740
GO;EDEIA;36;1;0;2020;520740
GO;EDEIA;37;2;0;2020;520740
GO;EDEIA;39;1;1;2020;520740
GO;EDEIA;41;2;1;2020;520740
GO;EDEIA;45;1;0;2020;520740
GO;EDEIA;47;2;0;2020;520740
GO;ESTRELA DO NORTE;29;1;0;2020;520750
GO;FAZENDA NOVA;19;1;1;2020;520760
GO;FAZENDA NOVA;25;1;0;2020;520760
GO;FAZENDA NOVA;34;1;0;2020;520760
GO;FIRMINOPOLIS;29;1;0;2020;520780
GO;FIRMINOPOLIS;31;1;0;2020;520780
GO;FIRMINOPOLIS;33;1;1;2020;520780
GO;FIRMINOPOLIS;34;3;0;2020;520780
GO;FIRMINOPOLIS;51;2;0;2020;520780
GO;FLORES DE GOIAS;26;1;1;2020;520790
GO;FLORES DE GOIAS;32;1;0;2020;520790
GO;FLORES DE GOIAS;33;1;0;2020;520790
GO;FORMOSA;2;1;0;2020;520800
GO;FORMOSA;14;1;0;2020;520800
GO;FORMOSA;15;1;0;2020;520800
GO;FORMOSA;16;2;0;2020;520800
GO;FORMOSA;17;1;1;2020;520800
GO;FORMOSA;20;1;1;2020;520800
GO;FORMOSA;21;1;1;2020;520800
GO;FORMOSA;24;1;1;2020;520800
GO;FORMOSA;25;2;2;2020;520800
GO;FORMOSA;26;1;1;2020;520800
GO;FORMOSA;28;2;2;2020;520800
GO;FORMOSA;29;3;0;2020;520800
GO;FORMOSA;30;12;4;2020;520800
GO;FORMOSA;31;12;4;2020;520800
GO;FORMOSA;32;9;1;2020;520800
GO;FORMOSA;33;16;5;2020;520800
GO;FORMOSA;34;10;4;2020;520800
GO;FORMOSA;35;6;2;2020;520800
GO;FORMOSA;36;6;1;2020;520800
GO;FORMOSA;37;9;0;2020;520800
GO;FORMOSA;38;11;3;2020;520800
GO;FORMOSA;39;7;1;2020;520800
GO;FORMOSA;40;8;1;2020;520800
GO;FORMOSA;41;2;1;2020;520800
GO;FORMOSA;42;4;0;2020;520800
GO;FORMOSA;43;4;2;2020;520800
GO;FORMOSA;44;1;0;2020;520800
GO;FORMOSA;45;6;1;2020;520800
GO;FORMOSA;46;4;1;2020;520800
GO;FORMOSA;47;9;2;2020;520800
GO;FORMOSA;48;1;0;2020;520800
GO;FORMOSA;49;10;5;2020;520800
GO;FORMOSA;50;10;4;2020;520800
GO;FORMOSA;51;12;3;2020;520800
GO;FORMOSA;52;14;6;2020;520800
GO;FORMOSA;53;11;3;2020;520800
GO;FORMOSO;36;1;1;2020;520810
GO;GOIANAPOLIS;11;1;0;2020;520840
GO;GOIANAPOLIS;27;1;0;2020;520840
GO;GOIANAPOLIS;29;2;1;2020;520840
GO;GOIANESIA;12;2;0;2020;520860
GO;GOIANESIA;14;2;2;2020;520860
GO;GOIANESIA;15;1;0;2020;520860
GO;GOIANESIA;16;2;0;2020;520860
GO;GOIANESIA;19;1;0;2020;520860
GO;GOIANESIA;25;1;1;2020;520860
GO;GOIANESIA;26;2;1;2020;520860
GO;GOIANESIA;27;1;1;2020;520860
GO;GOIANESIA;28;2;2;2020;520860
GO;GOIANESIA;29;4;4;2020;520860
GO;GOIANESIA;30;4;4;2020;520860
GO;GOIANESIA;31;4;3;2020;520860
GO;GOIANESIA;32;4;4;2020;520860
GO;GOIANESIA;33;4;4;2020;520860
GO;GOIANESIA;34;5;4;2020;520860
GO;GOIANESIA;35;2;2;2020;520860
GO;GOIANESIA;36;3;3;2020;520860
GO;GOIANESIA;37;3;3;2020;520860
GO;GOIANESIA;38;2;2;2020;520860
GO;GOIANESIA;39;1;1;2020;520860
GO;GOIANESIA;40;1;1;2020;520860
GO;GOIANESIA;41;1;1;2020;520860
GO;GOIANESIA;42;1;1;2020;520860
GO;GOIANESIA;43;1;1;2020;520860
GO;GOIANESIA;49;1;1;2020;520860
GO;GOIANESIA;50;1;1;2020;520860
GO;GOIANESIA;53;1;1;2020;520860
GO;GOIANIA;1;4;1;2020;520870
GO;GOIANIA;2;7;1;2020;520870
GO;GOIANIA;3;3;0;2020;520870
GO;GOIANIA;4;4;0;2020;520870
GO;GOIANIA;5;3;2;2020;520870
GO;GOIANIA;6;3;1;2020;520870
GO;GOIANIA;7;6;1;2020;520870
GO;GOIANIA;8;2;1;2020;520870
GO;GOIANIA;9;9;1;2020;520870
GO;GOIANIA;10;19;1;2020;520870
GO;GOIANIA;11;48;5;2020;520870
GO;GOIANIA;12;97;19;2020;520870
GO;GOIANIA;13;79;19;2020;520870
GO;GOIANIA;14;88;22;2020;520870
GO;GOIANIA;15;79;24;2020;520870
GO;GOIANIA;16;79;20;2020;520870
GO;GOIANIA;17;84;22;2020;520870
GO;GOIANIA;18;108;32;2020;520870
GO;GOIANIA;19;120;38;2020;520870
GO;GOIANIA;20;116;35;2020;520870
GO;GOIANIA;21;140;50;2020;520870
GO;GOIANIA;22;175;40;2020;520870
GO;GOIANIA;23;210;68;2020;520870
GO;GOIANIA;24;216;67;2020;520870
GO;GOIANIA;25;264;82;2020;520870
GO;GOIANIA;26;324;106;2020;520870
GO;GOIANIA;27;413;145;2020;520870
GO;GOIANIA;28;378;149;2020;520870
GO;GOIANIA;29;298;116;2020;520870
GO;GOIANIA;30;393;155;2020;520870
GO;GOIANIA;31;391;129;2020;520870
GO;GOIANIA;32;394;133;2020;520870
GO;GOIANIA;33;392;121;2020;520870
GO;GOIANIA;34;443;113;2020;520870
GO;GOIANIA;35;298;81;2020;520870
GO;GOIANIA;36;319;100;2020;520870
GO;GOIANIA;37;329;87;2020;520870
GO;GOIANIA;38;298;77;2020;520870
GO;GOIANIA;39;261;66;2020;520870
GO;GOIANIA;40;261;86;2020;520870
GO;GOIANIA;41;241;72;2020;520870
GO;GOIANIA;42;182;35;2020;520870
GO;GOIANIA;43;156;47;2020;520870
GO;GOIANIA;44;127;28;2020;520870
GO;GOIANIA;45;158;33;2020;520870
GO;GOIANIA;46;112;25;2020;520870
GO;GOIANIA;47;154;38;2020;520870
GO;GOIANIA;48;159;37;2020;520870
GO;GOIANIA;49;201;44;2020;520870
GO;GOIANIA;50;182;35;2020;520870
GO;GOIANIA;51;176;41;2020;520870
GO;GOIANIA;52;234;49;2020;520870
GO;GOIANIA;53;258;70;2020;520870
GO;GOIANIRA;16;1;0;2020;520880
GO;GOIANIRA;18;2;0;2020;520880
GO;GOIANIRA;19;1;0;2020;520880
GO;GOIANIRA;22;1;0;2020;520880
GO;GOIANIRA;24;3;1;2020;520880
GO;GOIANIRA;25;3;1;2020;520880
GO;GOIANIRA;26;3;3;2020;520880
GO;GOIANIRA;30;1;1;2020;520880
GO;GOIANIRA;32;1;1;2020;520880
GO;GOIANIRA;53;1;1;2020;520880
GO;GOIAS;18;2;1;2020;520890
GO;GOIAS;19;1;0;2020;520890
GO;GOIAS;20;1;0;2020;520890
GO;GOIAS;26;2;1;2020;520890
GO;GOIAS;27;2;1;2020;520890
GO;GOIAS;28;8;3;2020;520890
GO;GOIAS;29;2;0;2020;520890
GO;GOIAS;30;3;3;2020;520890
GO;GOIAS;31;3;2;2020;520890
GO;GOIAS;32;2;0;2020;520890
GO;GOIAS;33;2;1;2020;520890
GO;GOIAS;34;2;1;2020;520890
GO;GOIAS;35;2;0;2020;520890
GO;GOIAS;36;3;1;2020;520890
GO;GOIAS;37;2;1;2020;520890
GO;GOIAS;38;2;1;2020;520890
GO;GOIAS;39;4;1;2020;520890
GO;GOIAS;40;3;1;2020;520890
GO;GOIAS;42;3;3;2020;520890
GO;GOIAS;43;1;0;2020;520890
GO;GOIAS;44;2;0;2020;520890
GO;GOIAS;45;1;1;2020;520890
GO;GOIAS;48;1;0;2020;520890
GO;GOIAS;50;1;0;2020;520890
GO;GOIAS;51;1;0;2020;520890
GO;GOIATUBA;13;2;0;2020;520910
GO;GOIATUBA;15;2;0;2020;520910
GO;GOIATUBA;16;3;0;2020;520910
GO;GOIATUBA;17;1;0;2020;520910
GO;GOIATUBA;19;2;1;2020;520910
GO;GOIATUBA;20;3;1;2020;520910
GO;GOIATUBA;21;2;0;2020;520910
GO;GOIATUBA;22;1;1;2020;520910
GO;GOIATUBA;23;2;1;2020;520910
GO;GOIATUBA;24;3;0;2020;520910
GO;GOIATUBA;26;2;0;2020;520910
GO;GOIATUBA;27;1;1;2020;520910
GO;GOIATUBA;28;1;1;2020;520910
GO;GOIATUBA;29;2;0;2020;520910
GO;GOIATUBA;30;2;0;2020;520910
GO;GOIATUBA;31;1;0;2020;520910
GO;GOIATUBA;34;3;0;2020;520910
GO;GOIATUBA;35;2;0;2020;520910
GO;GOIATUBA;36;2;0;2020;520910
GO;GOIATUBA;37;2;0;2020;520910
GO;GOIATUBA;39;1;0;2020;520910
GO;GOIATUBA;43;1;0;2020;520910
GO;GOIATUBA;44;1;1;2020;520910
GO;GUAPO;25;1;1;2020;520920
GO;GUARAITA;23;1;1;2020;520929
GO;GUARAITA;24;1;0;2020;520929
GO;GUARAITA;46;1;1;2020;520929
GO;HIDROLANDIA;14;1;1;2020;520970
GO;HIDROLANDIA;25;1;1;2020;520970
GO;HIDROLANDIA;27;3;1;2020;520970
GO;HIDROLANDIA;31;1;1;2020;520970
GO;HIDROLANDIA;32;1;1;2020;520970
GO;HIDROLANDIA;34;1;1;2020;520970
GO;HIDROLANDIA;37;1;1;2020;520970
GO;IACIARA;17;1;1;2020;520990
GO;INDIARA;27;1;1;2020;520995
GO;INDIARA;32;3;0;2020;520995
GO;INDIARA;33;2;1;2020;520995
GO;INHUMAS;2;1;1;2020;521000
GO;INHUMAS;7;2;0;2020;521000
GO;INHUMAS;10;1;0;2020;521000
GO;INHUMAS;11;3;1;2020;521000
GO;INHUMAS;12;1;0;2020;521000
GO;INHUMAS;14;1;0;2020;521000
GO;INHUMAS;15;2;2;2020;521000
GO;INHUMAS;16;1;0;2020;521000
GO;INHUMAS;17;2;1;2020;521000
GO;INHUMAS;18;3;1;2020;521000
GO;INHUMAS;26;1;0;2020;521000
GO;INHUMAS;27;2;2;2020;521000
GO;INHUMAS;28;2;2;2020;521000
GO;INHUMAS;29;4;3;2020;521000
GO;INHUMAS;30;3;0;2020;521000
GO;INHUMAS;31;2;1;2020;521000
GO;INHUMAS;32;5;1;2020;521000
GO;INHUMAS;33;4;2;2020;521000
GO;INHUMAS;34;3;2;2020;521000
GO;INHUMAS;35;2;1;2020;521000
GO;INHUMAS;36;1;0;2020;521000
GO;INHUMAS;38;1;0;2020;521000
GO;INHUMAS;39;2;0;2020;521000
GO;INHUMAS;40;2;0;2020;521000
GO;INHUMAS;41;1;1;2020;521000
GO;INHUMAS;48;1;0;2020;521000
GO;INHUMAS;49;1;0;2020;521000
GO;INHUMAS;52;1;0;2020;521000
GO;INHUMAS;53;1;0;2020;521000
GO;IPAMERI;24;1;0;2020;521010
GO;IPAMERI;26;1;1;2020;521010
GO;IPAMERI;29;1;0;2020;521010
GO;IPAMERI;48;1;1;2020;521010
GO;IPAMERI;49;1;1;2020;521010
GO;IPORA;9;1;0;2020;521020
GO;IPORA;15;1;0;2020;521020
GO;IPORA;17;1;0;2020;521020
GO;IPORA;19;1;0;2020;521020
GO;IPORA;20;2;1;2020;521020
GO;IPORA;21;1;0;2020;521020
GO;IPORA;22;2;0;2020;521020
GO;IPORA;23;2;1;2020;521020
GO;IPORA;24;11;0;2020;521020
GO;IPORA;25;3;0;2020;521020
GO;IPORA;26;3;3;2020;521020
GO;IPORA;27;1;1;2020;521020
GO;IPORA;28;4;0;2020;521020
GO;IPORA;29;9;1;2020;521020
GO;IPORA;30;6;1;2020;521020
GO;IPORA;31;6;3;2020;521020
GO;IPORA;32;11;3;2020;521020
GO;IPORA;33;4;1;2020;521020
GO;IPORA;34;7;2;2020;521020
GO;IPORA;35;3;0;2020;521020
GO;IPORA;36;3;0;2020;521020
GO;IPORA;37;5;0;2020;521020
GO;IPORA;38;6;0;2020;521020
GO;IPORA;39;2;0;2020;521020
GO;IPORA;40;4;1;2020;521020
GO;IPORA;41;7;0;2020;521020
GO;IPORA;42;4;1;2020;521020
GO;IPORA;43;2;1;2020;521020
GO;IPORA;46;4;0;2020;521020
GO;IPORA;47;1;1;2020;521020
GO;IPORA;48;2;0;2020;521020
GO;IPORA;49;2;0;2020;521020
GO;IPORA;50;2;0;2020;521020
GO;IPORA;51;1;0;2020;521020
GO;IPORA;52;2;0;2020;521020
GO;IPORA;53;7;3;2020;521020
GO;ITABERAI;17;1;0;2020;521040
GO;ITABERAI;19;1;0;2020;521040
GO;ITABERAI;20;1;0;2020;521040
GO;ITABERAI;26;3;3;2020;521040
GO;ITABERAI;27;3;3;2020;521040
GO;ITABERAI;28;1;1;2020;521040
GO;ITABERAI;30;3;3;2020;521040
GO;ITABERAI;31;2;0;2020;521040
GO;ITABERAI;33;1;1;2020;521040
GO;ITABERAI;37;1;1;2020;521040
GO;ITABERAI;38;1;0;2020;521040
GO;ITABERAI;40;2;1;2020;521040
GO;ITABERAI;42;2;0;2020;521040
GO;ITABERAI;44;1;0;2020;521040
GO;ITABERAI;45;1;0;2020;521040
GO;ITABERAI;46;1;0;2020;521040
GO;ITABERAI;47;1;0;2020;521040
GO;ITABERAI;48;1;1;2020;521040
GO;ITABERAI;52;2;0;2020;521040
GO;ITAGUARI;12;1;0;2020;521056
GO;ITAGUARI;26;2;1;2020;521056
GO;ITAGUARI;27;2;0;2020;521056
GO;ITAGUARU;13;1;0;2020;521060
GO;ITAGUARU;14;1;0;2020;521060
GO;ITAGUARU;20;1;0;2020;521060
GO;ITAGUARU;28;1;0;2020;521060
GO;ITAGUARU;30;2;1;2020;521060
GO;ITAGUARU;34;2;0;2020;521060
GO;ITAGUARU;37;1;1;2020;521060
GO;ITAGUARU;38;1;1;2020;521060
GO;ITAGUARU;41;2;1;2020;521060
GO;ITAGUARU;42;1;0;2020;521060
GO;ITAGUARU;44;2;1;2020;521060
GO;ITAGUARU;46;1;0;2020;521060
GO;ITAJA;19;1;0;2020;521080
GO;ITAJA;27;2;0;2020;521080
GO;ITAJA;37;1;1;2020;521080
GO;ITAJA;39;1;1;2020;521080
GO;ITAPACI;13;1;0;2020;521090
GO;ITAPACI;14;1;1;2020;521090
GO;ITAPACI;15;1;0;2020;521090
GO;ITAPACI;17;1;0;2020;521090
GO;ITAPACI;20;3;0;2020;521090
GO;ITAPACI;21;1;0;2020;521090
GO;ITAPACI;22;1;0;2020;521090
GO;ITAPACI;23;1;0;2020;521090
GO;ITAPACI;24;1;0;2020;521090
GO;ITAPACI;26;1;1;2020;521090
GO;ITAPACI;30;1;1;2020;521090
GO;ITAPACI;33;2;2;2020;521090
GO;ITAPACI;34;1;0;2020;521090
GO;ITAPACI;35;1;0;2020;521090
GO;ITAPACI;36;1;1;2020;521090
GO;ITAPACI;37;1;0;2020;521090
GO;ITAPACI;41;1;1;2020;521090
GO;ITAPACI;44;1;0;2020;521090
GO;ITAPACI;45;1;0;2020;521090
GO;ITAPACI;47;2;0;2020;521090
GO;ITAPACI;48;1;0;2020;521090
GO;ITAPACI;49;1;0;2020;521090
GO;ITAPACI;50;1;0;2020;521090
GO;ITAPACI;51;2;0;2020;521090
GO;ITAPACI;53;1;0;2020;521090
GO;ITAPURANGA;14;1;0;2020;521120
GO;ITAPURANGA;15;2;1;2020;521120
GO;ITAPURANGA;17;1;1;2020;521120
GO;ITAPURANGA;21;1;0;2020;521120
GO;ITAPURANGA;22;1;0;2020;521120
GO;ITAPURANGA;24;2;1;2020;521120
GO;ITAPURANGA;25;1;1;2020;521120
GO;ITAPURANGA;27;1;0;2020;521120
GO;ITAPURANGA;28;1;1;2020;521120
GO;ITAPURANGA;29;13;1;2020;521120
GO;ITAPURANGA;30;1;0;2020;521120
GO;ITAPURANGA;31;2;0;2020;521120
GO;ITAPURANGA;32;2;1;2020;521120
GO;ITAPURANGA;33;1;1;2020;521120
GO;ITAPURANGA;36;3;2;2020;521120
GO;ITAPURANGA;37;2;1;2020;521120
GO;ITAPURANGA;38;3;1;2020;521120
GO;ITAPURANGA;40;3;2;2020;521120
GO;ITAPURANGA;41;2;0;2020;521120
GO;ITAPURANGA;42;2;0;2020;521120
GO;ITAPURANGA;44;3;0;2020;521120
GO;ITAPURANGA;46;1;0;2020;521120
GO;ITAPURANGA;51;1;0;2020;521120
GO;ITAPURANGA;52;1;0;2020;521120
GO;ITARUMA;27;1;1;2020;521130
GO;ITARUMA;50;2;1;2020;521130
GO;ITAUCU;27;1;1;2020;521140
GO;ITAUCU;28;1;1;2020;521140
GO;ITUMBIARA;12;1;1;2020;521150
GO;ITUMBIARA;17;1;0;2020;521150
GO;ITUMBIARA;18;1;1;2020;521150
GO;ITUMBIARA;20;1;0;2020;521150
GO;ITUMBIARA;24;1;1;2020;521150
GO;ITUMBIARA;25;2;2;2020;521150
GO;ITUMBIARA;26;1;0;2020;521150
GO;ITUMBIARA;27;12;7;2020;521150
GO;ITUMBIARA;28;18;6;2020;521150
GO;ITUMBIARA;29;22;12;2020;521150
GO;ITUMBIARA;30;27;10;2020;521150
GO;ITUMBIARA;31;30;15;2020;521150
GO;ITUMBIARA;32;21;6;2020;521150
GO;ITUMBIARA;33;40;19;2020;521150
GO;ITUMBIARA;34;42;18;2020;521150
GO;ITUMBIARA;35;19;9;2020;521150
GO;ITUMBIARA;36;41;19;2020;521150
GO;ITUMBIARA;37;30;14;2020;521150
GO;ITUMBIARA;38;27;7;2020;521150
GO;ITUMBIARA;39;30;11;2020;521150
GO;ITUMBIARA;40;38;11;2020;521150
GO;ITUMBIARA;41;30;9;2020;521150
GO;ITUMBIARA;42;24;10;2020;521150
GO;ITUMBIARA;43;25;4;2020;521150
GO;ITUMBIARA;44;26;5;2020;521150
GO;ITUMBIARA;45;24;5;2020;521150
GO;ITUMBIARA;46;16;5;2020;521150
GO;ITUMBIARA;47;25;8;2020;521150
GO;ITUMBIARA;48;26;8;2020;521150
GO;ITUMBIARA;49;24;4;2020;521150
GO;ITUMBIARA;50;20;8;2020;521150
GO;ITUMBIARA;51;14;2;2020;521150
GO;ITUMBIARA;52;17;4;2020;521150
GO;ITUMBIARA;53;38;9;2020;521150
GO;IVOLANDIA;37;1;0;2020;521160
GO;IVOLANDIA;38;1;1;2020;521160
GO;JANDAIA;34;1;1;2020;521170
GO;JARAGUA;22;1;1;2020;521180
GO;JARAGUA;23;1;1;2020;521180
GO;JARAGUA;25;1;1;2020;521180
GO;JARAGUA;26;1;0;2020;521180
GO;JARAGUA;27;3;1;2020;521180
GO;JARAGUA;28;2;0;2020;521180
GO;JARAGUA;29;1;1;2020;521180
GO;JARAGUA;30;3;0;2020;521180
GO;JARAGUA;31;4;1;2020;521180
GO;JARAGUA;32;4;1;2020;521180
GO;JARAGUA;33;4;2;2020;521180
GO;JARAGUA;34;8;3;2020;521180
GO;JARAGUA;35;2;1;2020;521180
GO;JARAGUA;36;1;0;2020;521180
GO;JARAGUA;37;7;2;2020;521180
GO;JARAGUA;38;3;1;2020;521180
GO;JARAGUA;39;2;0;2020;521180
GO;JARAGUA;40;2;2;2020;521180
GO;JARAGUA;41;1;1;2020;521180
GO;JARAGUA;42;4;0;2020;521180
GO;JARAGUA;43;1;0;2020;521180
GO;JARAGUA;49;2;2;2020;521180
GO;JARAGUA;50;2;0;2020;521180
GO;JARAGUA;51;4;1;2020;521180
GO;JARAGUA;52;1;0;2020;521180
GO;JARAGUA;53;5;1;2020;521180
GO;JATAI;5;1;0;2020;521190
GO;JATAI;6;2;2;2020;521190
GO;JATAI;9;1;0;2020;521190
GO;JATAI;11;1;0;2020;521190
GO;JATAI;12;6;1;2020;521190
GO;JATAI;13;5;0;2020;521190
GO;JATAI;15;1;0;2020;521190
GO;JATAI;17;1;0;2020;521190
GO;JATAI;18;3;0;2020;521190
GO;JATAI;19;1;0;2020;521190
GO;JATAI;20;2;1;2020;521190
GO;JATAI;21;2;1;2020;521190
GO;JATAI;22;2;1;2020;521190
GO;JATAI;23;3;2;2020;521190
GO;JATAI;24;4;3;2020;521190
GO;JATAI;25;7;0;2020;521190
GO;JATAI;26;17;3;2020;521190
GO;JATAI;27;22;7;2020;521190
GO;JATAI;28;30;8;2020;521190
GO;JATAI;29;22;5;2020;521190
GO;JATAI;30;20;2;2020;521190
GO;JATAI;31;24;4;2020;521190
GO;JATAI;32;31;5;2020;521190
GO;JATAI;33;25;4;2020;521190
GO;JATAI;34;21;3;2020;521190
GO;JATAI;35;21;3;2020;521190
GO;JATAI;36;22;7;2020;521190
GO;JATAI;37;23;3;2020;521190
GO;JATAI;38;15;3;2020;521190
GO;JATAI;39;12;4;2020;521190
GO;JATAI;40;7;1;2020;521190
GO;JATAI;41;10;2;2020;521190
GO;JATAI;42;15;1;2020;521190
GO;JATAI;43;8;1;2020;521190
GO;JATAI;44;6;2;2020;521190
GO;JATAI;45;14;5;2020;521190
GO;JATAI;46;17;4;2020;521190
GO;JATAI;47;11;1;2020;521190
GO;JATAI;48;13;1;2020;521190
GO;JATAI;49;9;1;2020;521190
GO;JATAI;50;4;1;2020;521190
GO;JATAI;51;13;2;2020;521190
GO;JATAI;52;6;1;2020;521190
GO;JATAI;53;15;5;2020;521190
GO;JUSSARA;33;1;1;2020;521220
GO;JUSSARA;36;1;1;2020;521220
GO;JUSSARA;37;1;1;2020;521220
GO;JUSSARA;38;1;0;2020;521220
GO;JUSSARA;39;1;0;2020;521220
GO;LUZIANIA;13;1;0;2020;521250
GO;LUZIANIA;14;1;1;2020;521250
GO;LUZIANIA;20;1;0;2020;521250
GO;LUZIANIA;21;4;3;2020;521250
GO;LUZIANIA;22;10;4;2020;521250
GO;LUZIANIA;23;14;5;2020;521250
GO;LUZIANIA;24;16;4;2020;521250
GO;LUZIANIA;25;28;8;2020;521250
GO;LUZIANIA;26;25;6;2020;521250
GO;LUZIANIA;27;24;6;2020;521250
GO;LUZIANIA;28;26;8;2020;521250
GO;LUZIANIA;29;16;4;2020;521250
GO;LUZIANIA;30;21;8;2020;521250
GO;LUZIANIA;31;15;8;2020;521250
GO;LUZIANIA;32;11;4;2020;521250
GO;LUZIANIA;33;26;9;2020;521250
GO;LUZIANIA;34;21;9;2020;521250
GO;LUZIANIA;35;17;5;2020;521250
GO;LUZIANIA;36;16;9;2020;521250
GO;LUZIANIA;37;17;4;2020;521250
GO;LUZIANIA;38;12;3;2020;521250
GO;LUZIANIA;39;3;2;2020;521250
GO;LUZIANIA;40;23;16;2020;521250
GO;LUZIANIA;41;13;2;2020;521250
GO;LUZIANIA;42;5;3;2020;521250
GO;LUZIANIA;43;12;4;2020;521250
GO;LUZIANIA;44;10;3;2020;521250
GO;LUZIANIA;45;11;4;2020;521250
GO;LUZIANIA;46;4;2;2020;521250
GO;LUZIANIA;47;6;1;2020;521250
GO;LUZIANIA;48;9;1;2020;521250
GO;LUZIANIA;49;9;1;2020;521250
GO;LUZIANIA;50;7;0;2020;521250
GO;LUZIANIA;51;11;2;2020;521250
GO;LUZIANIA;52;13;4;2020;521250
GO;LUZIANIA;53;3;1;2020;521250
GO;MAIRIPOTABA;21;1;1;2020;521260
GO;MARZAGAO;49;1;0;2020;521290
GO;MAURILANDIA;25;1;1;2020;521300
GO;MAURILANDIA;26;2;0;2020;521300
GO;MAURILANDIA;27;1;0;2020;521300
GO;MAURILANDIA;28;1;0;2020;521300
GO;MAURILANDIA;30;2;1;2020;521300
GO;MAURILANDIA;32;1;0;2020;521300
GO;MAURILANDIA;33;2;1;2020;521300
GO;MAURILANDIA;35;1;1;2020;521300
GO;MAURILANDIA;36;1;0;2020;521300
GO;MAURILANDIA;37;2;0;2020;521300
GO;MAURILANDIA;38;1;0;2020;521300
GO;MAURILANDIA;39;2;0;2020;521300
GO;MAURILANDIA;41;1;0;2020;521300
GO;MAURILANDIA;42;2;1;2020;521300
GO;MAURILANDIA;44;1;0;2020;521300
GO;MAURILANDIA;45;3;1;2020;521300
GO;MAURILANDIA;46;2;2;2020;521300
GO;MAURILANDIA;51;3;1;2020;521300
GO;MINACU;24;1;0;2020;521308
GO;MINACU;26;3;3;2020;521308
GO;MINACU;28;1;1;2020;521308
GO;MINACU;33;1;1;2020;521308
GO;MINACU;35;2;2;2020;521308
GO;MINACU;36;1;1;2020;521308
GO;MINACU;38;1;1;2020;521308
GO;MINACU;53;1;1;2020;521308
GO;MINEIROS;11;2;2;2020;521310
GO;MINEIROS;12;1;0;2020;521310
GO;MINEIROS;13;2;0;2020;521310
GO;MINEIROS;14;1;0;2020;521310
GO;MINEIROS;15;1;0;2020;521310
GO;MINEIROS;16;1;0;2020;521310
GO;MINEIROS;17;2;0;2020;521310
GO;MINEIROS;20;2;1;2020;521310
GO;MINEIROS;21;2;0;2020;521310
GO;MINEIROS;22;1;0;2020;521310
GO;MINEIROS;23;5;3;2020;521310
GO;MINEIROS;24;3;3;2020;521310
GO;MINEIROS;25;11;1;2020;521310
GO;MINEIROS;26;19;7;2020;521310
GO;MINEIROS;27;27;5;2020;521310
GO;MINEIROS;28;31;4;2020;521310
GO;MINEIROS;29;24;7;2020;521310
GO;MINEIROS;30;14;2;2020;521310
GO;MINEIROS;31;14;1;2020;521310
GO;MINEIROS;32;20;5;2020;521310
GO;MINEIROS;33;21;4;2020;521310
GO;MINEIROS;34;13;3;2020;521310
GO;MINEIROS;35;17;5;2020;521310
GO;MINEIROS;36;13;4;2020;521310
GO;MINEIROS;37;15;4;2020;521310
GO;MINEIROS;38;5;0;2020;521310
GO;MINEIROS;39;10;2;2020;521310
GO;MINEIROS;40;4;2;2020;521310
GO;MINEIROS;41;3;1;2020;521310
GO;MINEIROS;42;6;1;2020;521310
GO;MINEIROS;43;1;0;2020;521310
GO;MINEIROS;44;1;0;2020;521310
GO;MINEIROS;45;2;0;2020;521310
GO;MINEIROS;46;3;0;2020;521310
GO;MINEIROS;47;5;1;2020;521310
GO;MINEIROS;48;3;1;2020;521310
GO;MINEIROS;49;4;2;2020;521310
GO;MINEIROS;51;2;1;2020;521310
GO;MINEIROS;52;3;0;2020;521310
GO;MINEIROS;53;8;3;2020;521310
GO;MONTIVIDIU;13;1;0;2020;521375
GO;MONTIVIDIU;15;1;0;2020;521375
GO;MONTIVIDIU;24;1;0;2020;521375
GO;MONTIVIDIU;25;1;1;2020;521375
GO;MONTIVIDIU;27;1;0;2020;521375
GO;MONTIVIDIU;30;1;1;2020;521375
GO;MONTIVIDIU;32;1;0;2020;521375
GO;MONTIVIDIU;33;1;1;2020;521375
GO;MONTIVIDIU;36;1;1;2020;521375
GO;MONTIVIDIU;37;2;1;2020;521375
GO;MONTIVIDIU;39;1;0;2020;521375
GO;MONTIVIDIU;41;1;0;2020;521375
GO;MONTIVIDIU;44;1;0;2020;521375
GO;MONTIVIDIU;47;1;1;2020;521375
GO;MORRINHOS;15;2;1;2020;521380
GO;MORRINHOS;18;2;0;2020;521380
GO;MORRINHOS;19;1;0;2020;521380
GO;MORRINHOS;20;1;1;2020;521380
GO;MORRINHOS;24;1;0;2020;521380
GO;MORRINHOS;25;1;0;2020;521380
GO;MORRINHOS;26;5;2;2020;521380
GO;MORRINHOS;27;2;0;2020;521380
GO;MORRINHOS;28;1;0;2020;521380
GO;MORRINHOS;29;4;2;2020;521380
GO;MORRINHOS;31;1;1;2020;521380
GO;MORRINHOS;32;3;0;2020;521380
GO;MORRINHOS;36;3;0;2020;521380
GO;MORRINHOS;37;2;0;2020;521380
GO;MORRINHOS;38;3;2;2020;521380
GO;MORRINHOS;39;3;0;2020;521380
GO;MORRINHOS;40;2;0;2020;521380
GO;MORRINHOS;41;6;1;2020;521380
GO;MORRINHOS;42;2;0;2020;521380
GO;MORRINHOS;43;3;0;2020;521380
GO;MORRINHOS;44;1;0;2020;521380
GO;MORRINHOS;46;2;1;2020;521380
GO;MORRINHOS;47;2;0;2020;521380
GO;MORRINHOS;48;1;0;2020;521380
GO;MORRINHOS;50;3;0;2020;521380
GO;MORRINHOS;53;1;0;2020;521380
GO;MORRO AGUDO DE GOIAS;37;1;1;2020;521385
GO;MORRO AGUDO DE GOIAS;43;1;1;2020;521385
GO;MORRO AGUDO DE GOIAS;51;1;0;2020;521385
GO;MOZARLANDIA;24;1;1;2020;521400
GO;MOZARLANDIA;27;2;1;2020;521400
GO;MOZARLANDIA;28;3;0;2020;521400
GO;MOZARLANDIA;30;2;0;2020;521400
GO;MOZARLANDIA;31;4;2;2020;521400
GO;MOZARLANDIA;33;2;0;2020;521400
GO;MOZARLANDIA;34;1;1;2020;521400
GO;MOZARLANDIA;35;1;0;2020;521400
GO;MOZARLANDIA;36;3;0;2020;521400
GO;MOZARLANDIA;50;1;0;2020;521400
GO;MUTUNOPOLIS;25;1;0;2020;521410
GO;MUTUNOPOLIS;30;1;0;2020;521410
GO;MUTUNOPOLIS;32;1;0;2020;521410
GO;MUTUNOPOLIS;37;1;0;2020;521410
GO;MUTUNOPOLIS;47;1;1;2020;521410
GO;NEROPOLIS;14;1;0;2020;521450
GO;NEROPOLIS;15;2;1;2020;521450
GO;NEROPOLIS;16;1;1;2020;521450
GO;NEROPOLIS;17;1;0;2020;521450
GO;NEROPOLIS;18;4;0;2020;521450
GO;NEROPOLIS;19;3;0;2020;521450
GO;NEROPOLIS;21;3;2;2020;521450
GO;NEROPOLIS;22;6;2;2020;521450
GO;NEROPOLIS;23;7;2;2020;521450
GO;NEROPOLIS;24;5;3;2020;521450
GO;NEROPOLIS;25;5;2;2020;521450
GO;NEROPOLIS;26;9;3;2020;521450
GO;NEROPOLIS;27;11;4;2020;521450
GO;NEROPOLIS;28;14;6;2020;521450
GO;NEROPOLIS;29;11;7;2020;521450
GO;NEROPOLIS;30;2;0;2020;521450
GO;NEROPOLIS;31;6;3;2020;521450
GO;NEROPOLIS;32;13;4;2020;521450
GO;NEROPOLIS;33;10;7;2020;521450
GO;NEROPOLIS;34;13;6;2020;521450
GO;NEROPOLIS;35;12;7;2020;521450
GO;NEROPOLIS;36;17;11;2020;521450
GO;NEROPOLIS;37;8;4;2020;521450
GO;NEROPOLIS;38;12;10;2020;521450
GO;NEROPOLIS;39;5;3;2020;521450
GO;NEROPOLIS;40;5;1;2020;521450
GO;NEROPOLIS;41;6;1;2020;521450
GO;NEROPOLIS;42;2;0;2020;521450
GO;NEROPOLIS;43;3;0;2020;521450
GO;NEROPOLIS;44;6;2;2020;521450
GO;NEROPOLIS;45;4;1;2020;521450
GO;NEROPOLIS;46;2;1;2020;521450
GO;NEROPOLIS;47;5;2;2020;521450
GO;NEROPOLIS;48;5;3;2020;521450
GO;NEROPOLIS;49;4;1;2020;521450
GO;NEROPOLIS;50;3;3;2020;521450
GO;NEROPOLIS;51;2;1;2020;521450
GO;NEROPOLIS;52;3;2;2020;521450
GO;NEROPOLIS;53;3;2;2020;521450
GO;NIQUELANDIA;23;1;1;2020;521460
GO;NIQUELANDIA;26;2;2;2020;521460
GO;NIQUELANDIA;27;1;1;2020;521460
GO;NIQUELANDIA;29;1;1;2020;521460
GO;NIQUELANDIA;30;3;1;2020;521460
GO;NIQUELANDIA;31;4;1;2020;521460
GO;NIQUELANDIA;32;1;1;2020;521460
GO;NIQUELANDIA;36;1;1;2020;521460
GO;NOVA CRIXAS;14;1;0;2020;521483
GO;NOVA CRIXAS;36;1;1;2020;521483
GO;NOVA CRIXAS;37;1;0;2020;521483
GO;NOVA CRIXAS;38;1;1;2020;521483
GO;NOVO BRASIL;24;1;0;2020;521520
GO;NOVO BRASIL;25;1;1;2020;521520
GO;NOVO GAMA;16;1;1;2020;521523
GO;NOVO GAMA;21;1;1;2020;521523
GO;NOVO GAMA;22;1;1;2020;521523
GO;NOVO GAMA;24;3;3;2020;521523
GO;NOVO GAMA;25;1;1;2020;521523
GO;NOVO GAMA;26;6;3;2020;521523
GO;NOVO GAMA;28;5;1;2020;521523
GO;NOVO GAMA;29;2;1;2020;521523
GO;NOVO GAMA;30;1;0;2020;521523
GO;NOVO GAMA;33;1;1;2020;521523
GO;NOVO GAMA;34;1;1;2020;521523
GO;NOVO GAMA;40;1;0;2020;521523
GO;NOVO GAMA;41;1;0;2020;521523
GO;NOVO GAMA;50;1;0;2020;521523
GO;ORIZONA;22;1;0;2020;521530
GO;ORIZONA;30;1;1;2020;521530
GO;ORIZONA;35;1;1;2020;521530
GO;PADRE BERNARDO;33;1;1;2020;521560
GO;PALESTINA DE GOIAS;40;1;0;2020;521565
GO;PALMEIRAS DE GOIAS;22;1;0;2020;521570
GO;PALMEIRAS DE GOIAS;23;1;0;2020;521570
GO;PALMEIRAS DE GOIAS;25;4;1;2020;521570
GO;PALMEIRAS DE GOIAS;26;1;0;2020;521570
GO;PALMEIRAS DE GOIAS;29;1;0;2020;521570
GO;PALMEIRAS DE GOIAS;30;1;0;2020;521570
GO;PALMEIRAS DE GOIAS;31;2;0;2020;521570
GO;PALMEIRAS DE GOIAS;32;2;0;2020;521570
GO;PALMEIRAS DE GOIAS;33;1;1;2020;521570
GO;PALMEIRAS DE GOIAS;34;1;0;2020;521570
GO;PALMEIRAS DE GOIAS;35;2;0;2020;521570
GO;PALMEIRAS DE GOIAS;36;4;1;2020;521570
GO;PALMEIRAS DE GOIAS;37;1;0;2020;521570
GO;PALMEIRAS DE GOIAS;40;1;1;2020;521570
GO;PALMEIRAS DE GOIAS;46;1;0;2020;521570
GO;PALMEIRAS DE GOIAS;47;1;0;2020;521570
GO;PALMEIRAS DE GOIAS;49;3;1;2020;521570
GO;PALMELO;38;1;1;2020;521580
GO;PANAMA;32;1;0;2020;521600
GO;PANAMA;33;1;0;2020;521600
GO;PANAMA;46;1;1;2020;521600
GO;PARANAIGUARA;17;2;1;2020;521630
GO;PARANAIGUARA;20;2;0;2020;521630
GO;PARANAIGUARA;21;1;0;2020;521630
GO;PARANAIGUARA;22;1;0;2020;521630
GO;PARANAIGUARA;23;2;0;2020;521630
GO;PARANAIGUARA;25;2;1;2020;521630
GO;PARANAIGUARA;27;3;2;2020;521630
GO;PARANAIGUARA;28;1;1;2020;521630
GO;PARANAIGUARA;29;1;0;2020;521630
GO;PARANAIGUARA;31;1;0;2020;521630
GO;PARANAIGUARA;33;2;0;2020;521630
GO;PARANAIGUARA;34;3;0;2020;521630
GO;PARANAIGUARA;35;2;0;2020;521630
GO;PARANAIGUARA;36;3;0;2020;521630
GO;PARANAIGUARA;38;3;1;2020;521630
GO;PARANAIGUARA;39;4;0;2020;521630
GO;PARANAIGUARA;40;2;0;2020;521630
GO;PARANAIGUARA;41;1;0;2020;521630
GO;PARANAIGUARA;42;1;0;2020;521630
GO;PARANAIGUARA;46;2;1;2020;521630
GO;PARANAIGUARA;47;1;0;2020;521630
GO;PARAUNA;16;2;1;2020;521640
GO;PETROLINA DE GOIAS;11;1;0;2020;521680
GO;PETROLINA DE GOIAS;28;1;0;2020;521680
GO;PIRACANJUBA;19;3;0;2020;521710
GO;PIRACANJUBA;20;1;0;2020;521710
GO;PIRACANJUBA;21;1;1;2020;521710
GO;PIRACANJUBA;25;4;0;2020;521710
GO;PIRACANJUBA;26;1;0;2020;521710
GO;PIRACANJUBA;27;1;0;2020;521710
GO;PIRACANJUBA;28;4;0;2020;521710
GO;PIRACANJUBA;29;1;1;2020;521710
GO;PIRACANJUBA;30;1;0;2020;521710
GO;PIRACANJUBA;31;1;0;2020;521710
GO;PIRACANJUBA;32;1;0;2020;521710
GO;PIRACANJUBA;33;4;1;2020;521710
GO;PIRACANJUBA;35;3;0;2020;521710
GO;PIRACANJUBA;39;1;0;2020;521710
GO;PIRACANJUBA;40;1;1;2020;521710
GO;PIRACANJUBA;41;1;0;2020;521710
GO;PIRACANJUBA;45;1;0;2020;521710
GO;PIRACANJUBA;46;1;1;2020;521710
GO;PIRACANJUBA;50;2;0;2020;521710
GO;PIRACANJUBA;51;2;2;2020;521710
GO;PIRACANJUBA;52;2;0;2020;521710
GO;PIRACANJUBA;53;3;0;2020;521710
GO;PIRANHAS;26;1;1;2020;521720
GO;PIRANHAS;28;1;1;2020;521720
GO;PIRANHAS;32;1;1;2020;521720
GO;PIRANHAS;35;2;2;2020;521720
GO;PIRANHAS;40;1;1;2020;521720
GO;PIRENOPOLIS;3;1;0;2020;521730
GO;PIRENOPOLIS;5;3;0;2020;521730
GO;PIRENOPOLIS;7;1;0;2020;521730
GO;PIRENOPOLIS;10;1;0;2020;521730
GO;PIRENOPOLIS;11;1;0;2020;521730
GO;PIRENOPOLIS;12;2;0;2020;521730
GO;PIRENOPOLIS;13;1;0;2020;521730
GO;PIRENOPOLIS;14;2;0;2020;521730
GO;PIRENOPOLIS;19;2;1;2020;521730
GO;PIRENOPOLIS;20;1;1;2020;521730
GO;PIRENOPOLIS;21;1;0;2020;521730
GO;PIRENOPOLIS;22;1;1;2020;521730
GO;PIRENOPOLIS;23;1;1;2020;521730
GO;PIRENOPOLIS;24;1;0;2020;521730
GO;PIRENOPOLIS;25;1;0;2020;521730
GO;PIRENOPOLIS;27;1;0;2020;521730
GO;PIRENOPOLIS;29;1;0;2020;521730
GO;PIRENOPOLIS;30;2;1;2020;521730
GO;PIRENOPOLIS;31;6;3;2020;521730
GO;PIRENOPOLIS;32;1;0;2020;521730
GO;PIRENOPOLIS;33;1;0;2020;521730
GO;PIRENOPOLIS;34;3;1;2020;521730
GO;PIRENOPOLIS;37;1;1;2020;521730
GO;PIRENOPOLIS;38;1;1;2020;521730
GO;PIRENOPOLIS;39;2;0;2020;521730
GO;PIRENOPOLIS;41;2;1;2020;521730
GO;PIRENOPOLIS;43;2;1;2020;521730
GO;PIRENOPOLIS;45;2;0;2020;521730
GO;PIRENOPOLIS;46;1;1;2020;521730
GO;PIRENOPOLIS;48;1;0;2020;521730
GO;PIRENOPOLIS;50;2;1;2020;521730
GO;PIRENOPOLIS;51;1;0;2020;521730
GO;PIRENOPOLIS;52;1;1;2020;521730
GO;PIRES DO RIO;13;1;0;2020;521740
GO;PIRES DO RIO;15;1;1;2020;521740
GO;PIRES DO RIO;18;1;0;2020;521740
GO;PIRES DO RIO;23;1;1;2020;521740
GO;PIRES DO RIO;27;2;1;2020;521740
GO;PIRES DO RIO;33;1;1;2020;521740
GO;PIRES DO RIO;38;1;1;2020;521740
GO;PLANALTINA;11;1;1;2020;521760
GO;PLANALTINA;17;2;0;2020;521760
GO;PLANALTINA;18;2;1;2020;521760
GO;PLANALTINA;19;1;0;2020;521760
GO;PLANALTINA;20;4;3;2020;521760
GO;PLANALTINA;21;1;0;2020;521760
GO;PLANALTINA;22;4;1;2020;521760
GO;PLANALTINA;23;2;1;2020;521760
GO;PLANALTINA;24;5;3;2020;521760
GO;PLANALTINA;25;3;0;2020;521760
GO;PLANALTINA;26;2;1;2020;521760
GO;PLANALTINA;27;4;2;2020;521760
GO;PLANALTINA;28;4;2;2020;521760
GO;PLANALTINA;29;1;0;2020;521760
GO;PLANALTINA;30;3;2;2020;521760
GO;PLANALTINA;31;5;0;2020;521760
GO;PLANALTINA;32;3;2;2020;521760
GO;PLANALTINA;33;4;2;2020;521760
GO;PLANALTINA;35;1;0;2020;521760
GO;PLANALTINA;37;4;2;2020;521760
GO;PLANALTINA;39;4;0;2020;521760
GO;PLANALTINA;41;2;0;2020;521760
GO;PLANALTINA;43;2;0;2020;521760
GO;PLANALTINA;45;1;1;2020;521760
GO;PLANALTINA;47;2;1;2020;521760
GO;PORANGATU;17;1;0;2020;521800
GO;PORANGATU;18;3;0;2020;521800
GO;PORANGATU;19;1;0;2020;521800
GO;PORANGATU;20;1;0;2020;521800
GO;PORANGATU;21;1;1;2020;521800
GO;PORANGATU;22;1;0;2020;521800
GO;PORANGATU;23;1;0;2020;521800
GO;PORANGATU;24;2;0;2020;521800
GO;PORANGATU;25;5;3;2020;521800
GO;PORANGATU;26;2;1;2020;521800
GO;PORANGATU;27;2;1;2020;521800
GO;PORANGATU;28;6;3;2020;521800
GO;PORANGATU;29;5;3;2020;521800
GO;PORANGATU;30;9;6;2020;521800
GO;PORANGATU;31;5;4;2020;521800
GO;PORANGATU;32;8;3;2020;521800
GO;PORANGATU;33;8;4;2020;521800
GO;PORANGATU;34;12;5;2020;521800
GO;PORANGATU;35;11;6;2020;521800
GO;PORANGATU;36;10;3;2020;521800
GO;PORANGATU;37;11;3;2020;521800
GO;PORANGATU;38;4;1;2020;521800
GO;PORANGATU;39;6;3;2020;521800
GO;PORANGATU;40;4;1;2020;521800
GO;PORANGATU;41;6;1;2020;521800
GO;PORANGATU;42;9;3;2020;521800
GO;PORANGATU;43;1;0;2020;521800
GO;PORANGATU;44;2;0;2020;521800
GO;PORANGATU;45;4;1;2020;521800
GO;PORANGATU;46;4;1;2020;521800
GO;PORANGATU;47;10;3;2020;521800
GO;PORANGATU;48;3;0;2020;521800
GO;PORANGATU;49;5;5;2020;521800
GO;PORANGATU;50;6;4;2020;521800
GO;PORANGATU;51;6;1;2020;521800
GO;PORANGATU;52;8;3;2020;521800
GO;PORANGATU;53;9;2;2020;521800
GO;PORTEIRAO;30;1;1;2020;521805
GO;POSSE;18;1;0;2020;521830
GO;POSSE;19;4;2;2020;521830
GO;POSSE;22;1;1;2020;521830
GO;POSSE;25;1;0;2020;521830
GO;POSSE;26;1;0;2020;521830
GO;POSSE;27;1;1;2020;521830
GO;POSSE;29;2;0;2020;521830
GO;POSSE;31;3;2;2020;521830
GO;POSSE;33;1;1;2020;521830
GO;POSSE;34;1;0;2020;521830
GO;POSSE;35;1;0;2020;521830
GO;POSSE;36;1;0;2020;521830
GO;POSSE;37;1;1;2020;521830
GO;POSSE;38;2;0;2020;521830
GO;POSSE;39;2;1;2020;521830
GO;POSSE;40;2;0;2020;521830
GO;QUIRINOPOLIS;10;1;0;2020;521850
GO;QUIRINOPOLIS;11;1;0;2020;521850
GO;QUIRINOPOLIS;12;2;0;2020;521850
GO;QUIRINOPOLIS;13;2;0;2020;521850
GO;QUIRINOPOLIS;14;1;0;2020;521850
GO;QUIRINOPOLIS;15;1;1;2020;521850
GO;QUIRINOPOLIS;17;1;1;2020;521850
GO;QUIRINOPOLIS;18;1;0;2020;521850
GO;QUIRINOPOLIS;19;1;1;2020;521850
GO;QUIRINOPOLIS;20;1;0;2020;521850
GO;QUIRINOPOLIS;21;3;1;2020;521850
GO;QUIRINOPOLIS;22;1;0;2020;521850
GO;QUIRINOPOLIS;23;3;2;2020;521850
GO;QUIRINOPOLIS;25;3;1;2020;521850
GO;QUIRINOPOLIS;26;4;2;2020;521850
GO;QUIRINOPOLIS;27;5;0;2020;521850
GO;QUIRINOPOLIS;28;2;0;2020;521850
GO;QUIRINOPOLIS;29;3;1;2020;521850
GO;QUIRINOPOLIS;30;4;1;2020;521850
GO;QUIRINOPOLIS;31;6;1;2020;521850
GO;QUIRINOPOLIS;32;2;1;2020;521850
GO;QUIRINOPOLIS;33;4;0;2020;521850
GO;QUIRINOPOLIS;34;10;3;2020;521850
GO;QUIRINOPOLIS;35;3;1;2020;521850
GO;QUIRINOPOLIS;36;3;0;2020;521850
GO;QUIRINOPOLIS;37;5;1;2020;521850
GO;QUIRINOPOLIS;38;2;0;2020;521850
GO;QUIRINOPOLIS;39;4;0;2020;521850
GO;QUIRINOPOLIS;40;6;0;2020;521850
GO;QUIRINOPOLIS;41;3;1;2020;521850
GO;QUIRINOPOLIS;43;1;0;2020;521850
GO;QUIRINOPOLIS;44;3;0;2020;521850
GO;QUIRINOPOLIS;45;7;3;2020;521850
GO;QUIRINOPOLIS;46;2;0;2020;521850
GO;QUIRINOPOLIS;47;5;0;2020;521850
GO;QUIRINOPOLIS;48;2;0;2020;521850
GO;QUIRINOPOLIS;49;3;0;2020;521850
GO;QUIRINOPOLIS;51;1;1;2020;521850
GO;QUIRINOPOLIS;52;1;0;2020;521850
GO;QUIRINOPOLIS;53;1;0;2020;521850
GO;RIALMA;30;1;1;2020;521860
GO;RIALMA;31;1;1;2020;521860
GO;RIALMA;35;1;0;2020;521860
GO;RIALMA;36;2;1;2020;521860
GO;RIALMA;38;2;0;2020;521860
GO;RIALMA;39;1;1;2020;521860
GO;RIALMA;52;1;0;2020;521860
GO;RIO VERDE;3;1;1;2020;521880
GO;RIO VERDE;5;1;1;2020;521880
GO;RIO VERDE;9;1;0;2020;521880
GO;RIO VERDE;10;1;1;2020;521880
GO;RIO VERDE;11;5;0;2020;521880
GO;RIO VERDE;12;4;0;2020;521880
GO;RIO VERDE;13;1;0;2020;521880
GO;RIO VERDE;14;4;0;2020;521880
GO;RIO VERDE;15;1;0;2020;521880
GO;RIO VERDE;16;4;0;2020;521880
GO;RIO VERDE;18;3;2;2020;521880
GO;RIO VERDE;19;1;1;2020;521880
GO;RIO VERDE;20;1;1;2020;521880
GO;RIO VERDE;21;5;3;2020;521880
GO;RIO VERDE;22;6;5;2020;521880
GO;RIO VERDE;23;15;13;2020;521880
GO;RIO VERDE;24;15;15;2020;521880
GO;RIO VERDE;25;29;21;2020;521880
GO;RIO VERDE;26;16;10;2020;521880
GO;RIO VERDE;27;17;15;2020;521880
GO;RIO VERDE;28;14;7;2020;521880
GO;RIO VERDE;29;10;5;2020;521880
GO;RIO VERDE;30;9;6;2020;521880
GO;RIO VERDE;31;9;4;2020;521880
GO;RIO VERDE;32;17;10;2020;521880
GO;RIO VERDE;33;27;17;2020;521880
GO;RIO VERDE;34;22;10;2020;521880
GO;RIO VERDE;35;28;7;2020;521880
GO;RIO VERDE;36;23;9;2020;521880
GO;RIO VERDE;37;24;10;2020;521880
GO;RIO VERDE;38;30;11;2020;521880
GO;RIO VERDE;39;27;7;2020;521880
GO;RIO VERDE;40;19;6;2020;521880
GO;RIO VERDE;41;15;7;2020;521880
GO;RIO VERDE;42;10;4;2020;521880
GO;RIO VERDE;43;6;2;2020;521880
GO;RIO VERDE;44;3;0;2020;521880
GO;RIO VERDE;45;4;0;2020;521880
GO;RIO VERDE;47;8;2;2020;521880
GO;RIO VERDE;48;1;1;2020;521880
GO;RIO VERDE;49;7;2;2020;521880
GO;RIO VERDE;50;6;2;2020;521880
GO;RIO VERDE;52;8;1;2020;521880
GO;RIO VERDE;53;12;3;2020;521880
GO;RUBIATABA;18;1;0;2020;521890
GO;RUBIATABA;21;1;1;2020;521890
GO;RUBIATABA;22;1;1;2020;521890
GO;RUBIATABA;33;1;1;2020;521890
GO;RUBIATABA;34;1;1;2020;521890
GO;RUBIATABA;38;1;1;2020;521890
GO;RUBIATABA;39;1;1;2020;521890
GO;SANCLERLANDIA;25;2;2;2020;521900
GO;SANCLERLANDIA;26;3;0;2020;521900
GO;SANCLERLANDIA;27;2;1;2020;521900
GO;SANCLERLANDIA;29;2;1;2020;521900
GO;SANCLERLANDIA;34;3;0;2020;521900
GO;SANCLERLANDIA;35;2;1;2020;521900
GO;SANTA BARBARA DE GOIAS;12;1;0;2020;521910
GO;SANTA BARBARA DE GOIAS;23;1;1;2020;521910
GO;SANTA BARBARA DE GOIAS;33;1;1;2020;521910
GO;SANTA BARBARA DE GOIAS;43;1;1;2020;521910
GO;SANTA CRUZ DE GOIAS;38;1;0;2020;521920
GO;SANTA FE DE GOIAS;41;1;0;2020;521925
GO;SANTA HELENA DE GOIAS;9;1;0;2020;521930
GO;SANTA HELENA DE GOIAS;10;1;0;2020;521930
GO;SANTA HELENA DE GOIAS;12;1;1;2020;521930
GO;SANTA HELENA DE GOIAS;23;1;1;2020;521930
GO;SANTA HELENA DE GOIAS;24;1;1;2020;521930
GO;SANTA HELENA DE GOIAS;26;3;3;2020;521930
GO;SANTA HELENA DE GOIAS;27;4;4;2020;521930
GO;SANTA HELENA DE GOIAS;28;2;1;2020;521930
GO;SANTA HELENA DE GOIAS;29;3;2;2020;521930
GO;SANTA HELENA DE GOIAS;30;1;0;2020;521930
GO;SANTA HELENA DE GOIAS;31;6;3;2020;521930
GO;SANTA HELENA DE GOIAS;32;2;2;2020;521930
GO;SANTA HELENA DE GOIAS;33;2;2;2020;521930
GO;SANTA HELENA DE GOIAS;34;6;5;2020;521930
GO;SANTA HELENA DE GOIAS;35;5;3;2020;521930
GO;SANTA HELENA DE GOIAS;36;9;6;2020;521930
GO;SANTA HELENA DE GOIAS;37;3;2;2020;521930
GO;SANTA HELENA DE GOIAS;38;3;2;2020;521930
GO;SANTA HELENA DE GOIAS;39;3;2;2020;521930
GO;SANTA HELENA DE GOIAS;41;1;1;2020;521930
GO;SANTA HELENA DE GOIAS;43;2;1;2020;521930
GO;SANTA HELENA DE GOIAS;45;1;1;2020;521930
GO;SANTA HELENA DE GOIAS;50;1;0;2020;521930
GO;SANTA HELENA DE GOIAS;52;1;1;2020;521930
GO;SANTA TEREZINHA DE GOIAS;41;1;0;2020;521970
GO;SANTA TEREZINHA DE GOIAS;43;1;0;2020;521970
GO;SANTA TEREZINHA DE GOIAS;50;1;1;2020;521970
GO;SANTA TEREZINHA DE GOIAS;51;1;1;2020;521970
GO;SANTA TEREZINHA DE GOIAS;52;2;2;2020;521970
GO;SANTA TEREZINHA DE GOIAS;53;1;0;2020;521970
GO;SANTO ANTONIO DA BARRA;32;1;1;2020;521971
GO;SANTO ANTONIO DE GOIAS;18;2;0;2020;521973
GO;SANTO ANTONIO DE GOIAS;20;1;1;2020;521973
GO;SANTO ANTONIO DE GOIAS;22;1;0;2020;521973
GO;SANTO ANTONIO DE GOIAS;25;2;0;2020;521973
GO;SANTO ANTONIO DE GOIAS;26;5;1;2020;521973
GO;SANTO ANTONIO DE GOIAS;27;5;2;2020;521973
GO;SANTO ANTONIO DE GOIAS;28;1;0;2020;521973
GO;SANTO ANTONIO DE GOIAS;29;1;0;2020;521973
GO;SANTO ANTONIO DE GOIAS;30;5;0;2020;521973
GO;SANTO ANTONIO DE GOIAS;32;1;0;2020;521973
GO;SANTO ANTONIO DE GOIAS;33;1;0;2020;521973
GO;SANTO ANTONIO DE GOIAS;34;2;0;2020;521973
GO;SANTO ANTONIO DO DESCOBERTO;20;1;1;2020;521975
GO;SANTO ANTONIO DO DESCOBERTO;22;1;1;2020;521975
GO;SANTO ANTONIO DO DESCOBERTO;28;1;1;2020;521975
GO;SANTO ANTONIO DO DESCOBERTO;31;1;1;2020;521975
GO;SAO JOAO D'ALIANCA;20;2;1;2020;522000
GO;SAO JOAO D'ALIANCA;22;1;0;2020;522000
GO;SAO JOAO D'ALIANCA;24;1;0;2020;522000
GO;SAO JOAO D'ALIANCA;28;1;1;2020;522000
GO;SAO JOAO D'ALIANCA;31;1;1;2020;522000
GO;SAO JOAO D'ALIANCA;32;1;1;2020;522000
GO;SAO JOAO D'ALIANCA;34;2;0;2020;522000
GO;SAO JOAO D'ALIANCA;36;1;0;2020;522000
GO;SAO JOAO D'ALIANCA;37;1;1;2020;522000
GO;SAO JOAO D'ALIANCA;38;2;0;2020;522000
GO;SAO JOAO D'ALIANCA;42;1;0;2020;522000
GO;SAO JOAO D'ALIANCA;43;3;1;2020;522000
GO;SAO JOAO D'ALIANCA;45;1;0;2020;522000
GO;SAO JOAO D'ALIANCA;50;2;1;2020;522000
GO;SAO JOAO D'ALIANCA;53;1;0;2020;522000
GO;SAO LUIS DE MONTES BELOS;17;1;0;2020;522010
GO;SAO LUIS DE MONTES BELOS;25;1;1;2020;522010
GO;SAO LUIS DE MONTES BELOS;26;1;0;2020;522010
GO;SAO LUIS DE MONTES BELOS;27;2;1;2020;522010
GO;SAO LUIS DE MONTES BELOS;28;3;0;2020;522010
GO;SAO LUIS DE MONTES BELOS;29;5;1;2020;522010
GO;SAO LUIS DE MONTES BELOS;30;7;1;2020;522010
GO;SAO LUIS DE MONTES BELOS;31;12;4;2020;522010
GO;SAO LUIS DE MONTES BELOS;32;10;2;2020;522010
GO;SAO LUIS DE MONTES BELOS;33;12;3;2020;522010
GO;SAO LUIS DE MONTES BELOS;34;6;2;2020;522010
GO;SAO LUIS DE MONTES BELOS;35;7;2;2020;522010
GO;SAO LUIS DE MONTES BELOS;36;8;3;2020;522010
GO;SAO LUIS DE MONTES BELOS;37;4;1;2020;522010
GO;SAO LUIS DE MONTES BELOS;38;6;1;2020;522010
GO;SAO LUIS DE MONTES BELOS;39;6;0;2020;522010
GO;SAO LUIS DE MONTES BELOS;40;7;3;2020;522010
GO;SAO LUIS DE MONTES BELOS;41;3;0;2020;522010
GO;SAO LUIS DE MONTES BELOS;42;2;1;2020;522010
GO;SAO LUIS DE MONTES BELOS;43;3;0;2020;522010
GO;SAO LUIS DE MONTES BELOS;44;1;0;2020;522010
GO;SAO LUIS DE MONTES BELOS;45;4;1;2020;522010
GO;SAO LUIS DE MONTES BELOS;47;2;1;2020;522010
GO;SAO LUIS DE MONTES BELOS;48;2;0;2020;522010
GO;SAO LUIS DE MONTES BELOS;49;6;1;2020;522010
GO;SAO LUIS DE MONTES BELOS;50;5;3;2020;522010
GO;SAO LUIS DE MONTES BELOS;51;7;2;2020;522010
GO;SAO LUIS DE MONTES BELOS;52;8;2;2020;522010
GO;SAO LUIS DE MONTES BELOS;53;3;0;2020;522010
GO;SAO MIGUEL DO ARAGUAIA;13;1;0;2020;522020
GO;SAO MIGUEL DO ARAGUAIA;18;1;0;2020;522020
GO;SAO MIGUEL DO ARAGUAIA;19;1;0;2020;522020
GO;SAO MIGUEL DO ARAGUAIA;21;1;0;2020;522020
GO;SAO MIGUEL DO ARAGUAIA;25;1;0;2020;522020
GO;SAO MIGUEL DO ARAGUAIA;26;2;0;2020;522020
GO;SAO MIGUEL DO ARAGUAIA;27;2;0;2020;522020
GO;SAO MIGUEL DO ARAGUAIA;28;1;1;2020;522020
GO;SAO MIGUEL DO ARAGUAIA;29;2;1;2020;522020
GO;SAO MIGUEL DO ARAGUAIA;30;1;0;2020;522020
GO;SAO MIGUEL DO ARAGUAIA;32;2;0;2020;522020
GO;SAO MIGUEL DO ARAGUAIA;33;1;0;2020;522020
GO;SAO MIGUEL DO ARAGUAIA;34;1;0;2020;522020
GO;SAO MIGUEL DO ARAGUAIA;36;1;0;2020;522020
GO;SAO MIGUEL DO ARAGUAIA;38;3;2;2020;522020
GO;SAO MIGUEL DO ARAGUAIA;40;1;0;2020;522020
GO;SAO MIGUEL DO ARAGUAIA;44;1;0;2020;522020
GO;SAO MIGUEL DO ARAGUAIA;45;1;0;2020;522020
GO;SAO MIGUEL DO ARAGUAIA;46;1;0;2020;522020
GO;SAO MIGUEL DO ARAGUAIA;50;2;0;2020;522020
GO;SAO MIGUEL DO ARAGUAIA;52;3;1;2020;522020
GO;SAO SIMAO;11;1;0;2020;522040
GO;SAO SIMAO;12;2;0;2020;522040
GO;SAO SIMAO;18;2;0;2020;522040
GO;SAO SIMAO;21;3;0;2020;522040
GO;SAO SIMAO;22;2;1;2020;522040
GO;SAO SIMAO;23;5;0;2020;522040
GO;SAO SIMAO;24;3;1;2020;522040
GO;SAO SIMAO;25;7;2;2020;522040
GO;SAO SIMAO;26;4;0;2020;522040
GO;SAO SIMAO;27;6;0;2020;522040
GO;SAO SIMAO;29;3;1;2020;522040
GO;SAO SIMAO;30;2;0;2020;522040
GO;SAO SIMAO;31;3;0;2020;522040
GO;SAO SIMAO;32;5;0;2020;522040
GO;SAO SIMAO;33;2;0;2020;522040
GO;SAO SIMAO;34;6;1;2020;522040
GO;SAO SIMAO;35;3;0;2020;522040
GO;SAO SIMAO;36;3;0;2020;522040
GO;SAO SIMAO;37;1;1;2020;522040
GO;SAO SIMAO;38;5;0;2020;522040
GO;SAO SIMAO;39;2;1;2020;522040
GO;SAO SIMAO;41;7;0;2020;522040
GO;SAO SIMAO;42;3;1;2020;522040
GO;SAO SIMAO;43;2;0;2020;522040
GO;SAO SIMAO;45;5;0;2020;522040
GO;SAO SIMAO;46;2;0;2020;522040
GO;SAO SIMAO;47;2;0;2020;522040
GO;SAO SIMAO;48;2;0;2020;522040
GO;SAO SIMAO;50;3;0;2020;522040
GO;SAO SIMAO;53;4;0;2020;522040
GO;SENADOR CANEDO;3;1;0;2020;522045
GO;SENADOR CANEDO;23;1;1;2020;522045
GO;SENADOR CANEDO;25;1;1;2020;522045
GO;SENADOR CANEDO;26;1;1;2020;522045
GO;SENADOR CANEDO;27;6;6;2020;522045
GO;SENADOR CANEDO;28;9;9;2020;522045
GO;SENADOR CANEDO;30;3;3;2020;522045
GO;SENADOR CANEDO;31;2;2;2020;522045
GO;SENADOR CANEDO;32;3;3;2020;522045
GO;SENADOR CANEDO;33;2;2;2020;522045
GO;SENADOR CANEDO;34;2;2;2020;522045
GO;SENADOR CANEDO;36;2;2;2020;522045
GO;SENADOR CANEDO;38;1;1;2020;522045
GO;SENADOR CANEDO;42;1;0;2020;522045
GO;SERRANOPOLIS;11;1;0;2020;522050
GO;SERRANOPOLIS;25;1;0;2020;522050
GO;SERRANOPOLIS;35;1;0;2020;522050
GO;SERRANOPOLIS;37;1;0;2020;522050
GO;SERRANOPOLIS;51;1;0;2020;522050
GO;SILVANIA;17;1;0;2020;522060
GO;SILVANIA;26;1;0;2020;522060
GO;SILVANIA;29;1;0;2020;522060
GO;SILVANIA;32;1;0;2020;522060
GO;SILVANIA;34;1;0;2020;522060
GO;SIMOLANDIA;25;1;1;2020;522068
GO;TAQUARAL DE GOIAS;18;1;0;2020;522100
GO;TAQUARAL DE GOIAS;20;1;0;2020;522100
GO;TAQUARAL DE GOIAS;23;1;0;2020;522100
GO;TAQUARAL DE GOIAS;25;1;0;2020;522100
GO;TAQUARAL DE GOIAS;26;1;0;2020;522100
GO;TAQUARAL DE GOIAS;27;2;1;2020;522100
GO;TAQUARAL DE GOIAS;28;1;0;2020;522100
GO;TAQUARAL DE GOIAS;29;5;0;2020;522100
GO;TAQUARAL DE GOIAS;30;2;0;2020;522100
GO;TAQUARAL DE GOIAS;31;1;0;2020;522100
GO;TAQUARAL DE GOIAS;37;1;0;2020;522100
GO;TAQUARAL DE GOIAS;41;1;0;2020;522100
GO;TAQUARAL DE GOIAS;42;2;0;2020;522100
GO;TAQUARAL DE GOIAS;43;1;0;2020;522100
GO;TAQUARAL DE GOIAS;48;1;0;2020;522100
GO;TAQUARAL DE GOIAS;50;2;0;2020;522100
GO;TRINDADE;8;2;0;2020;522140
GO;TRINDADE;11;3;0;2020;522140
GO;TRINDADE;12;6;1;2020;522140
GO;TRINDADE;13;4;2;2020;522140
GO;TRINDADE;14;9;3;2020;522140
GO;TRINDADE;15;2;0;2020;522140
GO;TRINDADE;16;7;1;2020;522140
GO;TRINDADE;17;6;1;2020;522140
GO;TRINDADE;18;7;1;2020;522140
GO;TRINDADE;19;8;0;2020;522140
GO;TRINDADE;20;12;4;2020;522140
GO;TRINDADE;21;2;0;2020;522140
GO;TRINDADE;22;4;0;2020;522140
GO;TRINDADE;23;18;5;2020;522140
GO;TRINDADE;24;23;4;2020;522140
GO;TRINDADE;25;24;5;2020;522140
GO;TRINDADE;26;24;7;2020;522140
GO;TRINDADE;27;31;14;2020;522140
GO;TRINDADE;28;23;6;2020;522140
GO;TRINDADE;29;17;6;2020;522140
GO;TRINDADE;30;24;6;2020;522140
GO;TRINDADE;31;23;5;2020;522140
GO;TRINDADE;32;14;8;2020;522140
GO;TRINDADE;33;22;6;2020;522140
GO;TRINDADE;34;19;9;2020;522140
GO;TRINDADE;35;10;5;2020;522140
GO;TRINDADE;36;9;3;2020;522140
GO;TRINDADE;37;13;6;2020;522140
GO;TRINDADE;38;9;1;2020;522140
GO;TRINDADE;39;10;3;2020;522140
GO;TRINDADE;40;12;2;2020;522140
GO;TRINDADE;41;11;4;2020;522140
GO;TRINDADE;42;8;1;2020;522140
GO;TRINDADE;43;1;0;2020;522140
GO;TRINDADE;44;7;1;2020;522140
GO;TRINDADE;45;3;2;2020;522140
GO;TRINDADE;46;3;1;2020;522140
GO;TRINDADE;47;4;1;2020;522140
GO;TRINDADE;48;3;0;2020;522140
GO;TRINDADE;49;3;2;2020;522140
GO;TRINDADE;51;2;1;2020;522140
GO;TRINDADE;52;3;1;2020;522140
GO;TRINDADE;53;5;2;2020;522140
GO;TURVANIA;25;1;0;2020;522150
GO;TURVANIA;27;1;0;2020;522150
GO;TURVANIA;28;4;3;2020;522150
GO;TURVANIA;31;3;2;2020;522150
GO;TURVANIA;34;1;1;2020;522150
GO;TURVANIA;48;1;0;2020;522150
GO;TURVANIA;50;1;0;2020;522150
GO;TURVANIA;52;1;1;2020;522150
GO;TURVELANDIA;26;1;1;2020;522155
GO;URUACU;11;1;1;2020;522160
GO;URUACU;14;2;1;2020;522160
GO;URUACU;15;3;1;2020;522160
GO;URUACU;16;1;0;2020;522160
GO;URUACU;17;1;0;2020;522160
GO;URUACU;18;2;0;2020;522160
GO;URUACU;19;2;0;2020;522160
GO;URUACU;20;3;1;2020;522160
GO;URUACU;21;3;1;2020;522160
GO;URUACU;22;1;0;2020;522160
GO;URUACU;23;1;0;2020;522160
GO;URUACU;24;2;1;2020;522160
GO;URUACU;25;3;1;2020;522160
GO;URUACU;27;3;1;2020;522160
GO;URUACU;28;2;0;2020;522160
GO;URUACU;29;1;1;2020;522160
GO;URUACU;30;2;0;2020;522160
GO;URUACU;31;3;0;2020;522160
GO;URUACU;32;2;0;2020;522160
GO;URUACU;33;3;2;2020;522160
GO;URUACU;34;2;0;2020;522160
GO;URUACU;35;2;0;2020;522160
GO;URUACU;36;1;1;2020;522160
GO;URUACU;37;1;1;2020;522160
GO;URUACU;38;2;0;2020;522160
GO;URUACU;39;2;1;2020;522160
GO;URUACU;40;2;1;2020;522160
GO;URUACU;41;1;0;2020;522160
GO;URUACU;42;2;1;2020;522160
GO;URUACU;43;1;0;2020;522160
GO;URUACU;44;1;0;2020;522160
GO;URUACU;47;1;0;2020;522160
GO;URUACU;48;1;0;2020;522160
GO;URUACU;50;1;0;2020;522160
GO;URUACU;52;3;1;2020;522160
GO;URUACU;53;1;1;2020;522160
GO;VALPARAISO DE GOIAS;5;1;1;2020;522185
GO;VALPARAISO DE GOIAS;13;1;1;2020;522185
GO;VALPARAISO DE GOIAS;14;1;0;2020;522185
GO;VALPARAISO DE GOIAS;15;3;0;2020;522185
GO;VALPARAISO DE GOIAS;17;2;0;2020;522185
GO;VALPARAISO DE GOIAS;18;9;2;2020;522185
GO;VALPARAISO DE GOIAS;19;10;3;2020;522185
GO;VALPARAISO DE GOIAS;20;7;2;2020;522185
GO;VALPARAISO DE GOIAS;21;2;1;2020;522185
GO;VALPARAISO DE GOIAS;22;7;3;2020;522185
GO;VALPARAISO DE GOIAS;23;7;1;2020;522185
GO;VALPARAISO DE GOIAS;24;10;2;2020;522185
GO;VALPARAISO DE GOIAS;25;13;6;2020;522185
GO;VALPARAISO DE GOIAS;26;6;1;2020;522185
GO;VALPARAISO DE GOIAS;27;12;4;2020;522185
GO;VALPARAISO DE GOIAS;28;8;4;2020;522185
GO;VALPARAISO DE GOIAS;29;11;3;2020;522185
GO;VALPARAISO DE GOIAS;30;5;1;2020;522185
GO;VALPARAISO DE GOIAS;31;8;2;2020;522185
GO;VALPARAISO DE GOIAS;32;3;0;2020;522185
GO;VALPARAISO DE GOIAS;33;4;0;2020;522185
GO;VALPARAISO DE GOIAS;34;5;2;2020;522185
GO;VALPARAISO DE GOIAS;35;3;0;2020;522185
GO;VALPARAISO DE GOIAS;36;1;0;2020;522185
GO;VALPARAISO DE GOIAS;37;3;1;2020;522185
GO;VALPARAISO DE GOIAS;38;4;0;2020;522185
GO;VALPARAISO DE GOIAS;39;4;0;2020;522185
GO;VALPARAISO DE GOIAS;40;1;0;2020;522185
GO;VALPARAISO DE GOIAS;41;8;1;2020;522185
GO;VALPARAISO DE GOIAS;42;1;0;2020;522185
GO;VALPARAISO DE GOIAS;44;2;0;2020;522185
GO;VALPARAISO DE GOIAS;45;1;0;2020;522185
GO;VALPARAISO DE GOIAS;47;2;0;2020;522185
GO;VALPARAISO DE GOIAS;48;1;0;2020;522185
GO;VALPARAISO DE GOIAS;49;1;0;2020;522185
GO;VALPARAISO DE GOIAS;50;1;0;2020;522185
GO;VALPARAISO DE GOIAS;51;1;0;2020;522185
GO;VALPARAISO DE GOIAS;52;2;1;2020;522185
GO;VIANOPOLIS;12;2;0;2020;522200
GO;VIANOPOLIS;16;1;0;2020;522200
GO;VIANOPOLIS;19;1;0;2020;522200
GO;VIANOPOLIS;23;2;0;2020;522200
GO;VIANOPOLIS;27;1;0;2020;522200
GO;VIANOPOLIS;34;1;0;2020;522200
GO;ABADIA DE GOIAS;6;1;1;2021;520005
GO;ABADIA DE GOIAS;23;1;1;2021;520005
GO;ABADIA DE GOIAS;26;1;1;2021;520005
GO;ABADIANIA;1;1;1;2021;520010
GO;ABADIANIA;8;1;1;2021;520010
GO;ACREUNA;1;1;0;2021;520013
GO;ACREUNA;5;2;0;2021;520013
GO;ACREUNA;7;2;0;2021;520013
GO;ACREUNA;10;1;0;2021;520013
GO;ACREUNA;11;2;2;2021;520013
GO;ACREUNA;12;1;0;2021;520013
GO;ACREUNA;14;2;2;2021;520013
GO;ACREUNA;16;2;0;2021;520013
GO;ACREUNA;18;1;0;2021;520013
GO;ACREUNA;20;1;1;2021;520013
GO;ACREUNA;21;1;0;2021;520013
GO;ACREUNA;22;4;0;2021;520013
GO;ACREUNA;24;1;0;2021;520013
GO;ACREUNA;26;2;1;2021;520013
GO;ACREUNA;27;2;0;2021;520013
GO;ACREUNA;28;2;0;2021;520013
GO;ACREUNA;29;1;0;2021;520013
GO;ACREUNA;30;2;0;2021;520013
GO;ACREUNA;31;1;0;2021;520013
GO;ACREUNA;33;1;0;2021;520013
GO;ACREUNA;35;2;0;2021;520013
GO;ACREUNA;36;1;0;2021;520013
GO;ACREUNA;37;1;1;2021;520013
GO;ACREUNA;40;1;0;2021;520013
GO;ACREUNA;43;3;0;2021;520013
GO;ACREUNA;44;2;0;2021;520013
GO;ACREUNA;45;1;0;2021;520013
GO;ACREUNA;46;1;0;2021;520013
GO;ACREUNA;50;1;0;2021;520013
GO;ACREUNA;51;1;0;2021;520013
GO;ACREUNA;52;1;1;2021;520013
GO;AGUA FRIA DE GOIAS;10;1;1;2021;520017
GO;AGUAS LINDAS DE GOIAS;2;1;1;2021;520025
GO;AGUAS LINDAS DE GOIAS;3;1;0;2021;520025
GO;AGUAS LINDAS DE GOIAS;5;1;0;2021;520025
GO;AGUAS LINDAS DE GOIAS;7;1;0;2021;520025
GO;AGUAS LINDAS DE GOIAS;8;3;2;2021;520025
GO;AGUAS LINDAS DE GOIAS;9;12;10;2021;520025
GO;AGUAS LINDAS DE GOIAS;10;8;7;2021;520025
GO;AGUAS LINDAS DE GOIAS;11;9;5;2021;520025
GO;AGUAS LINDAS DE GOIAS;12;12;7;2021;520025
GO;AGUAS LINDAS DE GOIAS;13;8;3;2021;520025
GO;AGUAS LINDAS DE GOIAS;14;2;0;2021;520025
GO;AGUAS LINDAS DE GOIAS;15;3;0;2021;520025
GO;AGUAS LINDAS DE GOIAS;16;5;1;2021;520025
GO;AGUAS LINDAS DE GOIAS;17;3;1;2021;520025
GO;AGUAS LINDAS DE GOIAS;18;1;1;2021;520025
GO;AGUAS LINDAS DE GOIAS;19;2;0;2021;520025
GO;AGUAS LINDAS DE GOIAS;20;5;1;2021;520025
GO;AGUAS LINDAS DE GOIAS;21;6;3;2021;520025
GO;AGUAS LINDAS DE GOIAS;22;2;1;2021;520025
GO;AGUAS LINDAS DE GOIAS;23;1;0;2021;520025
GO;AGUAS LINDAS DE GOIAS;25;1;0;2021;520025
GO;AGUAS LINDAS DE GOIAS;27;2;0;2021;520025
GO;AGUAS LINDAS DE GOIAS;31;1;1;2021;520025
GO;AGUAS LINDAS DE GOIAS;34;1;1;2021;520025
GO;AGUAS LINDAS DE GOIAS;40;2;2;2021;520025
GO;AGUAS LINDAS DE GOIAS;42;1;1;2021;520025
GO;AGUAS LINDAS DE GOIAS;45;1;1;2021;520025
GO;AGUAS LINDAS DE GOIAS;46;1;1;2021;520025
GO;AGUAS LINDAS DE GOIAS;48;2;1;2021;520025
GO;ALEXANIA;4;1;0;2021;520030
GO;ALEXANIA;5;1;0;2021;520030
GO;ALEXANIA;6;2;0;2021;520030
GO;ALEXANIA;7;5;2;2021;520030
GO;ALEXANIA;8;3;1;2021;520030
GO;ALEXANIA;9;12;8;2021;520030
GO;ALEXANIA;10;7;4;2021;520030
GO;ALEXANIA;11;14;5;2021;520030
GO;ALEXANIA;12;6;2;2021;520030
GO;ALEXANIA;13;4;0;2021;520030
GO;ALEXANIA;14;3;0;2021;520030
GO;ALEXANIA;15;3;1;2021;520030
GO;ALEXANIA;16;4;1;2021;520030
GO;ALEXANIA;17;4;0;2021;520030
GO;ALEXANIA;18;3;0;2021;520030
GO;ALEXANIA;19;7;2;2021;520030
GO;ALEXANIA;20;2;0;2021;520030
GO;ALEXANIA;21;4;0;2021;520030
GO;ALEXANIA;22;1;0;2021;520030
GO;ALEXANIA;23;1;0;2021;520030
GO;ALEXANIA;24;2;0;2021;520030
GO;ALEXANIA;25;3;0;2021;520030
GO;ALEXANIA;27;1;0;2021;520030
GO;ALEXANIA;28;2;0;2021;520030
GO;ALEXANIA;29;1;0;2021;520030
GO;ALEXANIA;30;1;0;2021;520030
GO;ALEXANIA;31;1;0;2021;520030
GO;ALEXANIA;32;1;0;2021;520030
GO;ALEXANIA;34;2;0;2021;520030
GO;ALEXANIA;35;1;0;2021;520030
GO;ALEXANIA;37;1;0;2021;520030
GO;ALEXANIA;38;1;0;2021;520030
GO;ALEXANIA;39;2;0;2021;520030
GO;ALEXANIA;40;1;1;2021;520030
GO;ALEXANIA;41;1;0;2021;520030
GO;ALEXANIA;42;1;0;2021;520030
GO;ALEXANIA;43;3;0;2021;520030
GO;ALEXANIA;44;1;0;2021;520030
GO;ALEXANIA;47;1;0;2021;520030
GO;ALTO HORIZONTE;18;1;0;2021;520055
GO;ALTO HORIZONTE;19;1;0;2021;520055
GO;ALTO HORIZONTE;52;1;1;2021;520055
GO;ALTO PARAISO DE GOIAS;9;1;0;2021;520060
GO;ALTO PARAISO DE GOIAS;12;1;0;2021;520060
GO;ALTO PARAISO DE GOIAS;23;1;0;2021;520060
GO;ALTO PARAISO DE GOIAS;25;1;0;2021;520060
GO;ALTO PARAISO DE GOIAS;26;1;0;2021;520060
GO;ALTO PARAISO DE GOIAS;36;1;0;2021;520060
GO;AMERICANO DO BRASIL;7;1;1;2021;520085
GO;AMERICANO DO BRASIL;8;1;1;2021;520085
GO;AMERICANO DO BRASIL;10;1;1;2021;520085
GO;AMERICANO DO BRASIL;12;1;1;2021;520085
GO;AMERICANO DO BRASIL;13;1;1;2021;520085
GO;AMERICANO DO BRASIL;15;1;0;2021;520085
GO;AMERICANO DO BRASIL;19;1;1;2021;520085
GO;AMERICANO DO BRASIL;22;1;1;2021;520085
GO;AMERICANO DO BRASIL;28;1;1;2021;520085
GO;AMERICANO DO BRASIL;29;5;0;2021;520085
GO;AMERICANO DO BRASIL;34;1;0;2021;520085
GO;AMORINOPOLIS;10;1;1;2021;520090
GO;AMORINOPOLIS;22;1;0;2021;520090
GO;AMORINOPOLIS;33;1;1;2021;520090
GO;ANAPOLIS;1;56;20;2021;520110
GO;ANAPOLIS;2;52;15;2021;520110
GO;ANAPOLIS;3;51;17;2021;520110
GO;ANAPOLIS;4;61;14;2021;520110
GO;ANAPOLIS;5;47;19;2021;520110
GO;ANAPOLIS;6;52;21;2021;520110
GO;ANAPOLIS;7;88;46;2021;520110
GO;ANAPOLIS;8;111;63;2021;520110
GO;ANAPOLIS;9;160;87;2021;520110
GO;ANAPOLIS;10;128;68;2021;520110
GO;ANAPOLIS;11;131;61;2021;520110
GO;ANAPOLIS;12;75;43;2021;520110
GO;ANAPOLIS;13;94;51;2021;520110
GO;ANAPOLIS;14;82;37;2021;520110
GO;ANAPOLIS;15;65;36;2021;520110
GO;ANAPOLIS;16;48;27;2021;520110
GO;ANAPOLIS;17;55;22;2021;520110
GO;ANAPOLIS;18;76;23;2021;520110
GO;ANAPOLIS;19;79;30;2021;520110
GO;ANAPOLIS;20;103;27;2021;520110
GO;ANAPOLIS;21;112;37;2021;520110
GO;ANAPOLIS;22;90;26;2021;520110
GO;ANAPOLIS;23;111;31;2021;520110
GO;ANAPOLIS;24;125;28;2021;520110
GO;ANAPOLIS;25;106;25;2021;520110
GO;ANAPOLIS;26;103;23;2021;520110
GO;ANAPOLIS;27;107;29;2021;520110
GO;ANAPOLIS;28;95;30;2021;520110
GO;ANAPOLIS;29;90;25;2021;520110
GO;ANAPOLIS;30;60;21;2021;520110
GO;ANAPOLIS;31;63;17;2021;520110
GO;ANAPOLIS;32;31;10;2021;520110
GO;ANAPOLIS;33;45;9;2021;520110
GO;ANAPOLIS;34;23;5;2021;520110
GO;ANAPOLIS;35;20;4;2021;520110
GO;ANAPOLIS;36;7;2;2021;520110
GO;ANAPOLIS;37;13;3;2021;520110
GO;ANAPOLIS;38;12;4;2021;520110
GO;ANAPOLIS;39;15;8;2021;520110
GO;ANAPOLIS;40;17;3;2021;520110
GO;ANAPOLIS;41;14;3;2021;520110
GO;ANAPOLIS;42;10;4;2021;520110
GO;ANAPOLIS;43;2;0;2021;520110
GO;ANAPOLIS;44;11;3;2021;520110
GO;ANAPOLIS;45;6;1;2021;520110
GO;ANAPOLIS;46;16;6;2021;520110
GO;ANAPOLIS;47;12;3;2021;520110
GO;ANAPOLIS;48;6;1;2021;520110
GO;ANAPOLIS;49;3;0;2021;520110
GO;ANAPOLIS;50;4;0;2021;520110
GO;ANAPOLIS;51;16;4;2021;520110
GO;ANAPOLIS;52;19;5;2021;520110
GO;ANICUNS;3;1;1;2021;520130
GO;ANICUNS;7;2;2;2021;520130
GO;ANICUNS;9;6;6;2021;520130
GO;ANICUNS;10;2;2;2021;520130
GO;ANICUNS;11;2;2;2021;520130
GO;ANICUNS;12;1;1;2021;520130
GO;ANICUNS;20;1;1;2021;520130
GO;ANICUNS;24;1;1;2021;520130
GO;ANICUNS;27;1;1;2021;520130
GO;ANICUNS;28;2;2;2021;520130
GO;ANICUNS;37;1;1;2021;520130
GO;APARECIDA DE GOIANIA;1;48;12;2021;520140
GO;APARECIDA DE GOIANIA;2;50;16;2021;520140
GO;APARECIDA DE GOIANIA;3;56;15;2021;520140
GO;APARECIDA DE GOIANIA;4;63;20;2021;520140
GO;APARECIDA DE GOIANIA;5;82;23;2021;520140
GO;APARECIDA DE GOIANIA;6;106;39;2021;520140
GO;APARECIDA DE GOIANIA;7;144;54;2021;520140
GO;APARECIDA DE GOIANIA;8;122;48;2021;520140
GO;APARECIDA DE GOIANIA;9;179;77;2021;520140
GO;APARECIDA DE GOIANIA;10;140;73;2021;520140
GO;APARECIDA DE GOIANIA;11;114;45;2021;520140
GO;APARECIDA DE GOIANIA;12;103;35;2021;520140
GO;APARECIDA DE GOIANIA;13;110;34;2021;520140
GO;APARECIDA DE GOIANIA;14;99;26;2021;520140
GO;APARECIDA DE GOIANIA;15;50;8;2021;520140
GO;APARECIDA DE GOIANIA;16;66;20;2021;520140
GO;APARECIDA DE GOIANIA;17;69;19;2021;520140
GO;APARECIDA DE GOIANIA;18;58;13;2021;520140
GO;APARECIDA DE GOIANIA;19;87;27;2021;520140
GO;APARECIDA DE GOIANIA;20;112;21;2021;520140
GO;APARECIDA DE GOIANIA;21;86;20;2021;520140
GO;APARECIDA DE GOIANIA;22;105;23;2021;520140
GO;APARECIDA DE GOIANIA;23;94;26;2021;520140
GO;APARECIDA DE GOIANIA;24;76;16;2021;520140
GO;APARECIDA DE GOIANIA;25;71;11;2021;520140
GO;APARECIDA DE GOIANIA;26;97;20;2021;520140
GO;APARECIDA DE GOIANIA;27;102;21;2021;520140
GO;APARECIDA DE GOIANIA;28;87;23;2021;520140
GO;APARECIDA DE GOIANIA;29;92;14;2021;520140
GO;APARECIDA DE GOIANIA;30;70;14;2021;520140
GO;APARECIDA DE GOIANIA;31;64;14;2021;520140
GO;APARECIDA DE GOIANIA;32;41;14;2021;520140
GO;APARECIDA DE GOIANIA;33;42;13;2021;520140
GO;APARECIDA DE GOIANIA;34;36;10;2021;520140
GO;APARECIDA DE GOIANIA;35;38;10;2021;520140
GO;APARECIDA DE GOIANIA;36;32;5;2021;520140
GO;APARECIDA DE GOIANIA;37;30;4;2021;520140
GO;APARECIDA DE GOIANIA;38;28;7;2021;520140
GO;APARECIDA DE GOIANIA;39;20;6;2021;520140
GO;APARECIDA DE GOIANIA;40;14;4;2021;520140
GO;APARECIDA DE GOIANIA;41;9;2;2021;520140
GO;APARECIDA DE GOIANIA;42;12;6;2021;520140
GO;APARECIDA DE GOIANIA;43;15;4;2021;520140
GO;APARECIDA DE GOIANIA;44;10;1;2021;520140
GO;APARECIDA DE GOIANIA;45;11;2;2021;520140
GO;APARECIDA DE GOIANIA;46;11;0;2021;520140
GO;APARECIDA DE GOIANIA;47;10;1;2021;520140
GO;APARECIDA DE GOIANIA;48;12;3;2021;520140
GO;APARECIDA DE GOIANIA;49;11;2;2021;520140
GO;APARECIDA DE GOIANIA;50;13;1;2021;520140
GO;APARECIDA DE GOIANIA;51;26;8;2021;520140
GO;APARECIDA DE GOIANIA;52;47;9;2021;520140
GO;APORE;2;1;0;2021;520150
GO;APORE;3;1;0;2021;520150
GO;APORE;5;1;1;2021;520150
GO;APORE;12;2;1;2021;520150
GO;APORE;14;1;1;2021;520150
GO;APORE;16;1;0;2021;520150
GO;APORE;17;1;0;2021;520150
GO;APORE;19;1;0;2021;520150
GO;APORE;21;2;1;2021;520150
GO;APORE;25;2;0;2021;520150
GO;APORE;29;1;0;2021;520150
GO;APORE;30;2;0;2021;520150
GO;APORE;32;1;0;2021;520150
GO;ARAGARCAS;1;4;1;2021;520170
GO;ARAGARCAS;2;5;0;2021;520170
GO;ARAGARCAS;3;1;0;2021;520170
GO;ARAGARCAS;4;4;1;2021;520170
GO;ARAGARCAS;5;3;0;2021;520170
GO;ARAGARCAS;6;2;1;2021;520170
GO;ARAGARCAS;7;1;0;2021;520170
GO;ARAGARCAS;8;2;1;2021;520170
GO;ARAGARCAS;9;10;3;2021;520170
GO;ARAGARCAS;10;2;1;2021;520170
GO;ARAGARCAS;11;4;1;2021;520170
GO;ARAGARCAS;12;2;1;2021;520170
GO;ARAGARCAS;13;3;2;2021;520170
GO;ARAGARCAS;14;1;0;2021;520170
GO;ARAGARCAS;15;2;1;2021;520170
GO;ARAGARCAS;16;2;0;2021;520170
GO;ARAGARCAS;17;4;3;2021;520170
GO;ARAGARCAS;18;2;0;2021;520170
GO;ARAGARCAS;19;7;0;2021;520170
GO;ARAGARCAS;20;2;1;2021;520170
GO;ARAGARCAS;21;1;0;2021;520170
GO;ARAGARCAS;22;4;1;2021;520170
GO;ARAGARCAS;23;5;0;2021;520170
GO;ARAGARCAS;24;5;1;2021;520170
GO;ARAGARCAS;26;1;1;2021;520170
GO;ARAGARCAS;27;1;1;2021;520170
GO;ARAGARCAS;29;1;0;2021;520170
GO;ARAGARCAS;30;2;0;2021;520170
GO;ARAGARCAS;31;2;0;2021;520170
GO;ARAGARCAS;32;1;0;2021;520170
GO;ARAGARCAS;33;1;1;2021;520170
GO;ARAGARCAS;34;1;0;2021;520170
GO;ARAGARCAS;36;1;0;2021;520170
GO;ARAGARCAS;38;1;1;2021;520170
GO;ARAGOIANIA;7;1;1;2021;520180
GO;ARAGUAPAZ;7;1;1;2021;520215
GO;ARAGUAPAZ;9;2;2;2021;520215
GO;ARAGUAPAZ;10;1;1;2021;520215
GO;ARAGUAPAZ;28;2;2;2021;520215
GO;ARENOPOLIS;8;1;1;2021;520235
GO;ARUANA;10;1;1;2021;520250
GO;ARUANA;12;1;1;2021;520250
GO;ARUANA;13;1;1;2021;520250
GO;ARUANA;16;1;0;2021;520250
GO;ARUANA;17;3;0;2021;520250
GO;ARUANA;23;2;1;2021;520250
GO;ARUANA;24;1;0;2021;520250
GO;ARUANA;25;1;0;2021;520250
GO;ARUANA;28;1;1;2021;520250
GO;ARUANA;29;2;1;2021;520250
GO;ARUANA;30;1;0;2021;520250
GO;ARUANA;31;1;1;2021;520250
GO;ARUANA;32;2;0;2021;520250
GO;ARUANA;47;1;0;2021;520250
GO;AURILANDIA;29;1;1;2021;520260
GO;AVELINOPOLIS;9;1;1;2021;520280
GO;AVELINOPOLIS;10;1;0;2021;520280
GO;BARRO ALTO;5;2;0;2021;520320
GO;BELA VISTA DE GOIAS;3;1;0;2021;520330
GO;BELA VISTA DE GOIAS;4;1;0;2021;520330
GO;BELA VISTA DE GOIAS;5;6;1;2021;520330
GO;BELA VISTA DE GOIAS;6;3;1;2021;520330
GO;BELA VISTA DE GOIAS;7;3;2;2021;520330
GO;BELA VISTA DE GOIAS;8;8;0;2021;520330
GO;BELA VISTA DE GOIAS;9;9;4;2021;520330
GO;BELA VISTA DE GOIAS;10;11;0;2021;520330
GO;BELA VISTA DE GOIAS;11;6;2;2021;520330
GO;BELA VISTA DE GOIAS;12;3;0;2021;520330
GO;BELA VISTA DE GOIAS;13;3;1;2021;520330
GO;BELA VISTA DE GOIAS;14;2;0;2021;520330
GO;BELA VISTA DE GOIAS;15;6;1;2021;520330
GO;BELA VISTA DE GOIAS;16;3;0;2021;520330
GO;BELA VISTA DE GOIAS;17;5;2;2021;520330
GO;BELA VISTA DE GOIAS;18;4;1;2021;520330
GO;BELA VISTA DE GOIAS;19;9;2;2021;520330
GO;BELA VISTA DE GOIAS;20;5;3;2021;520330
GO;BELA VISTA DE GOIAS;21;1;1;2021;520330
GO;BELA VISTA DE GOIAS;22;4;1;2021;520330
GO;BELA VISTA DE GOIAS;23;10;2;2021;520330
GO;BELA VISTA DE GOIAS;24;8;1;2021;520330
GO;BELA VISTA DE GOIAS;25;4;1;2021;520330
GO;BELA VISTA DE GOIAS;26;3;0;2021;520330
GO;BELA VISTA DE GOIAS;27;6;0;2021;520330
GO;BELA VISTA DE GOIAS;28;2;0;2021;520330
GO;BELA VISTA DE GOIAS;29;4;0;2021;520330
GO;BELA VISTA DE GOIAS;30;1;0;2021;520330
GO;BELA VISTA DE GOIAS;31;2;0;2021;520330
GO;BELA VISTA DE GOIAS;32;2;0;2021;520330
GO;BELA VISTA DE GOIAS;33;8;0;2021;520330
GO;BELA VISTA DE GOIAS;34;2;0;2021;520330
GO;BELA VISTA DE GOIAS;38;1;0;2021;520330
GO;BELA VISTA DE GOIAS;51;1;0;2021;520330
GO;BELA VISTA DE GOIAS;52;7;1;2021;520330
GO;BOM JARDIM DE GOIAS;7;2;2;2021;520340
GO;BOM JARDIM DE GOIAS;8;4;4;2021;520340
GO;BOM JARDIM DE GOIAS;9;1;1;2021;520340
GO;BOM JARDIM DE GOIAS;16;1;1;2021;520340
GO;BOM JARDIM DE GOIAS;18;1;1;2021;520340
GO;BOM JARDIM DE GOIAS;19;1;1;2021;520340
GO;BOM JARDIM DE GOIAS;25;1;1;2021;520340
GO;BOM JARDIM DE GOIAS;26;1;1;2021;520340
GO;BOM JARDIM DE GOIAS;27;1;1;2021;520340
GO;BOM JARDIM DE GOIAS;30;1;1;2021;520340
GO;BOM JESUS DE GOIAS;7;2;2;2021;520350
GO;BOM JESUS DE GOIAS;8;3;3;2021;520350
GO;BOM JESUS DE GOIAS;9;4;4;2021;520350
GO;BOM JESUS DE GOIAS;10;3;3;2021;520350
GO;BOM JESUS DE GOIAS;11;2;2;2021;520350
GO;BOM JESUS DE GOIAS;14;1;1;2021;520350
GO;BOM JESUS DE GOIAS;25;1;1;2021;520350
GO;BRITANIA;25;1;1;2021;520380
GO;BURITI ALEGRE;1;1;0;2021;520390
GO;BURITI ALEGRE;4;1;0;2021;520390
GO;BURITI ALEGRE;5;1;0;2021;520390
GO;BURITI ALEGRE;9;3;3;2021;520390
GO;BURITI ALEGRE;10;1;1;2021;520390
GO;BURITI ALEGRE;11;2;2;2021;520390
GO;BURITI ALEGRE;31;1;1;2021;520390
GO;BURITI DE GOIAS;10;1;1;2021;520393
GO;BURITI DE GOIAS;11;1;1;2021;520393
GO;BURITI DE GOIAS;12;1;1;2021;520393
GO;BURITI DE GOIAS;13;1;1;2021;520393
GO;CABECEIRAS;6;1;1;2021;520400
GO;CABECEIRAS;7;1;1;2021;520400
GO;CABECEIRAS;11;1;1;2021;520400
GO;CABECEIRAS;15;1;0;2021;520400
GO;CABECEIRAS;16;1;0;2021;520400
GO;CACHOEIRA ALTA;1;2;0;2021;520410
GO;CACHOEIRA ALTA;6;2;0;2021;520410
GO;CACHOEIRA ALTA;7;1;0;2021;520410
GO;CACHOEIRA ALTA;8;1;0;2021;520410
GO;CACHOEIRA ALTA;10;2;1;2021;520410
GO;CACHOEIRA ALTA;11;2;0;2021;520410
GO;CACHOEIRA ALTA;12;4;1;2021;520410
GO;CACHOEIRA ALTA;13;1;1;2021;520410
GO;CACHOEIRA ALTA;14;1;0;2021;520410
GO;CACHOEIRA ALTA;15;1;0;2021;520410
GO;CACHOEIRA ALTA;16;1;0;2021;520410
GO;CACHOEIRA ALTA;18;1;0;2021;520410
GO;CACHOEIRA ALTA;19;2;0;2021;520410
GO;CACHOEIRA ALTA;20;4;1;2021;520410
GO;CACHOEIRA ALTA;21;1;0;2021;520410
GO;CACHOEIRA ALTA;22;1;0;2021;520410
GO;CACHOEIRA ALTA;33;1;0;2021;520410
GO;CACHOEIRA ALTA;34;3;0;2021;520410
GO;CACU;1;1;1;2021;520430
GO;CACU;5;1;1;2021;520430
GO;CACU;7;1;1;2021;520430
GO;CACU;11;1;1;2021;520430
GO;CACU;12;1;1;2021;520430
GO;CACU;21;1;0;2021;520430
GO;CACU;22;2;0;2021;520430
GO;CACU;23;2;1;2021;520430
GO;CACU;24;1;0;2021;520430
GO;CACU;25;1;0;2021;520430
GO;CACU;26;1;0;2021;520430
GO;CACU;27;2;0;2021;520430
GO;CACU;30;1;0;2021;520430
GO;CACU;51;1;0;2021;520430
GO;CAIAPONIA;1;1;1;2021;520440
GO;CAIAPONIA;2;4;2;2021;520440
GO;CAIAPONIA;3;3;0;2021;520440
GO;CAIAPONIA;4;4;1;2021;520440
GO;CAIAPONIA;5;4;2;2021;520440
GO;CAIAPONIA;6;3;1;2021;520440
GO;CAIAPONIA;7;2;0;2021;520440
GO;CAIAPONIA;8;1;1;2021;520440
GO;CAIAPONIA;9;5;2;2021;520440
GO;CAIAPONIA;10;4;1;2021;520440
GO;CAIAPONIA;11;4;1;2021;520440
GO;CAIAPONIA;12;6;0;2021;520440
GO;CAIAPONIA;13;4;3;2021;520440
GO;CAIAPONIA;14;3;0;2021;520440
GO;CAIAPONIA;15;1;0;2021;520440
GO;CAIAPONIA;17;1;1;2021;520440
GO;CAIAPONIA;23;1;0;2021;520440
GO;CAIAPONIA;25;1;0;2021;520440
GO;CAIAPONIA;27;1;0;2021;520440
GO;CAIAPONIA;29;2;1;2021;520440
GO;CAIAPONIA;30;1;0;2021;520440
GO;CAIAPONIA;52;1;0;2021;520440
GO;CALDAS NOVAS;1;17;2;2021;520450
GO;CALDAS NOVAS;2;9;2;2021;520450
GO;CALDAS NOVAS;3;10;2;2021;520450
GO;CALDAS NOVAS;4;9;2;2021;520450
GO;CALDAS NOVAS;5;10;1;2021;520450
GO;CALDAS NOVAS;6;19;4;2021;520450
GO;CALDAS NOVAS;7;29;13;2021;520450
GO;CALDAS NOVAS;8;25;9;2021;520450
GO;CALDAS NOVAS;9;31;13;2021;520450
GO;CALDAS NOVAS;10;28;10;2021;520450
GO;CALDAS NOVAS;11;36;16;2021;520450
GO;CALDAS NOVAS;12;21;7;2021;520450
GO;CALDAS NOVAS;13;22;7;2021;520450
GO;CALDAS NOVAS;14;19;9;2021;520450
GO;CALDAS NOVAS;15;29;6;2021;520450
GO;CALDAS NOVAS;16;17;0;2021;520450
GO;CALDAS NOVAS;17;16;4;2021;520450
GO;CALDAS NOVAS;18;23;3;2021;520450
GO;CALDAS NOVAS;19;13;1;2021;520450
GO;CALDAS NOVAS;20;13;2;2021;520450
GO;CALDAS NOVAS;21;17;5;2021;520450
GO;CALDAS NOVAS;22;20;1;2021;520450
GO;CALDAS NOVAS;23;18;3;2021;520450
GO;CALDAS NOVAS;24;20;5;2021;520450
GO;CALDAS NOVAS;25;14;2;2021;520450
GO;CALDAS NOVAS;26;17;4;2021;520450
GO;CALDAS NOVAS;27;33;6;2021;520450
GO;CALDAS NOVAS;28;17;4;2021;520450
GO;CALDAS NOVAS;29;27;11;2021;520450
GO;CALDAS NOVAS;30;30;2;2021;520450
GO;CALDAS NOVAS;31;16;3;2021;520450
GO;CALDAS NOVAS;32;11;3;2021;520450
GO;CALDAS NOVAS;33;20;4;2021;520450
GO;CALDAS NOVAS;34;7;3;2021;520450
GO;CALDAS NOVAS;35;8;1;2021;520450
GO;CALDAS NOVAS;36;5;3;2021;520450
GO;CALDAS NOVAS;37;5;1;2021;520450
GO;CALDAS NOVAS;38;7;4;2021;520450
GO;CALDAS NOVAS;39;1;0;2021;520450
GO;CALDAS NOVAS;40;2;0;2021;520450
GO;CALDAS NOVAS;41;1;1;2021;520450
GO;CALDAS NOVAS;42;1;0;2021;520450
GO;CALDAS NOVAS;43;1;1;2021;520450
GO;CALDAS NOVAS;46;1;0;2021;520450
GO;CALDAS NOVAS;48;1;1;2021;520450
GO;CALDAS NOVAS;49;1;0;2021;520450
GO;CALDAS NOVAS;51;3;1;2021;520450
GO;CALDAS NOVAS;52;6;0;2021;520450
GO;CAMPINORTE;4;1;0;2021;520470
GO;CAMPINORTE;5;1;0;2021;520470
GO;CAMPINORTE;6;2;0;2021;520470
GO;CAMPINORTE;7;1;1;2021;520470
GO;CAMPINORTE;9;2;2;2021;520470
GO;CAMPINORTE;10;2;2;2021;520470
GO;CAMPINORTE;11;3;3;2021;520470
GO;CAMPINORTE;12;3;3;2021;520470
GO;CAMPINORTE;13;3;3;2021;520470
GO;CAMPINORTE;14;1;1;2021;520470
GO;CAMPINORTE;15;1;1;2021;520470
GO;CAMPINORTE;16;1;1;2021;520470
GO;CAMPINORTE;18;1;1;2021;520470
GO;CAMPOS BELOS;26;1;0;2021;520490
GO;CAMPOS BELOS;27;1;0;2021;520490
GO;CAMPOS BELOS;28;2;0;2021;520490
GO;CAMPOS BELOS;29;2;0;2021;520490
GO;CAMPOS BELOS;30;2;0;2021;520490
GO;CAMPOS BELOS;32;2;0;2021;520490
GO;CAMPOS BELOS;33;2;0;2021;520490
GO;CAMPOS BELOS;34;1;0;2021;520490
GO;CAMPOS BELOS;36;1;0;2021;520490
GO;CAMPOS BELOS;37;1;0;2021;520490
GO;CAMPOS BELOS;40;1;0;2021;520490
GO;CAMPOS BELOS;48;1;0;2021;520490
GO;CAMPOS BELOS;51;1;0;2021;520490
GO;CAMPOS VERDES;27;1;1;2021;520495
GO;CAMPOS VERDES;36;1;1;2021;520495
GO;CARMO DO RIO VERDE;4;1;0;2021;520500
GO;CARMO DO RIO VERDE;7;2;0;2021;520500
GO;CARMO DO RIO VERDE;8;1;1;2021;520500
GO;CARMO DO RIO VERDE;9;3;0;2021;520500
GO;CARMO DO RIO VERDE;10;2;0;2021;520500
GO;CARMO DO RIO VERDE;11;2;0;2021;520500
GO;CARMO DO RIO VERDE;12;6;4;2021;520500
GO;CARMO DO RIO VERDE;13;1;0;2021;520500
GO;CARMO DO RIO VERDE;14;1;0;2021;520500
GO;CARMO DO RIO VERDE;16;2;0;2021;520500
GO;CARMO DO RIO VERDE;22;1;0;2021;520500
GO;CARMO DO RIO VERDE;23;1;0;2021;520500
GO;CARMO DO RIO VERDE;27;3;0;2021;520500
GO;CARMO DO RIO VERDE;28;1;0;2021;520500
GO;CATALAO;1;35;10;2021;520510
GO;CATALAO;2;29;11;2021;520510
GO;CATALAO;3;35;11;2021;520510
GO;CATALAO;4;41;16;2021;520510
GO;CATALAO;5;38;9;2021;520510
GO;CATALAO;6;35;10;2021;520510
GO;CATALAO;7;52;17;2021;520510
GO;CATALAO;8;39;9;2021;520510
GO;CATALAO;9;47;22;2021;520510
GO;CATALAO;10;41;18;2021;520510
GO;CATALAO;11;38;16;2021;520510
GO;CATALAO;12;27;6;2021;520510
GO;CATALAO;13;43;14;2021;520510
GO;CATALAO;14;29;11;2021;520510
GO;CATALAO;15;33;11;2021;520510
GO;CATALAO;16;33;12;2021;520510
GO;CATALAO;17;26;5;2021;520510
GO;CATALAO;18;29;7;2021;520510
GO;CATALAO;19;48;10;2021;520510
GO;CATALAO;20;34;9;2021;520510
GO;CATALAO;21;47;14;2021;520510
GO;CATALAO;22;45;11;2021;520510
GO;CATALAO;23;38;9;2021;520510
GO;CATALAO;24;25;9;2021;520510
GO;CATALAO;25;27;10;2021;520510
GO;CATALAO;26;38;8;2021;520510
GO;CATALAO;27;24;5;2021;520510
GO;CATALAO;28;29;4;2021;520510
GO;CATALAO;29;26;7;2021;520510
GO;CATALAO;30;21;5;2021;520510
GO;CATALAO;31;14;4;2021;520510
GO;CATALAO;32;21;8;2021;520510
GO;CATALAO;33;18;5;2021;520510
GO;CATALAO;34;6;2;2021;520510
GO;CATALAO;35;3;0;2021;520510
GO;CATALAO;36;4;0;2021;520510
GO;CATALAO;37;8;0;2021;520510
GO;CATALAO;38;5;1;2021;520510
GO;CATALAO;39;4;0;2021;520510
GO;CATALAO;40;3;1;2021;520510
GO;CATALAO;41;4;2;2021;520510
GO;CATALAO;42;2;0;2021;520510
GO;CATALAO;43;3;1;2021;520510
GO;CATALAO;44;2;0;2021;520510
GO;CATALAO;45;3;0;2021;520510
GO;CATALAO;46;4;0;2021;520510
GO;CATALAO;47;4;0;2021;520510
GO;CATALAO;49;2;1;2021;520510
GO;CATALAO;50;3;2;2021;520510
GO;CATALAO;51;1;0;2021;520510
GO;CATALAO;52;9;3;2021;520510
GO;CERES;3;1;1;2021;520540
GO;CERES;5;2;2;2021;520540
GO;CERES;6;3;3;2021;520540
GO;CERES;7;4;4;2021;520540
GO;CERES;8;8;8;2021;520540
GO;CERES;9;8;8;2021;520540
GO;CERES;10;8;8;2021;520540
GO;CERES;11;6;6;2021;520540
GO;CERES;12;3;3;2021;520540
GO;CERES;13;1;1;2021;520540
GO;CERES;14;2;2;2021;520540
GO;CERES;15;5;5;2021;520540
GO;CERES;17;4;4;2021;520540
GO;CERES;18;5;5;2021;520540
GO;CERES;19;3;3;2021;520540
GO;CERES;20;2;2;2021;520540
GO;CERES;22;3;3;2021;520540
GO;CERES;23;1;1;2021;520540
GO;CERES;26;2;2;2021;520540
GO;CERES;27;1;1;2021;520540
GO;CERES;28;1;1;2021;520540
GO;CERES;29;5;5;2021;520540
GO;CERES;30;1;1;2021;520540
GO;CERES;32;1;1;2021;520540
GO;CERES;33;3;3;2021;520540
GO;CERES;34;2;2;2021;520540
GO;CERES;35;3;3;2021;520540
GO;CERES;37;1;1;2021;520540
GO;CERES;38;1;1;2021;520540
GO;CERES;39;2;2;2021;520540
GO;CERES;40;1;1;2021;520540
GO;CERES;42;1;1;2021;520540
GO;CERES;52;1;1;2021;520540
GO;CEZARINA;3;1;0;2021;520545
GO;CEZARINA;4;2;0;2021;520545
GO;CEZARINA;5;1;0;2021;520545
GO;CEZARINA;6;3;2;2021;520545
GO;CEZARINA;8;1;0;2021;520545
GO;CEZARINA;9;3;1;2021;520545
GO;CEZARINA;10;1;0;2021;520545
GO;CEZARINA;11;1;1;2021;520545
GO;CEZARINA;12;1;1;2021;520545
GO;CEZARINA;13;5;2;2021;520545
GO;CEZARINA;14;3;1;2021;520545
GO;CEZARINA;17;4;1;2021;520545
GO;CEZARINA;24;2;1;2021;520545
GO;CEZARINA;28;1;0;2021;520545
GO;CEZARINA;38;1;0;2021;520545
GO;CEZARINA;46;1;0;2021;520545
GO;CIDADE OCIDENTAL;1;3;0;2021;520549
GO;CIDADE OCIDENTAL;2;3;0;2021;520549
GO;CIDADE OCIDENTAL;3;4;0;2021;520549
GO;CIDADE OCIDENTAL;4;5;1;2021;520549
GO;CIDADE OCIDENTAL;5;9;0;2021;520549
GO;CIDADE OCIDENTAL;6;4;0;2021;520549
GO;CIDADE OCIDENTAL;7;11;0;2021;520549
GO;CIDADE OCIDENTAL;8;3;1;2021;520549
GO;CIDADE OCIDENTAL;9;12;2;2021;520549
GO;CIDADE OCIDENTAL;10;25;7;2021;520549
GO;CIDADE OCIDENTAL;11;35;8;2021;520549
GO;CIDADE OCIDENTAL;12;16;3;2021;520549
GO;CIDADE OCIDENTAL;13;8;0;2021;520549
GO;CIDADE OCIDENTAL;14;8;1;2021;520549
GO;CIDADE OCIDENTAL;15;15;2;2021;520549
GO;CIDADE OCIDENTAL;16;7;2;2021;520549
GO;CIDADE OCIDENTAL;17;5;0;2021;520549
GO;CIDADE OCIDENTAL;18;4;1;2021;520549
GO;CIDADE OCIDENTAL;19;6;0;2021;520549
GO;CIDADE OCIDENTAL;20;8;1;2021;520549
GO;CIDADE OCIDENTAL;21;7;0;2021;520549
GO;CIDADE OCIDENTAL;22;7;0;2021;520549
GO;CIDADE OCIDENTAL;23;8;0;2021;520549
GO;CIDADE OCIDENTAL;24;8;0;2021;520549
GO;CIDADE OCIDENTAL;25;5;1;2021;520549
GO;CIDADE OCIDENTAL;26;4;0;2021;520549
GO;CIDADE OCIDENTAL;27;4;1;2021;520549
GO;CIDADE OCIDENTAL;29;2;0;2021;520549
GO;CIDADE OCIDENTAL;30;2;0;2021;520549
GO;CIDADE OCIDENTAL;31;5;0;2021;520549
GO;CIDADE OCIDENTAL;32;8;0;2021;520549
GO;CIDADE OCIDENTAL;33;4;0;2021;520549
GO;CIDADE OCIDENTAL;34;11;1;2021;520549
GO;CIDADE OCIDENTAL;35;2;0;2021;520549
GO;CIDADE OCIDENTAL;36;1;1;2021;520549
GO;CIDADE OCIDENTAL;37;6;1;2021;520549
GO;CIDADE OCIDENTAL;38;7;1;2021;520549
GO;CIDADE OCIDENTAL;39;5;0;2021;520549
GO;CIDADE OCIDENTAL;42;1;0;2021;520549
GO;CIDADE OCIDENTAL;51;2;0;2021;520549
GO;COCALZINHO DE GOIAS;2;2;2;2021;520551
GO;COCALZINHO DE GOIAS;9;1;1;2021;520551
GO;COCALZINHO DE GOIAS;11;1;1;2021;520551
GO;COCALZINHO DE GOIAS;12;1;1;2021;520551
GO;COCALZINHO DE GOIAS;13;1;1;2021;520551
GO;COCALZINHO DE GOIAS;16;1;1;2021;520551
GO;COCALZINHO DE GOIAS;27;1;1;2021;520551
GO;COCALZINHO DE GOIAS;29;1;0;2021;520551
GO;COCALZINHO DE GOIAS;33;1;1;2021;520551
GO;COCALZINHO DE GOIAS;43;1;1;2021;520551
GO;COLINAS DO SUL;8;1;0;2021;520552
GO;COLINAS DO SUL;14;1;0;2021;520552
GO;COLINAS DO SUL;15;1;0;2021;520552
GO;CORREGO DO OURO;8;1;1;2021;520570
GO;CORUMBA DE GOIAS;2;1;0;2021;520580
GO;CORUMBA DE GOIAS;6;1;0;2021;520580
GO;CORUMBA DE GOIAS;11;1;0;2021;520580
GO;CORUMBA DE GOIAS;13;1;0;2021;520580
GO;CORUMBA DE GOIAS;15;1;0;2021;520580
GO;CORUMBA DE GOIAS;17;1;1;2021;520580
GO;CORUMBA DE GOIAS;18;1;1;2021;520580
GO;CORUMBA DE GOIAS;21;2;1;2021;520580
GO;CORUMBA DE GOIAS;22;1;0;2021;520580
GO;CORUMBA DE GOIAS;25;3;1;2021;520580
GO;CORUMBA DE GOIAS;32;1;0;2021;520580
GO;CORUMBA DE GOIAS;51;2;0;2021;520580
GO;CORUMBA DE GOIAS;52;1;0;2021;520580
GO;CORUMBAIBA;1;1;0;2021;520590
GO;CORUMBAIBA;5;1;1;2021;520590
GO;CORUMBAIBA;7;2;2;2021;520590
GO;CORUMBAIBA;8;3;2;2021;520590
GO;CORUMBAIBA;10;3;1;2021;520590
GO;CORUMBAIBA;11;2;1;2021;520590
GO;CORUMBAIBA;12;3;1;2021;520590
GO;CORUMBAIBA;14;1;1;2021;520590
GO;CORUMBAIBA;17;2;1;2021;520590
GO;CORUMBAIBA;25;1;0;2021;520590
GO;CORUMBAIBA;41;1;1;2021;520590
GO;CORUMBAIBA;50;1;0;2021;520590
GO;CORUMBAIBA;51;3;0;2021;520590
GO;CORUMBAIBA;52;1;0;2021;520590
GO;CRISTALINA;6;2;0;2021;520620
GO;CRISTALINA;8;1;1;2021;520620
GO;CRISTALINA;10;3;2;2021;520620
GO;CRISTALINA;11;1;0;2021;520620
GO;CRISTALINA;12;1;1;2021;520620
GO;CRISTALINA;13;1;0;2021;520620
GO;CRISTALINA;14;1;1;2021;520620
GO;CRISTALINA;16;1;0;2021;520620
GO;CRISTALINA;18;1;1;2021;520620
GO;CRISTALINA;22;4;0;2021;520620
GO;CRISTALINA;25;1;0;2021;520620
GO;CRISTALINA;26;3;0;2021;520620
GO;CRISTALINA;27;5;2;2021;520620
GO;CRISTALINA;28;1;0;2021;520620
GO;CRISTALINA;29;1;0;2021;520620
GO;CRISTALINA;31;1;0;2021;520620
GO;CRISTALINA;34;1;0;2021;520620
GO;CRISTALINA;41;1;0;2021;520620
GO;CRISTALINA;42;1;1;2021;520620
GO;CRISTALINA;52;1;0;2021;520620
GO;CRISTIANOPOLIS;1;1;0;2021;520630
GO;CRISTIANOPOLIS;3;1;0;2021;520630
GO;CRISTIANOPOLIS;5;1;0;2021;520630
GO;CRISTIANOPOLIS;9;2;1;2021;520630
GO;CRISTIANOPOLIS;10;1;0;2021;520630
GO;CRISTIANOPOLIS;14;1;0;2021;520630
GO;CRISTIANOPOLIS;19;1;0;2021;520630
GO;CRISTIANOPOLIS;22;3;0;2021;520630
GO;CRISTIANOPOLIS;24;2;0;2021;520630
GO;CRISTIANOPOLIS;26;1;0;2021;520630
GO;CRISTIANOPOLIS;29;2;0;2021;520630
GO;CRISTIANOPOLIS;30;1;0;2021;520630
GO;CRIXAS;8;2;2;2021;520640
GO;CRIXAS;9;2;2;2021;520640
GO;CRIXAS;11;3;3;2021;520640
GO;CRIXAS;12;1;1;2021;520640
GO;CRIXAS;33;1;1;2021;520640
GO;CRIXAS;38;1;1;2021;520640
GO;DAMIANOPOLIS;9;1;0;2021;520670
GO;DAMIANOPOLIS;39;1;1;2021;520670
GO;DIORAMA;8;1;1;2021;520710
GO;DIORAMA;9;1;0;2021;520710
GO;DIORAMA;10;1;1;2021;520710
GO;DIORAMA;12;1;1;2021;520710
GO;DIORAMA;19;1;0;2021;520710
GO;DIORAMA;23;1;0;2021;520710
GO;DIORAMA;25;3;0;2021;520710
GO;DIORAMA;51;1;0;2021;520710
GO;DIORAMA;52;1;0;2021;520710
GO;DIVINOPOLIS DE GOIAS;8;1;1;2021;520830
GO;DIVINOPOLIS DE GOIAS;9;1;1;2021;520830
GO;DIVINOPOLIS DE GOIAS;11;1;0;2021;520830
GO;DIVINOPOLIS DE GOIAS;19;1;0;2021;520830
GO;DIVINOPOLIS DE GOIAS;32;1;1;2021;520830
GO;DIVINOPOLIS DE GOIAS;44;1;1;2021;520830
GO;EDEALINA;7;1;0;2021;520735
GO;EDEALINA;8;1;0;2021;520735
GO;EDEIA;2;1;0;2021;520740
GO;EDEIA;3;1;0;2021;520740
GO;EDEIA;4;2;0;2021;520740
GO;EDEIA;5;1;0;2021;520740
GO;EDEIA;6;2;1;2021;520740
GO;EDEIA;12;1;0;2021;520740
GO;EDEIA;14;2;1;2021;520740
GO;EDEIA;17;2;0;2021;520740
GO;EDEIA;18;3;0;2021;520740
GO;EDEIA;19;4;0;2021;520740
GO;EDEIA;20;1;0;2021;520740
GO;EDEIA;22;1;0;2021;520740
GO;EDEIA;23;2;0;2021;520740
GO;EDEIA;24;1;0;2021;520740
GO;EDEIA;25;1;0;2021;520740
GO;EDEIA;26;2;0;2021;520740
GO;EDEIA;27;1;1;2021;520740
GO;EDEIA;28;5;0;2021;520740
GO;EDEIA;29;2;0;2021;520740
GO;EDEIA;31;1;0;2021;520740
GO;EDEIA;35;2;0;2021;520740
GO;EDEIA;36;2;0;2021;520740
GO;EDEIA;39;1;0;2021;520740
GO;EDEIA;44;1;0;2021;520740
GO;EDEIA;52;1;0;2021;520740
GO;FAINA;8;1;1;2021;520753
GO;FAINA;9;1;0;2021;520753
GO;FAINA;10;1;0;2021;520753
GO;FAINA;19;1;1;2021;520753
GO;FAZENDA NOVA;1;1;1;2021;520760
GO;FAZENDA NOVA;7;4;2;2021;520760
GO;FAZENDA NOVA;8;7;2;2021;520760
GO;FAZENDA NOVA;9;2;0;2021;520760
GO;FAZENDA NOVA;10;3;1;2021;520760
GO;FAZENDA NOVA;11;3;1;2021;520760
GO;FAZENDA NOVA;14;2;2;2021;520760
GO;FAZENDA NOVA;16;1;1;2021;520760
GO;FAZENDA NOVA;17;1;0;2021;520760
GO;FAZENDA NOVA;19;2;0;2021;520760
GO;FAZENDA NOVA;20;2;1;2021;520760
GO;FIRMINOPOLIS;1;1;0;2021;520780
GO;FIRMINOPOLIS;3;1;1;2021;520780
GO;FIRMINOPOLIS;7;1;1;2021;520780
GO;FIRMINOPOLIS;8;3;2;2021;520780
GO;FIRMINOPOLIS;9;1;0;2021;520780
GO;FIRMINOPOLIS;13;1;0;2021;520780
GO;FIRMINOPOLIS;14;1;0;2021;520780
GO;FIRMINOPOLIS;19;1;0;2021;520780
GO;FIRMINOPOLIS;20;2;0;2021;520780
GO;FIRMINOPOLIS;21;1;1;2021;520780
GO;FIRMINOPOLIS;22;1;1;2021;520780
GO;FIRMINOPOLIS;23;1;0;2021;520780
GO;FIRMINOPOLIS;25;2;0;2021;520780
GO;FIRMINOPOLIS;28;1;0;2021;520780
GO;FIRMINOPOLIS;29;2;1;2021;520780
GO;FIRMINOPOLIS;30;2;0;2021;520780
GO;FIRMINOPOLIS;32;1;0;2021;520780
GO;FIRMINOPOLIS;33;1;0;2021;520780
GO;FIRMINOPOLIS;36;2;0;2021;520780
GO;FIRMINOPOLIS;38;3;0;2021;520780
GO;FIRMINOPOLIS;47;1;0;2021;520780
GO;FORMOSA;1;20;5;2021;520800
GO;FORMOSA;2;9;4;2021;520800
GO;FORMOSA;3;10;2;2021;520800
GO;FORMOSA;4;9;3;2021;520800
GO;FORMOSA;5;12;4;2021;520800
GO;FORMOSA;6;11;0;2021;520800
GO;FORMOSA;7;13;4;2021;520800
GO;FORMOSA;8;19;5;2021;520800
GO;FORMOSA;9;34;18;2021;520800
GO;FORMOSA;10;20;13;2021;520800
GO;FORMOSA;11;31;6;2021;520800
GO;FORMOSA;12;34;14;2021;520800
GO;FORMOSA;13;17;7;2021;520800
GO;FORMOSA;14;34;14;2021;520800
GO;FORMOSA;15;31;5;2021;520800
GO;FORMOSA;16;21;4;2021;520800
GO;FORMOSA;17;28;10;2021;520800
GO;FORMOSA;18;19;5;2021;520800
GO;FORMOSA;19;28;11;2021;520800
GO;FORMOSA;20;32;8;2021;520800
GO;FORMOSA;21;24;7;2021;520800
GO;FORMOSA;22;17;9;2021;520800
GO;FORMOSA;23;16;5;2021;520800
GO;FORMOSA;24;17;9;2021;520800
GO;FORMOSA;25;21;4;2021;520800
GO;FORMOSA;26;15;3;2021;520800
GO;FORMOSA;27;17;4;2021;520800
GO;FORMOSA;28;14;5;2021;520800
GO;FORMOSA;29;12;5;2021;520800
GO;FORMOSA;30;11;1;2021;520800
GO;FORMOSA;31;13;3;2021;520800
GO;FORMOSA;32;17;4;2021;520800
GO;FORMOSA;33;16;2;2021;520800
GO;FORMOSA;34;12;5;2021;520800
GO;FORMOSA;35;19;6;2021;520800
GO;FORMOSA;36;12;3;2021;520800
GO;FORMOSA;37;14;5;2021;520800
GO;FORMOSA;38;13;3;2021;520800
GO;FORMOSA;39;9;5;2021;520800
GO;FORMOSA;40;9;3;2021;520800
GO;FORMOSA;41;2;1;2021;520800
GO;FORMOSA;42;5;1;2021;520800
GO;FORMOSA;43;9;5;2021;520800
GO;FORMOSA;44;4;0;2021;520800
GO;FORMOSA;46;1;0;2021;520800
GO;FORMOSA;48;1;0;2021;520800
GO;FORMOSA;50;4;0;2021;520800
GO;FORMOSA;51;1;0;2021;520800
GO;FORMOSO;6;1;1;2021;520810
GO;GOIANAPOLIS;2;1;1;2021;520840
GO;GOIANAPOLIS;8;1;1;2021;520840
GO;GOIANESIA;2;2;2;2021;520860
GO;GOIANESIA;3;2;2;2021;520860
GO;GOIANESIA;5;2;1;2021;520860
GO;GOIANESIA;6;1;1;2021;520860
GO;GOIANESIA;7;4;4;2021;520860
GO;GOIANESIA;8;6;3;2021;520860
GO;GOIANESIA;9;9;9;2021;520860
GO;GOIANESIA;10;3;2;2021;520860
GO;GOIANESIA;11;6;6;2021;520860
GO;GOIANESIA;12;3;3;2021;520860
GO;GOIANESIA;13;3;3;2021;520860
GO;GOIANESIA;14;1;1;2021;520860
GO;GOIANESIA;15;1;1;2021;520860
GO;GOIANESIA;16;4;3;2021;520860
GO;GOIANESIA;17;6;3;2021;520860
GO;GOIANESIA;18;3;2;2021;520860
GO;GOIANESIA;19;8;3;2021;520860
GO;GOIANESIA;20;13;4;2021;520860
GO;GOIANESIA;21;8;1;2021;520860
GO;GOIANESIA;22;14;3;2021;520860
GO;GOIANESIA;23;21;5;2021;520860
GO;GOIANESIA;24;27;4;2021;520860
GO;GOIANESIA;25;26;6;2021;520860
GO;GOIANESIA;26;15;0;2021;520860
GO;GOIANESIA;27;18;2;2021;520860
GO;GOIANESIA;28;11;3;2021;520860
GO;GOIANESIA;29;20;3;2021;520860
GO;GOIANESIA;30;13;5;2021;520860
GO;GOIANESIA;31;9;4;2021;520860
GO;GOIANESIA;32;5;0;2021;520860
GO;GOIANESIA;33;11;6;2021;520860
GO;GOIANESIA;34;6;0;2021;520860
GO;GOIANESIA;35;3;2;2021;520860
GO;GOIANESIA;36;6;3;2021;520860
GO;GOIANESIA;37;4;2;2021;520860
GO;GOIANESIA;38;4;2;2021;520860
GO;GOIANESIA;39;9;1;2021;520860
GO;GOIANESIA;40;1;0;2021;520860
GO;GOIANESIA;41;4;1;2021;520860
GO;GOIANESIA;42;3;1;2021;520860
GO;GOIANESIA;43;1;1;2021;520860
GO;GOIANESIA;45;3;0;2021;520860
GO;GOIANESIA;47;1;1;2021;520860
GO;GOIANESIA;50;1;0;2021;520860
GO;GOIANESIA;51;2;0;2021;520860
GO;GOIANESIA;52;6;1;2021;520860
GO;GOIANIA;1;283;58;2021;520870
GO;GOIANIA;2;338;95;2021;520870
GO;GOIANIA;3;335;89;2021;520870
GO;GOIANIA;4;342;90;2021;520870
GO;GOIANIA;5;391;112;2021;520870
GO;GOIANIA;6;445;144;2021;520870
GO;GOIANIA;7;563;221;2021;520870
GO;GOIANIA;8;549;219;2021;520870
GO;GOIANIA;9;749;301;2021;520870
GO;GOIANIA;10;610;231;2021;520870
GO;GOIANIA;11;599;237;2021;520870
GO;GOIANIA;12;478;152;2021;520870
GO;GOIANIA;13;466;149;2021;520870
GO;GOIANIA;14;450;138;2021;520870
GO;GOIANIA;15;344;99;2021;520870
GO;GOIANIA;16;356;108;2021;520870
GO;GOIANIA;17;373;124;2021;520870
GO;GOIANIA;18;354;88;2021;520870
GO;GOIANIA;19;488;129;2021;520870
GO;GOIANIA;20;517;134;2021;520870
GO;GOIANIA;21;470;115;2021;520870
GO;GOIANIA;22;538;165;2021;520870
GO;GOIANIA;23;521;119;2021;520870
GO;GOIANIA;24;408;100;2021;520870
GO;GOIANIA;25;404;110;2021;520870
GO;GOIANIA;26;462;125;2021;520870
GO;GOIANIA;27;491;121;2021;520870
GO;GOIANIA;28;504;127;2021;520870
GO;GOIANIA;29;476;142;2021;520870
GO;GOIANIA;30;380;92;2021;520870
GO;GOIANIA;31;414;101;2021;520870
GO;GOIANIA;32;278;67;2021;520870
GO;GOIANIA;33;259;67;2021;520870
GO;GOIANIA;34;196;60;2021;520870
GO;GOIANIA;35;174;53;2021;520870
GO;GOIANIA;36;192;49;2021;520870
GO;GOIANIA;37;142;41;2021;520870
GO;GOIANIA;38;171;51;2021;520870
GO;GOIANIA;39;137;39;2021;520870
GO;GOIANIA;40;93;20;2021;520870
GO;GOIANIA;41;71;14;2021;520870
GO;GOIANIA;42;78;15;2021;520870
GO;GOIANIA;43;67;16;2021;520870
GO;GOIANIA;44;55;7;2021;520870
GO;GOIANIA;45;58;10;2021;520870
GO;GOIANIA;46;57;8;2021;520870
GO;GOIANIA;47;59;15;2021;520870
GO;GOIANIA;48;67;16;2021;520870
GO;GOIANIA;49;39;6;2021;520870
GO;GOIANIA;50;79;9;2021;520870
GO;GOIANIA;51;107;21;2021;520870
GO;GOIANIA;52;139;20;2021;520870
GO;GOIANIRA;7;1;1;2021;520880
GO;GOIANIRA;8;1;1;2021;520880
GO;GOIANIRA;9;3;3;2021;520880
GO;GOIANIRA;10;1;1;2021;520880
GO;GOIAS;1;1;1;2021;520890
GO;GOIAS;2;1;0;2021;520890
GO;GOIAS;4;3;3;2021;520890
GO;GOIAS;5;2;1;2021;520890
GO;GOIAS;6;2;1;2021;520890
GO;GOIAS;7;4;3;2021;520890
GO;GOIAS;8;1;0;2021;520890
GO;GOIAS;9;2;2;2021;520890
GO;GOIAS;10;1;1;2021;520890
GO;GOIAS;11;3;3;2021;520890
GO;GOIAS;12;4;4;2021;520890
GO;GOIAS;13;1;1;2021;520890
GO;GOIAS;14;3;1;2021;520890
GO;GOIAS;15;2;2;2021;520890
GO;GOIAS;16;1;1;2021;520890
GO;GOIAS;17;2;2;2021;520890
GO;GOIAS;18;3;2;2021;520890
GO;GOIAS;19;2;2;2021;520890
GO;GOIAS;20;9;5;2021;520890
GO;GOIAS;21;2;2;2021;520890
GO;GOIAS;22;6;4;2021;520890
GO;GOIAS;23;19;7;2021;520890
GO;GOIAS;24;9;4;2021;520890
GO;GOIAS;25;14;4;2021;520890
GO;GOIAS;26;15;8;2021;520890
GO;GOIAS;27;6;3;2021;520890
GO;GOIAS;28;11;5;2021;520890
GO;GOIAS;29;9;1;2021;520890
GO;GOIAS;30;10;2;2021;520890
GO;GOIAS;31;20;4;2021;520890
GO;GOIAS;32;5;1;2021;520890
GO;GOIAS;33;15;4;2021;520890
GO;GOIAS;34;5;2;2021;520890
GO;GOIAS;35;5;0;2021;520890
GO;GOIAS;36;1;0;2021;520890
GO;GOIAS;37;1;0;2021;520890
GO;GOIAS;38;4;1;2021;520890
GO;GOIAS;40;1;0;2021;520890
GO;GOIAS;41;2;0;2021;520890
GO;GOIAS;42;2;0;2021;520890
GO;GOIAS;44;1;0;2021;520890
GO;GOIAS;45;1;1;2021;520890
GO;GOIAS;50;1;0;2021;520890
GO;GOIAS;52;2;1;2021;520890
GO;GOIATUBA;10;6;6;2021;520910
GO;GOIATUBA;11;7;2;2021;520910
GO;GOIATUBA;12;5;3;2021;520910
GO;GOIATUBA;13;1;1;2021;520910
GO;GOIATUBA;15;1;1;2021;520910
GO;GOIATUBA;17;2;0;2021;520910
GO;GOIATUBA;18;1;1;2021;520910
GO;GOIATUBA;21;3;0;2021;520910
GO;GOIATUBA;22;6;0;2021;520910
GO;GOIATUBA;23;3;0;2021;520910
GO;GOIATUBA;25;4;0;2021;520910
GO;GOIATUBA;27;3;0;2021;520910
GO;GOIATUBA;28;6;0;2021;520910
GO;GOIATUBA;29;1;0;2021;520910
GO;GOIATUBA;30;1;0;2021;520910
GO;GOIATUBA;31;2;0;2021;520910
GO;GOIATUBA;32;1;0;2021;520910
GO;GOIATUBA;33;2;0;2021;520910
GO;GOIATUBA;34;2;0;2021;520910
GO;GOIATUBA;35;1;0;2021;520910
GO;GOUVELANDIA;24;1;1;2021;520915
GO;GUARAITA;7;1;0;2021;520929
GO;HEITORAI;9;1;1;2021;520960
GO;HEITORAI;11;1;0;2021;520960
GO;HEITORAI;30;1;1;2021;520960
GO;HIDROLANDIA;4;2;0;2021;520970
GO;HIDROLANDIA;5;2;1;2021;520970
GO;HIDROLANDIA;7;2;0;2021;520970
GO;HIDROLANDIA;8;3;1;2021;520970
GO;HIDROLANDIA;9;2;2;2021;520970
GO;HIDROLANDIA;10;5;5;2021;520970
GO;HIDROLANDIA;11;2;2;2021;520970
GO;HIDROLANDIA;12;1;1;2021;520970
GO;HIDROLANDIA;13;2;2;2021;520970
GO;HIDROLANDIA;19;1;1;2021;520970
GO;HIDROLANDIA;29;1;1;2021;520970
GO;INACIOLANDIA;10;1;1;2021;520993
GO;INACIOLANDIA;12;1;1;2021;520993
GO;INDIARA;5;1;0;2021;520995
GO;INDIARA;7;1;0;2021;520995
GO;INDIARA;8;3;1;2021;520995
GO;INDIARA;9;2;1;2021;520995
GO;INDIARA;10;2;1;2021;520995
GO;INDIARA;11;2;2;2021;520995
GO;INDIARA;12;7;3;2021;520995
GO;INDIARA;13;4;2;2021;520995
GO;INDIARA;22;1;1;2021;520995
GO;INHUMAS;1;2;0;2021;521000
GO;INHUMAS;2;6;0;2021;521000
GO;INHUMAS;3;4;0;2021;521000
GO;INHUMAS;4;6;0;2021;521000
GO;INHUMAS;5;8;1;2021;521000
GO;INHUMAS;6;21;1;2021;521000
GO;INHUMAS;7;14;4;2021;521000
GO;INHUMAS;8;33;13;2021;521000
GO;INHUMAS;9;21;10;2021;521000
GO;INHUMAS;10;19;6;2021;521000
GO;INHUMAS;11;15;7;2021;521000
GO;INHUMAS;12;3;0;2021;521000
GO;INHUMAS;13;8;0;2021;521000
GO;INHUMAS;14;5;0;2021;521000
GO;INHUMAS;15;6;2;2021;521000
GO;INHUMAS;16;1;1;2021;521000
GO;INHUMAS;17;2;0;2021;521000
GO;INHUMAS;18;5;0;2021;521000
GO;INHUMAS;19;5;0;2021;521000
GO;INHUMAS;20;8;2;2021;521000
GO;INHUMAS;21;2;0;2021;521000
GO;INHUMAS;22;10;1;2021;521000
GO;INHUMAS;23;7;0;2021;521000
GO;INHUMAS;24;4;1;2021;521000
GO;INHUMAS;25;8;1;2021;521000
GO;INHUMAS;26;4;1;2021;521000
GO;INHUMAS;27;11;2;2021;521000
GO;INHUMAS;28;4;0;2021;521000
GO;INHUMAS;29;6;2;2021;521000
GO;INHUMAS;30;3;1;2021;521000
GO;INHUMAS;31;1;1;2021;521000
GO;INHUMAS;32;6;2;2021;521000
GO;INHUMAS;33;4;0;2021;521000
GO;INHUMAS;35;2;1;2021;521000
GO;INHUMAS;36;5;1;2021;521000
GO;INHUMAS;38;1;0;2021;521000
GO;INHUMAS;39;1;1;2021;521000
GO;INHUMAS;40;1;0;2021;521000
GO;INHUMAS;45;1;0;2021;521000
GO;INHUMAS;46;2;0;2021;521000
GO;INHUMAS;51;2;0;2021;521000
GO;INHUMAS;52;5;3;2021;521000
GO;IPAMERI;3;1;1;2021;521010
GO;IPAMERI;4;3;3;2021;521010
GO;IPAMERI;5;1;1;2021;521010
GO;IPAMERI;7;2;1;2021;521010
GO;IPAMERI;9;2;0;2021;521010
GO;IPAMERI;10;1;1;2021;521010
GO;IPAMERI;15;1;1;2021;521010
GO;IPAMERI;16;1;0;2021;521010
GO;IPAMERI;17;1;0;2021;521010
GO;IPAMERI;18;2;0;2021;521010
GO;IPAMERI;20;2;0;2021;521010
GO;IPAMERI;21;2;0;2021;521010
GO;IPAMERI;22;3;1;2021;521010
GO;IPAMERI;24;4;2;2021;521010
GO;IPAMERI;26;1;1;2021;521010
GO;IPAMERI;27;2;1;2021;521010
GO;IPAMERI;28;3;1;2021;521010
GO;IPAMERI;30;1;0;2021;521010
GO;IPAMERI;39;1;0;2021;521010
GO;IPORA;1;5;2;2021;521020
GO;IPORA;2;4;2;2021;521020
GO;IPORA;3;2;1;2021;521020
GO;IPORA;4;6;1;2021;521020
GO;IPORA;5;7;1;2021;521020
GO;IPORA;6;8;0;2021;521020
GO;IPORA;7;8;2;2021;521020
GO;IPORA;8;30;12;2021;521020
GO;IPORA;9;19;7;2021;521020
GO;IPORA;10;20;6;2021;521020
GO;IPORA;11;14;0;2021;521020
GO;IPORA;12;8;2;2021;521020
GO;IPORA;13;7;0;2021;521020
GO;IPORA;14;10;1;2021;521020
GO;IPORA;15;8;3;2021;521020
GO;IPORA;16;6;4;2021;521020
GO;IPORA;17;4;1;2021;521020
GO;IPORA;18;5;1;2021;521020
GO;IPORA;19;4;3;2021;521020
GO;IPORA;20;7;1;2021;521020
GO;IPORA;21;8;0;2021;521020
GO;IPORA;22;13;0;2021;521020
GO;IPORA;23;7;1;2021;521020
GO;IPORA;24;9;1;2021;521020
GO;IPORA;25;5;1;2021;521020
GO;IPORA;26;7;0;2021;521020
GO;IPORA;27;16;0;2021;521020
GO;IPORA;28;9;1;2021;521020
GO;IPORA;29;7;2;2021;521020
GO;IPORA;30;7;2;2021;521020
GO;IPORA;31;13;3;2021;521020
GO;IPORA;32;10;0;2021;521020
GO;IPORA;33;4;0;2021;521020
GO;IPORA;34;3;0;2021;521020
GO;IPORA;36;1;0;2021;521020
GO;IPORA;37;1;0;2021;521020
GO;IPORA;39;1;0;2021;521020
GO;IPORA;40;1;0;2021;521020
GO;IPORA;41;1;0;2021;521020
GO;IPORA;42;1;0;2021;521020
GO;IPORA;49;3;0;2021;521020
GO;IPORA;51;1;0;2021;521020
GO;IPORA;52;1;0;2021;521020
GO;ITABERAI;1;1;0;2021;521040
GO;ITABERAI;6;1;1;2021;521040
GO;ITABERAI;7;1;1;2021;521040
GO;ITABERAI;8;2;2;2021;521040
GO;ITABERAI;9;2;2;2021;521040
GO;ITABERAI;10;3;3;2021;521040
GO;ITABERAI;11;5;4;2021;521040
GO;ITABERAI;12;3;3;2021;521040
GO;ITABERAI;13;2;2;2021;521040
GO;ITABERAI;14;1;0;2021;521040
GO;ITABERAI;15;1;1;2021;521040
GO;ITABERAI;16;2;1;2021;521040
GO;ITABERAI;17;3;1;2021;521040
GO;ITABERAI;18;1;1;2021;521040
GO;ITABERAI;21;1;0;2021;521040
GO;ITABERAI;23;3;3;2021;521040
GO;ITABERAI;26;3;3;2021;521040
GO;ITABERAI;30;2;1;2021;521040
GO;ITABERAI;31;3;3;2021;521040
GO;ITABERAI;34;1;1;2021;521040
GO;ITABERAI;35;1;1;2021;521040
GO;ITABERAI;36;1;1;2021;521040
GO;ITABERAI;45;1;1;2021;521040
GO;ITABERAI;51;1;0;2021;521040
GO;ITABERAI;52;2;1;2021;521040
GO;ITAGUARI;15;1;0;2021;521056
GO;ITAGUARU;1;1;0;2021;521060
GO;ITAGUARU;5;1;1;2021;521060
GO;ITAGUARU;7;2;0;2021;521060
GO;ITAGUARU;9;2;2;2021;521060
GO;ITAGUARU;19;1;0;2021;521060
GO;ITAGUARU;23;2;0;2021;521060
GO;ITAGUARU;25;1;1;2021;521060
GO;ITAGUARU;26;1;0;2021;521060
GO;ITAGUARU;30;1;0;2021;521060
GO;ITAGUARU;31;1;0;2021;521060
GO;ITAGUARU;39;1;0;2021;521060
GO;ITAGUARU;48;1;0;2021;521060
GO;ITAGUARU;49;1;0;2021;521060
GO;ITAJA;28;2;2;2021;521080
GO;ITAPACI;1;5;1;2021;521090
GO;ITAPACI;2;1;0;2021;521090
GO;ITAPACI;3;8;2;2021;521090
GO;ITAPACI;4;7;0;2021;521090
GO;ITAPACI;5;3;0;2021;521090
GO;ITAPACI;6;8;4;2021;521090
GO;ITAPACI;7;6;0;2021;521090
GO;ITAPACI;8;3;1;2021;521090
GO;ITAPACI;9;2;1;2021;521090
GO;ITAPACI;10;3;0;2021;521090
GO;ITAPACI;11;4;1;2021;521090
GO;ITAPACI;12;5;2;2021;521090
GO;ITAPACI;13;6;1;2021;521090
GO;ITAPACI;14;4;1;2021;521090
GO;ITAPACI;15;5;1;2021;521090
GO;ITAPACI;16;6;1;2021;521090
GO;ITAPACI;17;2;0;2021;521090
GO;ITAPACI;18;1;0;2021;521090
GO;ITAPACI;19;5;0;2021;521090
GO;ITAPACI;20;1;0;2021;521090
GO;ITAPACI;21;3;1;2021;521090
GO;ITAPACI;22;1;0;2021;521090
GO;ITAPACI;23;3;0;2021;521090
GO;ITAPACI;24;1;0;2021;521090
GO;ITAPACI;26;2;0;2021;521090
GO;ITAPACI;29;3;0;2021;521090
GO;ITAPACI;32;1;0;2021;521090
GO;ITAPACI;51;2;0;2021;521090
GO;ITAPACI;52;2;1;2021;521090
GO;ITAPIRAPUA;8;1;1;2021;521100
GO;ITAPIRAPUA;9;1;1;2021;521100
GO;ITAPIRAPUA;12;1;1;2021;521100
GO;ITAPURANGA;1;1;0;2021;521120
GO;ITAPURANGA;9;2;2;2021;521120
GO;ITAPURANGA;11;1;1;2021;521120
GO;ITAPURANGA;12;1;1;2021;521120
GO;ITAPURANGA;14;1;1;2021;521120
GO;ITAPURANGA;21;1;1;2021;521120
GO;ITAPURANGA;23;1;0;2021;521120
GO;ITAPURANGA;32;1;0;2021;521120
GO;ITAPURANGA;39;1;0;2021;521120
GO;ITARUMA;1;1;0;2021;521130
GO;ITARUMA;3;1;0;2021;521130
GO;ITARUMA;4;1;1;2021;521130
GO;ITARUMA;7;1;0;2021;521130
GO;ITARUMA;11;2;1;2021;521130
GO;ITARUMA;13;3;0;2021;521130
GO;ITARUMA;14;5;2;2021;521130
GO;ITARUMA;15;1;1;2021;521130
GO;ITARUMA;16;2;1;2021;521130
GO;ITARUMA;17;2;0;2021;521130
GO;ITARUMA;18;3;0;2021;521130
GO;ITARUMA;22;1;0;2021;521130
GO;ITARUMA;27;2;1;2021;521130
GO;ITARUMA;28;1;0;2021;521130
GO;ITARUMA;29;3;0;2021;521130
GO;ITARUMA;30;3;1;2021;521130
GO;ITARUMA;31;1;0;2021;521130
GO;ITARUMA;32;1;0;2021;521130
GO;ITARUMA;34;1;0;2021;521130
GO;ITARUMA;47;1;1;2021;521130
GO;ITARUMA;48;1;0;2021;521130
GO;ITAUCU;9;1;1;2021;521140
GO;ITAUCU;16;1;1;2021;521140
GO;ITUMBIARA;1;30;7;2021;521150
GO;ITUMBIARA;2;42;7;2021;521150
GO;ITUMBIARA;3;41;13;2021;521150
GO;ITUMBIARA;4;38;8;2021;521150
GO;ITUMBIARA;5;47;12;2021;521150
GO;ITUMBIARA;6;59;10;2021;521150
GO;ITUMBIARA;7;62;18;2021;521150
GO;ITUMBIARA;8;57;21;2021;521150
GO;ITUMBIARA;9;77;23;2021;521150
GO;ITUMBIARA;10;77;30;2021;521150
GO;ITUMBIARA;11;100;29;2021;521150
GO;ITUMBIARA;12;58;19;2021;521150
GO;ITUMBIARA;13;96;35;2021;521150
GO;ITUMBIARA;14;72;17;2021;521150
GO;ITUMBIARA;15;71;27;2021;521150
GO;ITUMBIARA;16;75;24;2021;521150
GO;ITUMBIARA;17;59;18;2021;521150
GO;ITUMBIARA;18;66;13;2021;521150
GO;ITUMBIARA;19;92;13;2021;521150
GO;ITUMBIARA;20;91;25;2021;521150
GO;ITUMBIARA;21;72;20;2021;521150
GO;ITUMBIARA;22;85;22;2021;521150
GO;ITUMBIARA;23;73;12;2021;521150
GO;ITUMBIARA;24;68;16;2021;521150
GO;ITUMBIARA;25;69;16;2021;521150
GO;ITUMBIARA;26;62;12;2021;521150
GO;ITUMBIARA;27;79;15;2021;521150
GO;ITUMBIARA;28;75;19;2021;521150
GO;ITUMBIARA;29;70;17;2021;521150
GO;ITUMBIARA;30;53;15;2021;521150
GO;ITUMBIARA;31;55;14;2021;521150
GO;ITUMBIARA;32;40;9;2021;521150
GO;ITUMBIARA;33;34;8;2021;521150
GO;ITUMBIARA;34;31;8;2021;521150
GO;ITUMBIARA;35;24;6;2021;521150
GO;ITUMBIARA;36;19;3;2021;521150
GO;ITUMBIARA;37;9;4;2021;521150
GO;ITUMBIARA;38;6;3;2021;521150
GO;ITUMBIARA;39;10;2;2021;521150
GO;ITUMBIARA;40;13;3;2021;521150
GO;ITUMBIARA;41;2;1;2021;521150
GO;ITUMBIARA;42;2;0;2021;521150
GO;ITUMBIARA;43;3;1;2021;521150
GO;ITUMBIARA;44;5;2;2021;521150
GO;ITUMBIARA;45;2;1;2021;521150
GO;ITUMBIARA;46;1;0;2021;521150
GO;ITUMBIARA;48;1;1;2021;521150
GO;ITUMBIARA;49;3;0;2021;521150
GO;ITUMBIARA;50;2;1;2021;521150
GO;ITUMBIARA;51;3;1;2021;521150
GO;ITUMBIARA;52;7;2;2021;521150
GO;JARAGUA;1;4;1;2021;521180
GO;JARAGUA;2;8;2;2021;521180
GO;JARAGUA;3;4;1;2021;521180
GO;JARAGUA;4;20;7;2021;521180
GO;JARAGUA;5;25;12;2021;521180
GO;JARAGUA;6;22;7;2021;521180
GO;JARAGUA;7;21;3;2021;521180
GO;JARAGUA;8;18;8;2021;521180
GO;JARAGUA;9;14;7;2021;521180
GO;JARAGUA;10;16;7;2021;521180
GO;JARAGUA;11;11;4;2021;521180
GO;JARAGUA;12;5;0;2021;521180
GO;JARAGUA;13;8;3;2021;521180
GO;JARAGUA;14;10;2;2021;521180
GO;JARAGUA;15;2;0;2021;521180
GO;JARAGUA;16;4;1;2021;521180
GO;JARAGUA;17;3;1;2021;521180
GO;JARAGUA;18;3;1;2021;521180
GO;JARAGUA;19;12;3;2021;521180
GO;JARAGUA;20;9;2;2021;521180
GO;JARAGUA;21;6;2;2021;521180
GO;JARAGUA;22;6;2;2021;521180
GO;JARAGUA;23;11;6;2021;521180
GO;JARAGUA;24;12;3;2021;521180
GO;JARAGUA;25;8;1;2021;521180
GO;JARAGUA;26;8;5;2021;521180
GO;JARAGUA;27;7;2;2021;521180
GO;JARAGUA;28;4;2;2021;521180
GO;JARAGUA;29;3;1;2021;521180
GO;JARAGUA;30;4;1;2021;521180
GO;JARAGUA;31;3;0;2021;521180
GO;JARAGUA;32;3;1;2021;521180
GO;JARAGUA;33;2;1;2021;521180
GO;JARAGUA;34;4;3;2021;521180
GO;JARAGUA;36;3;0;2021;521180
GO;JARAGUA;37;4;2;2021;521180
GO;JARAGUA;38;5;0;2021;521180
GO;JARAGUA;39;2;0;2021;521180
GO;JARAGUA;40;4;2;2021;521180
GO;JARAGUA;41;3;1;2021;521180
GO;JARAGUA;42;2;1;2021;521180
GO;JARAGUA;43;4;2;2021;521180
GO;JARAGUA;48;1;1;2021;521180
GO;JARAGUA;50;1;0;2021;521180
GO;JARAGUA;51;3;0;2021;521180
GO;JARAGUA;52;3;1;2021;521180
GO;JATAI;1;18;5;2021;521190
GO;JATAI;2;20;6;2021;521190
GO;JATAI;3;14;2;2021;521190
GO;JATAI;4;15;4;2021;521190
GO;JATAI;5;27;6;2021;521190
GO;JATAI;6;25;6;2021;521190
GO;JATAI;7;24;8;2021;521190
GO;JATAI;8;37;5;2021;521190
GO;JATAI;9;48;18;2021;521190
GO;JATAI;10;53;18;2021;521190
GO;JATAI;11;34;9;2021;521190
GO;JATAI;12;36;8;2021;521190
GO;JATAI;13;29;10;2021;521190
GO;JATAI;14;30;7;2021;521190
GO;JATAI;15;26;3;2021;521190
GO;JATAI;16;28;4;2021;521190
GO;JATAI;17;41;9;2021;521190
GO;JATAI;18;43;12;2021;521190
GO;JATAI;19;60;17;2021;521190
GO;JATAI;20;44;14;2021;521190
GO;JATAI;21;50;11;2021;521190
GO;JATAI;22;44;7;2021;521190
GO;JATAI;23;39;8;2021;521190
GO;JATAI;24;39;9;2021;521190
GO;JATAI;25;23;3;2021;521190
GO;JATAI;26;32;6;2021;521190
GO;JATAI;27;36;3;2021;521190
GO;JATAI;28;29;11;2021;521190
GO;JATAI;29;33;3;2021;521190
GO;JATAI;30;28;4;2021;521190
GO;JATAI;31;24;9;2021;521190
GO;JATAI;32;18;1;2021;521190
GO;JATAI;33;24;1;2021;521190
GO;JATAI;34;8;3;2021;521190
GO;JATAI;35;5;1;2021;521190
GO;JATAI;36;3;0;2021;521190
GO;JATAI;37;5;1;2021;521190
GO;JATAI;38;3;1;2021;521190
GO;JATAI;39;1;0;2021;521190
GO;JATAI;40;6;1;2021;521190
GO;JATAI;41;1;1;2021;521190
GO;JATAI;42;1;1;2021;521190
GO;JATAI;43;1;0;2021;521190
GO;JATAI;44;1;0;2021;521190
GO;JATAI;45;3;1;2021;521190
GO;JATAI;46;1;0;2021;521190
GO;JATAI;47;1;0;2021;521190
GO;JATAI;50;1;0;2021;521190
GO;JATAI;51;2;0;2021;521190
GO;JATAI;52;2;0;2021;521190
GO;JOVIANIA;7;1;1;2021;521210
GO;JOVIANIA;8;1;0;2021;521210
GO;JOVIANIA;9;2;1;2021;521210
GO;JOVIANIA;10;5;2;2021;521210
GO;JOVIANIA;11;4;1;2021;521210
GO;JOVIANIA;12;3;1;2021;521210
GO;JOVIANIA;13;1;0;2021;521210
GO;JOVIANIA;14;3;1;2021;521210
GO;JOVIANIA;15;2;1;2021;521210
GO;JOVIANIA;52;1;0;2021;521210
GO;JUSSARA;2;1;0;2021;521220
GO;JUSSARA;6;1;1;2021;521220
GO;JUSSARA;8;1;0;2021;521220
GO;JUSSARA;9;1;0;2021;521220
GO;JUSSARA;16;1;0;2021;521220
GO;JUSSARA;17;2;0;2021;521220
GO;JUSSARA;19;1;1;2021;521220
GO;JUSSARA;22;2;0;2021;521220
GO;JUSSARA;26;2;1;2021;521220
GO;JUSSARA;27;2;1;2021;521220
GO;JUSSARA;28;4;2;2021;521220
GO;JUSSARA;29;10;4;2021;521220
GO;JUSSARA;30;3;0;2021;521220
GO;JUSSARA;31;1;1;2021;521220
GO;JUSSARA;32;3;1;2021;521220
GO;JUSSARA;33;5;1;2021;521220
GO;JUSSARA;34;1;0;2021;521220
GO;JUSSARA;35;2;1;2021;521220
GO;JUSSARA;40;2;0;2021;521220
GO;JUSSARA;42;1;1;2021;521220
GO;JUSSARA;43;1;0;2021;521220
GO;JUSSARA;52;1;1;2021;521220
GO;LUZIANIA;1;14;5;2021;521250
GO;LUZIANIA;2;19;7;2021;521250
GO;LUZIANIA;3;20;4;2021;521250
GO;LUZIANIA;4;18;5;2021;521250
GO;LUZIANIA;5;38;12;2021;521250
GO;LUZIANIA;6;27;8;2021;521250
GO;LUZIANIA;7;30;14;2021;521250
GO;LUZIANIA;8;13;12;2021;521250
GO;LUZIANIA;9;42;41;2021;521250
GO;LUZIANIA;10;22;21;2021;521250
GO;LUZIANIA;11;32;31;2021;521250
GO;LUZIANIA;12;7;5;2021;521250
GO;LUZIANIA;13;19;18;2021;521250
GO;LUZIANIA;14;28;20;2021;521250
GO;LUZIANIA;15;26;11;2021;521250
GO;LUZIANIA;16;15;6;2021;521250
GO;LUZIANIA;17;28;17;2021;521250
GO;LUZIANIA;18;14;5;2021;521250
GO;LUZIANIA;19;18;7;2021;521250
GO;LUZIANIA;20;24;10;2021;521250
GO;LUZIANIA;21;23;13;2021;521250
GO;LUZIANIA;22;26;13;2021;521250
GO;LUZIANIA;23;19;4;2021;521250
GO;LUZIANIA;24;17;5;2021;521250
GO;LUZIANIA;25;26;7;2021;521250
GO;LUZIANIA;26;29;10;2021;521250
GO;LUZIANIA;27;38;11;2021;521250
GO;LUZIANIA;28;40;3;2021;521250
GO;LUZIANIA;29;32;6;2021;521250
GO;LUZIANIA;30;26;5;2021;521250
GO;LUZIANIA;31;27;10;2021;521250
GO;LUZIANIA;32;25;6;2021;521250
GO;LUZIANIA;33;34;8;2021;521250
GO;LUZIANIA;34;33;13;2021;521250
GO;LUZIANIA;35;35;13;2021;521250
GO;LUZIANIA;36;35;12;2021;521250
GO;LUZIANIA;37;24;5;2021;521250
GO;LUZIANIA;38;56;20;2021;521250
GO;LUZIANIA;39;32;10;2021;521250
GO;LUZIANIA;40;14;7;2021;521250
GO;LUZIANIA;41;18;6;2021;521250
GO;LUZIANIA;42;9;3;2021;521250
GO;LUZIANIA;43;9;3;2021;521250
GO;LUZIANIA;44;9;2;2021;521250
GO;LUZIANIA;45;3;2;2021;521250
GO;LUZIANIA;46;11;4;2021;521250
GO;LUZIANIA;47;5;2;2021;521250
GO;LUZIANIA;48;9;4;2021;521250
GO;LUZIANIA;49;6;3;2021;521250
GO;LUZIANIA;50;3;0;2021;521250
GO;LUZIANIA;51;7;2;2021;521250
GO;LUZIANIA;52;11;2;2021;521250
GO;MARZAGAO;17;1;0;2021;521290
GO;MARZAGAO;22;1;0;2021;521290
GO;MARZAGAO;27;1;1;2021;521290
GO;MARZAGAO;33;1;0;2021;521290
GO;MARZAGAO;34;1;0;2021;521290
GO;MATRINCHA;29;1;1;2021;521295
GO;MAURILANDIA;8;2;2;2021;521300
GO;MAURILANDIA;9;1;0;2021;521300
GO;MAURILANDIA;12;1;1;2021;521300
GO;MAURILANDIA;15;1;0;2021;521300
GO;MAURILANDIA;18;1;1;2021;521300
GO;MAURILANDIA;19;1;0;2021;521300
GO;MAURILANDIA;20;3;1;2021;521300
GO;MAURILANDIA;21;1;0;2021;521300
GO;MAURILANDIA;24;1;0;2021;521300
GO;MAURILANDIA;27;1;0;2021;521300
GO;MAURILANDIA;29;1;0;2021;521300
GO;MAURILANDIA;31;1;1;2021;521300
GO;MAURILANDIA;35;1;0;2021;521300
GO;MAURILANDIA;50;1;0;2021;521300
GO;MINACU;5;1;0;2021;521308
GO;MINEIROS;1;7;3;2021;521310
GO;MINEIROS;2;11;2;2021;521310
GO;MINEIROS;3;5;2;2021;521310
GO;MINEIROS;4;8;3;2021;521310
GO;MINEIROS;5;13;1;2021;521310
GO;MINEIROS;6;20;7;2021;521310
GO;MINEIROS;7;32;7;2021;521310
GO;MINEIROS;8;28;3;2021;521310
GO;MINEIROS;9;28;8;2021;521310
GO;MINEIROS;10;30;9;2021;521310
GO;MINEIROS;11;31;6;2021;521310
GO;MINEIROS;12;17;3;2021;521310
GO;MINEIROS;13;16;4;2021;521310
GO;MINEIROS;14;17;4;2021;521310
GO;MINEIROS;15;14;2;2021;521310
GO;MINEIROS;16;4;0;2021;521310
GO;MINEIROS;17;3;1;2021;521310
GO;MINEIROS;18;5;1;2021;521310
GO;MINEIROS;19;6;1;2021;521310
GO;MINEIROS;20;8;1;2021;521310
GO;MINEIROS;21;9;1;2021;521310
GO;MINEIROS;22;10;1;2021;521310
GO;MINEIROS;23;18;3;2021;521310
GO;MINEIROS;24;12;2;2021;521310
GO;MINEIROS;25;6;0;2021;521310
GO;MINEIROS;26;14;2;2021;521310
GO;MINEIROS;27;16;1;2021;521310
GO;MINEIROS;28;22;1;2021;521310
GO;MINEIROS;29;18;4;2021;521310
GO;MINEIROS;30;11;3;2021;521310
GO;MINEIROS;31;12;0;2021;521310
GO;MINEIROS;32;4;2;2021;521310
GO;MINEIROS;33;8;1;2021;521310
GO;MINEIROS;34;7;0;2021;521310
GO;MINEIROS;35;1;0;2021;521310
GO;MINEIROS;36;3;1;2021;521310
GO;MINEIROS;37;1;0;2021;521310
GO;MINEIROS;38;2;0;2021;521310
GO;MINEIROS;41;2;0;2021;521310
GO;MINEIROS;44;1;0;2021;521310
GO;MINEIROS;47;1;0;2021;521310
GO;MINEIROS;51;2;0;2021;521310
GO;MINEIROS;52;6;2;2021;521310
GO;MONTES CLAROS DE GOIAS;6;2;1;2021;521370
GO;MONTES CLAROS DE GOIAS;7;3;2;2021;521370
GO;MONTES CLAROS DE GOIAS;9;2;0;2021;521370
GO;MONTES CLAROS DE GOIAS;10;2;0;2021;521370
GO;MONTES CLAROS DE GOIAS;13;1;1;2021;521370
GO;MONTES CLAROS DE GOIAS;14;5;4;2021;521370
GO;MONTES CLAROS DE GOIAS;23;1;1;2021;521370
GO;MONTES CLAROS DE GOIAS;26;1;1;2021;521370
GO;MONTIVIDIU;9;1;0;2021;521375
GO;MONTIVIDIU;11;2;2;2021;521375
GO;MONTIVIDIU;25;1;1;2021;521375
GO;MORRINHOS;1;4;0;2021;521380
GO;MORRINHOS;2;8;1;2021;521380
GO;MORRINHOS;3;7;0;2021;521380
GO;MORRINHOS;4;3;0;2021;521380
GO;MORRINHOS;5;6;2;2021;521380
GO;MORRINHOS;6;5;0;2021;521380
GO;MORRINHOS;7;9;4;2021;521380
GO;MORRINHOS;8;5;0;2021;521380
GO;MORRINHOS;9;3;2;2021;521380
GO;MORRINHOS;10;10;2;2021;521380
GO;MORRINHOS;11;11;2;2021;521380
GO;MORRINHOS;12;12;0;2021;521380
GO;MORRINHOS;13;6;1;2021;521380
GO;MORRINHOS;14;3;0;2021;521380
GO;MORRINHOS;15;2;0;2021;521380
GO;MORRINHOS;16;7;0;2021;521380
GO;MORRINHOS;17;11;0;2021;521380
GO;MORRINHOS;18;6;1;2021;521380
GO;MORRINHOS;19;4;0;2021;521380
GO;MORRINHOS;20;3;0;2021;521380
GO;MORRINHOS;21;8;0;2021;521380
GO;MORRINHOS;22;3;0;2021;521380
GO;MORRINHOS;23;2;0;2021;521380
GO;MORRINHOS;25;2;0;2021;521380
GO;MORRINHOS;26;4;0;2021;521380
GO;MORRINHOS;27;8;3;2021;521380
GO;MORRINHOS;28;9;0;2021;521380
GO;MORRINHOS;29;7;0;2021;521380
GO;MORRINHOS;30;7;0;2021;521380
GO;MORRINHOS;31;5;0;2021;521380
GO;MORRINHOS;32;9;0;2021;521380
GO;MORRINHOS;33;3;0;2021;521380
GO;MORRINHOS;34;3;0;2021;521380
GO;MORRINHOS;35;2;0;2021;521380
GO;MORRINHOS;36;5;1;2021;521380
GO;MORRINHOS;38;2;0;2021;521380
GO;MORRINHOS;39;1;0;2021;521380
GO;MORRINHOS;40;1;0;2021;521380
GO;MORRINHOS;41;3;0;2021;521380
GO;MORRINHOS;49;1;0;2021;521380
GO;MORRINHOS;52;2;0;2021;521380
GO;MORRO AGUDO DE GOIAS;7;2;1;2021;521385
GO;MORRO AGUDO DE GOIAS;10;1;1;2021;521385
GO;MOZARLANDIA;1;1;0;2021;521400
GO;MOZARLANDIA;6;3;0;2021;521400
GO;MOZARLANDIA;17;1;0;2021;521400
GO;MOZARLANDIA;19;1;0;2021;521400
GO;MUNDO NOVO;5;1;0;2021;521405
GO;MUNDO NOVO;6;1;0;2021;521405
GO;MUNDO NOVO;7;2;0;2021;521405
GO;MUNDO NOVO;8;2;2;2021;521405
GO;MUNDO NOVO;9;6;6;2021;521405
GO;MUNDO NOVO;11;1;1;2021;521405
GO;MUNDO NOVO;14;1;0;2021;521405
GO;MUTUNOPOLIS;9;1;1;2021;521410
GO;MUTUNOPOLIS;10;2;1;2021;521410
GO;MUTUNOPOLIS;11;1;1;2021;521410
GO;MUTUNOPOLIS;12;2;1;2021;521410
GO;MUTUNOPOLIS;13;1;0;2021;521410
GO;MUTUNOPOLIS;26;1;0;2021;521410
GO;MUTUNOPOLIS;29;1;0;2021;521410
GO;NAZARIO;11;1;1;2021;521440
GO;NAZARIO;34;1;0;2021;521440
GO;NEROPOLIS;1;8;4;2021;521450
GO;NEROPOLIS;2;2;1;2021;521450
GO;NEROPOLIS;3;5;4;2021;521450
GO;NEROPOLIS;4;1;0;2021;521450
GO;NEROPOLIS;5;5;4;2021;521450
GO;NEROPOLIS;6;11;7;2021;521450
GO;NEROPOLIS;7;12;9;2021;521450
GO;NEROPOLIS;8;13;12;2021;521450
GO;NEROPOLIS;9;18;17;2021;521450
GO;NEROPOLIS;10;10;9;2021;521450
GO;NEROPOLIS;11;11;9;2021;521450
GO;NEROPOLIS;12;4;2;2021;521450
GO;NEROPOLIS;13;1;0;2021;521450
GO;NEROPOLIS;14;5;0;2021;521450
GO;NEROPOLIS;15;5;1;2021;521450
GO;NEROPOLIS;16;4;0;2021;521450
GO;NEROPOLIS;18;6;1;2021;521450
GO;NEROPOLIS;19;4;1;2021;521450
GO;NEROPOLIS;20;6;1;2021;521450
GO;NEROPOLIS;21;4;1;2021;521450
GO;NEROPOLIS;22;6;3;2021;521450
GO;NEROPOLIS;23;6;1;2021;521450
GO;NEROPOLIS;24;1;0;2021;521450
GO;NEROPOLIS;25;2;0;2021;521450
GO;NEROPOLIS;26;6;0;2021;521450
GO;NEROPOLIS;27;4;0;2021;521450
GO;NEROPOLIS;28;2;0;2021;521450
GO;NEROPOLIS;29;2;0;2021;521450
GO;NEROPOLIS;32;2;0;2021;521450
GO;NEROPOLIS;33;1;1;2021;521450
GO;NEROPOLIS;34;2;1;2021;521450
GO;NEROPOLIS;35;1;0;2021;521450
GO;NEROPOLIS;36;1;1;2021;521450
GO;NEROPOLIS;37;3;1;2021;521450
GO;NEROPOLIS;38;3;1;2021;521450
GO;NEROPOLIS;39;1;0;2021;521450
GO;NEROPOLIS;40;2;0;2021;521450
GO;NEROPOLIS;41;2;0;2021;521450
GO;NEROPOLIS;42;1;1;2021;521450
GO;NEROPOLIS;43;2;0;2021;521450
GO;NEROPOLIS;44;2;1;2021;521450
GO;NEROPOLIS;45;2;1;2021;521450
GO;NEROPOLIS;48;2;0;2021;521450
GO;NEROPOLIS;49;3;1;2021;521450
GO;NEROPOLIS;50;2;0;2021;521450
GO;NEROPOLIS;52;1;1;2021;521450
GO;NIQUELANDIA;51;1;0;2021;521460
GO;NIQUELANDIA;52;3;0;2021;521460
GO;NOVA AMERICA;4;1;1;2021;521470
GO;NOVA CRIXAS;52;2;0;2021;521483
GO;NOVA IGUACU DE GOIAS;4;1;1;2021;521487
GO;NOVA IGUACU DE GOIAS;5;1;1;2021;521487
GO;NOVA IGUACU DE GOIAS;6;1;0;2021;521487
GO;NOVA IGUACU DE GOIAS;7;2;0;2021;521487
GO;NOVA IGUACU DE GOIAS;9;1;1;2021;521487
GO;NOVA IGUACU DE GOIAS;22;1;0;2021;521487
GO;NOVA IGUACU DE GOIAS;23;1;1;2021;521487
GO;NOVO BRASIL;30;1;1;2021;521520
GO;NOVO GAMA;8;3;0;2021;521523
GO;NOVO GAMA;9;4;2;2021;521523
GO;NOVO GAMA;10;1;1;2021;521523
GO;NOVO GAMA;11;2;1;2021;521523
GO;NOVO GAMA;12;1;0;2021;521523
GO;NOVO GAMA;15;5;0;2021;521523
GO;NOVO GAMA;17;3;0;2021;521523
GO;NOVO GAMA;18;1;1;2021;521523
GO;NOVO GAMA;19;1;0;2021;521523
GO;NOVO GAMA;20;2;0;2021;521523
GO;NOVO GAMA;22;1;0;2021;521523
GO;NOVO GAMA;24;1;0;2021;521523
GO;NOVO GAMA;25;1;0;2021;521523
GO;NOVO GAMA;30;3;0;2021;521523
GO;NOVO GAMA;33;1;0;2021;521523
GO;NOVO GAMA;35;1;1;2021;521523
GO;NOVO GAMA;36;3;1;2021;521523
GO;NOVO GAMA;38;1;0;2021;521523
GO;NOVO GAMA;39;1;0;2021;521523
GO;ORIZONA;5;1;1;2021;521530
GO;ORIZONA;8;3;3;2021;521530
GO;ORIZONA;11;2;2;2021;521530
GO;ORIZONA;13;1;1;2021;521530
GO;ORIZONA;14;1;1;2021;521530
GO;ORIZONA;24;1;1;2021;521530
GO;PALESTINA DE GOIAS;3;1;1;2021;521565
GO;PALESTINA DE GOIAS;7;1;1;2021;521565
GO;PALESTINA DE GOIAS;19;1;0;2021;521565
GO;PALESTINA DE GOIAS;20;1;0;2021;521565
GO;PALESTINA DE GOIAS;31;1;1;2021;521565
GO;PALMEIRAS DE GOIAS;1;1;0;2021;521570
GO;PALMEIRAS DE GOIAS;2;1;0;2021;521570
GO;PALMEIRAS DE GOIAS;4;1;0;2021;521570
GO;PALMEIRAS DE GOIAS;5;4;1;2021;521570
GO;PALMEIRAS DE GOIAS;7;3;1;2021;521570
GO;PALMEIRAS DE GOIAS;8;5;2;2021;521570
GO;PALMEIRAS DE GOIAS;9;6;3;2021;521570
GO;PALMEIRAS DE GOIAS;10;2;0;2021;521570
GO;PALMEIRAS DE GOIAS;11;4;1;2021;521570
GO;PALMEIRAS DE GOIAS;12;3;2;2021;521570
GO;PALMEIRAS DE GOIAS;13;5;1;2021;521570
GO;PALMEIRAS DE GOIAS;14;2;0;2021;521570
GO;PALMEIRAS DE GOIAS;15;1;0;2021;521570
GO;PALMEIRAS DE GOIAS;16;3;0;2021;521570
GO;PALMEIRAS DE GOIAS;17;3;0;2021;521570
GO;PALMEIRAS DE GOIAS;18;2;0;2021;521570
GO;PALMEIRAS DE GOIAS;19;5;1;2021;521570
GO;PALMEIRAS DE GOIAS;20;2;0;2021;521570
GO;PALMEIRAS DE GOIAS;21;4;0;2021;521570
GO;PALMEIRAS DE GOIAS;22;3;1;2021;521570
GO;PALMEIRAS DE GOIAS;23;6;1;2021;521570
GO;PALMEIRAS DE GOIAS;24;1;0;2021;521570
GO;PALMEIRAS DE GOIAS;25;4;0;2021;521570
GO;PALMEIRAS DE GOIAS;26;2;0;2021;521570
GO;PALMEIRAS DE GOIAS;27;2;0;2021;521570
GO;PALMEIRAS DE GOIAS;28;1;1;2021;521570
GO;PALMEIRAS DE GOIAS;29;3;0;2021;521570
GO;PALMEIRAS DE GOIAS;30;2;0;2021;521570
GO;PALMEIRAS DE GOIAS;31;3;0;2021;521570
GO;PALMEIRAS DE GOIAS;32;1;0;2021;521570
GO;PALMEIRAS DE GOIAS;33;3;0;2021;521570
GO;PALMEIRAS DE GOIAS;34;1;0;2021;521570
GO;PALMEIRAS DE GOIAS;35;1;0;2021;521570
GO;PALMEIRAS DE GOIAS;36;2;0;2021;521570
GO;PALMEIRAS DE GOIAS;37;1;0;2021;521570
GO;PALMEIRAS DE GOIAS;41;1;0;2021;521570
GO;PALMEIRAS DE GOIAS;46;1;0;2021;521570
GO;PALMELO;10;2;1;2021;521580
GO;PALMELO;12;1;1;2021;521580
GO;PALMINOPOLIS;15;1;0;2021;521590
GO;PANAMA;11;1;1;2021;521600
GO;PARANAIGUARA;1;1;0;2021;521630
GO;PARANAIGUARA;2;2;0;2021;521630
GO;PARANAIGUARA;3;2;1;2021;521630
GO;PARANAIGUARA;5;2;1;2021;521630
GO;PARANAIGUARA;6;2;0;2021;521630
GO;PARANAIGUARA;7;2;0;2021;521630
GO;PARANAIGUARA;8;1;0;2021;521630
GO;PARANAIGUARA;9;1;1;2021;521630
GO;PARANAIGUARA;10;2;1;2021;521630
GO;PARANAIGUARA;11;2;1;2021;521630
GO;PARANAIGUARA;12;6;1;2021;521630
GO;PARANAIGUARA;13;3;2;2021;521630
GO;PARANAIGUARA;17;1;0;2021;521630
GO;PARANAIGUARA;18;1;0;2021;521630
GO;PARANAIGUARA;20;2;1;2021;521630
GO;PARANAIGUARA;21;2;1;2021;521630
GO;PARANAIGUARA;22;9;2;2021;521630
GO;PARANAIGUARA;23;1;0;2021;521630
GO;PARANAIGUARA;24;1;0;2021;521630
GO;PARANAIGUARA;25;2;1;2021;521630
GO;PARANAIGUARA;26;1;1;2021;521630
GO;PARANAIGUARA;27;1;1;2021;521630
GO;PARANAIGUARA;29;2;1;2021;521630
GO;PARANAIGUARA;31;1;1;2021;521630
GO;PARANAIGUARA;32;1;1;2021;521630
GO;PARANAIGUARA;33;1;0;2021;521630
GO;PARANAIGUARA;34;1;1;2021;521630
GO;PARANAIGUARA;36;1;0;2021;521630
GO;PARAUNA;1;1;1;2021;521640
GO;PARAUNA;9;2;2;2021;521640
GO;PETROLINA DE GOIAS;5;1;1;2021;521680
GO;PETROLINA DE GOIAS;6;1;0;2021;521680
GO;PETROLINA DE GOIAS;7;2;0;2021;521680
GO;PETROLINA DE GOIAS;9;1;0;2021;521680
GO;PETROLINA DE GOIAS;11;1;0;2021;521680
GO;PETROLINA DE GOIAS;19;1;0;2021;521680
GO;PETROLINA DE GOIAS;20;1;0;2021;521680
GO;PETROLINA DE GOIAS;21;1;0;2021;521680
GO;PETROLINA DE GOIAS;27;1;1;2021;521680
GO;PIRACANJUBA;1;3;1;2021;521710
GO;PIRACANJUBA;2;4;1;2021;521710
GO;PIRACANJUBA;3;1;1;2021;521710
GO;PIRACANJUBA;4;1;0;2021;521710
GO;PIRACANJUBA;5;3;0;2021;521710
GO;PIRACANJUBA;6;6;3;2021;521710
GO;PIRACANJUBA;7;5;0;2021;521710
GO;PIRACANJUBA;8;6;2;2021;521710
GO;PIRACANJUBA;9;9;2;2021;521710
GO;PIRACANJUBA;10;10;3;2021;521710
GO;PIRACANJUBA;11;6;2;2021;521710
GO;PIRACANJUBA;12;3;0;2021;521710
GO;PIRACANJUBA;13;4;1;2021;521710
GO;PIRACANJUBA;14;4;0;2021;521710
GO;PIRACANJUBA;15;1;0;2021;521710
GO;PIRACANJUBA;16;3;1;2021;521710
GO;PIRACANJUBA;18;1;0;2021;521710
GO;PIRACANJUBA;19;5;1;2021;521710
GO;PIRACANJUBA;20;3;0;2021;521710
GO;PIRACANJUBA;21;4;0;2021;521710
GO;PIRACANJUBA;22;10;1;2021;521710
GO;PIRACANJUBA;23;2;1;2021;521710
GO;PIRACANJUBA;24;4;0;2021;521710
GO;PIRACANJUBA;25;5;0;2021;521710
GO;PIRACANJUBA;26;2;0;2021;521710
GO;PIRACANJUBA;27;1;0;2021;521710
GO;PIRACANJUBA;28;3;0;2021;521710
GO;PIRACANJUBA;29;2;0;2021;521710
GO;PIRACANJUBA;30;1;0;2021;521710
GO;PIRACANJUBA;31;2;0;2021;521710
GO;PIRACANJUBA;32;3;0;2021;521710
GO;PIRACANJUBA;33;2;0;2021;521710
GO;PIRACANJUBA;34;2;0;2021;521710
GO;PIRACANJUBA;35;3;1;2021;521710
GO;PIRACANJUBA;36;3;0;2021;521710
GO;PIRACANJUBA;41;2;0;2021;521710
GO;PIRACANJUBA;43;1;0;2021;521710
GO;PIRACANJUBA;46;1;0;2021;521710
GO;PIRACANJUBA;47;1;1;2021;521710
GO;PIRACANJUBA;52;2;0;2021;521710
GO;PIRANHAS;6;1;1;2021;521720
GO;PIRANHAS;7;1;1;2021;521720
GO;PIRANHAS;8;3;3;2021;521720
GO;PIRANHAS;9;4;4;2021;521720
GO;PIRANHAS;10;3;3;2021;521720
GO;PIRANHAS;11;4;4;2021;521720
GO;PIRANHAS;12;3;3;2021;521720
GO;PIRANHAS;14;1;1;2021;521720
GO;PIRANHAS;18;1;1;2021;521720
GO;PIRANHAS;20;2;2;2021;521720
GO;PIRANHAS;23;1;1;2021;521720
GO;PIRANHAS;29;1;1;2021;521720
GO;PIRANHAS;30;1;1;2021;521720
GO;PIRANHAS;31;1;1;2021;521720
GO;PIRENOPOLIS;4;3;0;2021;521730
GO;PIRENOPOLIS;5;2;2;2021;521730
GO;PIRENOPOLIS;6;2;1;2021;521730
GO;PIRENOPOLIS;7;2;1;2021;521730
GO;PIRENOPOLIS;8;2;2;2021;521730
GO;PIRENOPOLIS;9;1;0;2021;521730
GO;PIRENOPOLIS;10;1;0;2021;521730
GO;PIRENOPOLIS;11;5;2;2021;521730
GO;PIRENOPOLIS;12;9;5;2021;521730
GO;PIRENOPOLIS;13;6;2;2021;521730
GO;PIRENOPOLIS;14;2;1;2021;521730
GO;PIRENOPOLIS;15;2;0;2021;521730
GO;PIRENOPOLIS;16;2;0;2021;521730
GO;PIRENOPOLIS;18;1;0;2021;521730
GO;PIRENOPOLIS;19;1;1;2021;521730
GO;PIRENOPOLIS;20;5;2;2021;521730
GO;PIRENOPOLIS;22;6;2;2021;521730
GO;PIRENOPOLIS;23;2;0;2021;521730
GO;PIRENOPOLIS;24;1;0;2021;521730
GO;PIRENOPOLIS;25;5;1;2021;521730
GO;PIRENOPOLIS;27;4;0;2021;521730
GO;PIRENOPOLIS;28;6;2;2021;521730
GO;PIRENOPOLIS;29;8;1;2021;521730
GO;PIRENOPOLIS;30;7;0;2021;521730
GO;PIRENOPOLIS;31;3;0;2021;521730
GO;PIRENOPOLIS;33;3;0;2021;521730
GO;PIRENOPOLIS;34;4;2;2021;521730
GO;PIRENOPOLIS;35;1;0;2021;521730
GO;PIRENOPOLIS;36;3;0;2021;521730
GO;PIRENOPOLIS;37;1;0;2021;521730
GO;PIRENOPOLIS;41;1;0;2021;521730
GO;PIRENOPOLIS;45;1;0;2021;521730
GO;PIRENOPOLIS;51;2;1;2021;521730
GO;PIRENOPOLIS;52;1;1;2021;521730
GO;PIRES DO RIO;1;1;0;2021;521740
GO;PIRES DO RIO;2;2;0;2021;521740
GO;PIRES DO RIO;5;2;1;2021;521740
GO;PIRES DO RIO;7;1;0;2021;521740
GO;PIRES DO RIO;8;3;0;2021;521740
GO;PIRES DO RIO;9;5;1;2021;521740
GO;PIRES DO RIO;10;8;2;2021;521740
GO;PIRES DO RIO;11;8;2;2021;521740
GO;PIRES DO RIO;12;1;0;2021;521740
GO;PIRES DO RIO;13;2;0;2021;521740
GO;PIRES DO RIO;14;4;1;2021;521740
GO;PIRES DO RIO;15;1;0;2021;521740
GO;PIRES DO RIO;16;1;0;2021;521740
GO;PIRES DO RIO;17;2;1;2021;521740
GO;PIRES DO RIO;18;5;0;2021;521740
GO;PIRES DO RIO;19;1;0;2021;521740
GO;PIRES DO RIO;20;2;0;2021;521740
GO;PIRES DO RIO;21;3;1;2021;521740
GO;PIRES DO RIO;22;1;0;2021;521740
GO;PIRES DO RIO;23;1;0;2021;521740
GO;PIRES DO RIO;25;1;0;2021;521740
GO;PIRES DO RIO;26;3;0;2021;521740
GO;PIRES DO RIO;27;1;0;2021;521740
GO;PIRES DO RIO;28;3;0;2021;521740
GO;PIRES DO RIO;30;4;0;2021;521740
GO;PIRES DO RIO;31;1;0;2021;521740
GO;PIRES DO RIO;32;1;0;2021;521740
GO;PIRES DO RIO;33;1;1;2021;521740
GO;PIRES DO RIO;39;1;1;2021;521740
GO;PIRES DO RIO;42;1;1;2021;521740
GO;PIRES DO RIO;45;2;0;2021;521740
GO;PIRES DO RIO;52;7;1;2021;521740
GO;PLANALTINA;1;3;3;2021;521760
GO;PLANALTINA;2;1;1;2021;521760
GO;PLANALTINA;3;2;0;2021;521760
GO;PLANALTINA;4;2;0;2021;521760
GO;PLANALTINA;5;4;1;2021;521760
GO;PLANALTINA;6;2;0;2021;521760
GO;PLANALTINA;7;2;1;2021;521760
GO;PLANALTINA;8;5;2;2021;521760
GO;PLANALTINA;9;13;12;2021;521760
GO;PLANALTINA;10;5;4;2021;521760
GO;PLANALTINA;11;24;13;2021;521760
GO;PLANALTINA;12;15;7;2021;521760
GO;PLANALTINA;13;11;5;2021;521760
GO;PLANALTINA;14;11;1;2021;521760
GO;PLANALTINA;15;1;0;2021;521760
GO;PLANALTINA;16;3;2;2021;521760
GO;PLANALTINA;17;6;1;2021;521760
GO;PLANALTINA;18;7;1;2021;521760
GO;PLANALTINA;19;4;0;2021;521760
GO;PLANALTINA;21;2;0;2021;521760
GO;PLANALTINA;22;3;1;2021;521760
GO;PLANALTINA;23;6;0;2021;521760
GO;PLANALTINA;24;3;0;2021;521760
GO;PLANALTINA;25;4;0;2021;521760
GO;PLANALTINA;26;4;0;2021;521760
GO;PLANALTINA;27;5;0;2021;521760
GO;PLANALTINA;28;4;1;2021;521760
GO;PLANALTINA;29;1;0;2021;521760
GO;PLANALTINA;30;2;0;2021;521760
GO;PLANALTINA;31;6;0;2021;521760
GO;PLANALTINA;32;4;0;2021;521760
GO;PLANALTINA;33;3;0;2021;521760
GO;PLANALTINA;34;4;1;2021;521760
GO;PLANALTINA;35;2;0;2021;521760
GO;PLANALTINA;36;1;0;2021;521760
GO;PLANALTINA;37;6;3;2021;521760
GO;PLANALTINA;38;7;1;2021;521760
GO;PLANALTINA;39;4;1;2021;521760
GO;PLANALTINA;40;4;2;2021;521760
GO;PLANALTINA;41;2;1;2021;521760
GO;PLANALTINA;42;1;0;2021;521760
GO;PLANALTINA;43;1;0;2021;521760
GO;PLANALTINA;44;3;0;2021;521760
GO;PLANALTINA;45;5;0;2021;521760
GO;PLANALTINA;46;1;0;2021;521760
GO;PLANALTINA;47;5;0;2021;521760
GO;PLANALTINA;48;8;0;2021;521760
GO;PLANALTINA;49;3;0;2021;521760
GO;PLANALTINA;50;1;0;2021;521760
GO;PLANALTINA;51;4;1;2021;521760
GO;PLANALTINA;52;8;1;2021;521760
GO;PORANGATU;1;4;1;2021;521800
GO;PORANGATU;2;6;0;2021;521800
GO;PORANGATU;3;9;3;2021;521800
GO;PORANGATU;4;14;5;2021;521800
GO;PORANGATU;5;17;6;2021;521800
GO;PORANGATU;6;17;6;2021;521800
GO;PORANGATU;7;19;4;2021;521800
GO;PORANGATU;8;15;8;2021;521800
GO;PORANGATU;9;16;7;2021;521800
GO;PORANGATU;10;13;8;2021;521800
GO;PORANGATU;11;9;5;2021;521800
GO;PORANGATU;12;8;3;2021;521800
GO;PORANGATU;13;5;2;2021;521800
GO;PORANGATU;14;8;4;2021;521800
GO;PORANGATU;15;5;3;2021;521800
GO;PORANGATU;16;6;1;2021;521800
GO;PORANGATU;17;11;4;2021;521800
GO;PORANGATU;18;9;5;2021;521800
GO;PORANGATU;19;7;2;2021;521800
GO;PORANGATU;20;2;0;2021;521800
GO;PORANGATU;21;6;1;2021;521800
GO;PORANGATU;22;12;6;2021;521800
GO;PORANGATU;23;10;4;2021;521800
GO;PORANGATU;24;5;2;2021;521800
GO;PORANGATU;25;5;4;2021;521800
GO;PORANGATU;26;5;3;2021;521800
GO;PORANGATU;27;4;3;2021;521800
GO;PORANGATU;28;6;1;2021;521800
GO;PORANGATU;29;6;2;2021;521800
GO;PORANGATU;30;2;1;2021;521800
GO;PORANGATU;31;3;3;2021;521800
GO;PORANGATU;32;1;1;2021;521800
GO;PORANGATU;33;1;0;2021;521800
GO;POSSE;1;1;0;2021;521830
GO;POSSE;2;2;2;2021;521830
GO;POSSE;3;1;0;2021;521830
GO;POSSE;5;2;0;2021;521830
GO;POSSE;6;1;0;2021;521830
GO;POSSE;7;1;0;2021;521830
GO;POSSE;8;4;1;2021;521830
GO;POSSE;9;3;0;2021;521830
GO;POSSE;10;6;3;2021;521830
GO;POSSE;11;5;1;2021;521830
GO;POSSE;12;4;1;2021;521830
GO;POSSE;13;2;1;2021;521830
GO;POSSE;14;1;0;2021;521830
GO;POSSE;15;2;0;2021;521830
GO;POSSE;16;5;0;2021;521830
GO;POSSE;17;2;0;2021;521830
GO;POSSE;18;6;0;2021;521830
GO;POSSE;20;3;0;2021;521830
GO;POSSE;21;2;1;2021;521830
GO;POSSE;22;3;0;2021;521830
GO;POSSE;23;2;0;2021;521830
GO;POSSE;24;5;0;2021;521830
GO;POSSE;25;6;1;2021;521830
GO;POSSE;26;5;0;2021;521830
GO;POSSE;27;2;0;2021;521830
GO;POSSE;28;3;0;2021;521830
GO;POSSE;30;2;0;2021;521830
GO;POSSE;31;2;0;2021;521830
GO;POSSE;32;2;0;2021;521830
GO;POSSE;33;1;0;2021;521830
GO;POSSE;34;1;0;2021;521830
GO;POSSE;35;1;0;2021;521830
GO;POSSE;37;1;1;2021;521830
GO;POSSE;38;4;0;2021;521830
GO;POSSE;39;4;0;2021;521830
GO;POSSE;40;1;0;2021;521830
GO;POSSE;41;1;0;2021;521830
GO;POSSE;44;3;1;2021;521830
GO;POSSE;46;4;0;2021;521830
GO;POSSE;47;2;1;2021;521830
GO;POSSE;51;1;0;2021;521830
GO;POSSE;52;1;0;2021;521830
GO;QUIRINOPOLIS;1;1;0;2021;521850
GO;QUIRINOPOLIS;2;7;0;2021;521850
GO;QUIRINOPOLIS;3;4;1;2021;521850
GO;QUIRINOPOLIS;4;3;1;2021;521850
GO;QUIRINOPOLIS;5;2;1;2021;521850
GO;QUIRINOPOLIS;6;7;2;2021;521850
GO;QUIRINOPOLIS;7;6;3;2021;521850
GO;QUIRINOPOLIS;8;8;6;2021;521850
GO;QUIRINOPOLIS;9;13;6;2021;521850
GO;QUIRINOPOLIS;10;19;5;2021;521850
GO;QUIRINOPOLIS;11;8;3;2021;521850
GO;QUIRINOPOLIS;12;13;4;2021;521850
GO;QUIRINOPOLIS;13;6;2;2021;521850
GO;QUIRINOPOLIS;14;15;7;2021;521850
GO;QUIRINOPOLIS;15;13;9;2021;521850
GO;QUIRINOPOLIS;16;7;3;2021;521850
GO;QUIRINOPOLIS;17;11;5;2021;521850
GO;QUIRINOPOLIS;18;1;0;2021;521850
GO;QUIRINOPOLIS;19;4;1;2021;521850
GO;QUIRINOPOLIS;20;4;3;2021;521850
GO;QUIRINOPOLIS;23;4;0;2021;521850
GO;QUIRINOPOLIS;24;1;0;2021;521850
GO;QUIRINOPOLIS;25;1;0;2021;521850
GO;QUIRINOPOLIS;29;1;1;2021;521850
GO;QUIRINOPOLIS;30;2;0;2021;521850
GO;QUIRINOPOLIS;31;2;1;2021;521850
GO;QUIRINOPOLIS;32;2;0;2021;521850
GO;QUIRINOPOLIS;33;2;1;2021;521850
GO;QUIRINOPOLIS;34;3;0;2021;521850
GO;QUIRINOPOLIS;35;1;0;2021;521850
GO;QUIRINOPOLIS;36;1;1;2021;521850
GO;QUIRINOPOLIS;37;2;0;2021;521850
GO;QUIRINOPOLIS;40;2;1;2021;521850
GO;QUIRINOPOLIS;41;2;0;2021;521850
GO;RIALMA;1;1;0;2021;521860
GO;RIALMA;3;2;0;2021;521860
GO;RIALMA;4;2;2;2021;521860
GO;RIALMA;5;3;0;2021;521860
GO;RIALMA;6;9;2;2021;521860
GO;RIALMA;7;2;0;2021;521860
GO;RIALMA;8;9;4;2021;521860
GO;RIALMA;9;3;2;2021;521860
GO;RIALMA;12;1;1;2021;521860
GO;RIALMA;14;1;0;2021;521860
GO;RIALMA;15;1;0;2021;521860
GO;RIALMA;17;1;0;2021;521860
GO;RIALMA;18;3;0;2021;521860
GO;RIALMA;19;2;0;2021;521860
GO;RIALMA;20;6;0;2021;521860
GO;RIALMA;21;3;0;2021;521860
GO;RIALMA;22;3;0;2021;521860
GO;RIALMA;23;2;0;2021;521860
GO;RIALMA;24;3;0;2021;521860
GO;RIALMA;27;1;1;2021;521860
GO;RIALMA;28;1;0;2021;521860
GO;RIALMA;29;3;1;2021;521860
GO;RIALMA;37;2;1;2021;521860
GO;RIALMA;38;2;0;2021;521860
GO;RIALMA;39;1;0;2021;521860
GO;RIALMA;41;1;0;2021;521860
GO;RIANAPOLIS;37;1;1;2021;521870
GO;RIO VERDE;1;14;1;2021;521880
GO;RIO VERDE;2;20;5;2021;521880
GO;RIO VERDE;3;10;2;2021;521880
GO;RIO VERDE;4;11;4;2021;521880
GO;RIO VERDE;5;15;5;2021;521880
GO;RIO VERDE;6;31;7;2021;521880
GO;RIO VERDE;7;39;14;2021;521880
GO;RIO VERDE;8;28;7;2021;521880
GO;RIO VERDE;9;42;16;2021;521880
GO;RIO VERDE;10;65;31;2021;521880
GO;RIO VERDE;11;45;18;2021;521880
GO;RIO VERDE;12;35;21;2021;521880
GO;RIO VERDE;13;41;16;2021;521880
GO;RIO VERDE;14;50;17;2021;521880
GO;RIO VERDE;15;40;11;2021;521880
GO;RIO VERDE;16;39;10;2021;521880
GO;RIO VERDE;17;39;9;2021;521880
GO;RIO VERDE;18;40;6;2021;521880
GO;RIO VERDE;19;48;9;2021;521880
GO;RIO VERDE;20;38;8;2021;521880
GO;RIO VERDE;21;47;12;2021;521880
GO;RIO VERDE;22;52;16;2021;521880
GO;RIO VERDE;23;49;9;2021;521880
GO;RIO VERDE;24;35;5;2021;521880
GO;RIO VERDE;25;27;8;2021;521880
GO;RIO VERDE;26;33;8;2021;521880
GO;RIO VERDE;27;49;9;2021;521880
GO;RIO VERDE;28;32;5;2021;521880
GO;RIO VERDE;29;33;10;2021;521880
GO;RIO VERDE;30;28;8;2021;521880
GO;RIO VERDE;31;59;11;2021;521880
GO;RIO VERDE;32;29;7;2021;521880
GO;RIO VERDE;33;17;3;2021;521880
GO;RIO VERDE;34;13;3;2021;521880
GO;RIO VERDE;35;3;0;2021;521880
GO;RIO VERDE;36;3;0;2021;521880
GO;RIO VERDE;37;6;2;2021;521880
GO;RIO VERDE;38;5;1;2021;521880
GO;RIO VERDE;39;6;2;2021;521880
GO;RIO VERDE;40;3;2;2021;521880
GO;RIO VERDE;41;2;0;2021;521880
GO;RIO VERDE;42;4;1;2021;521880
GO;RIO VERDE;43;1;1;2021;521880
GO;RIO VERDE;44;2;1;2021;521880
GO;RIO VERDE;45;3;1;2021;521880
GO;RIO VERDE;46;5;3;2021;521880
GO;RIO VERDE;47;3;0;2021;521880
GO;RIO VERDE;48;3;0;2021;521880
GO;RIO VERDE;49;2;0;2021;521880
GO;RIO VERDE;50;2;1;2021;521880
GO;RIO VERDE;51;30;3;2021;521880
GO;RIO VERDE;52;18;5;2021;521880
GO;RUBIATABA;5;2;2;2021;521890
GO;RUBIATABA;7;2;2;2021;521890
GO;RUBIATABA;8;1;1;2021;521890
GO;RUBIATABA;10;1;1;2021;521890
GO;RUBIATABA;12;1;0;2021;521890
GO;RUBIATABA;14;2;0;2021;521890
GO;RUBIATABA;16;2;1;2021;521890
GO;RUBIATABA;17;2;0;2021;521890
GO;RUBIATABA;18;8;2;2021;521890
GO;RUBIATABA;19;6;0;2021;521890
GO;RUBIATABA;20;4;1;2021;521890
GO;RUBIATABA;21;6;2;2021;521890
GO;RUBIATABA;22;4;0;2021;521890
GO;RUBIATABA;23;5;0;2021;521890
GO;RUBIATABA;24;3;0;2021;521890
GO;RUBIATABA;25;1;0;2021;521890
GO;RUBIATABA;27;2;0;2021;521890
GO;RUBIATABA;28;3;0;2021;521890
GO;RUBIATABA;29;1;0;2021;521890
GO;RUBIATABA;30;3;1;2021;521890
GO;RUBIATABA;31;2;0;2021;521890
GO;RUBIATABA;32;4;0;2021;521890
GO;RUBIATABA;34;1;0;2021;521890
GO;RUBIATABA;36;3;0;2021;521890
GO;RUBIATABA;37;3;0;2021;521890
GO;RUBIATABA;38;4;0;2021;521890
GO;RUBIATABA;39;2;0;2021;521890
GO;RUBIATABA;40;1;0;2021;521890
GO;RUBIATABA;41;1;0;2021;521890
GO;RUBIATABA;44;1;0;2021;521890
GO;RUBIATABA;45;1;0;2021;521890
GO;RUBIATABA;47;1;0;2021;521890
GO;RUBIATABA;48;1;0;2021;521890
GO;RUBIATABA;49;2;0;2021;521890
GO;RUBIATABA;50;2;0;2021;521890
GO;RUBIATABA;52;1;0;2021;521890
GO;SANCLERLANDIA;12;1;1;2021;521900
GO;SANTA BARBARA DE GOIAS;10;1;0;2021;521910
GO;SANTA BARBARA DE GOIAS;15;1;0;2021;521910
GO;SANTA BARBARA DE GOIAS;19;2;1;2021;521910
GO;SANTA BARBARA DE GOIAS;22;3;1;2021;521910
GO;SANTA BARBARA DE GOIAS;23;1;0;2021;521910
GO;SANTA BARBARA DE GOIAS;26;1;1;2021;521910
GO;SANTA BARBARA DE GOIAS;29;3;1;2021;521910
GO;SANTA BARBARA DE GOIAS;32;1;0;2021;521910
GO;SANTA BARBARA DE GOIAS;37;1;1;2021;521910
GO;SANTA BARBARA DE GOIAS;39;1;0;2021;521910
GO;SANTA BARBARA DE GOIAS;52;1;0;2021;521910
GO;SANTA CRUZ DE GOIAS;10;1;1;2021;521920
GO;SANTA FE DE GOIAS;6;2;1;2021;521925
GO;SANTA FE DE GOIAS;7;2;0;2021;521925
GO;SANTA FE DE GOIAS;9;5;3;2021;521925
GO;SANTA FE DE GOIAS;10;2;1;2021;521925
GO;SANTA HELENA DE GOIAS;3;1;1;2021;521930
GO;SANTA HELENA DE GOIAS;5;1;1;2021;521930
GO;SANTA HELENA DE GOIAS;6;1;1;2021;521930
GO;SANTA HELENA DE GOIAS;8;1;1;2021;521930
GO;SANTA HELENA DE GOIAS;9;4;4;2021;521930
GO;SANTA HELENA DE GOIAS;10;6;5;2021;521930
GO;SANTA HELENA DE GOIAS;11;7;7;2021;521930
GO;SANTA HELENA DE GOIAS;12;4;4;2021;521930
GO;SANTA HELENA DE GOIAS;13;4;4;2021;521930
GO;SANTA HELENA DE GOIAS;14;8;6;2021;521930
GO;SANTA HELENA DE GOIAS;15;4;2;2021;521930
GO;SANTA HELENA DE GOIAS;16;4;3;2021;521930
GO;SANTA HELENA DE GOIAS;17;6;2;2021;521930
GO;SANTA HELENA DE GOIAS;18;2;2;2021;521930
GO;SANTA HELENA DE GOIAS;19;5;3;2021;521930
GO;SANTA HELENA DE GOIAS;20;5;3;2021;521930
GO;SANTA HELENA DE GOIAS;21;2;1;2021;521930
GO;SANTA HELENA DE GOIAS;22;11;9;2021;521930
GO;SANTA HELENA DE GOIAS;23;3;2;2021;521930
GO;SANTA HELENA DE GOIAS;24;6;2;2021;521930
GO;SANTA HELENA DE GOIAS;25;2;2;2021;521930
GO;SANTA HELENA DE GOIAS;26;1;1;2021;521930
GO;SANTA HELENA DE GOIAS;27;2;2;2021;521930
GO;SANTA HELENA DE GOIAS;28;2;2;2021;521930
GO;SANTA HELENA DE GOIAS;29;3;3;2021;521930
GO;SANTA HELENA DE GOIAS;30;3;3;2021;521930
GO;SANTA HELENA DE GOIAS;31;3;3;2021;521930
GO;SANTA HELENA DE GOIAS;32;4;4;2021;521930
GO;SANTA HELENA DE GOIAS;33;3;3;2021;521930
GO;SANTA HELENA DE GOIAS;34;1;1;2021;521930
GO;SANTA HELENA DE GOIAS;46;1;1;2021;521930
GO;SANTA HELENA DE GOIAS;47;1;0;2021;521930
GO;SANTA HELENA DE GOIAS;51;1;0;2021;521930
GO;SANTA TEREZA DE GOIAS;7;1;1;2021;521960
GO;SANTA TEREZA DE GOIAS;9;1;1;2021;521960
GO;SANTA TEREZA DE GOIAS;10;1;1;2021;521960
GO;SANTA TEREZINHA DE GOIAS;1;2;0;2021;521970
GO;SANTA TEREZINHA DE GOIAS;4;2;0;2021;521970
GO;SANTA TEREZINHA DE GOIAS;5;1;0;2021;521970
GO;SANTA TEREZINHA DE GOIAS;10;1;0;2021;521970
GO;SANTA TEREZINHA DE GOIAS;11;3;0;2021;521970
GO;SANTA TEREZINHA DE GOIAS;12;1;1;2021;521970
GO;SANTA TEREZINHA DE GOIAS;16;1;0;2021;521970
GO;SANTA TEREZINHA DE GOIAS;17;1;0;2021;521970
GO;SANTA TEREZINHA DE GOIAS;21;1;1;2021;521970
GO;SANTA TEREZINHA DE GOIAS;25;1;0;2021;521970
GO;SANTA TEREZINHA DE GOIAS;29;3;0;2021;521970
GO;SANTA TEREZINHA DE GOIAS;34;1;1;2021;521970
GO;SANTA TEREZINHA DE GOIAS;36;2;1;2021;521970
GO;SANTO ANTONIO DE GOIAS;7;1;0;2021;521973
GO;SANTO ANTONIO DE GOIAS;9;2;1;2021;521973
GO;SANTO ANTONIO DE GOIAS;10;5;1;2021;521973
GO;SANTO ANTONIO DE GOIAS;11;1;0;2021;521973
GO;SANTO ANTONIO DE GOIAS;12;2;0;2021;521973
GO;SANTO ANTONIO DE GOIAS;13;5;1;2021;521973
GO;SANTO ANTONIO DE GOIAS;16;2;0;2021;521973
GO;SANTO ANTONIO DE GOIAS;17;3;1;2021;521973
GO;SANTO ANTONIO DE GOIAS;18;1;0;2021;521973
GO;SANTO ANTONIO DE GOIAS;20;1;0;2021;521973
GO;SANTO ANTONIO DE GOIAS;21;2;0;2021;521973
GO;SANTO ANTONIO DE GOIAS;22;3;1;2021;521973
GO;SANTO ANTONIO DE GOIAS;23;2;0;2021;521973
GO;SANTO ANTONIO DE GOIAS;26;1;0;2021;521973
GO;SANTO ANTONIO DE GOIAS;27;2;0;2021;521973
GO;SANTO ANTONIO DE GOIAS;28;1;0;2021;521973
GO;SANTO ANTONIO DE GOIAS;30;5;1;2021;521973
GO;SANTO ANTONIO DE GOIAS;31;2;0;2021;521973
GO;SANTO ANTONIO DO DESCOBERTO;7;1;0;2021;521975
GO;SANTO ANTONIO DO DESCOBERTO;9;4;3;2021;521975
GO;SANTO ANTONIO DO DESCOBERTO;10;7;4;2021;521975
GO;SANTO ANTONIO DO DESCOBERTO;11;4;3;2021;521975
GO;SANTO ANTONIO DO DESCOBERTO;12;9;3;2021;521975
GO;SANTO ANTONIO DO DESCOBERTO;13;16;4;2021;521975
GO;SANTO ANTONIO DO DESCOBERTO;14;3;1;2021;521975
GO;SANTO ANTONIO DO DESCOBERTO;15;3;1;2021;521975
GO;SANTO ANTONIO DO DESCOBERTO;16;1;1;2021;521975
GO;SANTO ANTONIO DO DESCOBERTO;17;13;1;2021;521975
GO;SANTO ANTONIO DO DESCOBERTO;18;9;2;2021;521975
GO;SANTO ANTONIO DO DESCOBERTO;19;14;3;2021;521975
GO;SANTO ANTONIO DO DESCOBERTO;20;3;0;2021;521975
GO;SANTO ANTONIO DO DESCOBERTO;21;1;0;2021;521975
GO;SANTO ANTONIO DO DESCOBERTO;22;3;0;2021;521975
GO;SAO DOMINGOS;7;1;1;2021;521980
GO;SAO DOMINGOS;8;2;1;2021;521980
GO;SAO JOAO D'ALIANCA;1;1;0;2021;522000
GO;SAO JOAO D'ALIANCA;2;1;1;2021;522000
GO;SAO JOAO D'ALIANCA;3;1;1;2021;522000
GO;SAO JOAO D'ALIANCA;4;2;1;2021;522000
GO;SAO JOAO D'ALIANCA;5;1;0;2021;522000
GO;SAO JOAO D'ALIANCA;6;1;0;2021;522000
GO;SAO JOAO D'ALIANCA;8;4;3;2021;522000
GO;SAO JOAO D'ALIANCA;9;3;0;2021;522000
GO;SAO JOAO D'ALIANCA;11;2;2;2021;522000
GO;SAO JOAO D'ALIANCA;12;4;3;2021;522000
GO;SAO JOAO D'ALIANCA;13;2;1;2021;522000
GO;SAO JOAO D'ALIANCA;15;1;0;2021;522000
GO;SAO JOAO D'ALIANCA;16;1;0;2021;522000
GO;SAO JOAO D'ALIANCA;17;2;1;2021;522000
GO;SAO JOAO D'ALIANCA;18;1;1;2021;522000
GO;SAO JOAO D'ALIANCA;19;3;0;2021;522000
GO;SAO JOAO D'ALIANCA;20;1;1;2021;522000
GO;SAO JOAO D'ALIANCA;21;2;0;2021;522000
GO;SAO JOAO D'ALIANCA;25;2;0;2021;522000
GO;SAO JOAO D'ALIANCA;27;1;0;2021;522000
GO;SAO JOAO D'ALIANCA;31;1;0;2021;522000
GO;SAO JOAO D'ALIANCA;32;1;0;2021;522000
GO;SAO JOAO D'ALIANCA;35;1;1;2021;522000
GO;SAO JOAO D'ALIANCA;38;1;0;2021;522000
GO;SAO JOAO D'ALIANCA;40;3;1;2021;522000
GO;SAO JOAO D'ALIANCA;43;1;0;2021;522000
GO;SAO JOAO D'ALIANCA;46;1;0;2021;522000
GO;SAO JOAO D'ALIANCA;50;2;0;2021;522000
GO;SAO LUIS DE MONTES BELOS;1;4;2;2021;522010
GO;SAO LUIS DE MONTES BELOS;2;7;3;2021;522010
GO;SAO LUIS DE MONTES BELOS;3;7;2;2021;522010
GO;SAO LUIS DE MONTES BELOS;4;6;0;2021;522010
GO;SAO LUIS DE MONTES BELOS;5;20;1;2021;522010
GO;SAO LUIS DE MONTES BELOS;6;17;5;2021;522010
GO;SAO LUIS DE MONTES BELOS;7;19;5;2021;522010
GO;SAO LUIS DE MONTES BELOS;8;17;8;2021;522010
GO;SAO LUIS DE MONTES BELOS;9;23;14;2021;522010
GO;SAO LUIS DE MONTES BELOS;10;12;4;2021;522010
GO;SAO LUIS DE MONTES BELOS;11;18;8;2021;522010
GO;SAO LUIS DE MONTES BELOS;12;21;10;2021;522010
GO;SAO LUIS DE MONTES BELOS;13;7;1;2021;522010
GO;SAO LUIS DE MONTES BELOS;14;19;7;2021;522010
GO;SAO LUIS DE MONTES BELOS;15;18;8;2021;522010
GO;SAO LUIS DE MONTES BELOS;16;12;3;2021;522010
GO;SAO LUIS DE MONTES BELOS;17;23;9;2021;522010
GO;SAO LUIS DE MONTES BELOS;18;9;6;2021;522010
GO;SAO LUIS DE MONTES BELOS;19;25;9;2021;522010
GO;SAO LUIS DE MONTES BELOS;20;12;2;2021;522010
GO;SAO LUIS DE MONTES BELOS;21;19;4;2021;522010
GO;SAO LUIS DE MONTES BELOS;22;20;7;2021;522010
GO;SAO LUIS DE MONTES BELOS;23;15;4;2021;522010
GO;SAO LUIS DE MONTES BELOS;24;16;3;2021;522010
GO;SAO LUIS DE MONTES BELOS;25;14;5;2021;522010
GO;SAO LUIS DE MONTES BELOS;26;25;8;2021;522010
GO;SAO LUIS DE MONTES BELOS;27;20;9;2021;522010
GO;SAO LUIS DE MONTES BELOS;28;23;5;2021;522010
GO;SAO LUIS DE MONTES BELOS;29;19;3;2021;522010
GO;SAO LUIS DE MONTES BELOS;30;9;1;2021;522010
GO;SAO LUIS DE MONTES BELOS;31;17;5;2021;522010
GO;SAO LUIS DE MONTES BELOS;32;7;3;2021;522010
GO;SAO LUIS DE MONTES BELOS;33;6;2;2021;522010
GO;SAO LUIS DE MONTES BELOS;34;11;4;2021;522010
GO;SAO LUIS DE MONTES BELOS;35;4;1;2021;522010
GO;SAO LUIS DE MONTES BELOS;36;4;1;2021;522010
GO;SAO LUIS DE MONTES BELOS;37;2;0;2021;522010
GO;SAO LUIS DE MONTES BELOS;38;4;1;2021;522010
GO;SAO LUIS DE MONTES BELOS;39;1;0;2021;522010
GO;SAO LUIS DE MONTES BELOS;40;4;1;2021;522010
GO;SAO LUIS DE MONTES BELOS;41;1;1;2021;522010
GO;SAO LUIS DE MONTES BELOS;42;2;0;2021;522010
GO;SAO LUIS DE MONTES BELOS;43;1;1;2021;522010
GO;SAO LUIS DE MONTES BELOS;48;1;0;2021;522010
GO;SAO LUIS DE MONTES BELOS;49;1;0;2021;522010
GO;SAO LUIS DE MONTES BELOS;50;1;0;2021;522010
GO;SAO LUIZ DO NORTE;6;1;1;2021;522015
GO;SAO LUIZ DO NORTE;14;1;1;2021;522015
GO;SAO LUIZ DO NORTE;22;1;0;2021;522015
GO;SAO MIGUEL DO ARAGUAIA;6;1;0;2021;522020
GO;SAO MIGUEL DO ARAGUAIA;7;2;1;2021;522020
GO;SAO MIGUEL DO ARAGUAIA;8;4;1;2021;522020
GO;SAO MIGUEL DO ARAGUAIA;9;13;6;2021;522020
GO;SAO MIGUEL DO ARAGUAIA;10;6;2;2021;522020
GO;SAO MIGUEL DO ARAGUAIA;11;3;1;2021;522020
GO;SAO MIGUEL DO ARAGUAIA;12;2;0;2021;522020
GO;SAO MIGUEL DO ARAGUAIA;13;4;3;2021;522020
GO;SAO MIGUEL DO ARAGUAIA;14;3;0;2021;522020
GO;SAO MIGUEL DO ARAGUAIA;15;1;0;2021;522020
GO;SAO MIGUEL DO ARAGUAIA;16;5;3;2021;522020
GO;SAO MIGUEL DO ARAGUAIA;17;3;2;2021;522020
GO;SAO MIGUEL DO ARAGUAIA;18;2;0;2021;522020
GO;SAO MIGUEL DO ARAGUAIA;19;1;0;2021;522020
GO;SAO MIGUEL DO ARAGUAIA;20;7;1;2021;522020
GO;SAO MIGUEL DO ARAGUAIA;21;4;2;2021;522020
GO;SAO MIGUEL DO ARAGUAIA;22;6;1;2021;522020
GO;SAO MIGUEL DO ARAGUAIA;23;7;2;2021;522020
GO;SAO MIGUEL DO ARAGUAIA;24;5;1;2021;522020
GO;SAO MIGUEL DO ARAGUAIA;25;5;0;2021;522020
GO;SAO MIGUEL DO ARAGUAIA;26;2;1;2021;522020
GO;SAO MIGUEL DO ARAGUAIA;27;2;2;2021;522020
GO;SAO MIGUEL DO ARAGUAIA;28;3;1;2021;522020
GO;SAO MIGUEL DO ARAGUAIA;29;4;1;2021;522020
GO;SAO MIGUEL DO ARAGUAIA;30;3;1;2021;522020
GO;SAO MIGUEL DO ARAGUAIA;31;1;0;2021;522020
GO;SAO MIGUEL DO ARAGUAIA;32;3;0;2021;522020
GO;SAO MIGUEL DO ARAGUAIA;34;2;0;2021;522020
GO;SAO MIGUEL DO ARAGUAIA;35;2;0;2021;522020
GO;SAO MIGUEL DO ARAGUAIA;49;1;0;2021;522020
GO;SAO MIGUEL DO ARAGUAIA;52;2;2;2021;522020
GO;SAO SIMAO;1;7;0;2021;522040
GO;SAO SIMAO;2;1;1;2021;522040
GO;SAO SIMAO;3;3;2;2021;522040
GO;SAO SIMAO;4;2;0;2021;522040
GO;SAO SIMAO;5;6;1;2021;522040
GO;SAO SIMAO;6;6;1;2021;522040
GO;SAO SIMAO;7;5;0;2021;522040
GO;SAO SIMAO;8;4;1;2021;522040
GO;SAO SIMAO;9;5;0;2021;522040
GO;SAO SIMAO;10;8;3;2021;522040
GO;SAO SIMAO;11;8;2;2021;522040
GO;SAO SIMAO;12;10;3;2021;522040
GO;SAO SIMAO;13;3;1;2021;522040
GO;SAO SIMAO;14;3;1;2021;522040
GO;SAO SIMAO;15;2;2;2021;522040
GO;SAO SIMAO;16;1;0;2021;522040
GO;SAO SIMAO;17;3;0;2021;522040
GO;SAO SIMAO;18;8;2;2021;522040
GO;SAO SIMAO;19;3;1;2021;522040
GO;SAO SIMAO;20;4;0;2021;522040
GO;SAO SIMAO;21;9;2;2021;522040
GO;SAO SIMAO;22;7;1;2021;522040
GO;SAO SIMAO;23;4;1;2021;522040
GO;SAO SIMAO;24;5;1;2021;522040
GO;SAO SIMAO;26;2;0;2021;522040
GO;SAO SIMAO;27;2;0;2021;522040
GO;SAO SIMAO;28;6;0;2021;522040
GO;SAO SIMAO;29;5;2;2021;522040
GO;SAO SIMAO;30;5;1;2021;522040
GO;SAO SIMAO;31;1;1;2021;522040
GO;SAO SIMAO;32;2;0;2021;522040
GO;SAO SIMAO;33;3;0;2021;522040
GO;SAO SIMAO;34;1;0;2021;522040
GO;SAO SIMAO;35;1;0;2021;522040
GO;SAO SIMAO;36;1;0;2021;522040
GO;SAO SIMAO;37;1;1;2021;522040
GO;SAO SIMAO;38;1;0;2021;522040
GO;SAO SIMAO;42;1;0;2021;522040
GO;SAO SIMAO;43;1;0;2021;522040
GO;SAO SIMAO;44;1;0;2021;522040
GO;SAO SIMAO;49;3;0;2021;522040
GO;SAO SIMAO;51;1;0;2021;522040
GO;SAO SIMAO;52;1;1;2021;522040
GO;SENADOR CANEDO;5;2;1;2021;522045
GO;SENADOR CANEDO;6;4;1;2021;522045
GO;SENADOR CANEDO;7;7;2;2021;522045
GO;SENADOR CANEDO;8;12;6;2021;522045
GO;SENADOR CANEDO;9;18;14;2021;522045
GO;SENADOR CANEDO;10;18;11;2021;522045
GO;SENADOR CANEDO;11;14;10;2021;522045
GO;SENADOR CANEDO;12;27;6;2021;522045
GO;SENADOR CANEDO;13;27;7;2021;522045
GO;SENADOR CANEDO;14;23;5;2021;522045
GO;SENADOR CANEDO;15;21;4;2021;522045
GO;SENADOR CANEDO;16;34;7;2021;522045
GO;SENADOR CANEDO;17;26;3;2021;522045
GO;SENADOR CANEDO;18;29;10;2021;522045
GO;SENADOR CANEDO;19;31;5;2021;522045
GO;SENADOR CANEDO;20;27;4;2021;522045
GO;SENADOR CANEDO;21;32;7;2021;522045
GO;SENADOR CANEDO;22;22;4;2021;522045
GO;SENADOR CANEDO;23;39;7;2021;522045
GO;SENADOR CANEDO;24;37;3;2021;522045
GO;SENADOR CANEDO;25;25;9;2021;522045
GO;SENADOR CANEDO;26;34;5;2021;522045
GO;SENADOR CANEDO;27;22;5;2021;522045
GO;SENADOR CANEDO;28;20;3;2021;522045
GO;SENADOR CANEDO;29;40;5;2021;522045
GO;SENADOR CANEDO;30;28;3;2021;522045
GO;SENADOR CANEDO;31;24;3;2021;522045
GO;SENADOR CANEDO;32;27;4;2021;522045
GO;SENADOR CANEDO;33;23;1;2021;522045
GO;SENADOR CANEDO;34;18;4;2021;522045
GO;SENADOR CANEDO;35;14;6;2021;522045
GO;SENADOR CANEDO;36;9;2;2021;522045
GO;SENADOR CANEDO;37;9;0;2021;522045
GO;SENADOR CANEDO;38;8;2;2021;522045
GO;SENADOR CANEDO;39;4;0;2021;522045
GO;SENADOR CANEDO;40;4;1;2021;522045
GO;SENADOR CANEDO;41;4;2;2021;522045
GO;SENADOR CANEDO;42;5;1;2021;522045
GO;SENADOR CANEDO;43;4;2;2021;522045
GO;SENADOR CANEDO;44;2;2;2021;522045
GO;SENADOR CANEDO;45;1;0;2021;522045
GO;SENADOR CANEDO;46;2;1;2021;522045
GO;SENADOR CANEDO;47;2;1;2021;522045
GO;SENADOR CANEDO;48;3;0;2021;522045
GO;SENADOR CANEDO;49;8;1;2021;522045
GO;SENADOR CANEDO;50;3;3;2021;522045
GO;SENADOR CANEDO;51;10;1;2021;522045
GO;SENADOR CANEDO;52;10;2;2021;522045
GO;SERRANOPOLIS;11;1;0;2021;522050
GO;SERRANOPOLIS;12;1;1;2021;522050
GO;SERRANOPOLIS;14;1;0;2021;522050
GO;SERRANOPOLIS;17;1;1;2021;522050
GO;SERRANOPOLIS;21;1;1;2021;522050
GO;SILVANIA;8;1;1;2021;522060
GO;SILVANIA;9;3;0;2021;522060
GO;SILVANIA;10;7;2;2021;522060
GO;SILVANIA;11;1;0;2021;522060
GO;SILVANIA;13;1;0;2021;522060
GO;SILVANIA;14;3;0;2021;522060
GO;SILVANIA;15;7;1;2021;522060
GO;SILVANIA;17;2;1;2021;522060
GO;SILVANIA;18;1;0;2021;522060
GO;SILVANIA;20;2;0;2021;522060
GO;TAQUARAL DE GOIAS;1;1;0;2021;522100
GO;TAQUARAL DE GOIAS;5;1;0;2021;522100
GO;TAQUARAL DE GOIAS;9;2;2;2021;522100
GO;TAQUARAL DE GOIAS;11;1;1;2021;522100
GO;TEREZOPOLIS DE GOIAS;10;2;2;2021;522119
GO;TEREZOPOLIS DE GOIAS;28;1;1;2021;522119
GO;TRINDADE;1;2;0;2021;522140
GO;TRINDADE;2;5;0;2021;522140
GO;TRINDADE;3;2;1;2021;522140
GO;TRINDADE;4;3;0;2021;522140
GO;TRINDADE;5;12;4;2021;522140
GO;TRINDADE;6;12;5;2021;522140
GO;TRINDADE;7;28;12;2021;522140
GO;TRINDADE;8;27;12;2021;522140
GO;TRINDADE;9;39;14;2021;522140
GO;TRINDADE;10;36;14;2021;522140
GO;TRINDADE;11;41;14;2021;522140
GO;TRINDADE;12;24;8;2021;522140
GO;TRINDADE;13;28;4;2021;522140
GO;TRINDADE;14;24;5;2021;522140
GO;TRINDADE;15;21;6;2021;522140
GO;TRINDADE;16;22;2;2021;522140
GO;TRINDADE;17;14;2;2021;522140
GO;TRINDADE;18;21;2;2021;522140
GO;TRINDADE;19;26;4;2021;522140
GO;TRINDADE;20;25;2;2021;522140
GO;TRINDADE;21;22;4;2021;522140
GO;TRINDADE;22;26;6;2021;522140
GO;TRINDADE;23;24;2;2021;522140
GO;TRINDADE;24;17;1;2021;522140
GO;TRINDADE;25;17;3;2021;522140
GO;TRINDADE;26;28;4;2021;522140
GO;TRINDADE;27;21;0;2021;522140
GO;TRINDADE;28;20;5;2021;522140
GO;TRINDADE;29;12;1;2021;522140
GO;TRINDADE;30;12;1;2021;522140
GO;TRINDADE;31;21;5;2021;522140
GO;TRINDADE;32;11;1;2021;522140
GO;TRINDADE;33;11;3;2021;522140
GO;TRINDADE;34;14;2;2021;522140
GO;TRINDADE;35;5;3;2021;522140
GO;TRINDADE;36;9;2;2021;522140
GO;TRINDADE;37;9;1;2021;522140
GO;TRINDADE;38;3;2;2021;522140
GO;TRINDADE;39;7;0;2021;522140
GO;TRINDADE;40;4;0;2021;522140
GO;TRINDADE;41;5;0;2021;522140
GO;TRINDADE;42;1;0;2021;522140
GO;TRINDADE;43;3;0;2021;522140
GO;TRINDADE;44;3;1;2021;522140
GO;TRINDADE;45;1;0;2021;522140
GO;TRINDADE;46;1;0;2021;522140
GO;TRINDADE;47;1;0;2021;522140
GO;TRINDADE;49;1;0;2021;522140
GO;TRINDADE;50;1;0;2021;522140
GO;TRINDADE;51;2;1;2021;522140
GO;TRINDADE;52;4;0;2021;522140
GO;TURVANIA;10;3;0;2021;522150
GO;TURVANIA;15;1;0;2021;522150
GO;URUACU;1;2;0;2021;522160
GO;URUACU;2;1;0;2021;522160
GO;URUACU;3;1;0;2021;522160
GO;URUACU;4;1;0;2021;522160
GO;URUACU;6;5;0;2021;522160
GO;URUACU;7;5;2;2021;522160
GO;URUACU;8;8;5;2021;522160
GO;URUACU;9;13;3;2021;522160
GO;URUACU;10;18;9;2021;522160
GO;URUACU;11;25;8;2021;522160
GO;URUACU;12;32;3;2021;522160
GO;URUACU;13;39;9;2021;522160
GO;URUACU;14;41;7;2021;522160
GO;URUACU;15;31;10;2021;522160
GO;URUACU;16;30;7;2021;522160
GO;URUACU;17;32;6;2021;522160
GO;URUACU;18;36;10;2021;522160
GO;URUACU;19;48;10;2021;522160
GO;URUACU;20;26;11;2021;522160
GO;URUACU;21;45;21;2021;522160
GO;URUACU;22;39;16;2021;522160
GO;URUACU;23;58;19;2021;522160
GO;URUACU;24;39;19;2021;522160
GO;URUACU;25;22;9;2021;522160
GO;URUACU;26;34;9;2021;522160
GO;URUACU;27;35;7;2021;522160
GO;URUACU;28;37;9;2021;522160
GO;URUACU;29;33;8;2021;522160
GO;URUACU;30;17;7;2021;522160
GO;URUACU;31;11;4;2021;522160
GO;URUACU;32;20;5;2021;522160
GO;URUACU;33;7;2;2021;522160
GO;URUACU;34;9;4;2021;522160
GO;URUACU;35;7;2;2021;522160
GO;URUACU;36;11;4;2021;522160
GO;URUACU;37;15;7;2021;522160
GO;URUACU;38;4;0;2021;522160
GO;URUACU;39;8;4;2021;522160
GO;URUACU;40;4;0;2021;522160
GO;URUACU;41;2;0;2021;522160
GO;URUACU;43;2;0;2021;522160
GO;URUACU;44;2;1;2021;522160
GO;URUACU;51;1;0;2021;522160
GO;URUACU;52;3;2;2021;522160
GO;URUANA;29;1;1;2021;522170
GO;URUANA;36;1;1;2021;522170
GO;URUTAI;5;1;1;2021;522180
GO;VALPARAISO DE GOIAS;1;3;0;2021;522185
GO;VALPARAISO DE GOIAS;2;3;0;2021;522185
GO;VALPARAISO DE GOIAS;3;2;0;2021;522185
GO;VALPARAISO DE GOIAS;4;1;1;2021;522185
GO;VALPARAISO DE GOIAS;5;4;0;2021;522185
GO;VALPARAISO DE GOIAS;6;3;0;2021;522185
GO;VALPARAISO DE GOIAS;7;4;1;2021;522185
GO;VALPARAISO DE GOIAS;8;4;0;2021;522185
GO;VALPARAISO DE GOIAS;9;21;8;2021;522185
GO;VALPARAISO DE GOIAS;10;23;6;2021;522185
GO;VALPARAISO DE GOIAS;11;17;4;2021;522185
GO;VALPARAISO DE GOIAS;12;8;3;2021;522185
GO;VALPARAISO DE GOIAS;13;27;7;2021;522185
GO;VALPARAISO DE GOIAS;14;13;1;2021;522185
GO;VALPARAISO DE GOIAS;15;13;2;2021;522185
GO;VALPARAISO DE GOIAS;16;6;0;2021;522185
GO;VALPARAISO DE GOIAS;17;9;1;2021;522185
GO;VALPARAISO DE GOIAS;18;10;0;2021;522185
GO;VALPARAISO DE GOIAS;19;15;1;2021;522185
GO;VALPARAISO DE GOIAS;20;13;0;2021;522185
GO;VALPARAISO DE GOIAS;21;4;0;2021;522185
GO;VALPARAISO DE GOIAS;22;8;2;2021;522185
GO;VALPARAISO DE GOIAS;23;7;0;2021;522185
GO;VALPARAISO DE GOIAS;24;1;1;2021;522185
GO;VALPARAISO DE GOIAS;25;5;0;2021;522185
GO;VALPARAISO DE GOIAS;26;10;0;2021;522185
GO;VALPARAISO DE GOIAS;27;6;0;2021;522185
GO;VALPARAISO DE GOIAS;28;5;0;2021;522185
GO;VALPARAISO DE GOIAS;29;8;1;2021;522185
GO;VALPARAISO DE GOIAS;30;4;0;2021;522185
GO;VALPARAISO DE GOIAS;31;7;0;2021;522185
GO;VALPARAISO DE GOIAS;32;7;0;2021;522185
GO;VALPARAISO DE GOIAS;33;2;0;2021;522185
GO;VALPARAISO DE GOIAS;34;2;0;2021;522185
GO;VALPARAISO DE GOIAS;35;3;0;2021;522185
GO;VALPARAISO DE GOIAS;36;4;2;2021;522185
GO;VALPARAISO DE GOIAS;37;4;1;2021;522185
GO;VALPARAISO DE GOIAS;38;2;1;2021;522185
GO;VALPARAISO DE GOIAS;39;7;0;2021;522185
GO;VALPARAISO DE GOIAS;40;12;1;2021;522185
GO;VALPARAISO DE GOIAS;41;2;0;2021;522185
GO;VALPARAISO DE GOIAS;42;2;0;2021;522185
GO;VALPARAISO DE GOIAS;43;2;0;2021;522185
GO;VALPARAISO DE GOIAS;44;1;0;2021;522185
GO;VALPARAISO DE GOIAS;45;1;1;2021;522185
GO;VALPARAISO DE GOIAS;46;1;0;2021;522185
GO;VALPARAISO DE GOIAS;47;1;0;2021;522185
GO;VALPARAISO DE GOIAS;48;3;0;2021;522185
GO;VALPARAISO DE GOIAS;50;2;0;2021;522185
GO;VALPARAISO DE GOIAS;51;2;0;2021;522185
GO;VALPARAISO DE GOIAS;52;1;0;2021;522185
GO;VIANOPOLIS;9;1;0;2021;522200
GO;VIANOPOLIS;10;3;2;2021;522200
GO;VIANOPOLIS;11;1;1;2021;522200
GO;VIANOPOLIS;12;1;1;2021;522200
GO;ABADIA DE GOIAS;22;1;1;2022;520005
GO;ACREUNA;1;2;2;2022;520013
GO;ACREUNA;2;4;2;2022;520013
GO;ACREUNA;3;2;2;2022;520013
GO;ACREUNA;5;1;1;2022;520013
GO;ACREUNA;7;1;0;2022;520013
GO;ACREUNA;16;2;1;2022;520013
GO;ACREUNA;30;1;0;2022;520013
GO;ACREUNA;51;1;0;2022;520013
GO;ACREUNA;52;2;1;2022;520013
GO;AGUAS LINDAS DE GOIAS;1;1;1;2022;520025
GO;AGUAS LINDAS DE GOIAS;4;2;2;2022;520025
GO;AGUAS LINDAS DE GOIAS;5;4;4;2022;520025
GO;AGUAS LINDAS DE GOIAS;6;1;1;2022;520025
GO;AGUAS LINDAS DE GOIAS;7;2;1;2022;520025
GO;AGUAS LINDAS DE GOIAS;44;1;1;2022;520025
GO;AGUAS LINDAS DE GOIAS;48;1;1;2022;520025
GO;ALEXANIA;1;1;1;2022;520030
GO;ALEXANIA;2;1;0;2022;520030
GO;ALEXANIA;4;2;1;2022;520030
GO;ALEXANIA;5;1;1;2022;520030
GO;ALEXANIA;6;3;0;2022;520030
GO;ALEXANIA;11;1;1;2022;520030
GO;ALEXANIA;23;4;1;2022;520030
GO;ALEXANIA;24;2;0;2022;520030
GO;ALEXANIA;25;1;0;2022;520030
GO;ALEXANIA;26;1;0;2022;520030
GO;ALEXANIA;27;2;0;2022;520030
GO;ALEXANIA;50;1;0;2022;520030
GO;ALTO HORIZONTE;41;1;0;2022;520055
GO;AMERICANO DO BRASIL;29;1;1;2022;520085
GO;ANAPOLIS;1;25;7;2022;520110
GO;ANAPOLIS;2;51;15;2022;520110
GO;ANAPOLIS;3;51;21;2022;520110
GO;ANAPOLIS;4;35;13;2022;520110
GO;ANAPOLIS;5;30;7;2022;520110
GO;ANAPOLIS;6;13;1;2022;520110
GO;ANAPOLIS;7;14;2;2022;520110
GO;ANAPOLIS;8;9;2;2022;520110
GO;ANAPOLIS;9;5;3;2022;520110
GO;ANAPOLIS;10;2;0;2022;520110
GO;ANAPOLIS;11;5;2;2022;520110
GO;ANAPOLIS;12;1;1;2022;520110
GO;ANAPOLIS;13;1;1;2022;520110
GO;ANAPOLIS;14;1;0;2022;520110
GO;ANAPOLIS;17;3;1;2022;520110
GO;ANAPOLIS;18;1;0;2022;520110
GO;ANAPOLIS;19;8;1;2022;520110
GO;ANAPOLIS;20;13;0;2022;520110
GO;ANAPOLIS;21;20;2;2022;520110
GO;ANAPOLIS;22;14;3;2022;520110
GO;ANAPOLIS;23;22;4;2022;520110
GO;ANAPOLIS;24;14;5;2022;520110
GO;ANAPOLIS;25;17;6;2022;520110
GO;ANAPOLIS;26;20;4;2022;520110
GO;ANAPOLIS;27;14;4;2022;520110
GO;ANAPOLIS;28;9;0;2022;520110
GO;ANAPOLIS;29;8;4;2022;520110
GO;ANAPOLIS;30;3;0;2022;520110
GO;ANAPOLIS;31;5;1;2022;520110
GO;ANAPOLIS;32;5;0;2022;520110
GO;ANAPOLIS;33;5;0;2022;520110
GO;ANAPOLIS;34;9;1;2022;520110
GO;ANAPOLIS;35;4;1;2022;520110
GO;ANAPOLIS;36;4;0;2022;520110
GO;ANAPOLIS;37;8;0;2022;520110
GO;ANAPOLIS;38;6;0;2022;520110
GO;ANAPOLIS;39;8;0;2022;520110
GO;ANAPOLIS;40;3;0;2022;520110
GO;ANAPOLIS;41;3;0;2022;520110
GO;ANAPOLIS;42;5;0;2022;520110
GO;ANAPOLIS;43;7;0;2022;520110
GO;ANAPOLIS;44;5;1;2022;520110
GO;ANAPOLIS;45;7;1;2022;520110
GO;ANAPOLIS;46;8;0;2022;520110
GO;ANAPOLIS;47;4;0;2022;520110
GO;ANAPOLIS;48;14;3;2022;520110
GO;ANAPOLIS;49;13;3;2022;520110
GO;ANAPOLIS;50;21;1;2022;520110
GO;ANAPOLIS;51;13;4;2022;520110
GO;ANAPOLIS;52;12;4;2022;520110
GO;ANICUNS;1;2;2;2022;520130
GO;ANICUNS;2;2;2;2022;520130
GO;ANICUNS;3;1;0;2022;520130
GO;ANICUNS;8;1;0;2022;520130
GO;ANICUNS;22;1;1;2022;520130
GO;ANICUNS;45;1;0;2022;520130
GO;ANICUNS;46;1;0;2022;520130
GO;ANICUNS;51;1;1;2022;520130
GO;APARECIDA DE GOIANIA;1;43;12;2022;520140
GO;APARECIDA DE GOIANIA;2;67;19;2022;520140
GO;APARECIDA DE GOIANIA;3;40;6;2022;520140
GO;APARECIDA DE GOIANIA;4;31;8;2022;520140
GO;APARECIDA DE GOIANIA;5;35;8;2022;520140
GO;APARECIDA DE GOIANIA;6;18;6;2022;520140
GO;APARECIDA DE GOIANIA;7;19;4;2022;520140
GO;APARECIDA DE GOIANIA;8;26;7;2022;520140
GO;APARECIDA DE GOIANIA;9;19;1;2022;520140
GO;APARECIDA DE GOIANIA;10;31;5;2022;520140
GO;APARECIDA DE GOIANIA;11;27;4;2022;520140
GO;APARECIDA DE GOIANIA;12;14;3;2022;520140
GO;APARECIDA DE GOIANIA;13;15;0;2022;520140
GO;APARECIDA DE GOIANIA;14;18;3;2022;520140
GO;APARECIDA DE GOIANIA;15;20;2;2022;520140
GO;APARECIDA DE GOIANIA;16;15;1;2022;520140
GO;APARECIDA DE GOIANIA;17;3;0;2022;520140
GO;APARECIDA DE GOIANIA;18;5;1;2022;520140
GO;APARECIDA DE GOIANIA;19;14;5;2022;520140
GO;APARECIDA DE GOIANIA;20;27;3;2022;520140
GO;APARECIDA DE GOIANIA;21;7;1;2022;520140
GO;APARECIDA DE GOIANIA;22;25;4;2022;520140
GO;APARECIDA DE GOIANIA;23;18;2;2022;520140
GO;APARECIDA DE GOIANIA;24;18;2;2022;520140
GO;APARECIDA DE GOIANIA;25;18;2;2022;520140
GO;APARECIDA DE GOIANIA;26;15;2;2022;520140
GO;APARECIDA DE GOIANIA;27;17;1;2022;520140
GO;APARECIDA DE GOIANIA;28;15;1;2022;520140
GO;APARECIDA DE GOIANIA;29;7;2;2022;520140
GO;APARECIDA DE GOIANIA;30;6;1;2022;520140
GO;APARECIDA DE GOIANIA;31;9;0;2022;520140
GO;APARECIDA DE GOIANIA;32;9;0;2022;520140
GO;APARECIDA DE GOIANIA;33;4;1;2022;520140
GO;APARECIDA DE GOIANIA;34;6;0;2022;520140
GO;APARECIDA DE GOIANIA;35;7;0;2022;520140
GO;APARECIDA DE GOIANIA;36;7;1;2022;520140
GO;APARECIDA DE GOIANIA;37;8;0;2022;520140
GO;APARECIDA DE GOIANIA;38;6;0;2022;520140
GO;APARECIDA DE GOIANIA;39;7;0;2022;520140
GO;APARECIDA DE GOIANIA;40;6;0;2022;520140
GO;APARECIDA DE GOIANIA;41;7;0;2022;520140
GO;APARECIDA DE GOIANIA;42;11;0;2022;520140
GO;APARECIDA DE GOIANIA;43;17;0;2022;520140
GO;APARECIDA DE GOIANIA;44;12;1;2022;520140
GO;APARECIDA DE GOIANIA;45;14;0;2022;520140
GO;APARECIDA DE GOIANIA;46;18;1;2022;520140
GO;APARECIDA DE GOIANIA;47;15;1;2022;520140
GO;APARECIDA DE GOIANIA;48;12;0;2022;520140
GO;APARECIDA DE GOIANIA;49;6;0;2022;520140
GO;APARECIDA DE GOIANIA;50;13;3;2022;520140
GO;APARECIDA DE GOIANIA;51;16;0;2022;520140
GO;APARECIDA DE GOIANIA;52;8;0;2022;520140
GO;APORE;10;1;0;2022;520150
GO;ARAGARCAS;2;1;1;2022;520170
GO;ARAGARCAS;9;1;0;2022;520170
GO;ARAGARCAS;28;2;0;2022;520170
GO;ARAGARCAS;29;1;1;2022;520170
GO;ARAGOIANIA;2;1;0;2022;520180
GO;ARAGUAPAZ;30;1;0;2022;520215
GO;ARUANA;2;1;1;2022;520250
GO;BELA VISTA DE GOIAS;1;7;3;2022;520330
GO;BELA VISTA DE GOIAS;2;2;0;2022;520330
GO;BELA VISTA DE GOIAS;21;1;1;2022;520330
GO;BOM JESUS DE GOIAS;3;1;1;2022;520350
GO;BOM JESUS DE GOIAS;25;1;1;2022;520350
GO;BRITANIA;1;1;1;2022;520380
GO;BURITI ALEGRE;4;1;1;2022;520390
GO;BURITI ALEGRE;8;1;1;2022;520390
GO;CACU;1;1;0;2022;520430
GO;CACU;2;1;0;2022;520430
GO;CACU;3;2;0;2022;520430
GO;CACU;21;1;0;2022;520430
GO;CACU;23;2;1;2022;520430
GO;CACU;24;1;0;2022;520430
GO;CACU;25;1;1;2022;520430
GO;CACU;26;2;0;2022;520430
GO;CAIAPONIA;4;2;0;2022;520440
GO;CAIAPONIA;7;1;0;2022;520440
GO;CAIAPONIA;13;1;0;2022;520440
GO;CAIAPONIA;16;1;0;2022;520440
GO;CAIAPONIA;25;1;0;2022;520440
GO;CAIAPONIA;31;1;1;2022;520440
GO;CAIAPONIA;48;1;0;2022;520440
GO;CAIAPONIA;49;1;0;2022;520440
GO;CALDAS NOVAS;1;12;3;2022;520450
GO;CALDAS NOVAS;2;15;4;2022;520450
GO;CALDAS NOVAS;3;21;4;2022;520450
GO;CALDAS NOVAS;4;9;4;2022;520450
GO;CALDAS NOVAS;5;4;2;2022;520450
GO;CALDAS NOVAS;6;4;1;2022;520450
GO;CALDAS NOVAS;7;1;0;2022;520450
GO;CALDAS NOVAS;8;1;0;2022;520450
GO;CALDAS NOVAS;14;1;0;2022;520450
GO;CALDAS NOVAS;17;4;1;2022;520450
GO;CALDAS NOVAS;19;5;1;2022;520450
GO;CALDAS NOVAS;20;2;0;2022;520450
GO;CALDAS NOVAS;21;5;2;2022;520450
GO;CALDAS NOVAS;22;4;1;2022;520450
GO;CALDAS NOVAS;23;3;2;2022;520450
GO;CALDAS NOVAS;24;2;0;2022;520450
GO;CALDAS NOVAS;25;5;2;2022;520450
GO;CALDAS NOVAS;26;7;3;2022;520450
GO;CALDAS NOVAS;27;7;1;2022;520450
GO;CALDAS NOVAS;28;1;0;2022;520450
GO;CALDAS NOVAS;29;2;0;2022;520450
GO;CALDAS NOVAS;31;5;1;2022;520450
GO;CALDAS NOVAS;32;1;1;2022;520450
GO;CALDAS NOVAS;36;1;1;2022;520450
GO;CALDAS NOVAS;46;1;0;2022;520450
GO;CALDAS NOVAS;48;3;0;2022;520450
GO;CALDAS NOVAS;49;3;0;2022;520450
GO;CALDAS NOVAS;50;2;0;2022;520450
GO;CALDAS NOVAS;51;4;0;2022;520450
GO;CALDAS NOVAS;52;2;0;2022;520450
GO;CAMPINORTE;42;1;0;2022;520470
GO;CAMPO LIMPO DE GOIAS;1;1;1;2022;520485
GO;CAMPOS BELOS;2;2;0;2022;520490
GO;CAMPOS BELOS;3;3;0;2022;520490
GO;CAMPOS BELOS;4;3;1;2022;520490
GO;CAMPOS BELOS;5;2;0;2022;520490
GO;CAMPOS BELOS;6;3;1;2022;520490
GO;CAMPOS BELOS;7;2;1;2022;520490
GO;CAMPOS BELOS;14;1;0;2022;520490
GO;CAMPOS BELOS;15;1;0;2022;520490
GO;CAMPOS BELOS;16;1;0;2022;520490
GO;CAMPOS BELOS;18;1;0;2022;520490
GO;CAMPOS BELOS;21;1;0;2022;520490
GO;CAMPOS BELOS;23;5;0;2022;520490
GO;CAMPOS BELOS;25;7;0;2022;520490
GO;CAMPOS BELOS;26;2;0;2022;520490
GO;CAMPOS BELOS;46;1;1;2022;520490
GO;CAMPOS BELOS;47;1;0;2022;520490
GO;CARMO DO RIO VERDE;3;1;0;2022;520500
GO;CARMO DO RIO VERDE;5;1;1;2022;520500
GO;CARMO DO RIO VERDE;6;1;0;2022;520500
GO;CARMO DO RIO VERDE;16;1;0;2022;520500
GO;CARMO DO RIO VERDE;20;1;0;2022;520500
GO;CARMO DO RIO VERDE;23;2;2;2022;520500
GO;CARMO DO RIO VERDE;25;1;0;2022;520500
GO;CARMO DO RIO VERDE;30;1;1;2022;520500
GO;CASTELANDIA;2;1;1;2022;520505
GO;CATALAO;1;7;3;2022;520510
GO;CATALAO;2;11;0;2022;520510
GO;CATALAO;3;13;8;2022;520510
GO;CATALAO;4;8;2;2022;520510
GO;CATALAO;5;17;5;2022;520510
GO;CATALAO;6;6;1;2022;520510
GO;CATALAO;7;9;4;2022;520510
GO;CATALAO;8;3;0;2022;520510
GO;CATALAO;9;7;1;2022;520510
GO;CATALAO;11;3;0;2022;520510
GO;CATALAO;12;1;0;2022;520510
GO;CATALAO;14;1;1;2022;520510
GO;CATALAO;17;1;0;2022;520510
GO;CATALAO;18;2;0;2022;520510
GO;CATALAO;19;4;0;2022;520510
GO;CATALAO;20;7;1;2022;520510
GO;CATALAO;21;6;0;2022;520510
GO;CATALAO;22;7;1;2022;520510
GO;CATALAO;23;11;3;2022;520510
GO;CATALAO;24;5;0;2022;520510
GO;CATALAO;25;2;0;2022;520510
GO;CATALAO;26;3;0;2022;520510
GO;CATALAO;27;2;0;2022;520510
GO;CATALAO;28;2;1;2022;520510
GO;CATALAO;29;2;0;2022;520510
GO;CATALAO;30;2;1;2022;520510
GO;CATALAO;32;2;1;2022;520510
GO;CATALAO;33;1;0;2022;520510
GO;CATALAO;36;1;0;2022;520510
GO;CATALAO;37;5;1;2022;520510
GO;CATALAO;38;4;1;2022;520510
GO;CATALAO;39;2;0;2022;520510
GO;CATALAO;40;2;0;2022;520510
GO;CATALAO;42;3;0;2022;520510
GO;CATALAO;43;3;0;2022;520510
GO;CATALAO;48;1;1;2022;520510
GO;CATALAO;49;6;2;2022;520510
GO;CATALAO;50;3;0;2022;520510
GO;CATALAO;51;1;1;2022;520510
GO;CERES;2;1;1;2022;520540
GO;CERES;3;1;1;2022;520540
GO;CERES;4;1;1;2022;520540
GO;CERES;5;1;1;2022;520540
GO;CERES;19;1;1;2022;520540
GO;CERES;23;2;2;2022;520540
GO;CERES;51;1;0;2022;520540
GO;CEZARINA;1;2;0;2022;520545
GO;CEZARINA;5;1;0;2022;520545
GO;CEZARINA;6;2;0;2022;520545
GO;CEZARINA;8;1;0;2022;520545
GO;CEZARINA;47;1;1;2022;520545
GO;CHAPADAO DO CEU;37;1;0;2022;520547
GO;COCALZINHO DE GOIAS;31;1;1;2022;520551
GO;CORUMBA DE GOIAS;2;2;1;2022;520580
GO;CORUMBA DE GOIAS;16;1;1;2022;520580
GO;CORUMBA DE GOIAS;23;1;0;2022;520580
GO;CORUMBA DE GOIAS;26;1;0;2022;520580
GO;CORUMBAIBA;1;1;0;2022;520590
GO;CORUMBAIBA;3;1;0;2022;520590
GO;CORUMBAIBA;10;1;0;2022;520590
GO;CORUMBAIBA;12;1;0;2022;520590
GO;CRISTALINA;1;1;0;2022;520620
GO;CRISTALINA;2;2;0;2022;520620
GO;CRISTALINA;3;2;0;2022;520620
GO;CRISTALINA;4;4;0;2022;520620
GO;CRISTALINA;5;3;0;2022;520620
GO;CRISTALINA;7;3;0;2022;520620
GO;CRISTALINA;9;4;0;2022;520620
GO;CRISTALINA;10;5;0;2022;520620
GO;CRISTALINA;11;1;0;2022;520620
GO;CRISTALINA;12;1;0;2022;520620
GO;CRISTALINA;15;2;0;2022;520620
GO;CRISTALINA;16;2;0;2022;520620
GO;CRISTALINA;17;3;0;2022;520620
GO;CRISTALINA;20;1;0;2022;520620
GO;CRISTALINA;23;1;0;2022;520620
GO;CRISTALINA;27;1;0;2022;520620
GO;CRISTALINA;33;1;0;2022;520620
GO;CRISTALINA;49;2;0;2022;520620
GO;CRISTALINA;50;1;1;2022;520620
GO;CRISTIANOPOLIS;2;1;0;2022;520630
GO;CRISTIANOPOLIS;4;2;0;2022;520630
GO;CRISTIANOPOLIS;5;1;0;2022;520630
GO;DIORAMA;1;1;0;2022;520710
GO;DIORAMA;4;1;0;2022;520710
GO;DIVINOPOLIS DE GOIAS;5;1;1;2022;520830
GO;EDEIA;1;2;0;2022;520740
GO;EDEIA;2;2;2;2022;520740
GO;EDEIA;18;1;0;2022;520740
GO;FIRMINOPOLIS;1;1;0;2022;520780
GO;FORMOSA;2;3;1;2022;520800
GO;FORMOSA;3;4;1;2022;520800
GO;FORMOSA;4;5;2;2022;520800
GO;FORMOSA;5;1;0;2022;520800
GO;FORMOSA;6;7;4;2022;520800
GO;FORMOSA;7;10;2;2022;520800
GO;FORMOSA;8;5;1;2022;520800
GO;FORMOSA;9;1;0;2022;520800
GO;FORMOSA;12;1;0;2022;520800
GO;FORMOSA;25;4;1;2022;520800
GO;FORMOSA;49;1;1;2022;520800
GO;FORMOSA;52;1;0;2022;520800
GO;GOIANESIA;1;3;0;2022;520860
GO;GOIANESIA;2;4;0;2022;520860
GO;GOIANESIA;3;6;3;2022;520860
GO;GOIANESIA;4;1;1;2022;520860
GO;GOIANESIA;5;1;1;2022;520860
GO;GOIANESIA;6;1;1;2022;520860
GO;GOIANESIA;8;1;0;2022;520860
GO;GOIANESIA;19;1;1;2022;520860
GO;GOIANESIA;20;1;0;2022;520860
GO;GOIANESIA;22;1;0;2022;520860
GO;GOIANESIA;23;2;1;2022;520860
GO;GOIANESIA;25;3;0;2022;520860
GO;GOIANESIA;26;3;0;2022;520860
GO;GOIANESIA;27;2;0;2022;520860
GO;GOIANESIA;28;3;0;2022;520860
GO;GOIANESIA;29;2;0;2022;520860
GO;GOIANESIA;30;1;1;2022;520860
GO;GOIANESIA;31;1;0;2022;520860
GO;GOIANESIA;33;1;0;2022;520860
GO;GOIANESIA;42;1;0;2022;520860
GO;GOIANESIA;43;2;0;2022;520860
GO;GOIANESIA;49;2;0;2022;520860
GO;GOIANESIA;51;2;0;2022;520860
GO;GOIANESIA;52;2;0;2022;520860
GO;GOIANIA;1;209;48;2022;520870
GO;GOIANIA;2;212;66;2022;520870
GO;GOIANIA;3;273;90;2022;520870
GO;GOIANIA;4;196;60;2022;520870
GO;GOIANIA;5;231;71;2022;520870
GO;GOIANIA;6;136;31;2022;520870
GO;GOIANIA;7;124;29;2022;520870
GO;GOIANIA;8;109;15;2022;520870
GO;GOIANIA;9;109;22;2022;520870
GO;GOIANIA;10;83;11;2022;520870
GO;GOIANIA;11;74;8;2022;520870
GO;GOIANIA;12;60;10;2022;520870
GO;GOIANIA;13;41;11;2022;520870
GO;GOIANIA;14;48;10;2022;520870
GO;GOIANIA;15;40;7;2022;520870
GO;GOIANIA;16;48;3;2022;520870
GO;GOIANIA;17;37;7;2022;520870
GO;GOIANIA;18;50;3;2022;520870
GO;GOIANIA;19;69;6;2022;520870
GO;GOIANIA;20;66;11;2022;520870
GO;GOIANIA;21;87;9;2022;520870
GO;GOIANIA;22;117;23;2022;520870
GO;GOIANIA;23;107;22;2022;520870
GO;GOIANIA;24;77;10;2022;520870
GO;GOIANIA;25;79;16;2022;520870
GO;GOIANIA;26;71;10;2022;520870
GO;GOIANIA;27;74;9;2022;520870
GO;GOIANIA;28;53;13;2022;520870
GO;GOIANIA;29;42;9;2022;520870
GO;GOIANIA;30;33;7;2022;520870
GO;GOIANIA;31;40;11;2022;520870
GO;GOIANIA;32;37;4;2022;520870
GO;GOIANIA;33;38;5;2022;520870
GO;GOIANIA;34;35;8;2022;520870
GO;GOIANIA;35;27;4;2022;520870
GO;GOIANIA;36;23;6;2022;520870
GO;GOIANIA;37;20;0;2022;520870
GO;GOIANIA;38;26;5;2022;520870
GO;GOIANIA;39;14;0;2022;520870
GO;GOIANIA;40;18;0;2022;520870
GO;GOIANIA;41;25;2;2022;520870
GO;GOIANIA;42;13;1;2022;520870
GO;GOIANIA;43;18;1;2022;520870
GO;GOIANIA;44;27;5;2022;520870
GO;GOIANIA;45;32;8;2022;520870
GO;GOIANIA;46;59;5;2022;520870
GO;GOIANIA;47;70;9;2022;520870
GO;GOIANIA;48;86;18;2022;520870
GO;GOIANIA;49;93;13;2022;520870
GO;GOIANIA;50;65;5;2022;520870
GO;GOIANIA;51;59;11;2022;520870
GO;GOIANIA;52;44;5;2022;520870
GO;GOIAS;1;2;0;2022;520890
GO;GOIAS;2;10;3;2022;520890
GO;GOIAS;3;4;2;2022;520890
GO;GOIAS;5;2;1;2022;520890
GO;GOIAS;6;2;0;2022;520890
GO;GOIAS;7;1;0;2022;520890
GO;GOIAS;15;1;0;2022;520890
GO;GOIAS;24;1;1;2022;520890
GO;GOIAS;25;1;0;2022;520890
GO;GOIAS;26;1;0;2022;520890
GO;GOIATUBA;15;1;1;2022;520910
GO;INDIARA;4;2;0;2022;520995
GO;INDIARA;5;4;0;2022;520995
GO;INDIARA;20;1;0;2022;520995
GO;INDIARA;24;1;1;2022;520995
GO;INDIARA;25;2;1;2022;520995
GO;INHUMAS;1;8;1;2022;521000
GO;INHUMAS;2;2;0;2022;521000
GO;INHUMAS;3;6;2;2022;521000
GO;INHUMAS;4;1;1;2022;521000
GO;INHUMAS;5;1;0;2022;521000
GO;INHUMAS;6;2;0;2022;521000
GO;INHUMAS;7;3;1;2022;521000
GO;INHUMAS;8;1;0;2022;521000
GO;INHUMAS;9;1;0;2022;521000
GO;INHUMAS;11;1;1;2022;521000
GO;INHUMAS;12;1;0;2022;521000
GO;INHUMAS;13;1;0;2022;521000
GO;INHUMAS;14;1;1;2022;521000
GO;INHUMAS;15;1;0;2022;521000
GO;INHUMAS;17;2;0;2022;521000
GO;INHUMAS;18;4;0;2022;521000
GO;INHUMAS;19;1;0;2022;521000
GO;INHUMAS;20;2;1;2022;521000
GO;INHUMAS;21;2;1;2022;521000
GO;INHUMAS;22;1;0;2022;521000
GO;INHUMAS;23;1;0;2022;521000
GO;INHUMAS;24;3;0;2022;521000
GO;INHUMAS;25;6;2;2022;521000
GO;INHUMAS;26;4;0;2022;521000
GO;INHUMAS;27;4;2;2022;521000
GO;INHUMAS;32;2;0;2022;521000
GO;INHUMAS;33;1;0;2022;521000
GO;INHUMAS;34;1;0;2022;521000
GO;INHUMAS;36;2;1;2022;521000
GO;INHUMAS;38;4;0;2022;521000
GO;INHUMAS;39;3;0;2022;521000
GO;INHUMAS;40;2;1;2022;521000
GO;INHUMAS;42;3;0;2022;521000
GO;INHUMAS;43;1;0;2022;521000
GO;INHUMAS;47;4;2;2022;521000
GO;INHUMAS;48;6;1;2022;521000
GO;INHUMAS;49;4;2;2022;521000
GO;INHUMAS;50;1;0;2022;521000
GO;IPAMERI;15;1;1;2022;521010
GO;IPAMERI;23;1;0;2022;521010
GO;IPAMERI;24;1;0;2022;521010
GO;IPAMERI;37;1;0;2022;521010
GO;IPAMERI;52;1;1;2022;521010
GO;IPIRANGA DE GOIAS;50;1;1;2022;521015
GO;IPORA;1;6;1;2022;521020
GO;IPORA;2;6;1;2022;521020
GO;IPORA;3;3;0;2022;521020
GO;IPORA;4;4;1;2022;521020
GO;IPORA;5;4;1;2022;521020
GO;IPORA;15;1;0;2022;521020
GO;IPORA;18;1;0;2022;521020
GO;IPORA;20;1;0;2022;521020
GO;IPORA;21;3;0;2022;521020
GO;IPORA;22;1;0;2022;521020
GO;IPORA;23;2;0;2022;521020
GO;IPORA;25;2;0;2022;521020
GO;IPORA;27;2;0;2022;521020
GO;IPORA;29;1;0;2022;521020
GO;IPORA;30;1;0;2022;521020
GO;IPORA;31;1;1;2022;521020
GO;IPORA;38;1;0;2022;521020
GO;IPORA;42;4;0;2022;521020
GO;IPORA;43;1;0;2022;521020
GO;IPORA;44;1;0;2022;521020
GO;IPORA;46;1;0;2022;521020
GO;IPORA;48;1;0;2022;521020
GO;IPORA;50;2;1;2022;521020
GO;IPORA;51;1;1;2022;521020
GO;ITABERAI;10;1;0;2022;521040
GO;ITABERAI;23;1;1;2022;521040
GO;ITABERAI;40;1;0;2022;521040
GO;ITAGUARU;2;2;2;2022;521060
GO;ITAGUARU;3;2;0;2022;521060
GO;ITAGUARU;4;1;1;2022;521060
GO;ITAGUARU;6;1;1;2022;521060
GO;ITAGUARU;40;1;0;2022;521060
GO;ITAJA;5;1;1;2022;521080
GO;ITAJA;8;1;1;2022;521080
GO;ITAPACI;1;5;2;2022;521090
GO;ITAPACI;2;3;2;2022;521090
GO;ITAPACI;3;4;0;2022;521090
GO;ITAPACI;24;2;0;2022;521090
GO;ITAPACI;25;3;0;2022;521090
GO;ITAPACI;26;2;0;2022;521090
GO;ITAPACI;27;2;0;2022;521090
GO;ITAPACI;28;4;2;2022;521090
GO;ITAPACI;29;1;0;2022;521090
GO;ITAPACI;30;1;0;2022;521090
GO;ITAPACI;50;1;0;2022;521090
GO;ITAPACI;51;2;0;2022;521090
GO;ITAPIRAPUA;1;1;1;2022;521100
GO;ITAPURANGA;1;1;1;2022;521120
GO;ITAPURANGA;2;1;0;2022;521120
GO;ITAPURANGA;3;1;1;2022;521120
GO;ITAPURANGA;7;1;0;2022;521120
GO;ITAPURANGA;48;1;0;2022;521120
GO;ITARUMA;5;1;0;2022;521130
GO;ITARUMA;11;1;0;2022;521130
GO;ITARUMA;18;1;0;2022;521130
GO;ITARUMA;22;1;1;2022;521130
GO;ITUMBIARA;1;14;7;2022;521150
GO;ITUMBIARA;2;17;7;2022;521150
GO;ITUMBIARA;3;30;13;2022;521150
GO;ITUMBIARA;4;22;12;2022;521150
GO;ITUMBIARA;5;10;4;2022;521150
GO;ITUMBIARA;6;10;3;2022;521150
GO;ITUMBIARA;7;5;1;2022;521150
GO;ITUMBIARA;8;4;1;2022;521150
GO;ITUMBIARA;9;6;3;2022;521150
GO;ITUMBIARA;10;2;1;2022;521150
GO;ITUMBIARA;11;1;0;2022;521150
GO;ITUMBIARA;12;2;2;2022;521150
GO;ITUMBIARA;13;1;1;2022;521150
GO;ITUMBIARA;14;1;0;2022;521150
GO;ITUMBIARA;17;5;1;2022;521150
GO;ITUMBIARA;18;3;0;2022;521150
GO;ITUMBIARA;19;1;0;2022;521150
GO;ITUMBIARA;21;4;3;2022;521150
GO;ITUMBIARA;22;8;4;2022;521150
GO;ITUMBIARA;23;2;2;2022;521150
GO;ITUMBIARA;24;6;3;2022;521150
GO;ITUMBIARA;25;7;4;2022;521150
GO;ITUMBIARA;26;3;1;2022;521150
GO;ITUMBIARA;27;7;1;2022;521150
GO;ITUMBIARA;28;4;1;2022;521150
GO;ITUMBIARA;29;5;3;2022;521150
GO;ITUMBIARA;31;4;1;2022;521150
GO;ITUMBIARA;32;1;0;2022;521150
GO;ITUMBIARA;33;2;0;2022;521150
GO;ITUMBIARA;34;1;1;2022;521150
GO;ITUMBIARA;35;1;0;2022;521150
GO;ITUMBIARA;37;2;1;2022;521150
GO;ITUMBIARA;41;1;0;2022;521150
GO;ITUMBIARA;46;1;0;2022;521150
GO;ITUMBIARA;47;1;0;2022;521150
GO;ITUMBIARA;49;1;0;2022;521150
GO;JARAGUA;1;5;2;2022;521180
GO;JARAGUA;2;4;3;2022;521180
GO;JARAGUA;3;5;2;2022;521180
GO;JARAGUA;4;2;1;2022;521180
GO;JARAGUA;5;1;0;2022;521180
GO;JARAGUA;6;3;1;2022;521180
GO;JARAGUA;7;2;1;2022;521180
GO;JARAGUA;8;2;1;2022;521180
GO;JARAGUA;11;2;0;2022;521180
GO;JARAGUA;12;1;0;2022;521180
GO;JARAGUA;21;1;0;2022;521180
GO;JARAGUA;23;4;1;2022;521180
GO;JARAGUA;24;3;0;2022;521180
GO;JARAGUA;26;1;1;2022;521180
GO;JARAGUA;27;1;0;2022;521180
GO;JARAGUA;37;1;0;2022;521180
GO;JARAGUA;47;1;1;2022;521180
GO;JARAGUA;49;1;1;2022;521180
GO;JARAGUA;50;4;1;2022;521180
GO;JATAI;1;5;2;2022;521190
GO;JATAI;2;9;3;2022;521190
GO;JATAI;3;17;6;2022;521190
GO;JATAI;4;8;0;2022;521190
GO;JATAI;5;3;0;2022;521190
GO;JATAI;6;2;2;2022;521190
GO;JATAI;9;1;0;2022;521190
GO;JATAI;16;2;1;2022;521190
GO;JATAI;20;2;1;2022;521190
GO;JATAI;21;5;2;2022;521190
GO;JATAI;22;2;1;2022;521190
GO;JATAI;23;2;0;2022;521190
GO;JATAI;24;7;2;2022;521190
GO;JATAI;26;2;0;2022;521190
GO;JATAI;27;3;0;2022;521190
GO;JATAI;28;1;0;2022;521190
GO;JATAI;29;4;1;2022;521190
GO;JATAI;32;1;0;2022;521190
GO;JATAI;33;1;0;2022;521190
GO;JATAI;34;4;1;2022;521190
GO;JATAI;35;1;1;2022;521190
GO;JATAI;36;1;0;2022;521190
GO;JATAI;44;1;0;2022;521190
GO;JATAI;45;1;0;2022;521190
GO;JATAI;46;1;0;2022;521190
GO;JATAI;47;2;0;2022;521190
GO;JATAI;49;3;1;2022;521190
GO;JATAI;52;2;0;2022;521190
GO;JUSSARA;2;1;1;2022;521220
GO;JUSSARA;30;1;1;2022;521220
GO;JUSSARA;39;1;0;2022;521220
GO;JUSSARA;41;1;0;2022;521220
GO;JUSSARA;43;2;0;2022;521220
GO;JUSSARA;44;3;0;2022;521220
GO;JUSSARA;45;1;0;2022;521220
GO;LAGOA SANTA;6;1;1;2022;521225
GO;LUZIANIA;1;34;15;2022;521250
GO;LUZIANIA;2;45;11;2022;521250
GO;LUZIANIA;3;28;11;2022;521250
GO;LUZIANIA;4;30;11;2022;521250
GO;LUZIANIA;5;28;8;2022;521250
GO;LUZIANIA;6;20;7;2022;521250
GO;LUZIANIA;7;11;3;2022;521250
GO;LUZIANIA;8;3;1;2022;521250
GO;LUZIANIA;9;5;2;2022;521250
GO;LUZIANIA;10;7;4;2022;521250
GO;LUZIANIA;13;1;0;2022;521250
GO;LUZIANIA;14;2;1;2022;521250
GO;LUZIANIA;15;3;0;2022;521250
GO;LUZIANIA;16;3;2;2022;521250
GO;LUZIANIA;17;5;0;2022;521250
GO;LUZIANIA;18;4;1;2022;521250
GO;LUZIANIA;19;6;2;2022;521250
GO;LUZIANIA;20;7;3;2022;521250
GO;LUZIANIA;21;4;2;2022;521250
GO;LUZIANIA;22;4;0;2022;521250
GO;LUZIANIA;23;2;1;2022;521250
GO;LUZIANIA;24;2;1;2022;521250
GO;LUZIANIA;25;1;0;2022;521250
GO;LUZIANIA;29;2;0;2022;521250
GO;LUZIANIA;34;1;1;2022;521250
GO;LUZIANIA;36;2;0;2022;521250
GO;LUZIANIA;42;1;1;2022;521250
GO;LUZIANIA;47;3;2;2022;521250
GO;LUZIANIA;48;1;1;2022;521250
GO;LUZIANIA;49;1;1;2022;521250
GO;LUZIANIA;51;2;0;2022;521250
GO;LUZIANIA;52;1;1;2022;521250
GO;MAURILANDIA;29;1;0;2022;521300
GO;MAURILANDIA;42;1;0;2022;521300
GO;MINEIROS;1;5;1;2022;521310
GO;MINEIROS;2;8;1;2022;521310
GO;MINEIROS;3;8;1;2022;521310
GO;MINEIROS;4;11;0;2022;521310
GO;MINEIROS;5;6;0;2022;521310
GO;MINEIROS;6;1;0;2022;521310
GO;MINEIROS;8;1;0;2022;521310
GO;MINEIROS;12;2;1;2022;521310
GO;MINEIROS;13;1;0;2022;521310
GO;MINEIROS;20;2;0;2022;521310
GO;MINEIROS;21;4;0;2022;521310
GO;MINEIROS;22;5;0;2022;521310
GO;MINEIROS;23;2;0;2022;521310
GO;MINEIROS;24;4;0;2022;521310
GO;MINEIROS;25;7;0;2022;521310
GO;MINEIROS;26;6;1;2022;521310
GO;MINEIROS;27;4;1;2022;521310
GO;MINEIROS;29;1;0;2022;521310
GO;MINEIROS;32;2;0;2022;521310
GO;MINEIROS;34;2;0;2022;521310
GO;MINEIROS;44;1;0;2022;521310
GO;MINEIROS;47;1;1;2022;521310
GO;MINEIROS;49;1;0;2022;521310
GO;MINEIROS;50;3;1;2022;521310
GO;MINEIROS;51;2;0;2022;521310
GO;MINEIROS;52;5;2;2022;521310
GO;MONTES CLAROS DE GOIAS;1;1;0;2022;521370
GO;MONTES CLAROS DE GOIAS;3;2;1;2022;521370
GO;MONTES CLAROS DE GOIAS;6;2;1;2022;521370
GO;MONTES CLAROS DE GOIAS;12;1;0;2022;521370
GO;MONTES CLAROS DE GOIAS;23;1;0;2022;521370
GO;MONTIVIDIU;3;1;1;2022;521375
GO;MORRINHOS;2;3;1;2022;521380
GO;MORRINHOS;3;4;1;2022;521380
GO;MORRINHOS;4;1;0;2022;521380
GO;MORRINHOS;5;1;0;2022;521380
GO;MORRINHOS;6;1;0;2022;521380
GO;MORRINHOS;19;2;0;2022;521380
GO;MORRINHOS;20;1;0;2022;521380
GO;MORRINHOS;21;3;0;2022;521380
GO;MORRINHOS;22;3;0;2022;521380
GO;MORRINHOS;23;2;1;2022;521380
GO;MORRINHOS;24;3;0;2022;521380
GO;MORRINHOS;25;4;0;2022;521380
GO;MORRINHOS;26;1;0;2022;521380
GO;MORRINHOS;28;2;1;2022;521380
GO;MORRINHOS;29;2;0;2022;521380
GO;MORRINHOS;38;2;0;2022;521380
GO;MORRINHOS;46;1;0;2022;521380
GO;MUNDO NOVO;1;1;1;2022;521405
GO;MUNDO NOVO;2;2;2;2022;521405
GO;MUNDO NOVO;23;1;0;2022;521405
GO;MUNDO NOVO;52;1;1;2022;521405
GO;MUTUNOPOLIS;2;2;0;2022;521410
GO;MUTUNOPOLIS;4;1;1;2022;521410
GO;NEROPOLIS;1;5;2;2022;521450
GO;NEROPOLIS;2;8;8;2022;521450
GO;NEROPOLIS;3;7;7;2022;521450
GO;NEROPOLIS;4;5;4;2022;521450
GO;NEROPOLIS;5;5;4;2022;521450
GO;NEROPOLIS;6;5;4;2022;521450
GO;NEROPOLIS;7;1;1;2022;521450
GO;NEROPOLIS;8;4;3;2022;521450
GO;NEROPOLIS;9;1;1;2022;521450
GO;NEROPOLIS;10;2;2;2022;521450
GO;NEROPOLIS;11;1;1;2022;521450
GO;NEROPOLIS;12;1;1;2022;521450
GO;NEROPOLIS;13;1;1;2022;521450
GO;NEROPOLIS;14;4;3;2022;521450
GO;NEROPOLIS;15;3;0;2022;521450
GO;NEROPOLIS;16;1;0;2022;521450
GO;NEROPOLIS;17;1;1;2022;521450
GO;NEROPOLIS;18;2;1;2022;521450
GO;NEROPOLIS;19;3;1;2022;521450
GO;NEROPOLIS;20;3;2;2022;521450
GO;NEROPOLIS;21;6;5;2022;521450
GO;NEROPOLIS;22;11;11;2022;521450
GO;NEROPOLIS;23;9;9;2022;521450
GO;NEROPOLIS;24;3;3;2022;521450
GO;NEROPOLIS;25;6;6;2022;521450
GO;NEROPOLIS;26;7;6;2022;521450
GO;NEROPOLIS;27;2;1;2022;521450
GO;NEROPOLIS;28;10;10;2022;521450
GO;NEROPOLIS;29;5;4;2022;521450
GO;NEROPOLIS;31;1;1;2022;521450
GO;NEROPOLIS;33;2;2;2022;521450
GO;NEROPOLIS;34;8;7;2022;521450
GO;NEROPOLIS;35;3;2;2022;521450
GO;NEROPOLIS;36;1;0;2022;521450
GO;NEROPOLIS;37;1;0;2022;521450
GO;NEROPOLIS;38;1;0;2022;521450
GO;NEROPOLIS;39;4;0;2022;521450
GO;NEROPOLIS;41;2;1;2022;521450
GO;NEROPOLIS;43;1;1;2022;521450
GO;NEROPOLIS;45;3;3;2022;521450
GO;NEROPOLIS;46;3;3;2022;521450
GO;NEROPOLIS;47;3;3;2022;521450
GO;NEROPOLIS;48;4;4;2022;521450
GO;NEROPOLIS;49;7;7;2022;521450
GO;NEROPOLIS;50;12;12;2022;521450
GO;NEROPOLIS;51;12;12;2022;521450
GO;NEROPOLIS;52;7;7;2022;521450
GO;NIQUELANDIA;1;2;0;2022;521460
GO;NIQUELANDIA;3;1;1;2022;521460
GO;NOVA CRIXAS;1;1;0;2022;521483
GO;NOVA IGUACU DE GOIAS;29;1;1;2022;521487
GO;NOVO GAMA;11;1;0;2022;521523
GO;NOVO GAMA;13;1;0;2022;521523
GO;NOVO GAMA;19;1;0;2022;521523
GO;ORIZONA;26;1;1;2022;521530
GO;PALESTINA DE GOIAS;1;2;2;2022;521565
GO;PALESTINA DE GOIAS;2;2;1;2022;521565
GO;PARANAIGUARA;3;1;1;2022;521630
GO;PARANAIGUARA;4;1;1;2022;521630
GO;PARANAIGUARA;5;3;1;2022;521630
GO;PARANAIGUARA;7;1;0;2022;521630
GO;PARANAIGUARA;16;1;1;2022;521630
GO;PARANAIGUARA;21;1;1;2022;521630
GO;PARANAIGUARA;51;1;1;2022;521630
GO;PIRACANJUBA;1;1;0;2022;521710
GO;PIRACANJUBA;2;1;0;2022;521710
GO;PIRACANJUBA;3;3;0;2022;521710
GO;PIRACANJUBA;4;1;0;2022;521710
GO;PIRACANJUBA;5;1;0;2022;521710
GO;PIRACANJUBA;9;1;1;2022;521710
GO;PIRACANJUBA;20;1;0;2022;521710
GO;PIRACANJUBA;22;2;1;2022;521710
GO;PIRACANJUBA;23;1;0;2022;521710
GO;PIRACANJUBA;24;2;1;2022;521710
GO;PIRACANJUBA;26;4;1;2022;521710
GO;PIRACANJUBA;27;1;0;2022;521710
GO;PIRACANJUBA;28;1;0;2022;521710
GO;PIRACANJUBA;29;2;0;2022;521710
GO;PIRACANJUBA;32;2;0;2022;521710
GO;PIRACANJUBA;33;1;0;2022;521710
GO;PIRACANJUBA;35;1;0;2022;521710
GO;PIRACANJUBA;40;2;0;2022;521710
GO;PIRACANJUBA;50;2;0;2022;521710
GO;PIRACANJUBA;51;1;0;2022;521710
GO;PIRANHAS;1;1;1;2022;521720
GO;PIRANHAS;3;5;5;2022;521720
GO;PIRANHAS;25;2;2;2022;521720
GO;PIRENOPOLIS;1;2;0;2022;521730
GO;PIRENOPOLIS;2;5;2;2022;521730
GO;PIRENOPOLIS;4;2;1;2022;521730
GO;PIRENOPOLIS;14;1;0;2022;521730
GO;PIRENOPOLIS;20;1;0;2022;521730
GO;PIRENOPOLIS;23;2;0;2022;521730
GO;PIRENOPOLIS;24;1;0;2022;521730
GO;PIRENOPOLIS;25;1;0;2022;521730
GO;PIRENOPOLIS;35;1;0;2022;521730
GO;PIRENOPOLIS;47;1;1;2022;521730
GO;PIRENOPOLIS;49;2;0;2022;521730
GO;PIRES DO RIO;1;2;0;2022;521740
GO;PIRES DO RIO;2;3;1;2022;521740
GO;PIRES DO RIO;3;1;1;2022;521740
GO;PIRES DO RIO;4;1;1;2022;521740
GO;PIRES DO RIO;5;1;0;2022;521740
GO;PIRES DO RIO;22;1;0;2022;521740
GO;PIRES DO RIO;23;1;0;2022;521740
GO;PIRES DO RIO;24;1;0;2022;521740
GO;PIRES DO RIO;26;2;0;2022;521740
GO;PIRES DO RIO;27;3;1;2022;521740
GO;PIRES DO RIO;28;1;1;2022;521740
GO;PIRES DO RIO;30;1;0;2022;521740
GO;PIRES DO RIO;32;1;0;2022;521740
GO;PIRES DO RIO;36;2;1;2022;521740
GO;PIRES DO RIO;49;3;0;2022;521740
GO;PIRES DO RIO;50;2;0;2022;521740
GO;PIRES DO RIO;51;1;0;2022;521740
GO;PLANALTINA;1;8;3;2022;521760
GO;PLANALTINA;4;2;2;2022;521760
GO;PLANALTINA;5;1;1;2022;521760
GO;PLANALTINA;24;1;0;2022;521760
GO;PLANALTINA;48;2;0;2022;521760
GO;PLANALTINA;50;1;1;2022;521760
GO;PONTALINA;2;1;0;2022;521770
GO;PORANGATU;7;1;1;2022;521800
GO;PORANGATU;30;1;0;2022;521800
GO;PORANGATU;31;1;0;2022;521800
GO;POSSE;1;2;0;2022;521830
GO;POSSE;2;1;0;2022;521830
GO;POSSE;3;1;0;2022;521830
GO;POSSE;5;2;0;2022;521830
GO;POSSE;6;1;0;2022;521830
GO;POSSE;7;2;0;2022;521830
GO;POSSE;8;3;1;2022;521830
GO;POSSE;9;1;0;2022;521830
GO;POSSE;10;1;0;2022;521830
GO;POSSE;11;2;0;2022;521830
GO;POSSE;12;1;0;2022;521830
GO;POSSE;13;1;0;2022;521830
GO;POSSE;14;1;0;2022;521830
GO;POSSE;24;1;0;2022;521830
GO;POSSE;25;1;0;2022;521830
GO;POSSE;26;1;1;2022;521830
GO;POSSE;27;2;0;2022;521830
GO;POSSE;52;1;0;2022;521830
GO;QUIRINOPOLIS;2;2;2;2022;521850
GO;QUIRINOPOLIS;5;1;0;2022;521850
GO;QUIRINOPOLIS;6;1;0;2022;521850
GO;QUIRINOPOLIS;7;2;1;2022;521850
GO;QUIRINOPOLIS;8;1;0;2022;521850
GO;QUIRINOPOLIS;9;2;2;2022;521850
GO;QUIRINOPOLIS;20;2;1;2022;521850
GO;QUIRINOPOLIS;22;1;0;2022;521850
GO;QUIRINOPOLIS;23;1;1;2022;521850
GO;QUIRINOPOLIS;24;3;1;2022;521850
GO;QUIRINOPOLIS;25;3;2;2022;521850
GO;QUIRINOPOLIS;26;2;1;2022;521850
GO;QUIRINOPOLIS;27;3;1;2022;521850
GO;QUIRINOPOLIS;28;3;2;2022;521850
GO;QUIRINOPOLIS;30;2;0;2022;521850
GO;QUIRINOPOLIS;35;1;1;2022;521850
GO;QUIRINOPOLIS;38;1;1;2022;521850
GO;QUIRINOPOLIS;48;1;0;2022;521850
GO;QUIRINOPOLIS;50;2;0;2022;521850
GO;QUIRINOPOLIS;51;1;0;2022;521850
GO;RIALMA;3;2;0;2022;521860
GO;RIALMA;19;1;0;2022;521860
GO;RIALMA;27;1;1;2022;521860
GO;RIALMA;29;1;0;2022;521860
GO;RIALMA;30;1;0;2022;521860
GO;RIO VERDE;1;24;4;2022;521880
GO;RIO VERDE;2;28;6;2022;521880
GO;RIO VERDE;3;15;7;2022;521880
GO;RIO VERDE;4;6;1;2022;521880
GO;RIO VERDE;5;8;4;2022;521880
GO;RIO VERDE;6;3;0;2022;521880
GO;RIO VERDE;7;5;2;2022;521880
GO;RIO VERDE;8;1;1;2022;521880
GO;RIO VERDE;9;2;0;2022;521880
GO;RIO VERDE;11;2;0;2022;521880
GO;RIO VERDE;12;2;0;2022;521880
GO;RIO VERDE;13;1;0;2022;521880
GO;RIO VERDE;14;1;0;2022;521880
GO;RIO VERDE;15;2;0;2022;521880
GO;RIO VERDE;16;1;0;2022;521880
GO;RIO VERDE;18;1;0;2022;521880
GO;RIO VERDE;19;5;1;2022;521880
GO;RIO VERDE;20;3;0;2022;521880
GO;RIO VERDE;21;1;1;2022;521880
GO;RIO VERDE;22;3;0;2022;521880
GO;RIO VERDE;23;3;0;2022;521880
GO;RIO VERDE;24;2;0;2022;521880
GO;RIO VERDE;25;1;1;2022;521880
GO;RIO VERDE;26;4;1;2022;521880
GO;RIO VERDE;27;3;0;2022;521880
GO;RIO VERDE;28;2;0;2022;521880
GO;RIO VERDE;29;1;0;2022;521880
GO;RIO VERDE;32;1;1;2022;521880
GO;RIO VERDE;33;1;0;2022;521880
GO;RIO VERDE;36;1;0;2022;521880
GO;RIO VERDE;37;2;0;2022;521880
GO;RIO VERDE;38;1;0;2022;521880
GO;RIO VERDE;44;1;0;2022;521880
GO;RIO VERDE;46;3;1;2022;521880
GO;RIO VERDE;47;2;0;2022;521880
GO;RIO VERDE;48;5;0;2022;521880
GO;RIO VERDE;51;1;1;2022;521880
GO;RUBIATABA;1;1;0;2022;521890
GO;RUBIATABA;4;1;1;2022;521890
GO;RUBIATABA;5;2;2;2022;521890
GO;RUBIATABA;6;1;0;2022;521890
GO;RUBIATABA;20;1;0;2022;521890
GO;RUBIATABA;23;1;0;2022;521890
GO;RUBIATABA;26;1;0;2022;521890
GO;RUBIATABA;27;1;0;2022;521890
GO;RUBIATABA;29;1;0;2022;521890
GO;RUBIATABA;40;2;0;2022;521890
GO;RUBIATABA;43;1;1;2022;521890
GO;RUBIATABA;45;1;0;2022;521890
GO;RUBIATABA;49;1;0;2022;521890
GO;RUBIATABA;50;1;0;2022;521890
GO;RUBIATABA;52;1;0;2022;521890
GO;SANCLERLANDIA;20;1;1;2022;521900
GO;SANCLERLANDIA;21;1;1;2022;521900
GO;SANCLERLANDIA;30;1;0;2022;521900
GO;SANCLERLANDIA;31;1;0;2022;521900
GO;SANCLERLANDIA;35;1;0;2022;521900
GO;SANTA BARBARA DE GOIAS;3;1;1;2022;521910
GO;SANTA FE DE GOIAS;21;1;1;2022;521925
GO;SANTA HELENA DE GOIAS;2;1;1;2022;521930
GO;SANTA HELENA DE GOIAS;3;2;2;2022;521930
GO;SANTA HELENA DE GOIAS;4;1;1;2022;521930
GO;SANTA HELENA DE GOIAS;5;1;0;2022;521930
GO;SANTA HELENA DE GOIAS;6;1;1;2022;521930
GO;SANTA HELENA DE GOIAS;7;1;1;2022;521930
GO;SANTA HELENA DE GOIAS;9;1;1;2022;521930
GO;SANTA HELENA DE GOIAS;17;1;1;2022;521930
GO;SANTA HELENA DE GOIAS;20;1;1;2022;521930
GO;SANTA HELENA DE GOIAS;21;1;1;2022;521930
GO;SANTA HELENA DE GOIAS;35;1;0;2022;521930
GO;SANTA HELENA DE GOIAS;37;1;1;2022;521930
GO;SANTA HELENA DE GOIAS;38;1;1;2022;521930
GO;SANTA TEREZINHA DE GOIAS;13;1;0;2022;521970
GO;SANTA TEREZINHA DE GOIAS;21;1;1;2022;521970
GO;SANTA TEREZINHA DE GOIAS;25;1;1;2022;521970
GO;SANTA TEREZINHA DE GOIAS;52;1;1;2022;521970
GO;SANTO ANTONIO DE GOIAS;25;2;0;2022;521973
GO;SAO JOAO D'ALIANCA;1;1;0;2022;522000
GO;SAO JOAO D'ALIANCA;3;1;0;2022;522000
GO;SAO JOAO D'ALIANCA;4;1;0;2022;522000
GO;SAO JOAO D'ALIANCA;5;5;0;2022;522000
GO;SAO JOAO D'ALIANCA;7;1;0;2022;522000
GO;SAO JOAO D'ALIANCA;10;1;0;2022;522000
GO;SAO JOAO D'ALIANCA;13;1;0;2022;522000
GO;SAO JOAO D'ALIANCA;15;1;0;2022;522000
GO;SAO JOAO D'ALIANCA;24;1;0;2022;522000
GO;SAO JOAO D'ALIANCA;25;1;0;2022;522000
GO;SAO JOAO D'ALIANCA;45;2;0;2022;522000
GO;SAO LUIS DE MONTES BELOS;2;2;1;2022;522010
GO;SAO LUIS DE MONTES BELOS;3;2;1;2022;522010
GO;SAO LUIS DE MONTES BELOS;4;1;0;2022;522010
GO;SAO LUIS DE MONTES BELOS;11;1;1;2022;522010
GO;SAO LUIS DE MONTES BELOS;12;1;0;2022;522010
GO;SAO LUIS DE MONTES BELOS;13;1;0;2022;522010
GO;SAO LUIS DE MONTES BELOS;20;1;0;2022;522010
GO;SAO LUIS DE MONTES BELOS;24;1;0;2022;522010
GO;SAO LUIS DE MONTES BELOS;25;1;0;2022;522010
GO;SAO LUIS DE MONTES BELOS;26;1;1;2022;522010
GO;SAO LUIS DE MONTES BELOS;30;1;0;2022;522010
GO;SAO LUIS DE MONTES BELOS;33;1;0;2022;522010
GO;SAO LUIS DE MONTES BELOS;36;1;1;2022;522010
GO;SAO LUIS DE MONTES BELOS;37;2;2;2022;522010
GO;SAO LUIS DE MONTES BELOS;43;1;0;2022;522010
GO;SAO MIGUEL DO ARAGUAIA;1;2;1;2022;522020
GO;SAO MIGUEL DO ARAGUAIA;2;2;1;2022;522020
GO;SAO MIGUEL DO ARAGUAIA;3;5;2;2022;522020
GO;SAO MIGUEL DO ARAGUAIA;4;1;0;2022;522020
GO;SAO MIGUEL DO ARAGUAIA;5;3;1;2022;522020
GO;SAO MIGUEL DO ARAGUAIA;6;3;0;2022;522020
GO;SAO MIGUEL DO ARAGUAIA;21;1;0;2022;522020
GO;SAO MIGUEL DO ARAGUAIA;22;2;0;2022;522020
GO;SAO MIGUEL DO ARAGUAIA;23;1;0;2022;522020
GO;SAO MIGUEL DO ARAGUAIA;24;1;0;2022;522020
GO;SAO MIGUEL DO ARAGUAIA;28;1;0;2022;522020
GO;SAO MIGUEL DO ARAGUAIA;35;1;0;2022;522020
GO;SAO MIGUEL DO ARAGUAIA;39;1;0;2022;522020
GO;SAO MIGUEL DO ARAGUAIA;49;2;0;2022;522020
GO;SAO MIGUEL DO ARAGUAIA;51;1;0;2022;522020
GO;SAO MIGUEL DO ARAGUAIA;52;2;1;2022;522020
GO;SAO SIMAO;1;2;0;2022;522040
GO;SAO SIMAO;2;2;0;2022;522040
GO;SAO SIMAO;3;4;2;2022;522040
GO;SAO SIMAO;9;1;1;2022;522040
GO;SAO SIMAO;14;2;1;2022;522040
GO;SAO SIMAO;20;1;0;2022;522040
GO;SAO SIMAO;21;2;0;2022;522040
GO;SAO SIMAO;24;2;0;2022;522040
GO;SAO SIMAO;26;1;0;2022;522040
GO;SAO SIMAO;29;1;0;2022;522040
GO;SAO SIMAO;30;1;0;2022;522040
GO;SENADOR CANEDO;1;10;1;2022;522045
GO;SENADOR CANEDO;2;10;2;2022;522045
GO;SENADOR CANEDO;3;11;3;2022;522045
GO;SENADOR CANEDO;4;13;3;2022;522045
GO;SENADOR CANEDO;5;6;2;2022;522045
GO;SENADOR CANEDO;6;1;0;2022;522045
GO;SENADOR CANEDO;11;1;1;2022;522045
GO;SENADOR CANEDO;51;2;0;2022;522045
GO;SILVANIA;24;2;0;2022;522060
GO;SILVANIA;25;2;0;2022;522060
GO;SILVANIA;26;3;0;2022;522060
GO;SILVANIA;29;1;0;2022;522060
GO;SILVANIA;31;2;0;2022;522060
GO;SILVANIA;32;1;0;2022;522060
GO;TAQUARAL DE GOIAS;23;1;1;2022;522100
GO;TRINDADE;1;3;0;2022;522140
GO;TRINDADE;2;7;1;2022;522140
GO;TRINDADE;3;9;1;2022;522140
GO;TRINDADE;4;4;3;2022;522140
GO;TRINDADE;5;9;2;2022;522140
GO;TRINDADE;6;6;1;2022;522140
GO;TRINDADE;7;3;2;2022;522140
GO;TRINDADE;8;1;0;2022;522140
GO;TRINDADE;9;1;0;2022;522140
GO;TRINDADE;10;1;0;2022;522140
GO;TRINDADE;11;1;0;2022;522140
GO;TRINDADE;14;1;0;2022;522140
GO;TRINDADE;15;2;1;2022;522140
GO;TRINDADE;17;1;0;2022;522140
GO;TRINDADE;20;1;0;2022;522140
GO;TRINDADE;22;3;1;2022;522140
GO;TRINDADE;23;1;0;2022;522140
GO;TRINDADE;24;7;0;2022;522140
GO;TRINDADE;25;4;0;2022;522140
GO;TRINDADE;26;3;1;2022;522140
GO;TRINDADE;27;3;0;2022;522140
GO;TRINDADE;28;1;0;2022;522140
GO;TRINDADE;29;4;1;2022;522140
GO;TRINDADE;30;1;0;2022;522140
GO;TRINDADE;31;1;0;2022;522140
GO;TRINDADE;33;2;0;2022;522140
GO;TRINDADE;37;1;0;2022;522140
GO;TRINDADE;41;1;0;2022;522140
GO;TRINDADE;44;1;1;2022;522140
GO;TRINDADE;45;1;0;2022;522140
GO;TRINDADE;46;2;1;2022;522140
GO;TRINDADE;47;1;0;2022;522140
GO;TRINDADE;48;3;0;2022;522140
GO;TRINDADE;49;3;0;2022;522140
GO;TRINDADE;50;5;1;2022;522140
GO;TRINDADE;52;1;1;2022;522140
GO;URUACU;1;1;0;2022;522160
GO;URUACU;2;2;0;2022;522160
GO;URUACU;5;4;2;2022;522160
GO;URUACU;6;3;3;2022;522160
GO;URUACU;7;3;2;2022;522160
GO;URUACU;8;2;1;2022;522160
GO;URUACU;19;1;1;2022;522160
GO;URUACU;22;1;0;2022;522160
GO;URUACU;23;2;2;2022;522160
GO;URUACU;24;5;4;2022;522160
GO;URUACU;25;8;5;2022;522160
GO;URUACU;26;4;2;2022;522160
GO;URUACU;27;9;3;2022;522160
GO;URUACU;28;5;2;2022;522160
GO;URUACU;29;5;1;2022;522160
GO;URUACU;30;1;0;2022;522160
GO;URUACU;31;2;0;2022;522160
GO;URUACU;32;1;1;2022;522160
GO;URUACU;33;1;1;2022;522160
GO;URUACU;41;2;1;2022;522160
GO;URUACU;42;3;1;2022;522160
GO;URUACU;43;1;0;2022;522160
GO;URUACU;46;1;1;2022;522160
GO;URUACU;47;2;0;2022;522160
GO;URUACU;48;1;1;2022;522160
GO;URUACU;49;2;1;2022;522160
GO;URUACU;50;1;0;2022;522160
GO;URUACU;51;2;2;2022;522160
GO;URUACU;52;3;0;2022;522160
GO;URUANA;3;1;1;2022;522170
GO;URUANA;51;1;1;2022;522170
GO;VALPARAISO DE GOIAS;1;1;0;2022;522185
GO;VALPARAISO DE GOIAS;2;3;0;2022;522185
GO;VALPARAISO DE GOIAS;3;3;1;2022;522185
GO;VALPARAISO DE GOIAS;6;1;0;2022;522185
GO;VALPARAISO DE GOIAS;7;2;0;2022;522185
GO;VALPARAISO DE GOIAS;9;1;1;2022;522185
GO;VALPARAISO DE GOIAS;10;1;0;2022;522185
GO;VALPARAISO DE GOIAS;20;1;0;2022;522185
GO;VALPARAISO DE GOIAS;21;1;0;2022;522185
GO;VALPARAISO DE GOIAS;22;2;0;2022;522185
GO;VALPARAISO DE GOIAS;23;1;0;2022;522185
GO;VALPARAISO DE GOIAS;24;1;1;2022;522185
GO;VALPARAISO DE GOIAS;28;1;0;2022;522185
GO;VALPARAISO DE GOIAS;29;3;1;2022;522185
GO;VALPARAISO DE GOIAS;31;1;0;2022;522185
GO;VALPARAISO DE GOIAS;33;2;0;2022;522185
GO;VALPARAISO DE GOIAS;38;1;0;2022;522185
GO;VALPARAISO DE GOIAS;46;1;0;2022;522185
GO;VALPARAISO DE GOIAS;47;1;0;2022;522185
GO;VALPARAISO DE GOIAS;48;1;0;2022;522185
GO;VALPARAISO DE GOIAS;49;1;0;2022;522185
GO;VALPARAISO DE GOIAS;51;1;0;2022;522185
GO;VIANOPOLIS;8;1;1;2022;522200
GO;VIANOPOLIS;9;1;1;2022;522200
GO;VIANOPOLIS;24;2;1;2022;522200
GO;ABADIANIA;21;1;0;2023;520010
GO;ABADIANIA;23;1;0;2023;520010
GO;ABADIANIA;25;1;0;2023;520010
GO;ACREUNA;1;1;0;2023;520013
GO;ACREUNA;20;1;0;2023;520013
GO;ANAPOLIS;1;5;1;2023;520110
GO;ANAPOLIS;2;10;1;2023;520110
GO;ANAPOLIS;3;4;0;2023;520110
GO;ANAPOLIS;4;8;2;2023;520110
GO;ANAPOLIS;5;8;1;2023;520110
GO;ANAPOLIS;6;9;0;2023;520110
GO;ANAPOLIS;7;10;1;2023;520110
GO;ANAPOLIS;8;6;0;2023;520110
GO;ANAPOLIS;9;6;0;2023;520110
GO;ANAPOLIS;10;4;0;2023;520110
GO;ANAPOLIS;11;7;2;2023;520110
GO;ANAPOLIS;12;3;0;2023;520110
GO;ANAPOLIS;13;4;1;2023;520110
GO;ANAPOLIS;14;11;3;2023;520110
GO;ANAPOLIS;15;10;2;2023;520110
GO;ANAPOLIS;16;10;1;2023;520110
GO;ANAPOLIS;17;4;1;2023;520110
GO;ANAPOLIS;18;9;0;2023;520110
GO;ANAPOLIS;19;16;3;2023;520110
GO;ANAPOLIS;20;27;5;2023;520110
GO;ANAPOLIS;21;15;3;2023;520110
GO;ANAPOLIS;22;19;4;2023;520110
GO;ANAPOLIS;23;22;2;2023;520110
GO;ANAPOLIS;24;17;2;2023;520110
GO;ANAPOLIS;25;25;3;2023;520110
GO;ANAPOLIS;26;15;3;2023;520110
GO;ANAPOLIS;27;21;6;2023;520110
GO;ANAPOLIS;28;18;6;2023;520110
GO;ANAPOLIS;29;6;0;2023;520110
GO;ANAPOLIS;30;8;0;2023;520110
GO;ANAPOLIS;31;10;1;2023;520110
GO;ANAPOLIS;32;20;3;2023;520110
GO;ANAPOLIS;33;22;3;2023;520110
GO;ANAPOLIS;34;19;2;2023;520110
GO;ANAPOLIS;35;16;2;2023;520110
GO;ANAPOLIS;36;16;2;2023;520110
GO;ANAPOLIS;37;17;1;2023;520110
GO;ANAPOLIS;38;18;5;2023;520110
GO;ANAPOLIS;39;12;3;2023;520110
GO;ANAPOLIS;40;12;1;2023;520110
GO;ANAPOLIS;41;15;2;2023;520110
GO;ANAPOLIS;42;6;1;2023;520110
GO;ANAPOLIS;43;17;1;2023;520110
GO;ANAPOLIS;44;9;1;2023;520110
GO;ANAPOLIS;45;7;1;2023;520110
GO;ANAPOLIS;46;8;2;2023;520110
GO;ANAPOLIS;47;9;1;2023;520110
GO;ANAPOLIS;48;9;2;2023;520110
GO;ANAPOLIS;49;9;0;2023;520110
GO;ANAPOLIS;50;5;0;2023;520110
GO;ANAPOLIS;51;6;0;2023;520110
GO;ANAPOLIS;52;5;2;2023;520110
GO;ANICUNS;3;1;1;2023;520130
GO;ANICUNS;20;1;1;2023;520130
GO;ANICUNS;28;1;1;2023;520130
GO;ANICUNS;29;1;0;2023;520130
GO;ANICUNS;38;1;0;2023;520130
GO;ANICUNS;39;1;1;2023;520130
GO;ANICUNS;47;1;1;2023;520130
GO;APARECIDA DE GOIANIA;1;14;0;2023;520140
GO;APARECIDA DE GOIANIA;2;6;1;2023;520140
GO;APARECIDA DE GOIANIA;3;11;0;2023;520140
GO;APARECIDA DE GOIANIA;4;11;1;2023;520140
GO;APARECIDA DE GOIANIA;5;33;1;2023;520140
GO;APARECIDA DE GOIANIA;6;27;1;2023;520140
GO;APARECIDA DE GOIANIA;7;28;0;2023;520140
GO;APARECIDA DE GOIANIA;8;19;0;2023;520140
GO;APARECIDA DE GOIANIA;9;19;0;2023;520140
GO;APARECIDA DE GOIANIA;10;23;0;2023;520140
GO;APARECIDA DE GOIANIA;11;24;0;2023;520140
GO;APARECIDA DE GOIANIA;12;23;0;2023;520140
GO;APARECIDA DE GOIANIA;13;30;0;2023;520140
GO;APARECIDA DE GOIANIA;14;26;1;2023;520140
GO;APARECIDA DE GOIANIA;15;23;2;2023;520140
GO;APARECIDA DE GOIANIA;16;25;3;2023;520140
GO;APARECIDA DE GOIANIA;17;27;3;2023;520140
GO;APARECIDA DE GOIANIA;18;14;0;2023;520140
GO;APARECIDA DE GOIANIA;19;29;2;2023;520140
GO;APARECIDA DE GOIANIA;20;23;1;2023;520140
GO;APARECIDA DE GOIANIA;21;25;1;2023;520140
GO;APARECIDA DE GOIANIA;22;25;0;2023;520140
GO;APARECIDA DE GOIANIA;23;16;1;2023;520140
GO;APARECIDA DE GOIANIA;24;19;1;2023;520140
GO;APARECIDA DE GOIANIA;25;17;1;2023;520140
GO;APARECIDA DE GOIANIA;26;25;0;2023;520140
GO;APARECIDA DE GOIANIA;27;13;1;2023;520140
GO;APARECIDA DE GOIANIA;28;11;0;2023;520140
GO;APARECIDA DE GOIANIA;29;20;1;2023;520140
GO;APARECIDA DE GOIANIA;30;8;0;2023;520140
GO;APARECIDA DE GOIANIA;31;9;0;2023;520140
GO;APARECIDA DE GOIANIA;32;10;0;2023;520140
GO;APARECIDA DE GOIANIA;33;13;0;2023;520140
GO;APARECIDA DE GOIANIA;34;20;0;2023;520140
GO;APARECIDA DE GOIANIA;35;16;0;2023;520140
GO;APARECIDA DE GOIANIA;36;24;1;2023;520140
GO;APARECIDA DE GOIANIA;37;13;0;2023;520140
GO;APARECIDA DE GOIANIA;38;21;0;2023;520140
GO;APARECIDA DE GOIANIA;39;8;1;2023;520140
GO;APARECIDA DE GOIANIA;40;13;1;2023;520140
GO;APARECIDA DE GOIANIA;41;13;0;2023;520140
GO;APARECIDA DE GOIANIA;42;13;1;2023;520140
GO;APARECIDA DE GOIANIA;43;9;0;2023;520140
GO;APARECIDA DE GOIANIA;44;4;0;2023;520140
GO;APARECIDA DE GOIANIA;45;2;0;2023;520140
GO;APARECIDA DE GOIANIA;46;1;0;2023;520140
GO;APARECIDA DE GOIANIA;47;4;0;2023;520140
GO;APARECIDA DE GOIANIA;48;2;0;2023;520140
GO;APARECIDA DE GOIANIA;49;4;0;2023;520140
GO;APARECIDA DE GOIANIA;50;15;0;2023;520140
GO;APARECIDA DE GOIANIA;51;9;1;2023;520140
GO;APARECIDA DE GOIANIA;52;6;0;2023;520140
GO;APORE;25;1;0;2023;520150
GO;APORE;27;2;0;2023;520150
GO;APORE;37;1;0;2023;520150
GO;APORE;43;1;0;2023;520150
GO;AVELINOPOLIS;33;3;0;2023;520280
GO;BELA VISTA DE GOIAS;20;1;0;2023;520330
GO;BELA VISTA DE GOIAS;25;1;1;2023;520330
GO;BELA VISTA DE GOIAS;39;1;0;2023;520330
GO;BELA VISTA DE GOIAS;47;1;1;2023;520330
GO;BOM JESUS DE GOIAS;25;1;0;2023;520350
GO;BURITI ALEGRE;18;1;0;2023;520390
GO;BURITI ALEGRE;52;1;0;2023;520390
GO;CAIAPONIA;12;1;0;2023;520440
GO;CAIAPONIA;29;1;0;2023;520440
GO;CALDAS NOVAS;1;4;1;2023;520450
GO;CALDAS NOVAS;3;1;0;2023;520450
GO;CALDAS NOVAS;4;4;1;2023;520450
GO;CALDAS NOVAS;5;1;0;2023;520450
GO;CALDAS NOVAS;6;16;0;2023;520450
GO;CALDAS NOVAS;7;6;0;2023;520450
GO;CALDAS NOVAS;8;8;0;2023;520450
GO;CALDAS NOVAS;9;5;0;2023;520450
GO;CALDAS NOVAS;10;10;0;2023;520450
GO;CALDAS NOVAS;11;16;0;2023;520450
GO;CALDAS NOVAS;12;19;0;2023;520450
GO;CALDAS NOVAS;13;14;0;2023;520450
GO;CALDAS NOVAS;14;10;1;2023;520450
GO;CALDAS NOVAS;15;9;0;2023;520450
GO;CALDAS NOVAS;16;12;1;2023;520450
GO;CALDAS NOVAS;17;7;0;2023;520450
GO;CALDAS NOVAS;18;9;0;2023;520450
GO;CALDAS NOVAS;19;7;1;2023;520450
GO;CALDAS NOVAS;20;6;0;2023;520450
GO;CALDAS NOVAS;21;7;0;2023;520450
GO;CALDAS NOVAS;22;8;0;2023;520450
GO;CALDAS NOVAS;23;10;0;2023;520450
GO;CALDAS NOVAS;24;6;0;2023;520450
GO;CALDAS NOVAS;25;8;0;2023;520450
GO;CALDAS NOVAS;26;7;0;2023;520450
GO;CALDAS NOVAS;27;5;0;2023;520450
GO;CALDAS NOVAS;28;2;0;2023;520450
GO;CALDAS NOVAS;29;2;1;2023;520450
GO;CALDAS NOVAS;30;2;0;2023;520450
GO;CALDAS NOVAS;31;1;0;2023;520450
GO;CALDAS NOVAS;33;2;0;2023;520450
GO;CALDAS NOVAS;34;4;0;2023;520450
GO;CALDAS NOVAS;35;3;0;2023;520450
GO;CALDAS NOVAS;36;2;0;2023;520450
GO;CALDAS NOVAS;37;4;0;2023;520450
GO;CALDAS NOVAS;38;4;0;2023;520450
GO;CALDAS NOVAS;39;5;0;2023;520450
GO;CALDAS NOVAS;40;6;1;2023;520450
GO;CALDAS NOVAS;41;2;1;2023;520450
GO;CALDAS NOVAS;42;3;1;2023;520450
GO;CALDAS NOVAS;43;1;0;2023;520450
GO;CALDAS NOVAS;44;2;0;2023;520450
GO;CALDAS NOVAS;45;4;0;2023;520450
GO;CALDAS NOVAS;46;1;0;2023;520450
GO;CALDAS NOVAS;47;4;1;2023;520450
GO;CALDAS NOVAS;48;1;0;2023;520450
GO;CALDAS NOVAS;49;1;0;2023;520450
GO;CALDAS NOVAS;50;3;0;2023;520450
GO;CAMPOS BELOS;13;2;0;2023;520490
GO;CAMPOS BELOS;14;3;0;2023;520490
GO;CAMPOS BELOS;15;3;0;2023;520490
GO;CAMPOS BELOS;16;1;0;2023;520490
GO;CAMPOS BELOS;18;1;0;2023;520490
GO;CAMPOS BELOS;19;1;0;2023;520490
GO;CAMPOS BELOS;35;1;0;2023;520490
GO;CAMPOS BELOS;36;1;0;2023;520490
GO;CAMPOS BELOS;37;1;1;2023;520490
GO;CAMPOS BELOS;38;1;0;2023;520490
GO;CARMO DO RIO VERDE;35;1;0;2023;520500
GO;CATALAO;3;6;2;2023;520510
GO;CATALAO;4;5;0;2023;520510
GO;CATALAO;5;5;0;2023;520510
GO;CATALAO;6;1;0;2023;520510
GO;CATALAO;7;1;0;2023;520510
GO;CATALAO;12;2;0;2023;520510
GO;CATALAO;13;1;0;2023;520510
GO;CATALAO;14;3;3;2023;520510
GO;CATALAO;15;1;0;2023;520510
GO;CATALAO;18;2;0;2023;520510
GO;CATALAO;20;2;0;2023;520510
GO;CATALAO;21;1;0;2023;520510
GO;CATALAO;22;2;1;2023;520510
GO;CATALAO;23;1;0;2023;520510
GO;CATALAO;26;2;1;2023;520510
GO;CATALAO;27;2;1;2023;520510
GO;CATALAO;31;2;1;2023;520510
GO;CATALAO;33;2;1;2023;520510
GO;CATALAO;34;1;1;2023;520510
GO;CATALAO;37;1;0;2023;520510
GO;CATALAO;43;2;0;2023;520510
GO;CATALAO;46;1;0;2023;520510
GO;CATALAO;50;1;0;2023;520510
GO;CERES;9;1;1;2023;520540
GO;CERES;21;1;1;2023;520540
GO;CERES;34;1;1;2023;520540
GO;CERES;40;1;1;2023;520540
GO;CEZARINA;15;1;0;2023;520545
GO;CEZARINA;16;1;0;2023;520545
GO;CEZARINA;19;2;0;2023;520545
GO;CEZARINA;22;1;0;2023;520545
GO;CEZARINA;23;2;0;2023;520545
GO;CEZARINA;28;1;0;2023;520545
GO;COCALZINHO DE GOIAS;29;1;1;2023;520551
GO;COCALZINHO DE GOIAS;33;1;0;2023;520551
GO;COCALZINHO DE GOIAS;37;1;1;2023;520551
GO;COCALZINHO DE GOIAS;50;1;1;2023;520551
GO;CORREGO DO OURO;17;1;0;2023;520570
GO;CORUMBA DE GOIAS;2;2;1;2023;520580
GO;CORUMBA DE GOIAS;7;1;0;2023;520580
GO;CORUMBA DE GOIAS;8;1;0;2023;520580
GO;CORUMBA DE GOIAS;9;1;0;2023;520580
GO;CORUMBA DE GOIAS;10;1;0;2023;520580
GO;CORUMBA DE GOIAS;12;2;0;2023;520580
GO;CORUMBA DE GOIAS;15;1;0;2023;520580
GO;CORUMBA DE GOIAS;18;3;0;2023;520580
GO;CORUMBA DE GOIAS;22;1;0;2023;520580
GO;CORUMBA DE GOIAS;27;1;0;2023;520580
GO;CORUMBA DE GOIAS;28;1;0;2023;520580
GO;CORUMBA DE GOIAS;29;1;0;2023;520580
GO;CORUMBA DE GOIAS;34;1;0;2023;520580
GO;CORUMBAIBA;10;3;0;2023;520590
GO;CORUMBAIBA;12;2;0;2023;520590
GO;CORUMBAIBA;18;1;0;2023;520590
GO;CORUMBAIBA;20;1;0;2023;520590
GO;CORUMBAIBA;22;1;0;2023;520590
GO;CORUMBAIBA;25;1;0;2023;520590
GO;CORUMBAIBA;28;1;0;2023;520590
GO;CORUMBAIBA;33;1;0;2023;520590
GO;CRISTALINA;5;1;0;2023;520620
GO;CRISTALINA;6;5;0;2023;520620
GO;CRISTALINA;8;2;0;2023;520620
GO;CRISTALINA;9;3;0;2023;520620
GO;CRISTALINA;12;1;0;2023;520620
GO;CRISTALINA;13;2;0;2023;520620
GO;CRISTALINA;18;1;0;2023;520620
GO;CRISTALINA;21;1;0;2023;520620
GO;CRISTALINA;31;1;1;2023;520620
GO;CRISTALINA;37;1;1;2023;520620
GO;CRISTALINA;41;1;1;2023;520620
GO;DIORAMA;11;1;0;2023;520710
GO;DIORAMA;19;1;0;2023;520710
GO;DIORAMA;33;1;0;2023;520710
GO;EDEIA;20;1;0;2023;520740
GO;EDEIA;21;2;0;2023;520740
GO;FIRMINOPOLIS;5;1;0;2023;520780
GO;FIRMINOPOLIS;8;1;0;2023;520780
GO;FIRMINOPOLIS;16;3;0;2023;520780
GO;FIRMINOPOLIS;17;3;0;2023;520780
GO;FIRMINOPOLIS;18;2;0;2023;520780
GO;FIRMINOPOLIS;20;1;0;2023;520780
GO;FIRMINOPOLIS;22;1;0;2023;520780
GO;FIRMINOPOLIS;26;1;0;2023;520780
GO;FIRMINOPOLIS;34;1;0;2023;520780
GO;FIRMINOPOLIS;35;1;0;2023;520780
GO;FORMOSA;4;1;0;2023;520800
GO;FORMOSA;13;1;0;2023;520800
GO;FORMOSA;15;1;0;2023;520800
GO;FORMOSA;18;1;0;2023;520800
GO;GOIANESIA;2;1;0;2023;520860
GO;GOIANESIA;5;1;0;2023;520860
GO;GOIANESIA;6;1;1;2023;520860
GO;GOIANESIA;7;3;1;2023;520860
GO;GOIANESIA;9;1;0;2023;520860
GO;GOIANESIA;11;1;0;2023;520860
GO;GOIANESIA;15;1;0;2023;520860
GO;GOIANESIA;16;9;1;2023;520860
GO;GOIANESIA;17;1;0;2023;520860
GO;GOIANESIA;18;2;0;2023;520860
GO;GOIANESIA;19;2;0;2023;520860
GO;GOIANESIA;20;3;0;2023;520860
GO;GOIANESIA;21;2;0;2023;520860
GO;GOIANESIA;23;3;1;2023;520860
GO;GOIANESIA;26;1;0;2023;520860
GO;GOIANESIA;30;1;0;2023;520860
GO;GOIANESIA;34;1;0;2023;520860
GO;GOIANESIA;38;1;1;2023;520860
GO;GOIANESIA;39;1;0;2023;520860
GO;GOIANESIA;40;3;1;2023;520860
GO;GOIANIA;1;51;7;2023;520870
GO;GOIANIA;2;33;3;2023;520870
GO;GOIANIA;3;34;2;2023;520870
GO;GOIANIA;4;31;4;2023;520870
GO;GOIANIA;5;57;6;2023;520870
GO;GOIANIA;6;37;3;2023;520870
GO;GOIANIA;7;50;9;2023;520870
GO;GOIANIA;8;44;5;2023;520870
GO;GOIANIA;9;57;6;2023;520870
GO;GOIANIA;10;38;4;2023;520870
GO;GOIANIA;11;52;7;2023;520870
GO;GOIANIA;12;45;3;2023;520870
GO;GOIANIA;13;65;8;2023;520870
GO;GOIANIA;14;52;4;2023;520870
GO;GOIANIA;15;45;5;2023;520870
GO;GOIANIA;16;46;5;2023;520870
GO;GOIANIA;17;43;5;2023;520870
GO;GOIANIA;18;40;2;2023;520870
GO;GOIANIA;19;42;2;2023;520870
GO;GOIANIA;20;46;4;2023;520870
GO;GOIANIA;21;37;2;2023;520870
GO;GOIANIA;22;39;3;2023;520870
GO;GOIANIA;23;29;5;2023;520870
GO;GOIANIA;24;30;4;2023;520870
GO;GOIANIA;25;36;6;2023;520870
GO;GOIANIA;26;39;5;2023;520870
GO;GOIANIA;27;38;3;2023;520870
GO;GOIANIA;28;34;7;2023;520870
GO;GOIANIA;29;37;3;2023;520870
GO;GOIANIA;30;16;1;2023;520870
GO;GOIANIA;31;24;2;2023;520870
GO;GOIANIA;32;28;0;2023;520870
GO;GOIANIA;33;32;5;2023;520870
GO;GOIANIA;34;39;2;2023;520870
GO;GOIANIA;35;27;2;2023;520870
GO;GOIANIA;36;25;2;2023;520870
GO;GOIANIA;37;34;2;2023;520870
GO;GOIANIA;38;24;2;2023;520870
GO;GOIANIA;39;31;4;2023;520870
GO;GOIANIA;40;24;3;2023;520870
GO;GOIANIA;41;24;1;2023;520870
GO;GOIANIA;42;27;2;2023;520870
GO;GOIANIA;43;26;4;2023;520870
GO;GOIANIA;44;26;1;2023;520870
GO;GOIANIA;45;37;5;2023;520870
GO;GOIANIA;46;25;1;2023;520870
GO;GOIANIA;47;17;0;2023;520870
GO;GOIANIA;48;18;0;2023;520870
GO;GOIANIA;49;24;0;2023;520870
GO;GOIANIA;50;29;1;2023;520870
GO;GOIANIA;51;31;1;2023;520870
GO;GOIANIA;52;17;3;2023;520870
GO;GOIANIRA;11;1;1;2023;520880
GO;GOIANIRA;16;1;0;2023;520880
GO;GOIANIRA;18;2;0;2023;520880
GO;GOIAS;16;1;0;2023;520890
GO;HIDROLANDIA;9;1;0;2023;520970
GO;HIDROLANDIA;12;1;1;2023;520970
GO;HIDROLANDIA;13;1;0;2023;520970
GO;HIDROLANDIA;14;2;0;2023;520970
GO;HIDROLANDIA;16;1;0;2023;520970
GO;INHUMAS;1;2;0;2023;521000
GO;INHUMAS;5;1;0;2023;521000
GO;INHUMAS;6;1;0;2023;521000
GO;INHUMAS;8;1;0;2023;521000
GO;INHUMAS;10;1;0;2023;521000
GO;INHUMAS;11;2;0;2023;521000
GO;INHUMAS;13;1;0;2023;521000
GO;INHUMAS;16;1;0;2023;521000
GO;INHUMAS;18;1;1;2023;521000
GO;INHUMAS;33;2;0;2023;521000
GO;INHUMAS;35;1;0;2023;521000
GO;IPAMERI;6;1;0;2023;521010
GO;IPAMERI;8;1;0;2023;521010
GO;IPAMERI;16;1;0;2023;521010
GO;IPAMERI;20;1;0;2023;521010
GO;IPAMERI;21;1;0;2023;521010
GO;IPAMERI;25;1;0;2023;521010
GO;IPAMERI;26;1;0;2023;521010
GO;IPAMERI;31;1;0;2023;521010
GO;IPAMERI;33;1;0;2023;521010
GO;IPAMERI;35;1;0;2023;521010
GO;IPAMERI;40;1;1;2023;521010
GO;IPAMERI;47;1;1;2023;521010
GO;IPORA;3;2;0;2023;521020
GO;IPORA;4;1;0;2023;521020
GO;IPORA;6;1;0;2023;521020
GO;IPORA;7;2;0;2023;521020
GO;IPORA;13;1;0;2023;521020
GO;IPORA;18;1;0;2023;521020
GO;IPORA;20;1;0;2023;521020
GO;IPORA;25;1;0;2023;521020
GO;IPORA;33;1;0;2023;521020
GO;IPORA;35;1;0;2023;521020
GO;IPORA;37;1;0;2023;521020
GO;IPORA;42;1;0;2023;521020
GO;IPORA;45;1;0;2023;521020
GO;IPORA;47;1;0;2023;521020
GO;ITABERAI;3;1;0;2023;521040
GO;ITABERAI;4;2;0;2023;521040
GO;ITABERAI;5;3;0;2023;521040
GO;ITABERAI;6;2;0;2023;521040
GO;ITABERAI;7;2;0;2023;521040
GO;ITABERAI;11;7;0;2023;521040
GO;ITABERAI;12;4;1;2023;521040
GO;ITABERAI;13;5;1;2023;521040
GO;ITABERAI;14;2;0;2023;521040
GO;ITABERAI;15;2;0;2023;521040
GO;ITABERAI;16;1;0;2023;521040
GO;ITAGUARU;18;1;0;2023;521060
GO;ITAGUARU;22;1;1;2023;521060
GO;ITAPACI;7;1;0;2023;521090
GO;ITAPACI;9;2;0;2023;521090
GO;ITAPACI;10;2;0;2023;521090
GO;ITAPACI;15;1;0;2023;521090
GO;ITAPACI;20;1;0;2023;521090
GO;ITAPACI;23;1;0;2023;521090
GO;ITAPACI;25;1;0;2023;521090
GO;ITAPACI;27;1;0;2023;521090
GO;ITAPACI;28;1;0;2023;521090
GO;ITAPACI;30;1;0;2023;521090
GO;ITAPACI;32;2;0;2023;521090
GO;ITAPACI;33;1;0;2023;521090
GO;ITAPACI;36;1;0;2023;521090
GO;ITAPACI;39;1;0;2023;521090
GO;ITAPACI;41;1;1;2023;521090
GO;ITAPACI;42;1;0;2023;521090
GO;ITAPACI;43;2;0;2023;521090
GO;ITAPACI;45;1;0;2023;521090
GO;ITAPACI;50;1;0;2023;521090
GO;ITAPACI;51;2;0;2023;521090
GO;ITARUMA;19;1;0;2023;521130
GO;ITUMBIARA;8;1;0;2023;521150
GO;ITUMBIARA;14;2;0;2023;521150
GO;ITUMBIARA;15;2;0;2023;521150
GO;ITUMBIARA;18;2;0;2023;521150
GO;ITUMBIARA;19;3;0;2023;521150
GO;ITUMBIARA;20;4;0;2023;521150
GO;ITUMBIARA;21;1;0;2023;521150
GO;ITUMBIARA;22;2;0;2023;521150
GO;ITUMBIARA;23;1;1;2023;521150
GO;ITUMBIARA;25;8;0;2023;521150
GO;ITUMBIARA;26;1;0;2023;521150
GO;ITUMBIARA;29;2;1;2023;521150
GO;ITUMBIARA;31;1;0;2023;521150
GO;ITUMBIARA;33;4;1;2023;521150
GO;ITUMBIARA;36;2;1;2023;521150
GO;ITUMBIARA;42;1;1;2023;521150
GO;ITUMBIARA;51;1;0;2023;521150
GO;JARAGUA;15;2;0;2023;521180
GO;JARAGUA;17;1;1;2023;521180
GO;JARAGUA;18;1;0;2023;521180
GO;JARAGUA;19;1;0;2023;521180
GO;JARAGUA;21;1;0;2023;521180
GO;JARAGUA;24;1;0;2023;521180
GO;JARAGUA;25;2;0;2023;521180
GO;JARAGUA;26;1;0;2023;521180
GO;JARAGUA;28;1;0;2023;521180
GO;JARAGUA;35;1;1;2023;521180
GO;JARAGUA;36;1;0;2023;521180
GO;JARAGUA;39;1;0;2023;521180
GO;JATAI;1;1;0;2023;521190
GO;JATAI;2;1;1;2023;521190
GO;JATAI;4;1;0;2023;521190
GO;JATAI;6;1;0;2023;521190
GO;JATAI;7;1;0;2023;521190
GO;JATAI;8;2;0;2023;521190
GO;JATAI;9;1;0;2023;521190
GO;JATAI;10;1;0;2023;521190
GO;JATAI;11;2;0;2023;521190
GO;JATAI;12;2;0;2023;521190
GO;JATAI;13;2;0;2023;521190
GO;JATAI;14;6;2;2023;521190
GO;JATAI;15;7;1;2023;521190
GO;JATAI;16;6;0;2023;521190
GO;JATAI;18;5;0;2023;521190
GO;JATAI;19;1;0;2023;521190
GO;JATAI;20;6;0;2023;521190
GO;JATAI;21;7;1;2023;521190
GO;JATAI;22;1;0;2023;521190
GO;JATAI;23;1;0;2023;521190
GO;JATAI;24;5;2;2023;521190
GO;JATAI;25;2;0;2023;521190
GO;JATAI;26;1;0;2023;521190
GO;JATAI;27;2;1;2023;521190
GO;JATAI;28;3;1;2023;521190
GO;JATAI;30;2;0;2023;521190
GO;JATAI;31;1;0;2023;521190
GO;JATAI;33;3;0;2023;521190
GO;JATAI;35;1;0;2023;521190
GO;JATAI;36;1;0;2023;521190
GO;JATAI;37;3;0;2023;521190
GO;JATAI;38;2;0;2023;521190
GO;JATAI;39;3;0;2023;521190
GO;JATAI;41;1;0;2023;521190
GO;JATAI;42;2;0;2023;521190
GO;JATAI;43;1;0;2023;521190
GO;JATAI;44;1;0;2023;521190
GO;JATAI;45;2;0;2023;521190
GO;JATAI;46;1;0;2023;521190
GO;JATAI;47;1;0;2023;521190
GO;JATAI;48;1;0;2023;521190
GO;JATAI;50;1;0;2023;521190
GO;JATAI;52;1;0;2023;521190
GO;JUSSARA;23;2;0;2023;521220
GO;JUSSARA;25;1;0;2023;521220
GO;LUZIANIA;3;2;1;2023;521250
GO;LUZIANIA;19;1;0;2023;521250
GO;LUZIANIA;26;1;1;2023;521250
GO;LUZIANIA;27;2;1;2023;521250
GO;LUZIANIA;28;1;0;2023;521250
GO;LUZIANIA;30;1;0;2023;521250
GO;LUZIANIA;31;1;1;2023;521250
GO;LUZIANIA;32;1;0;2023;521250
GO;LUZIANIA;33;1;1;2023;521250
GO;LUZIANIA;34;1;0;2023;521250
GO;LUZIANIA;35;1;0;2023;521250
GO;LUZIANIA;36;2;1;2023;521250
GO;LUZIANIA;37;1;1;2023;521250
GO;LUZIANIA;38;1;1;2023;521250
GO;LUZIANIA;42;1;1;2023;521250
GO;LUZIANIA;43;2;1;2023;521250
GO;MINEIROS;5;2;0;2023;521310
GO;MINEIROS;10;1;0;2023;521310
GO;MINEIROS;14;1;0;2023;521310
GO;MINEIROS;17;1;0;2023;521310
GO;MINEIROS;18;1;0;2023;521310
GO;MINEIROS;19;2;0;2023;521310
GO;MINEIROS;20;1;0;2023;521310
GO;MINEIROS;22;2;1;2023;521310
GO;MINEIROS;27;1;0;2023;521310
GO;MINEIROS;29;1;0;2023;521310
GO;MINEIROS;37;1;1;2023;521310
GO;MINEIROS;42;1;0;2023;521310
GO;MONTIVIDIU;19;1;1;2023;521375
GO;MORRINHOS;13;1;1;2023;521380
GO;MORRINHOS;15;1;0;2023;521380
GO;MORRINHOS;16;2;0;2023;521380
GO;MORRINHOS;17;1;0;2023;521380
GO;MORRINHOS;18;1;0;2023;521380
GO;MORRINHOS;19;1;1;2023;521380
GO;MORRINHOS;20;1;0;2023;521380
GO;MORRINHOS;21;1;0;2023;521380
GO;MORRINHOS;24;1;0;2023;521380
GO;MORRINHOS;25;1;1;2023;521380
GO;MORRINHOS;28;1;0;2023;521380
GO;MORRINHOS;30;1;0;2023;521380
GO;MORRINHOS;35;1;0;2023;521380
GO;MORRINHOS;40;1;0;2023;521380
GO;MORRINHOS;45;1;1;2023;521380
GO;MORRINHOS;48;1;1;2023;521380
GO;MORRINHOS;51;1;0;2023;521380
GO;MUNDO NOVO;1;1;0;2023;521405
GO;NEROPOLIS;1;11;10;2023;521450
GO;NEROPOLIS;2;5;5;2023;521450
GO;NEROPOLIS;3;3;3;2023;521450
GO;NEROPOLIS;4;2;1;2023;521450
GO;NEROPOLIS;5;2;2;2023;521450
GO;NEROPOLIS;6;2;2;2023;521450
GO;NEROPOLIS;7;1;1;2023;521450
GO;NEROPOLIS;8;3;3;2023;521450
GO;NEROPOLIS;10;4;3;2023;521450
GO;NEROPOLIS;11;2;2;2023;521450
GO;NEROPOLIS;12;3;3;2023;521450
GO;NEROPOLIS;13;1;0;2023;521450
GO;NEROPOLIS;14;1;1;2023;521450
GO;NEROPOLIS;15;1;1;2023;521450
GO;NEROPOLIS;16;1;1;2023;521450
GO;NEROPOLIS;17;1;0;2023;521450
GO;NEROPOLIS;18;3;3;2023;521450
GO;NEROPOLIS;19;2;2;2023;521450
GO;NEROPOLIS;20;6;4;2023;521450
GO;NEROPOLIS;21;2;2;2023;521450
GO;NEROPOLIS;22;5;4;2023;521450
GO;NEROPOLIS;23;1;0;2023;521450
GO;NEROPOLIS;24;1;0;2023;521450
GO;NEROPOLIS;26;2;2;2023;521450
GO;NEROPOLIS;27;1;0;2023;521450
GO;NEROPOLIS;28;2;2;2023;521450
GO;NEROPOLIS;29;4;1;2023;521450
GO;NEROPOLIS;31;1;0;2023;521450
GO;NEROPOLIS;32;3;1;2023;521450
GO;NEROPOLIS;33;2;0;2023;521450
GO;NEROPOLIS;34;2;0;2023;521450
GO;NEROPOLIS;35;1;0;2023;521450
GO;NEROPOLIS;36;3;2;2023;521450
GO;NEROPOLIS;37;2;1;2023;521450
GO;NEROPOLIS;39;1;1;2023;521450
GO;NEROPOLIS;42;1;1;2023;521450
GO;PARANAIGUARA;23;1;0;2023;521630
GO;PARANAIGUARA;25;1;0;2023;521630
GO;PARANAIGUARA;28;2;1;2023;521630
GO;PARANAIGUARA;29;1;0;2023;521630
GO;PIRACANJUBA;14;1;0;2023;521710
GO;PIRACANJUBA;16;1;0;2023;521710
GO;PIRACANJUBA;17;1;0;2023;521710
GO;PIRACANJUBA;18;1;0;2023;521710
GO;PIRACANJUBA;19;3;0;2023;521710
GO;PIRACANJUBA;20;3;0;2023;521710
GO;PIRACANJUBA;22;1;0;2023;521710
GO;PIRACANJUBA;26;1;0;2023;521710
GO;PIRACANJUBA;27;2;2;2023;521710
GO;PIRACANJUBA;28;1;0;2023;521710
GO;PIRACANJUBA;30;1;0;2023;521710
GO;PIRACANJUBA;33;1;0;2023;521710
GO;PIRACANJUBA;36;3;2;2023;521710
GO;PIRACANJUBA;41;2;0;2023;521710
GO;PIRACANJUBA;46;1;1;2023;521710
GO;PIRACANJUBA;48;1;0;2023;521710
GO;PIRENOPOLIS;2;1;0;2023;521730
GO;PIRENOPOLIS;3;1;0;2023;521730
GO;PIRENOPOLIS;21;1;0;2023;521730
GO;PIRENOPOLIS;24;1;0;2023;521730
GO;PIRENOPOLIS;44;1;1;2023;521730
GO;PIRENOPOLIS;46;1;1;2023;521730
GO;PIRES DO RIO;2;1;0;2023;521740
GO;PIRES DO RIO;11;1;0;2023;521740
GO;PIRES DO RIO;17;1;0;2023;521740
GO;PIRES DO RIO;29;1;0;2023;521740
GO;PIRES DO RIO;40;1;0;2023;521740
GO;PIRES DO RIO;46;1;0;2023;521740
GO;PIRES DO RIO;51;1;0;2023;521740
GO;PIRES DO RIO;52;1;0;2023;521740
GO;PLANALTINA;12;7;1;2023;521760
GO;PLANALTINA;13;5;1;2023;521760
GO;PLANALTINA;15;1;0;2023;521760
GO;PLANALTINA;17;1;0;2023;521760
GO;PLANALTINA;28;1;0;2023;521760
GO;PLANALTINA;29;1;0;2023;521760
GO;PLANALTINA;32;1;0;2023;521760
GO;PORANGATU;17;1;0;2023;521800
GO;PORANGATU;18;2;0;2023;521800
GO;PORANGATU;20;1;0;2023;521800
GO;PORANGATU;21;1;0;2023;521800
GO;PORANGATU;26;1;0;2023;521800
GO;PORANGATU;28;1;0;2023;521800
GO;PORANGATU;31;1;0;2023;521800
GO;PORANGATU;35;1;0;2023;521800
GO;PORANGATU;47;1;0;2023;521800
GO;POSSE;1;1;0;2023;521830
GO;POSSE;44;1;1;2023;521830
GO;QUIRINOPOLIS;12;1;0;2023;521850
GO;QUIRINOPOLIS;15;1;1;2023;521850
GO;QUIRINOPOLIS;16;2;0;2023;521850
GO;QUIRINOPOLIS;17;1;0;2023;521850
GO;QUIRINOPOLIS;20;1;1;2023;521850
GO;QUIRINOPOLIS;23;1;0;2023;521850
GO;RIALMA;16;1;0;2023;521860
GO;RIALMA;21;1;0;2023;521860
GO;RIALMA;25;1;0;2023;521860
GO;RIALMA;32;1;0;2023;521860
GO;RIO VERDE;5;7;0;2023;521880
GO;RIO VERDE;6;23;0;2023;521880
GO;RIO VERDE;7;12;0;2023;521880
GO;RIO VERDE;8;5;0;2023;521880
GO;RIO VERDE;9;5;0;2023;521880
GO;RIO VERDE;10;5;1;2023;521880
GO;RIO VERDE;11;4;0;2023;521880
GO;RIO VERDE;12;6;0;2023;521880
GO;RIO VERDE;13;4;0;2023;521880
GO;RIO VERDE;14;5;2;2023;521880
GO;RIO VERDE;15;7;0;2023;521880
GO;RIO VERDE;16;7;1;2023;521880
GO;RIO VERDE;17;8;0;2023;521880
GO;RIO VERDE;18;3;0;2023;521880
GO;RIO VERDE;19;1;0;2023;521880
GO;RIO VERDE;20;7;0;2023;521880
GO;RIO VERDE;21;13;1;2023;521880
GO;RIO VERDE;22;1;0;2023;521880
GO;RIO VERDE;23;4;2;2023;521880
GO;RIO VERDE;24;2;0;2023;521880
GO;RIO VERDE;25;3;1;2023;521880
GO;RIO VERDE;26;2;0;2023;521880
GO;RIO VERDE;27;6;0;2023;521880
GO;RIO VERDE;29;6;1;2023;521880
GO;RIO VERDE;30;1;0;2023;521880
GO;RIO VERDE;31;5;1;2023;521880
GO;RIO VERDE;32;5;1;2023;521880
GO;RIO VERDE;33;2;0;2023;521880
GO;RIO VERDE;34;11;1;2023;521880
GO;RIO VERDE;35;6;0;2023;521880
GO;RIO VERDE;36;5;0;2023;521880
GO;RIO VERDE;37;4;1;2023;521880
GO;RIO VERDE;38;5;0;2023;521880
GO;RIO VERDE;39;1;0;2023;521880
GO;RIO VERDE;40;2;0;2023;521880
GO;RIO VERDE;41;1;1;2023;521880
GO;RIO VERDE;43;1;1;2023;521880
GO;RIO VERDE;44;2;0;2023;521880
GO;RIO VERDE;45;1;0;2023;521880
GO;RIO VERDE;46;1;0;2023;521880
GO;RIO VERDE;48;1;0;2023;521880
GO;RIO VERDE;49;1;0;2023;521880
GO;RIO VERDE;50;1;0;2023;521880
GO;RIO VERDE;51;1;0;2023;521880
GO;RUBIATABA;1;1;0;2023;521890
GO;RUBIATABA;2;2;0;2023;521890
GO;RUBIATABA;8;2;0;2023;521890
GO;RUBIATABA;15;1;0;2023;521890
GO;RUBIATABA;19;1;0;2023;521890
GO;RUBIATABA;40;2;0;2023;521890
GO;RUBIATABA;41;1;0;2023;521890
GO;RUBIATABA;45;1;0;2023;521890
GO;RUBIATABA;47;1;1;2023;521890
GO;SANCLERLANDIA;17;1;0;2023;521900
GO;SANCLERLANDIA;19;1;0;2023;521900
GO;SANTA BARBARA DE GOIAS;19;1;0;2023;521910
GO;SANTA BARBARA DE GOIAS;28;1;1;2023;521910
GO;SANTA HELENA DE GOIAS;11;1;1;2023;521930
GO;SANTA HELENA DE GOIAS;13;1;0;2023;521930
GO;SANTA HELENA DE GOIAS;17;2;0;2023;521930
GO;SANTA HELENA DE GOIAS;20;1;0;2023;521930
GO;SANTA HELENA DE GOIAS;23;1;1;2023;521930
GO;SANTA HELENA DE GOIAS;26;2;0;2023;521930
GO;SANTA HELENA DE GOIAS;28;1;0;2023;521930
GO;SANTA HELENA DE GOIAS;29;1;0;2023;521930
GO;SANTA HELENA DE GOIAS;34;3;2;2023;521930
GO;SANTA HELENA DE GOIAS;36;1;0;2023;521930
GO;SANTA HELENA DE GOIAS;37;1;0;2023;521930
GO;SANTA HELENA DE GOIAS;43;1;1;2023;521930
GO;SANTA HELENA DE GOIAS;45;1;1;2023;521930
GO;SANTA HELENA DE GOIAS;47;1;0;2023;521930
GO;SANTA HELENA DE GOIAS;48;1;0;2023;521930
GO;SANTO ANTONIO DE GOIAS;37;1;1;2023;521973
GO;SAO JOAO D'ALIANCA;3;1;0;2023;522000
GO;SAO JOAO D'ALIANCA;17;1;0;2023;522000
GO;SAO JOAO D'ALIANCA;27;1;0;2023;522000
GO;SAO LUIS DE MONTES BELOS;4;1;0;2023;522010
GO;SAO LUIS DE MONTES BELOS;30;1;0;2023;522010
GO;SAO LUIS DE MONTES BELOS;33;1;0;2023;522010
GO;SAO MIGUEL DO ARAGUAIA;1;2;1;2023;522020
GO;SAO MIGUEL DO ARAGUAIA;2;1;0;2023;522020
GO;SAO MIGUEL DO ARAGUAIA;14;1;1;2023;522020
GO;SAO MIGUEL DO ARAGUAIA;17;1;0;2023;522020
GO;SAO MIGUEL DO ARAGUAIA;18;2;0;2023;522020
GO;SAO MIGUEL DO ARAGUAIA;19;1;0;2023;522020
GO;SAO MIGUEL DO ARAGUAIA;20;2;0;2023;522020
GO;SAO MIGUEL DO ARAGUAIA;21;1;0;2023;522020
GO;SENADOR CANEDO;1;1;0;2023;522045
GO;SENADOR CANEDO;7;1;0;2023;522045
GO;SENADOR CANEDO;12;2;1;2023;522045
GO;SENADOR CANEDO;14;2;0;2023;522045
GO;SENADOR CANEDO;15;4;1;2023;522045
GO;SENADOR CANEDO;16;5;0;2023;522045
GO;SENADOR CANEDO;17;4;2;2023;522045
GO;SENADOR CANEDO;18;1;0;2023;522045
GO;SENADOR CANEDO;19;3;0;2023;522045
GO;SENADOR CANEDO;20;1;1;2023;522045
GO;SENADOR CANEDO;21;3;0;2023;522045
GO;SENADOR CANEDO;22;2;0;2023;522045
GO;SENADOR CANEDO;23;2;0;2023;522045
GO;SENADOR CANEDO;25;5;0;2023;522045
GO;SENADOR CANEDO;26;1;0;2023;522045
GO;SENADOR CANEDO;27;1;0;2023;522045
GO;SENADOR CANEDO;29;1;0;2023;522045
GO;SENADOR CANEDO;31;1;0;2023;522045
GO;SENADOR CANEDO;34;2;0;2023;522045
GO;SENADOR CANEDO;36;1;0;2023;522045
GO;SENADOR CANEDO;38;1;0;2023;522045
GO;SERRANOPOLIS;3;1;1;2023;522050
GO;SERRANOPOLIS;17;1;1;2023;522050
GO;SILVANIA;44;1;0;2023;522060
GO;TRINDADE;1;3;1;2023;522140
GO;TRINDADE;2;1;0;2023;522140
GO;TRINDADE;4;1;1;2023;522140
GO;TRINDADE;8;2;0;2023;522140
GO;TRINDADE;9;1;1;2023;522140
GO;TRINDADE;10;2;1;2023;522140
GO;TRINDADE;11;5;0;2023;522140
GO;TRINDADE;12;1;0;2023;522140
GO;TRINDADE;13;2;1;2023;522140
GO;TRINDADE;14;3;2;2023;522140
GO;TRINDADE;15;1;0;2023;522140
GO;TRINDADE;16;1;0;2023;522140
GO;TRINDADE;18;1;0;2023;522140
GO;TRINDADE;24;1;0;2023;522140
GO;TRINDADE;28;1;0;2023;522140
GO;TRINDADE;29;1;1;2023;522140
GO;TRINDADE;31;1;0;2023;522140
GO;TRINDADE;33;3;0;2023;522140
GO;TRINDADE;36;2;1;2023;522140
GO;TRINDADE;45;1;0;2023;522140
GO;TRINDADE;47;1;0;2023;522140
GO;TRINDADE;48;1;0;2023;522140
GO;TRINDADE;49;1;0;2023;522140
GO;URUACU;1;1;0;2023;522160
GO;URUACU;2;1;0;2023;522160
GO;URUACU;3;1;1;2023;522160
GO;URUACU;5;2;0;2023;522160
GO;URUACU;8;1;1;2023;522160
GO;URUACU;10;5;0;2023;522160
GO;URUACU;11;3;0;2023;522160
GO;URUACU;13;1;0;2023;522160
GO;URUACU;15;1;0;2023;522160
GO;URUACU;16;3;1;2023;522160
GO;URUACU;17;3;2;2023;522160
GO;URUACU;18;3;1;2023;522160
GO;URUACU;19;2;0;2023;522160
GO;URUACU;20;2;0;2023;522160
GO;URUACU;21;4;0;2023;522160
GO;URUACU;22;1;1;2023;522160
GO;URUACU;24;1;0;2023;522160
GO;URUACU;25;4;2;2023;522160
GO;URUACU;27;1;0;2023;522160
GO;URUACU;28;1;0;2023;522160
GO;URUACU;34;1;1;2023;522160
GO;URUACU;37;1;1;2023;522160
GO;URUACU;40;1;0;2023;522160
GO;URUANA;37;1;0;2023;522170
GO;URUANA;39;1;1;2023;522170
GO;VALPARAISO DE GOIAS;1;1;0;2023;522185
GO;VALPARAISO DE GOIAS;9;1;0;2023;522185
GO;VALPARAISO DE GOIAS;13;3;0;2023;522185
GO;VALPARAISO DE GOIAS;14;1;0;2023;522185
GO;VALPARAISO DE GOIAS;16;1;0;2023;522185
GO;VALPARAISO DE GOIAS;21;1;0;2023;522185
GO;VALPARAISO DE GOIAS;24;2;0;2023;522185
GO;VALPARAISO DE GOIAS;25;1;0;2023;522185
GO;VALPARAISO DE GOIAS;28;2;0;2023;522185
GO;VALPARAISO DE GOIAS;30;1;0;2023;522185
GO;VALPARAISO DE GOIAS;32;1;0;2023;522185
GO;VALPARAISO DE GOIAS;33;1;0;2023;522185
GO;VALPARAISO DE GOIAS;51;1;0;2023;522185
GO;VIANOPOLIS;7;1;0;2023;522200
GO;VIANOPOLIS;9;1;0;2023;522200
GO;ABADIANIA;6;1;0;2024;520010
GO;ACREUNA;16;1;1;2024;520013
GO;AGUAS LINDAS DE GOIAS;20;1;0;2024;520025
GO;AGUAS LINDAS DE GOIAS;25;1;0;2024;520025
GO;AGUAS LINDAS DE GOIAS;26;1;0;2024;520025
GO;AGUAS LINDAS DE GOIAS;27;2;0;2024;520025
GO;AGUAS LINDAS DE GOIAS;35;2;0;2024;520025
GO;AGUAS LINDAS DE GOIAS;40;1;0;2024;520025
GO;AGUAS LINDAS DE GOIAS;46;1;0;2024;520025
GO;AGUAS LINDAS DE GOIAS;49;1;0;2024;520025
GO;AGUAS LINDAS DE GOIAS;50;2;0;2024;520025
GO;ALEXANIA;36;1;0;2024;520030
GO;ANAPOLIS;1;6;2;2024;520110
GO;ANAPOLIS;2;1;0;2024;520110
GO;ANAPOLIS;3;9;2;2024;520110
GO;ANAPOLIS;4;9;2;2024;520110
GO;ANAPOLIS;5;19;2;2024;520110
GO;ANAPOLIS;6;27;2;2024;520110
GO;ANAPOLIS;7;15;2;2024;520110
GO;ANAPOLIS;8;25;3;2024;520110
GO;ANAPOLIS;9;18;2;2024;520110
GO;ANAPOLIS;10;22;3;2024;520110
GO;ANAPOLIS;11;16;1;2024;520110
GO;ANAPOLIS;12;15;4;2024;520110
GO;ANAPOLIS;13;20;5;2024;520110
GO;ANAPOLIS;14;29;3;2024;520110
GO;ANAPOLIS;15;19;1;2024;520110
GO;ANAPOLIS;16;19;1;2024;520110
GO;ANAPOLIS;17;24;4;2024;520110
GO;ANAPOLIS;18;17;1;2024;520110
GO;ANAPOLIS;19;23;6;2024;520110
GO;ANAPOLIS;20;42;8;2024;520110
GO;ANAPOLIS;21;25;6;2024;520110
GO;ANAPOLIS;22;31;3;2024;520110
GO;ANAPOLIS;23;25;6;2024;520110
GO;ANAPOLIS;24;11;2;2024;520110
GO;ANAPOLIS;25;22;6;2024;520110
GO;ANAPOLIS;26;18;4;2024;520110
GO;ANAPOLIS;27;21;6;2024;520110
GO;ANAPOLIS;28;13;1;2024;520110
GO;ANAPOLIS;29;10;1;2024;520110
GO;ANAPOLIS;30;4;2;2024;520110
GO;ANAPOLIS;31;7;1;2024;520110
GO;ANAPOLIS;32;15;4;2024;520110
GO;ANAPOLIS;33;22;9;2024;520110
GO;ANAPOLIS;34;20;3;2024;520110
GO;ANAPOLIS;35;17;2;2024;520110
GO;ANAPOLIS;36;28;5;2024;520110
GO;ANAPOLIS;37;14;2;2024;520110
GO;ANAPOLIS;38;28;2;2024;520110
GO;ANAPOLIS;39;21;7;2024;520110
GO;ANAPOLIS;40;25;5;2024;520110
GO;ANAPOLIS;41;19;3;2024;520110
GO;ANAPOLIS;42;18;3;2024;520110
GO;ANAPOLIS;43;30;4;2024;520110
GO;ANAPOLIS;44;28;9;2024;520110
GO;ANAPOLIS;45;29;7;2024;520110
GO;ANAPOLIS;46;21;1;2024;520110
GO;ANAPOLIS;47;19;2;2024;520110
GO;ANAPOLIS;48;21;3;2024;520110
GO;ANAPOLIS;49;33;8;2024;520110
GO;ANAPOLIS;50;21;2;2024;520110
GO;ANAPOLIS;51;17;0;2024;520110
GO;ANAPOLIS;52;13;2;2024;520110
GO;ANICUNS;39;1;0;2024;520130
GO;APARECIDA DE GOIANIA;1;4;0;2024;520140
GO;APARECIDA DE GOIANIA;2;2;0;2024;520140
GO;APARECIDA DE GOIANIA;3;4;1;2024;520140
GO;APARECIDA DE GOIANIA;4;12;0;2024;520140
GO;APARECIDA DE GOIANIA;5;13;3;2024;520140
GO;APARECIDA DE GOIANIA;6;11;1;2024;520140
GO;APARECIDA DE GOIANIA;7;11;0;2024;520140
GO;APARECIDA DE GOIANIA;8;15;0;2024;520140
GO;APARECIDA DE GOIANIA;9;12;0;2024;520140
GO;APARECIDA DE GOIANIA;10;20;0;2024;520140
GO;APARECIDA DE GOIANIA;11;22;1;2024;520140
GO;APARECIDA DE GOIANIA;12;19;0;2024;520140
GO;APARECIDA DE GOIANIA;13;21;0;2024;520140
GO;APARECIDA DE GOIANIA;14;30;0;2024;520140
GO;APARECIDA DE GOIANIA;15;27;1;2024;520140
GO;APARECIDA DE GOIANIA;16;28;1;2024;520140
GO;APARECIDA DE GOIANIA;17;29;1;2024;520140
GO;APARECIDA DE GOIANIA;18;25;0;2024;520140
GO;APARECIDA DE GOIANIA;19;17;0;2024;520140
GO;APARECIDA DE GOIANIA;20;10;0;2024;520140
GO;APARECIDA DE GOIANIA;21;7;0;2024;520140
GO;APARECIDA DE GOIANIA;22;16;0;2024;520140
GO;APARECIDA DE GOIANIA;23;13;0;2024;520140
GO;APARECIDA DE GOIANIA;24;12;3;2024;520140
GO;APARECIDA DE GOIANIA;25;8;0;2024;520140
GO;APARECIDA DE GOIANIA;26;8;0;2024;520140
GO;APARECIDA DE GOIANIA;27;4;0;2024;520140
GO;APARECIDA DE GOIANIA;28;4;0;2024;520140
GO;APARECIDA DE GOIANIA;29;8;0;2024;520140
GO;APARECIDA DE GOIANIA;30;4;1;2024;520140
GO;APARECIDA DE GOIANIA;31;6;0;2024;520140
GO;APARECIDA DE GOIANIA;32;4;0;2024;520140
GO;APARECIDA DE GOIANIA;33;12;0;2024;520140
GO;APARECIDA DE GOIANIA;34;14;1;2024;520140
GO;APARECIDA DE GOIANIA;35;5;0;2024;520140
GO;APARECIDA DE GOIANIA;36;13;0;2024;520140
GO;APARECIDA DE GOIANIA;37;9;0;2024;520140
GO;APARECIDA DE GOIANIA;38;7;1;2024;520140
GO;APARECIDA DE GOIANIA;40;7;0;2024;520140
GO;APARECIDA DE GOIANIA;41;7;0;2024;520140
GO;APARECIDA DE GOIANIA;42;8;1;2024;520140
GO;APARECIDA DE GOIANIA;43;7;0;2024;520140
GO;APARECIDA DE GOIANIA;44;14;0;2024;520140
GO;APARECIDA DE GOIANIA;45;5;0;2024;520140
GO;APARECIDA DE GOIANIA;46;5;0;2024;520140
GO;APARECIDA DE GOIANIA;47;7;0;2024;520140
GO;APARECIDA DE GOIANIA;48;5;0;2024;520140
GO;APARECIDA DE GOIANIA;49;10;0;2024;520140
GO;APARECIDA DE GOIANIA;50;6;0;2024;520140
GO;APARECIDA DE GOIANIA;51;9;0;2024;520140
GO;APARECIDA DE GOIANIA;52;8;0;2024;520140
GO;BELA VISTA DE GOIAS;15;3;1;2024;520330
GO;BELA VISTA DE GOIAS;16;1;0;2024;520330
GO;BELA VISTA DE GOIAS;17;2;0;2024;520330
GO;BELA VISTA DE GOIAS;18;3;2;2024;520330
GO;BELA VISTA DE GOIAS;20;1;0;2024;520330
GO;BELA VISTA DE GOIAS;21;1;0;2024;520330
GO;BOM JESUS DE GOIAS;20;1;0;2024;520350
GO;CAIAPONIA;18;1;0;2024;520440
GO;CAIAPONIA;21;1;0;2024;520440
GO;CAIAPONIA;34;1;0;2024;520440
GO;CAIAPONIA;35;1;0;2024;520440
GO;CAIAPONIA;40;1;1;2024;520440
GO;CALDAS NOVAS;1;1;0;2024;520450
GO;CALDAS NOVAS;3;1;0;2024;520450
GO;CALDAS NOVAS;4;5;0;2024;520450
GO;CALDAS NOVAS;5;3;0;2024;520450
GO;CALDAS NOVAS;6;2;0;2024;520450
GO;CALDAS NOVAS;7;3;0;2024;520450
GO;CALDAS NOVAS;8;6;0;2024;520450
GO;CALDAS NOVAS;9;10;0;2024;520450
GO;CALDAS NOVAS;10;5;0;2024;520450
GO;CALDAS NOVAS;11;8;0;2024;520450
GO;CALDAS NOVAS;12;10;0;2024;520450
GO;CALDAS NOVAS;13;11;0;2024;520450
GO;CALDAS NOVAS;14;5;0;2024;520450
GO;CALDAS NOVAS;15;4;0;2024;520450
GO;CALDAS NOVAS;16;2;0;2024;520450
GO;CALDAS NOVAS;17;2;0;2024;520450
GO;CALDAS NOVAS;18;6;0;2024;520450
GO;CALDAS NOVAS;19;1;0;2024;520450
GO;CALDAS NOVAS;20;4;0;2024;520450
GO;CALDAS NOVAS;21;5;0;2024;520450
GO;CALDAS NOVAS;22;1;0;2024;520450
GO;CALDAS NOVAS;23;6;0;2024;520450
GO;CALDAS NOVAS;24;1;1;2024;520450
GO;CALDAS NOVAS;25;2;0;2024;520450
GO;CALDAS NOVAS;26;5;1;2024;520450
GO;CALDAS NOVAS;27;1;0;2024;520450
GO;CALDAS NOVAS;28;3;0;2024;520450
GO;CALDAS NOVAS;29;1;0;2024;520450
GO;CALDAS NOVAS;30;1;0;2024;520450
GO;CALDAS NOVAS;31;2;1;2024;520450
GO;CALDAS NOVAS;32;2;0;2024;520450
GO;CALDAS NOVAS;33;3;0;2024;520450
GO;CALDAS NOVAS;36;4;0;2024;520450
GO;CALDAS NOVAS;37;2;0;2024;520450
GO;CALDAS NOVAS;39;2;0;2024;520450
GO;CALDAS NOVAS;40;2;0;2024;520450
GO;CALDAS NOVAS;41;1;0;2024;520450
GO;CALDAS NOVAS;42;1;0;2024;520450
GO;CALDAS NOVAS;44;5;0;2024;520450
GO;CALDAS NOVAS;45;3;0;2024;520450
GO;CALDAS NOVAS;46;1;0;2024;520450
GO;CALDAS NOVAS;47;3;0;2024;520450
GO;CALDAS NOVAS;49;6;1;2024;520450
GO;CALDAS NOVAS;50;1;0;2024;520450
GO;CAMPINORTE;3;1;1;2024;520470
GO;CAMPINORTE;16;1;0;2024;520470
GO;CAMPINORTE;17;1;0;2024;520470
GO;CAMPINORTE;24;1;0;2024;520470
GO;CAMPINORTE;27;1;0;2024;520470
GO;CAMPINORTE;28;1;0;2024;520470
GO;CAMPOS BELOS;12;2;0;2024;520490
GO;CARMO DO RIO VERDE;1;1;0;2024;520500
GO;CARMO DO RIO VERDE;21;1;0;2024;520500
GO;CATALAO;2;1;1;2024;520510
GO;CATALAO;4;1;0;2024;520510
GO;CATALAO;5;2;0;2024;520510
GO;CATALAO;9;1;1;2024;520510
GO;CATALAO;11;1;0;2024;520510
GO;CATALAO;16;1;1;2024;520510
GO;CATALAO;21;3;0;2024;520510
GO;CATALAO;23;1;0;2024;520510
GO;CATALAO;26;3;0;2024;520510
GO;CATALAO;27;1;0;2024;520510
GO;CATALAO;29;1;1;2024;520510
GO;CATALAO;32;3;0;2024;520510
GO;CATALAO;34;2;0;2024;520510
GO;CATALAO;35;1;0;2024;520510
GO;CATALAO;36;2;0;2024;520510
GO;CATALAO;37;2;1;2024;520510
GO;CATALAO;38;1;1;2024;520510
GO;CATALAO;39;2;0;2024;520510
GO;CATALAO;40;1;1;2024;520510
GO;CATALAO;41;2;2;2024;520510
GO;CATALAO;42;1;1;2024;520510
GO;CATALAO;43;3;2;2024;520510
GO;CATALAO;44;1;1;2024;520510
GO;CATALAO;45;2;2;2024;520510
GO;CATALAO;49;1;0;2024;520510
GO;CATALAO;50;1;1;2024;520510
GO;CATALAO;51;1;0;2024;520510
GO;CERES;3;1;1;2024;520540
GO;CERES;6;1;1;2024;520540
GO;CERES;39;1;1;2024;520540
GO;CERES;49;1;0;2024;520540
GO;CEZARINA;8;2;0;2024;520545
GO;CHAPADAO DO CEU;15;3;0;2024;520547
GO;CHAPADAO DO CEU;16;3;0;2024;520547
GO;CHAPADAO DO CEU;17;2;0;2024;520547
GO;CHAPADAO DO CEU;18;2;0;2024;520547
GO;COCALZINHO DE GOIAS;34;1;0;2024;520551
GO;COCALZINHO DE GOIAS;35;1;1;2024;520551
GO;COCALZINHO DE GOIAS;41;1;0;2024;520551
GO;CORUMBA DE GOIAS;4;1;0;2024;520580
GO;CORUMBA DE GOIAS;7;1;0;2024;520580
GO;CORUMBA DE GOIAS;12;1;0;2024;520580
GO;CORUMBA DE GOIAS;33;1;0;2024;520580
GO;CORUMBA DE GOIAS;50;2;2;2024;520580
GO;CORUMBAIBA;18;2;0;2024;520590
GO;CORUMBAIBA;21;2;0;2024;520590
GO;CORUMBAIBA;22;1;0;2024;520590
GO;CORUMBAIBA;27;1;0;2024;520590
GO;CORUMBAIBA;46;1;0;2024;520590
GO;CRISTALINA;1;2;2;2024;520620
GO;CRISTALINA;10;1;0;2024;520620
GO;CRISTALINA;17;1;0;2024;520620
GO;CRISTALINA;18;1;0;2024;520620
GO;CRISTALINA;29;1;0;2024;520620
GO;CRISTALINA;31;1;0;2024;520620
GO;CRISTALINA;32;1;0;2024;520620
GO;CRISTALINA;35;1;0;2024;520620
GO;CRISTALINA;37;2;0;2024;520620
GO;CRISTALINA;38;1;0;2024;520620
GO;CRISTALINA;39;2;1;2024;520620
GO;CRISTALINA;40;1;0;2024;520620
GO;CRISTALINA;42;3;0;2024;520620
GO;CRISTALINA;47;1;0;2024;520620
GO;CRISTALINA;49;3;0;2024;520620
GO;CRISTALINA;51;1;0;2024;520620
GO;CROMINIA;16;2;0;2024;520650
GO;CROMINIA;18;1;0;2024;520650
GO;DAMOLANDIA;7;1;1;2024;520680
GO;DOVERLANDIA;7;1;0;2024;520725
GO;EDEIA;5;1;0;2024;520740
GO;EDEIA;6;1;0;2024;520740
GO;EDEIA;7;1;0;2024;520740
GO;EDEIA;8;1;0;2024;520740
GO;EDEIA;28;1;0;2024;520740
GO;FORMOSA;7;1;1;2024;520800
GO;FORMOSA;10;1;1;2024;520800
GO;FORMOSA;20;1;1;2024;520800
GO;GOIANESIA;5;1;1;2024;520860
GO;GOIANESIA;10;1;0;2024;520860
GO;GOIANESIA;14;1;0;2024;520860
GO;GOIANESIA;17;3;0;2024;520860
GO;GOIANESIA;18;3;0;2024;520860
GO;GOIANESIA;19;4;0;2024;520860
GO;GOIANESIA;20;2;0;2024;520860
GO;GOIANESIA;21;7;0;2024;520860
GO;GOIANESIA;23;1;0;2024;520860
GO;GOIANESIA;25;1;0;2024;520860
GO;GOIANESIA;26;1;0;2024;520860
GO;GOIANESIA;28;1;0;2024;520860
GO;GOIANESIA;29;2;0;2024;520860
GO;GOIANESIA;30;2;0;2024;520860
GO;GOIANESIA;31;1;0;2024;520860
GO;GOIANESIA;35;1;0;2024;520860
GO;GOIANESIA;46;1;0;2024;520860
GO;GOIANESIA;50;1;0;2024;520860
GO;GOIANIA;1;16;3;2024;520870
GO;GOIANIA;2;27;1;2024;520870
GO;GOIANIA;3;15;1;2024;520870
GO;GOIANIA;4;18;3;2024;520870
GO;GOIANIA;5;27;4;2024;520870
GO;GOIANIA;6;24;5;2024;520870
GO;GOIANIA;7;40;3;2024;520870
GO;GOIANIA;8;38;4;2024;520870
GO;GOIANIA;9;39;4;2024;520870
GO;GOIANIA;10;32;3;2024;520870
GO;GOIANIA;11;33;1;2024;520870
GO;GOIANIA;12;30;4;2024;520870
GO;GOIANIA;13;33;5;2024;520870
GO;GOIANIA;14;51;6;2024;520870
GO;GOIANIA;15;48;5;2024;520870
GO;GOIANIA;16;42;4;2024;520870
GO;GOIANIA;17;34;2;2024;520870
GO;GOIANIA;18;47;9;2024;520870
GO;GOIANIA;19;40;6;2024;520870
GO;GOIANIA;20;50;8;2024;520870
GO;GOIANIA;21;21;2;2024;520870
GO;GOIANIA;22;25;2;2024;520870
GO;GOIANIA;23;24;3;2024;520870
GO;GOIANIA;24;25;3;2024;520870
GO;GOIANIA;25;18;0;2024;520870
GO;GOIANIA;26;24;1;2024;520870
GO;GOIANIA;27;23;1;2024;520870
GO;GOIANIA;28;15;4;2024;520870
GO;GOIANIA;29;25;2;2024;520870
GO;GOIANIA;30;22;1;2024;520870
GO;GOIANIA;31;28;3;2024;520870
GO;GOIANIA;32;25;5;2024;520870
GO;GOIANIA;33;33;6;2024;520870
GO;GOIANIA;34;33;5;2024;520870
GO;GOIANIA;35;29;4;2024;520870
GO;GOIANIA;36;42;7;2024;520870
GO;GOIANIA;37;28;3;2024;520870
GO;GOIANIA;38;29;4;2024;520870
GO;GOIANIA;39;26;4;2024;520870
GO;GOIANIA;40;30;5;2024;520870
GO;GOIANIA;41;24;3;2024;520870
GO;GOIANIA;42;21;2;2024;520870
GO;GOIANIA;43;40;3;2024;520870
GO;GOIANIA;44;37;1;2024;520870
GO;GOIANIA;45;22;2;2024;520870
GO;GOIANIA;46;26;0;2024;520870
GO;GOIANIA;47;28;2;2024;520870
GO;GOIANIA;48;22;0;2024;520870
GO;GOIANIA;49;28;1;2024;520870
GO;GOIANIA;50;33;1;2024;520870
GO;GOIANIA;51;31;1;2024;520870
GO;GOIANIA;52;38;4;2024;520870
GO;GOIANIRA;13;1;0;2024;520880
GO;GOIANIRA;25;1;0;2024;520880
GO;GOIANIRA;27;1;0;2024;520880
GO;GOIANIRA;31;1;1;2024;520880
GO;GOIANIRA;35;2;1;2024;520880
GO;GOIANIRA;36;1;0;2024;520880
GO;GOIANIRA;38;1;1;2024;520880
GO;GOIANIRA;43;1;0;2024;520880
GO;GOIANIRA;47;1;0;2024;520880
GO;GOIAS;9;1;0;2024;520890
GO;GOIAS;22;1;0;2024;520890
GO;GOIAS;23;1;0;2024;520890
GO;GOIAS;30;1;1;2024;520890
GO;GOIATUBA;7;1;0;2024;520910
GO;GOIATUBA;19;2;1;2024;520910
GO;GOIATUBA;21;1;0;2024;520910
GO;GOIATUBA;22;1;0;2024;520910
GO;GOIATUBA;25;2;0;2024;520910
GO;GOIATUBA;30;1;0;2024;520910
GO;GOIATUBA;31;2;0;2024;520910
GO;GOIATUBA;32;1;0;2024;520910
GO;HIDROLANDIA;41;1;1;2024;520970
GO;INHUMAS;2;1;1;2024;521000
GO;INHUMAS;7;2;1;2024;521000
GO;INHUMAS;8;1;0;2024;521000
GO;INHUMAS;11;1;0;2024;521000
GO;INHUMAS;35;1;1;2024;521000
GO;INHUMAS;39;1;1;2024;521000
GO;INHUMAS;47;1;0;2024;521000
GO;INHUMAS;48;1;0;2024;521000
GO;INHUMAS;49;2;0;2024;521000
GO;IPAMERI;5;1;0;2024;521010
GO;IPAMERI;36;1;0;2024;521010
GO;IPAMERI;47;1;0;2024;521010
GO;IPORA;1;1;0;2024;521020
GO;IPORA;2;1;0;2024;521020
GO;IPORA;3;2;0;2024;521020
GO;IPORA;4;1;0;2024;521020
GO;IPORA;5;2;0;2024;521020
GO;IPORA;8;1;0;2024;521020
GO;IPORA;10;1;0;2024;521020
GO;IPORA;15;2;0;2024;521020
GO;IPORA;32;1;1;2024;521020
GO;ITABERAI;10;1;1;2024;521040
GO;ITABERAI;11;1;0;2024;521040
GO;ITABERAI;15;1;0;2024;521040
GO;ITABERAI;18;1;0;2024;521040
GO;ITABERAI;19;2;0;2024;521040
GO;ITABERAI;20;1;0;2024;521040
GO;ITABERAI;42;1;0;2024;521040
GO;ITAJA;32;1;0;2024;521080
GO;ITAPACI;3;1;0;2024;521090
GO;ITAPACI;8;2;0;2024;521090
GO;ITAPACI;33;1;0;2024;521090
GO;ITAPACI;38;2;0;2024;521090
GO;ITAPURANGA;17;1;0;2024;521120
GO;ITAPURANGA;18;1;0;2024;521120
GO;ITAPURANGA;20;1;0;2024;521120
GO;ITARUMA;1;1;0;2024;521130
GO;ITARUMA;16;1;0;2024;521130
GO;ITUMBIARA;2;1;0;2024;521150
GO;ITUMBIARA;4;3;0;2024;521150
GO;ITUMBIARA;5;1;0;2024;521150
GO;ITUMBIARA;11;6;0;2024;521150
GO;ITUMBIARA;12;1;0;2024;521150
GO;ITUMBIARA;13;1;0;2024;521150
GO;ITUMBIARA;14;3;0;2024;521150
GO;ITUMBIARA;15;2;0;2024;521150
GO;ITUMBIARA;16;6;0;2024;521150
GO;ITUMBIARA;17;3;0;2024;521150
GO;ITUMBIARA;18;7;0;2024;521150
GO;ITUMBIARA;19;4;0;2024;521150
GO;ITUMBIARA;20;8;0;2024;521150
GO;ITUMBIARA;21;3;0;2024;521150
GO;ITUMBIARA;22;1;0;2024;521150
GO;ITUMBIARA;24;6;0;2024;521150
GO;ITUMBIARA;25;4;0;2024;521150
GO;ITUMBIARA;26;1;0;2024;521150
GO;ITUMBIARA;27;2;0;2024;521150
GO;ITUMBIARA;28;4;0;2024;521150
GO;ITUMBIARA;30;2;0;2024;521150
GO;ITUMBIARA;31;1;0;2024;521150
GO;ITUMBIARA;32;1;0;2024;521150
GO;ITUMBIARA;34;1;0;2024;521150
GO;ITUMBIARA;35;1;0;2024;521150
GO;ITUMBIARA;36;4;0;2024;521150
GO;ITUMBIARA;37;1;0;2024;521150
GO;ITUMBIARA;39;1;0;2024;521150
GO;ITUMBIARA;41;1;0;2024;521150
GO;ITUMBIARA;45;1;0;2024;521150
GO;ITUMBIARA;48;1;0;2024;521150
GO;ITUMBIARA;49;2;0;2024;521150
GO;JARAGUA;4;1;0;2024;521180
GO;JARAGUA;12;1;0;2024;521180
GO;JARAGUA;14;1;0;2024;521180
GO;JARAGUA;15;1;0;2024;521180
GO;JARAGUA;23;1;0;2024;521180
GO;JARAGUA;27;3;1;2024;521180
GO;JARAGUA;31;2;0;2024;521180
GO;JARAGUA;33;1;1;2024;521180
GO;JARAGUA;34;2;0;2024;521180
GO;JARAGUA;42;2;0;2024;521180
GO;JARAGUA;43;2;0;2024;521180
GO;JARAGUA;44;1;0;2024;521180
GO;JARAGUA;50;4;1;2024;521180
GO;JARAGUA;51;1;1;2024;521180
GO;JATAI;2;2;0;2024;521190
GO;JATAI;4;1;0;2024;521190
GO;JATAI;5;1;0;2024;521190
GO;JATAI;6;1;0;2024;521190
GO;JATAI;7;1;0;2024;521190
GO;JATAI;8;2;0;2024;521190
GO;JATAI;10;1;0;2024;521190
GO;JATAI;11;1;0;2024;521190
GO;JATAI;12;2;0;2024;521190
GO;JATAI;13;1;0;2024;521190
GO;JATAI;15;4;0;2024;521190
GO;JATAI;16;3;0;2024;521190
GO;JATAI;18;2;0;2024;521190
GO;JATAI;19;1;0;2024;521190
GO;JATAI;20;8;0;2024;521190
GO;JATAI;21;3;0;2024;521190
GO;JATAI;22;3;1;2024;521190
GO;JATAI;23;3;0;2024;521190
GO;JATAI;24;2;1;2024;521190
GO;JATAI;26;1;1;2024;521190
GO;JATAI;27;5;0;2024;521190
GO;JATAI;28;1;0;2024;521190
GO;JATAI;29;1;0;2024;521190
GO;JATAI;30;1;0;2024;521190
GO;JATAI;31;1;1;2024;521190
GO;JATAI;32;1;0;2024;521190
GO;JATAI;33;1;0;2024;521190
GO;JATAI;35;2;0;2024;521190
GO;JATAI;36;2;0;2024;521190
GO;JATAI;37;1;0;2024;521190
GO;JATAI;38;1;0;2024;521190
GO;JATAI;39;1;0;2024;521190
GO;JATAI;43;1;0;2024;521190
GO;JATAI;46;1;1;2024;521190
GO;JATAI;49;2;0;2024;521190
GO;JATAI;50;2;0;2024;521190
GO;JOVIANIA;23;1;0;2024;521210
GO;LUZIANIA;5;1;0;2024;521250
GO;LUZIANIA;10;1;1;2024;521250
GO;LUZIANIA;14;1;1;2024;521250
GO;LUZIANIA;15;1;1;2024;521250
GO;LUZIANIA;27;1;0;2024;521250
GO;LUZIANIA;29;1;0;2024;521250
GO;LUZIANIA;48;1;0;2024;521250
GO;MARZAGAO;44;1;0;2024;521290
GO;MINACU;27;2;1;2024;521308
GO;MINACU;28;1;0;2024;521308
GO;MINACU;29;1;0;2024;521308
GO;MINACU;31;3;0;2024;521308
GO;MINACU;32;1;0;2024;521308
GO;MINACU;33;5;0;2024;521308
GO;MINACU;34;4;0;2024;521308
GO;MINACU;35;6;0;2024;521308
GO;MINACU;36;1;0;2024;521308
GO;MINACU;37;1;0;2024;521308
GO;MINACU;40;3;0;2024;521308
GO;MINACU;41;2;0;2024;521308
GO;MINACU;42;1;0;2024;521308
GO;MINEIROS;2;1;0;2024;521310
GO;MINEIROS;4;1;0;2024;521310
GO;MINEIROS;6;2;0;2024;521310
GO;MINEIROS;7;2;1;2024;521310
GO;MINEIROS;8;1;0;2024;521310
GO;MINEIROS;9;2;0;2024;521310
GO;MINEIROS;14;3;0;2024;521310
GO;MINEIROS;15;1;0;2024;521310
GO;MINEIROS;16;2;0;2024;521310
GO;MINEIROS;18;1;0;2024;521310
GO;MINEIROS;33;1;0;2024;521310
GO;MINEIROS;34;1;0;2024;521310
GO;MINEIROS;36;1;0;2024;521310
GO;MINEIROS;37;1;0;2024;521310
GO;MINEIROS;46;1;1;2024;521310
GO;MONTIVIDIU;24;3;0;2024;521375
GO;MORRINHOS;13;1;0;2024;521380
GO;MORRINHOS;18;1;0;2024;521380
GO;MORRINHOS;20;1;0;2024;521380
GO;MORRINHOS;27;2;0;2024;521380
GO;MORRINHOS;33;2;0;2024;521380
GO;MORRINHOS;35;1;1;2024;521380
GO;MORRINHOS;37;1;0;2024;521380
GO;MORRINHOS;39;1;0;2024;521380
GO;MORRINHOS;44;1;0;2024;521380
GO;MORRINHOS;50;2;0;2024;521380
GO;MORRINHOS;52;1;0;2024;521380
GO;MUTUNOPOLIS;1;1;0;2024;521410
GO;NEROPOLIS;4;1;1;2024;521450
GO;NEROPOLIS;7;1;1;2024;521450
GO;NEROPOLIS;13;1;0;2024;521450
GO;NEROPOLIS;20;1;1;2024;521450
GO;NEROPOLIS;31;1;1;2024;521450
GO;NEROPOLIS;36;1;1;2024;521450
GO;NEROPOLIS;39;1;1;2024;521450
GO;NEROPOLIS;42;1;0;2024;521450
GO;NEROPOLIS;44;1;1;2024;521450
GO;ORIZONA;36;1;0;2024;521530
GO;ORIZONA;37;1;0;2024;521530
GO;PARANAIGUARA;14;1;0;2024;521630
GO;PARANAIGUARA;19;1;0;2024;521630
GO;PIRACANJUBA;4;1;0;2024;521710
GO;PIRACANJUBA;11;1;0;2024;521710
GO;PIRACANJUBA;13;1;0;2024;521710
GO;PIRACANJUBA;16;1;0;2024;521710
GO;PIRACANJUBA;18;2;0;2024;521710
GO;PIRACANJUBA;32;1;0;2024;521710
GO;PIRACANJUBA;33;1;0;2024;521710
GO;PIRACANJUBA;34;1;0;2024;521710
GO;PIRENOPOLIS;8;1;0;2024;521730
GO;PIRENOPOLIS;18;1;0;2024;521730
GO;PIRENOPOLIS;19;1;0;2024;521730
GO;PIRENOPOLIS;23;1;0;2024;521730
GO;PIRENOPOLIS;24;1;0;2024;521730
GO;PIRENOPOLIS;25;1;0;2024;521730
GO;PIRENOPOLIS;27;1;0;2024;521730
GO;PIRENOPOLIS;29;1;0;2024;521730
GO;PIRENOPOLIS;30;1;0;2024;521730
GO;PIRENOPOLIS;32;1;1;2024;521730
GO;PIRENOPOLIS;34;1;0;2024;521730
GO;PIRENOPOLIS;44;1;1;2024;521730
GO;PIRENOPOLIS;48;1;0;2024;521730
GO;PIRENOPOLIS;49;1;0;2024;521730
GO;PIRES DO RIO;8;1;1;2024;521740
GO;PIRES DO RIO;31;1;0;2024;521740
GO;PIRES DO RIO;34;1;0;2024;521740
GO;PIRES DO RIO;35;2;0;2024;521740
GO;PIRES DO RIO;48;1;0;2024;521740
GO;PONTALINA;20;1;0;2024;521770
GO;PORANGATU;5;1;0;2024;521800
GO;PORANGATU;8;1;0;2024;521800
GO;POSSE;22;1;0;2024;521830
GO;POSSE;23;1;0;2024;521830
GO;POSSE;24;1;1;2024;521830
GO;POSSE;25;2;0;2024;521830
GO;POSSE;26;2;0;2024;521830
GO;POSSE;36;2;0;2024;521830
GO;POSSE;37;1;0;2024;521830
GO;POSSE;38;1;0;2024;521830
GO;RIO VERDE;3;3;0;2024;521880
GO;RIO VERDE;5;3;0;2024;521880
GO;RIO VERDE;6;3;0;2024;521880
GO;RIO VERDE;7;3;1;2024;521880
GO;RIO VERDE;8;2;1;2024;521880
GO;RIO VERDE;9;5;2;2024;521880
GO;RIO VERDE;10;7;0;2024;521880
GO;RIO VERDE;11;3;1;2024;521880
GO;RIO VERDE;12;9;0;2024;521880
GO;RIO VERDE;13;5;1;2024;521880
GO;RIO VERDE;14;3;0;2024;521880
GO;RIO VERDE;15;9;2;2024;521880
GO;RIO VERDE;16;5;1;2024;521880
GO;RIO VERDE;17;4;0;2024;521880
GO;RIO VERDE;18;1;1;2024;521880
GO;RIO VERDE;19;7;1;2024;521880
GO;RIO VERDE;20;4;1;2024;521880
GO;RIO VERDE;21;9;0;2024;521880
GO;RIO VERDE;22;10;1;2024;521880
GO;RIO VERDE;23;3;0;2024;521880
GO;RIO VERDE;24;6;0;2024;521880
GO;RIO VERDE;25;5;0;2024;521880
GO;RIO VERDE;26;6;1;2024;521880
GO;RIO VERDE;27;3;0;2024;521880
GO;RIO VERDE;28;8;1;2024;521880
GO;RIO VERDE;29;7;0;2024;521880
GO;RIO VERDE;30;7;2;2024;521880
GO;RIO VERDE;31;7;2;2024;521880
GO;RIO VERDE;32;4;0;2024;521880
GO;RIO VERDE;33;5;0;2024;521880
GO;RIO VERDE;34;4;0;2024;521880
GO;RIO VERDE;35;3;1;2024;521880
GO;RIO VERDE;36;4;2;2024;521880
GO;RIO VERDE;37;8;0;2024;521880
GO;RIO VERDE;38;4;0;2024;521880
GO;RIO VERDE;39;6;1;2024;521880
GO;RIO VERDE;40;1;0;2024;521880
GO;RIO VERDE;42;3;0;2024;521880
GO;RIO VERDE;43;6;0;2024;521880
GO;RIO VERDE;44;5;1;2024;521880
GO;RIO VERDE;45;6;0;2024;521880
GO;RIO VERDE;46;5;0;2024;521880
GO;RIO VERDE;47;3;0;2024;521880
GO;RIO VERDE;48;3;0;2024;521880
GO;RIO VERDE;49;6;0;2024;521880
GO;RIO VERDE;50;7;0;2024;521880
GO;RIO VERDE;51;3;0;2024;521880
GO;RIO VERDE;52;4;0;2024;521880
GO;RUBIATABA;5;1;0;2024;521890
GO;RUBIATABA;8;1;0;2024;521890
GO;RUBIATABA;12;1;0;2024;521890
GO;RUBIATABA;18;1;1;2024;521890
GO;RUBIATABA;19;2;0;2024;521890
GO;RUBIATABA;21;1;0;2024;521890
GO;RUBIATABA;38;1;0;2024;521890
GO;SANTA BARBARA DE GOIAS;9;1;0;2024;521910
GO;SANTA BARBARA DE GOIAS;11;1;1;2024;521910
GO;SANTA BARBARA DE GOIAS;42;1;0;2024;521910
GO;SANTA HELENA DE GOIAS;6;1;1;2024;521930
GO;SANTA HELENA DE GOIAS;8;2;2;2024;521930
GO;SANTA HELENA DE GOIAS;9;2;2;2024;521930
GO;SANTA HELENA DE GOIAS;12;2;0;2024;521930
GO;SANTA HELENA DE GOIAS;16;1;1;2024;521930
GO;SANTA HELENA DE GOIAS;17;1;0;2024;521930
GO;SANTA HELENA DE GOIAS;18;1;1;2024;521930
GO;SANTA HELENA DE GOIAS;19;1;0;2024;521930
GO;SANTA HELENA DE GOIAS;20;1;0;2024;521930
GO;SANTA HELENA DE GOIAS;21;1;1;2024;521930
GO;SANTA HELENA DE GOIAS;23;1;0;2024;521930
GO;SANTA HELENA DE GOIAS;24;1;0;2024;521930
GO;SANTA HELENA DE GOIAS;28;1;0;2024;521930
GO;SANTA HELENA DE GOIAS;31;1;0;2024;521930
GO;SANTA HELENA DE GOIAS;35;1;0;2024;521930
GO;SANTA HELENA DE GOIAS;44;1;0;2024;521930
GO;SANTA HELENA DE GOIAS;45;1;1;2024;521930
GO;SANTA HELENA DE GOIAS;52;1;0;2024;521930
GO;SANTA TEREZINHA DE GOIAS;42;1;0;2024;521970
GO;SANTA TEREZINHA DE GOIAS;44;1;0;2024;521970
GO;SANTA TEREZINHA DE GOIAS;45;1;0;2024;521970
GO;SAO LUIS DE MONTES BELOS;32;1;0;2024;522010
GO;SAO MIGUEL DO ARAGUAIA;5;1;1;2024;522020
GO;SAO SIMAO;34;1;0;2024;522040
GO;SAO SIMAO;36;1;0;2024;522040
GO;SENADOR CANEDO;10;1;0;2024;522045
GO;SENADOR CANEDO;17;1;0;2024;522045
GO;SERRANOPOLIS;40;1;0;2024;522050
GO;TAQUARAL DE GOIAS;19;1;0;2024;522100
GO;TRINDADE;3;1;0;2024;522140
GO;TRINDADE;6;1;1;2024;522140
GO;TRINDADE;7;1;0;2024;522140
GO;TRINDADE;10;1;0;2024;522140
GO;TRINDADE;19;3;1;2024;522140
GO;TRINDADE;29;1;0;2024;522140
GO;TRINDADE;47;1;0;2024;522140
GO;TRINDADE;50;1;1;2024;522140
GO;URUACU;20;2;0;2024;522160
GO;URUACU;21;1;0;2024;522160
GO;URUACU;22;1;1;2024;522160
GO;URUACU;24;1;0;2024;522160
GO;URUACU;36;2;0;2024;522160
GO;URUACU;38;2;0;2024;522160
GO;URUACU;40;1;0;2024;522160
GO;URUACU;41;1;0;2024;522160
GO;URUACU;44;2;0;2024;522160
GO;URUACU;51;1;0;2024;522160
GO;VALPARAISO DE GOIAS;5;1;0;2024;522185
GO;VALPARAISO DE GOIAS;29;1;0;2024;522185
GO;VALPARAISO DE GOIAS;30;1;0;2024;522185
GO;VALPARAISO DE GOIAS;39;1;0;2024;522185
GO;VALPARAISO DE GOIAS;40;2;1;2024;522185
GO;VALPARAISO DE GOIAS;45;1;0;2024;522185
GO;VIANOPOLIS;11;1;0;2024;522200
GO;VIANOPOLIS;48;1;0;2024;522200
GO;VIANOPOLIS;50;1;0;2024;522200
